engine,mode,connections,run,connection,started_ns,warmup,restarts,begin_ns,work_ns,commit_ns,total_ns
turso,concurrent,64,1,0,14578,1,0,31113589,342617,216496638,247952844
turso,concurrent,64,1,0,247968033,1,0,6522,314574,701493276,701814372
turso,concurrent,64,1,0,949782645,1,0,6112,508690,433533434,434048236
turso,concurrent,64,1,0,1383831262,1,0,52239,3237179,247819893,251109311
turso,concurrent,64,1,0,1634940873,1,0,8787,622414,2651055505,2651686706
turso,concurrent,64,1,0,4286628190,0,0,7614,14826603,941362032,956196249
turso,concurrent,64,1,0,5242824800,0,0,7384,500845,368004884,368513113
turso,concurrent,64,1,0,5611338374,0,0,8486,18495547,115590550,134094583
turso,concurrent,64,1,0,5745433238,0,0,6482,410244,417302662,417719388
turso,concurrent,64,1,0,6163153267,0,0,4939,454207,2135830947,2136290093
turso,concurrent,64,1,0,8299443681,0,0,9197,14761800,101795585,116566582
turso,concurrent,64,1,0,8416010575,0,0,7234,565166,327207248,327779648
turso,concurrent,64,1,0,8743790524,0,0,7233,6101546,294661024,300769803
turso,concurrent,64,1,0,9044560578,0,0,5811,477170,718935885,719418866
turso,concurrent,64,1,0,9763979775,0,0,6532,463365,65604694,66074591
turso,concurrent,64,1,0,9830054626,0,0,6663,12082853,380217653,392307169
turso,concurrent,64,1,0,10222362266,0,0,7284,628516,265480774,266116574
turso,concurrent,64,1,0,10488479551,0,0,6041,414512,2187685291,2188105844
turso,concurrent,64,1,0,12676585726,0,0,9778,10582822,634589181,645181781
turso,concurrent,64,1,0,13321768218,0,0,13356,11644947,1541471030,1553129333
turso,concurrent,64,1,0,14874897811,0,0,7394,516254,79484289,80007937
turso,concurrent,64,1,0,14954906008,0,0,6202,478212,313322865,313807279
turso,concurrent,64,1,0,15268713557,0,0,5310,453355,126117798,126576463
turso,concurrent,64,1,0,15395290442,0,0,7585,517646,258138738,258663969
turso,concurrent,64,1,0,15653954631,0,0,5871,596977,1260508408,1261111256
turso,concurrent,64,1,0,16915066308,0,0,8676,11029386,240075707,251113769
turso,concurrent,64,1,0,17166180418,0,0,6782,477953,378120164,378604899
turso,concurrent,64,1,0,17544785527,0,0,5741,436143,134932003,135373887
turso,concurrent,64,1,0,17680159695,0,0,6051,447435,109178829,109632315
turso,concurrent,64,1,0,17789792251,0,0,6302,533496,525072033,525611831
turso,concurrent,64,1,0,18315404332,0,0,7284,633746,49657447,50298477
turso,concurrent,64,1,0,18365703089,0,0,6613,546331,1242694248,1243247192
turso,concurrent,64,1,0,19608950652,0,0,7654,17094843,1210324508,1227427005
turso,concurrent,64,1,0,20836379941,0,0,8205,36891955,1000386469,1037286629
turso,concurrent,64,1,0,21873666870,0,0,8897,20270315,448909023,469188235
turso,concurrent,64,1,0,22342855385,0,0,6943,592288,367174878,367774109
turso,concurrent,64,1,0,22710629764,0,0,8546,20238456,933163700,953410702
turso,concurrent,64,1,0,23664040767,0,0,8787,11824606,775851260,787684653
turso,concurrent,64,1,0,24451725700,0,0,5290,449549,1203779195,1204234034
turso,concurrent,64,1,0,25655960104,0,0,8185,10082949,189206814,199297948
turso,concurrent,64,1,0,25855258284,0,0,6071,608168,76038425,76652664
turso,concurrent,64,1,0,25931911218,0,0,16071,467211,974300998,974784280
turso,concurrent,64,1,0,26906695779,0,0,7574,24886688,680594936,705489198
turso,concurrent,64,1,0,27612185327,0,0,8767,31535957,1919483992,1951028716
turso,concurrent,64,1,0,29563214373,0,0,9518,11192783,1379458760,1390661061
turso,concurrent,64,1,0,30953875685,0,0,7023,3384478,1392313099,1395704600
turso,concurrent,64,1,0,32349580616,0,0,7614,6649159,438331950,444988723
turso,concurrent,64,1,0,32794569609,0,0,6473,536051,878611386,879153910
turso,concurrent,64,1,1,15369,1,0,19747519,322228,222183100,242252847
turso,concurrent,64,1,1,242268657,1,0,6893,387922,1448394679,1448789494
turso,concurrent,64,1,1,1691058442,1,0,41849,20167161,275489603,295698613
turso,concurrent,64,1,1,1986757406,1,0,8927,529439,3232241458,3232779824
turso,concurrent,64,1,1,5219537501,0,0,8766,12513066,575081463,587603295
turso,concurrent,64,1,1,5807141547,0,0,6463,20467527,608387291,628861281
turso,concurrent,64,1,1,6436003148,0,0,6612,509632,209428497,209944741
turso,concurrent,64,1,1,6645948201,0,0,6442,10442017,2338145489,2348593948
turso,concurrent,64,1,1,8994542510,0,0,7264,9004714,300057700,309069678
turso,concurrent,64,1,1,9303613370,0,0,7154,511525,56179165,56697844
turso,concurrent,64,1,1,9360311474,0,0,5882,614930,1078114132,1078734944
turso,concurrent,64,1,1,10439046778,0,0,8867,5519577,244371534,249899978
turso,concurrent,64,1,1,10688946947,0,0,5380,441263,62774733,63221376
turso,concurrent,64,1,1,10752168623,0,0,5721,406357,383874775,384286853
turso,concurrent,64,1,1,11136455806,0,0,7163,10799301,975055973,985862437
turso,concurrent,64,1,1,12122318665,0,0,14888,11749404,137866531,149630823
turso,concurrent,64,1,1,12271949698,0,0,5370,411908,524384124,524801402
turso,concurrent,64,1,1,12796751942,0,0,7263,462473,198227779,198697515
turso,concurrent,64,1,1,12995449758,0,0,6562,484966,199297928,199789456
turso,concurrent,64,1,1,13195239595,0,0,6562,421536,57220180,57648278
turso,concurrent,64,1,1,13252888153,0,0,8476,5479151,257052777,262540404
turso,concurrent,64,1,1,13515428918,0,0,7634,4960923,41592677,46561234
turso,concurrent,64,1,1,13561990452,0,0,6142,508149,255101284,255615575
turso,concurrent,64,1,1,13817606218,0,0,5530,431084,63948428,64385042
turso,concurrent,64,1,1,13881991540,0,0,5881,598480,341478532,342082893
turso,concurrent,64,1,1,14224074713,0,0,6121,776916,2558027275,2558810312
turso,concurrent,64,1,1,16782885297,0,0,7344,12069548,151765983,163842875
turso,concurrent,64,1,1,16946728483,0,0,8275,591827,1073180892,1073780994
turso,concurrent,64,1,1,18020509797,0,0,6332,493401,481846724,482346457
turso,concurrent,64,1,1,18502856515,0,0,6211,502579,570183750,570692540
turso,concurrent,64,1,1,19073549526,0,0,15028,16531891,738239947,754786866
turso,concurrent,64,1,1,19828336622,0,0,5791,482050,533051762,533539603
turso,concurrent,64,1,1,20361876545,0,0,7965,18143862,688971224,707123051
turso,concurrent,64,1,1,21069001410,0,0,7244,466460,541593944,542067648
turso,concurrent,64,1,1,21611069298,0,0,7003,11848882,1364075207,1375931092
turso,concurrent,64,1,1,22987000640,0,0,8857,12018392,2609765349,2621792598
turso,concurrent,64,1,1,25608793498,0,0,7685,8425621,82024903,90458209
turso,concurrent,64,1,1,25699252048,0,0,5631,412628,64321292,64739551
turso,concurrent,64,1,1,25763991880,0,0,7063,495645,468104980,468607688
turso,concurrent,64,1,1,26232600249,0,0,7214,27622451,292312282,319941947
turso,concurrent,64,1,1,26552542476,0,0,6423,487430,240008831,240502684
turso,concurrent,64,1,1,26793045450,0,0,6993,463355,1321176876,1321647224
turso,concurrent,64,1,1,28114693225,0,0,8756,29101082,551230510,580340348
turso,concurrent,64,1,1,28695033803,0,0,7935,15736278,718850264,734594477
turso,concurrent,64,1,1,29429628631,0,0,6262,505815,2927936834,2928448911
turso,concurrent,64,1,1,32358077812,0,0,7625,10074042,846946105,857027772
turso,concurrent,64,1,2,35657,1,0,4924904,454248,707551670,712930822
turso,concurrent,64,1,2,712967091,1,0,6061,341595,136007693,136355349
turso,concurrent,64,1,2,849322690,1,0,6672,413901,1013281184,1013701757
turso,concurrent,64,1,2,1863024809,1,0,47960,17197617,691005263,708250840
turso,concurrent,64,1,2,2571275889,1,0,7444,11750356,539740846,551498646
turso,concurrent,64,1,2,3122775186,0,0,6883,459598,1541532506,1541998987
turso,concurrent,64,1,2,4664774544,0,0,9498,13502883,115242013,128754394
turso,concurrent,64,1,2,4793529218,0,0,5631,424271,66950493,67380395
turso,concurrent,64,1,2,4860909864,0,0,11171,429891,1711263084,1711704146
turso,concurrent,64,1,2,6572615232,0,0,11873,11698869,207347480,219058222
turso,concurrent,64,1,2,6791673744,0,0,6042,433297,269394911,269834250
turso,concurrent,64,1,2,7061508255,0,0,5350,532495,125888906,126426751
turso,concurrent,64,1,2,7187935227,0,0,5079,553815,192551036,193109930
turso,concurrent,64,1,2,7381045487,0,0,5340,484474,666411407,666901221
turso,concurrent,64,1,2,8047947030,0,0,7133,10278760,2326714525,2337000418
turso,concurrent,64,1,2,10384947738,0,0,8066,27232815,1292242840,1319483721
turso,concurrent,64,1,2,11704431799,0,0,8235,19848069,230118986,249975290
turso,concurrent,64,1,2,11954408162,0,0,6051,414081,667118983,667539115
turso,concurrent,64,1,2,12621947649,0,0,8145,14745189,2769560525,2784313859
turso,concurrent,64,1,2,15406261768,0,0,8316,11219013,575376630,586603959
turso,concurrent,64,1,2,15992865978,0,0,6733,556470,976673946,977237149
turso,concurrent,64,1,2,16970103467,0,0,8005,17880626,382432572,400321203
turso,concurrent,64,1,2,17370424892,0,0,6212,642432,788104876,788753520
turso,concurrent,64,1,2,18159178923,0,0,6853,531283,1849027201,1849565337
turso,concurrent,64,1,2,20008744651,0,0,7664,18502659,684315187,702825510
turso,concurrent,64,1,2,20711570482,0,0,7113,20849118,504406471,525262702
turso,concurrent,64,1,2,21236833745,0,0,12744,517797,221127627,221658168
turso,concurrent,64,1,2,21458492174,0,0,8676,21873632,1337328708,1359211016
turso,concurrent,64,1,2,22817703541,0,0,8676,23033701,1046540554,1069582931
turso,concurrent,64,1,2,23887286762,0,0,9308,11952928,1430758216,1442720452
turso,concurrent,64,1,2,25330007484,0,0,7815,26887935,2083151947,2110047697
turso,concurrent,64,1,2,27440055442,0,0,7384,11774181,628237282,640018847
turso,concurrent,64,1,2,28080074490,0,0,6021,474055,1052770551,1053250627
turso,concurrent,64,1,2,29133327351,0,0,8386,14806434,225416621,240231441
turso,concurrent,64,1,2,29373559043,0,0,5941,601355,521307137,521914433
turso,concurrent,64,1,2,29895473736,0,0,7234,23751225,1069971053,1093729512
turso,concurrent,64,1,2,30989203879,0,0,19527,1272511,461491809,462783847
turso,concurrent,64,1,2,31451988017,0,0,7514,557973,2414051635,2414617122
turso,concurrent,64,1,3,21962,1,0,2532650,329592,1296721973,1299584215
turso,concurrent,64,1,3,1299606688,1,0,41708,10296783,419006749,429345240
turso,concurrent,64,1,3,1728952218,1,0,6502,468264,426389682,426864448
turso,concurrent,64,1,3,2155817006,1,0,7695,30988584,1173572286,1204568565
turso,concurrent,64,1,3,3360385801,0,0,7765,602166,283537733,284147664
turso,concurrent,64,1,3,3644533926,0,0,6192,444729,802961874,803412795
turso,concurrent,64,1,3,4447947002,0,0,8386,6189301,165908644,172106331
turso,concurrent,64,1,3,4620053714,0,0,7414,762649,94121462,94891525
turso,concurrent,64,1,3,4714945500,0,0,5350,391850,751650666,752047866
turso,concurrent,64,1,3,5466994128,0,0,8145,9688796,2606094671,2615791612
turso,concurrent,64,1,3,8082786050,0,0,8546,11739967,216407459,228155972
turso,concurrent,64,1,3,8310942252,0,0,5680,414783,2432583369,2433003832
turso,concurrent,64,1,3,10743946356,0,0,7584,11435452,100330250,111773286
turso,concurrent,64,1,3,10855719902,0,0,7965,3489055,284361156,287858176
turso,concurrent,64,1,3,11143578409,0,0,9277,12366629,499636599,512012505
turso,concurrent,64,1,3,11655591184,0,0,6242,429351,97163203,97598796
turso,concurrent,64,1,3,11753190220,0,0,5741,837891,91749366,92592998
turso,concurrent,64,1,3,11845783909,0,0,5130,413581,792891168,793309879
turso,concurrent,64,1,3,12639094169,0,0,8325,16017179,255304719,271330223
turso,concurrent,64,1,3,12910424833,0,0,6632,466571,861464545,861937748
turso,concurrent,64,1,3,13772362902,0,0,9378,30038200,192345206,222392784
turso,concurrent,64,1,3,13994756017,0,0,7795,472642,83129067,83609504
turso,concurrent,64,1,3,14078365881,0,0,5901,489675,298472207,298967783
turso,concurrent,64,1,3,14377333934,0,0,6994,514280,80708058,81229332
turso,concurrent,64,1,3,14458563497,0,0,4969,418941,61242350,61666260
turso,concurrent,64,1,3,14520230098,0,0,4418,430042,590106790,590541250
turso,concurrent,64,1,3,15110771709,0,0,5640,419933,2498159779,2498585352
turso,concurrent,64,1,3,17609357332,0,0,8366,34605579,645951595,680565540
turso,concurrent,64,1,3,18289923202,0,0,6553,475146,1218352309,1218834008
turso,concurrent,64,1,3,19508757480,0,0,9378,12392227,1515911303,1528312908
turso,concurrent,64,1,3,21037070658,0,0,7224,14313663,105739369,120060256
turso,concurrent,64,1,3,21157131195,0,0,6512,657361,171600997,172264870
turso,concurrent,64,1,3,21329396325,0,0,6743,18959342,135287223,154253308
turso,concurrent,64,1,3,21483651155,0,0,5741,424151,554980818,555410710
turso,concurrent,64,1,3,22039062226,0,0,6562,441814,510269716,510718092
turso,concurrent,64,1,3,22549780558,0,0,7635,15553694,407940734,423502063
turso,concurrent,64,1,3,22973282891,0,0,7023,540561,407732561,408280145
turso,concurrent,64,1,3,23381563316,0,0,6843,527686,1095461390,1095995919
turso,concurrent,64,1,3,24477559565,0,0,8466,7652562,1287268983,1294930011
turso,concurrent,64,1,3,25772489837,0,0,7885,14640651,117811261,132459797
turso,concurrent,64,1,3,25904949965,0,0,6272,452875,898978895,899438042
turso,concurrent,64,1,3,26804388277,0,0,9618,17396482,216382422,233788522
turso,concurrent,64,1,3,27038177119,0,0,6473,418109,918991023,919415605
turso,concurrent,64,1,3,27957593065,0,0,8636,13288128,1028716485,1042013249
turso,concurrent,64,1,3,28999606594,0,0,8316,34545106,1492485732,1527039154
turso,concurrent,64,1,3,30526646008,0,0,8106,17572373,370015359,387595838
turso,concurrent,64,1,3,30914242106,0,0,6402,17415608,2955036118,2972458128
turso,concurrent,64,1,4,40867,1,0,25960365,469676,1090401721,1116831762
turso,concurrent,64,1,4,1116873080,1,0,50175,5941183,239611461,245602819
turso,concurrent,64,1,4,1362476149,1,0,5871,429030,1113159180,1113594081
turso,concurrent,64,1,4,2476070581,1,0,9367,10272909,152344124,162626400
turso,concurrent,64,1,4,2638697321,1,0,7194,454999,311316107,311778300
turso,concurrent,64,1,4,2950476222,1,0,5611,430452,123685758,124121821
turso,concurrent,64,1,4,3074598314,0,0,5109,436675,410620301,411062085
turso,concurrent,64,1,4,3485660729,0,0,7484,641801,103019115,103668400
turso,concurrent,64,1,4,3589329340,0,0,6582,481058,98116222,98603862
turso,concurrent,64,1,4,3687933863,0,0,5921,470107,237856920,238332948
turso,concurrent,64,1,4,3926267102,0,0,6743,478132,283019704,283504579
turso,concurrent,64,1,4,4209772082,0,0,6152,425773,1509740616,1510172541
turso,concurrent,64,1,4,5719944954,0,0,7685,14637395,804041201,818686281
turso,concurrent,64,1,4,6538631496,0,0,6873,31655402,70474705,102136980
turso,concurrent,64,1,4,6640768716,0,0,7204,609190,661068503,661684897
turso,concurrent,64,1,4,7302453894,0,0,6442,520633,847828129,848355204
turso,concurrent,64,1,4,8150809429,0,0,8225,17446447,995674005,1013128677
turso,concurrent,64,1,4,9163938917,0,0,9217,18227130,2656783675,2675020022
turso,concurrent,64,1,4,11838959279,0,0,7715,13379761,1362042540,1375430016
turso,concurrent,64,1,4,13214389576,0,0,8235,25924898,212115048,238048181
turso,concurrent,64,1,4,13452438018,0,0,6602,11797275,603995341,615799218
turso,concurrent,64,1,4,14068237477,0,0,7514,573983,1019268394,1019849891
turso,concurrent,64,1,4,15088087718,0,0,6863,403532,473558973,473969368
turso,concurrent,64,1,4,15562057326,0,0,6342,620241,424423271,425049854
turso,concurrent,64,1,4,15987107440,0,0,5100,462072,1317674125,1318141297
turso,concurrent,64,1,4,17305249078,0,0,7314,17552556,903663927,921223797
turso,concurrent,64,1,4,18226473135,0,0,5911,444098,499487327,499937336
turso,concurrent,64,1,4,18726410702,0,0,5841,622304,532862756,533490901
turso,concurrent,64,1,4,19259901893,0,0,7594,20329297,1810455326,1830792217
turso,concurrent,64,1,4,21090694431,0,0,7704,7778911,372922535,380709150
turso,concurrent,64,1,4,21471403912,0,0,7313,33326657,614685517,648019487
turso,concurrent,64,1,4,22119423659,0,0,6112,456491,547533624,547996227
turso,concurrent,64,1,4,22667420186,0,0,7134,19979446,1130351086,1150337666
turso,concurrent,64,1,4,23817759976,0,0,8416,18049875,223228342,241286633
turso,concurrent,64,1,4,24059046859,0,0,5821,463285,241658084,242127190
turso,concurrent,64,1,4,24301174420,0,0,6392,572180,615030718,615609290
turso,concurrent,64,1,4,24916783970,0,0,7094,19301527,1329332979,1348641600
turso,concurrent,64,1,4,26265425830,0,0,7404,16643491,34067494,50718389
turso,concurrent,64,1,4,26316144580,0,0,5410,488662,1559293887,1559787959
turso,concurrent,64,1,4,27875932809,0,0,8356,31324107,1139734786,1171067249
turso,concurrent,64,1,4,29047000399,0,0,7885,17984281,800791048,818783214
turso,concurrent,64,1,4,29865783903,0,0,9337,18960684,314191614,333161635
turso,concurrent,64,1,4,30198945810,0,0,6101,444659,910678686,911129446
turso,concurrent,64,1,4,31110075687,0,0,8245,17854767,994453080,1012316092
turso,concurrent,64,1,4,32122392120,0,0,8676,24520657,161495486,186024819
turso,concurrent,64,1,4,32308417239,0,0,6632,14607899,84430994,99045525
turso,concurrent,64,1,4,32407463075,0,0,5561,502478,409186616,409694655
turso,concurrent,64,1,4,32817158020,0,0,6322,458365,930475538,930940225
turso,concurrent,64,1,5,54443,1,0,3271485,467302,55464666,59203453
turso,concurrent,64,1,5,59258327,1,0,5550,304926,3435429769,3435740245
turso,concurrent,64,1,5,3494999013,0,0,49874,14521646,17305661,31877181
turso,concurrent,64,1,5,3526876474,0,0,6512,470889,724604233,725081634
turso,concurrent,64,1,5,4251958339,0,0,7594,26075612,733421273,759504479
turso,concurrent,64,1,5,5011463599,0,0,8816,715200,1310127222,1310851238
turso,concurrent,64,1,5,6322315158,0,0,8766,17530916,517401796,534941478
turso,concurrent,64,1,5,6857256978,0,0,7354,6166437,478515077,484688868
turso,concurrent,64,1,5,7341946116,0,0,6853,496507,127332201,127835561
turso,concurrent,64,1,5,7469782278,0,0,7444,605863,72550262,73163569
turso,concurrent,64,1,5,7542946108,0,0,6953,518368,702710674,703235995
turso,concurrent,64,1,5,8246182463,0,0,7314,14584926,281344993,295937233
turso,concurrent,64,1,5,8542119977,0,0,5420,408361,1025824466,1026238247
turso,concurrent,64,1,5,9568358665,0,0,6673,14612648,1187463262,1202082583
turso,concurrent,64,1,5,10770441499,0,0,7414,17431568,156637427,174076409
turso,concurrent,64,1,5,10944518158,0,0,7494,17517480,44246665,61771639
turso,concurrent,64,1,5,11006290129,0,0,6772,470077,71930262,72407111
turso,concurrent,64,1,5,11078697972,0,0,6141,460559,824782847,825249547
turso,concurrent,64,1,5,11903947790,0,0,6542,449869,314619612,315076023
turso,concurrent,64,1,5,12219024144,0,0,6853,6379720,249201951,255588524
turso,concurrent,64,1,5,12474612959,0,0,7424,502528,669379529,669889481
turso,concurrent,64,1,5,13144502701,0,0,6592,447715,393077303,393531610
turso,concurrent,64,1,5,13538034631,0,0,6893,32269181,3033031476,3065307550
turso,concurrent,64,1,5,16603342551,0,0,6883,435943,844403646,844846472
turso,concurrent,64,1,5,17448189304,0,0,8045,11872066,1316675791,1328555902
turso,concurrent,64,1,5,18776745547,0,0,6643,695112,252535231,253236986
turso,concurrent,64,1,5,19029982774,0,0,7464,24240588,1466699336,1490947388
turso,concurrent,64,1,5,20520930543,0,0,8456,34312807,3014524479,3048845742
turso,concurrent,64,1,5,23569776645,0,0,10179,10458188,2778356946,2788825313
turso,concurrent,64,1,5,26358602679,0,0,8576,21311601,641313421,662633598
turso,concurrent,64,1,5,27021236588,0,0,7414,730409,698194931,698932754
turso,concurrent,64,1,5,27720169713,0,0,7564,18027513,1347037251,1365072328
turso,concurrent,64,1,5,29085242302,0,0,8576,17469419,1927088995,1944566990
turso,concurrent,64,1,5,31029811356,0,0,9188,8946544,1937471971,1946427703
turso,concurrent,64,1,5,32976239279,0,0,7815,147907632,632842864,780758311
turso,concurrent,64,1,6,79981,1,0,2000446,435862,624029161,626465469
turso,concurrent,64,1,6,626545871,1,0,6061,329933,302060680,302396674
turso,concurrent,64,1,6,928942805,1,0,7824,437105,410149853,410594782
turso,concurrent,64,1,6,1339537918,1,0,40286,15851797,1243521610,1259413693
turso,concurrent,64,1,6,2598951972,1,0,7474,32378857,1900106592,1932492923
turso,concurrent,64,1,6,4531445496,0,0,8426,3550832,47377374,50936632
turso,concurrent,64,1,6,4582382448,0,0,6663,516194,819060577,819583434
turso,concurrent,64,1,6,5401966153,0,0,8025,12398539,477413798,489820362
turso,concurrent,64,1,6,5891786766,0,0,6001,577200,373702226,374285427
turso,concurrent,64,1,6,6266072804,0,0,5801,653553,756527390,757186744
turso,concurrent,64,1,6,7023259910,0,0,6913,6198097,318210880,324415890
turso,concurrent,64,1,6,7347676151,0,0,5961,441664,1104814381,1105262006
turso,concurrent,64,1,6,8452938418,0,0,7965,11304524,417350062,428662551
turso,concurrent,64,1,6,8881601240,0,0,7464,11741008,823606957,835355429
turso,concurrent,64,1,6,9716957040,0,0,8937,548405,1977606576,1978163918
turso,concurrent,64,1,6,11695121319,0,0,7464,11091653,602558649,613657766
turso,concurrent,64,1,6,12308779326,0,0,8826,6197347,29227620,35433793
turso,concurrent,64,1,6,12344214020,0,0,5740,419532,234938683,235363955
turso,concurrent,64,1,6,12579578206,0,0,5160,428238,799926356,800359754
turso,concurrent,64,1,6,13379938211,0,0,8526,21040118,342967151,364015795
turso,concurrent,64,1,6,13743954327,0,0,6492,421205,398386653,398814350
turso,concurrent,64,1,6,14142768987,0,0,7545,437395,428763983,429208923
turso,concurrent,64,1,6,14571978251,0,0,6302,519591,620107879,620633772
turso,concurrent,64,1,6,15192612294,0,0,6071,421296,35186325,35613692
turso,concurrent,64,1,6,15228226217,0,0,5110,434760,1208127772,1208567642
turso,concurrent,64,1,6,16436794120,0,0,7033,729747,68869405,69606185
turso,concurrent,64,1,6,16506400556,0,0,5260,414211,1193113376,1193532847
turso,concurrent,64,1,6,17699933643,0,0,7354,11287563,119485291,130780208
turso,concurrent,64,1,6,17830714231,0,0,9629,718856,928112899,928841384
turso,concurrent,64,1,6,18759555986,0,0,5520,451462,130414838,130871820
turso,concurrent,64,1,6,18890428467,0,0,13576,534709,303966887,304515172
turso,concurrent,64,1,6,19194944070,0,0,8045,25892356,155260148,181160549
turso,concurrent,64,1,6,19376104909,0,0,6842,582119,333665106,334254067
turso,concurrent,64,1,6,19710361041,0,0,8406,815479,532835884,533659769
turso,concurrent,64,1,6,20244021090,0,0,8055,22964369,876958277,899930701
turso,concurrent,64,1,6,21143952012,0,0,6552,530752,1145781859,1146319163
turso,concurrent,64,1,6,22290271475,0,0,8867,27394180,435156638,462559685
turso,concurrent,64,1,6,22752831520,0,0,8136,22306398,59519689,81834223
turso,concurrent,64,1,6,22834665964,0,0,4909,472642,1168267295,1168744846
turso,concurrent,64,1,6,24003411070,0,0,9618,33353948,853429020,886792586
turso,concurrent,64,1,6,24890203937,0,0,8726,18624860,2248351765,2266985351
turso,concurrent,64,1,6,27157189638,0,0,8637,29003867,129909514,158922018
turso,concurrent,64,1,6,27316112007,0,0,6412,459467,466325452,466791331
turso,concurrent,64,1,6,27782903769,0,0,5781,446362,124417008,124869151
turso,concurrent,64,1,6,27907773171,0,0,5370,445310,200775838,201226518
turso,concurrent,64,1,6,28108999980,0,0,6732,539609,278921119,279467460
turso,concurrent,64,1,6,28388467771,0,0,7784,14710994,1017093449,1031812227
turso,concurrent,64,1,6,29420280298,0,0,6463,456822,379345126,379808411
turso,concurrent,64,1,6,29800089009,0,0,8646,30312177,377040186,407361009
turso,concurrent,64,1,6,30207450290,0,0,6111,508831,476857017,477371959
turso,concurrent,64,1,6,30684822509,0,0,5620,414843,479051589,479472052
turso,concurrent,64,1,6,31164294813,0,0,7484,13011536,140275227,153294247
turso,concurrent,64,1,6,31317589301,0,0,6222,612115,213176942,213795279
turso,concurrent,64,1,6,31531384830,0,0,5831,455520,73441845,73903196
turso,concurrent,64,1,6,31605288286,0,0,6613,631461,1358981544,1359619618
turso,concurrent,64,1,6,32964908254,0,0,14147,152427021,784453314,936894482
turso,concurrent,64,1,7,22212,1,0,2905123,365240,36958711,40229074
turso,concurrent,64,1,7,40251837,1,0,6943,317208,231069270,231393421
turso,concurrent,64,1,7,271645619,1,0,7213,374678,1746308233,1746690124
turso,concurrent,64,1,7,2018336113,1,0,48903,14621334,1206601631,1221271868
turso,concurrent,64,1,7,3239608312,0,0,9408,11974248,21762973,33746629
turso,concurrent,64,1,7,3273355502,0,0,6312,427738,80145355,80579405
turso,concurrent,64,1,7,3353935187,0,0,5520,458094,420178170,420641784
turso,concurrent,64,1,7,3774577392,0,0,6583,396969,448104324,448507876
turso,concurrent,64,1,7,4223085558,0,0,7745,14817674,171448931,186274350
turso,concurrent,64,1,7,4409360609,0,0,6953,9727098,752679589,762413640
turso,concurrent,64,1,7,5171774559,0,0,7294,490816,53509858,54007968
turso,concurrent,64,1,7,5225782777,0,0,5400,446794,95597398,96049592
turso,concurrent,64,1,7,5321832659,0,0,6503,452093,813659224,814117820
turso,concurrent,64,1,7,6135950759,0,0,7514,10944205,1124528808,1135480527
turso,concurrent,64,1,7,7271431557,0,0,8315,8936326,559157089,568101730
turso,concurrent,64,1,7,7839533557,0,0,6402,13553749,137039811,150599962
turso,concurrent,64,1,7,7990133781,0,0,5761,395737,769689360,770090858
turso,concurrent,64,1,7,8760225551,0,0,7815,15072346,224952766,240032927
turso,concurrent,64,1,7,9000258728,0,0,6583,547142,60758588,61312313
turso,concurrent,64,1,7,9061571331,0,0,5371,672028,3176711138,3177388537
turso,concurrent,64,1,7,12238960219,0,0,8105,10307463,5717446769,5727762337
turso,concurrent,64,1,7,17966722836,0,0,8466,11793959,474347161,486149586
turso,concurrent,64,1,7,18452872742,0,0,5440,426976,1957259024,1957691440
turso,concurrent,64,1,7,20410564473,0,0,8726,49094014,1206445877,1255548617
turso,concurrent,64,1,7,21666113361,0,0,8346,27285184,60988893,88282423
turso,concurrent,64,1,7,21754396124,0,0,6833,604100,1241205438,1241816371
turso,concurrent,64,1,7,22996212856,0,0,8977,26139513,284749258,310897748
turso,concurrent,64,1,7,23307110944,0,0,6082,535520,180924654,181466256
turso,concurrent,64,1,7,23488577490,0,0,6583,484695,722882994,723374272
turso,concurrent,64,1,7,24211952063,0,0,8686,14134406,747163348,761306440
turso,concurrent,64,1,7,24973259024,0,0,7704,26953249,2000450407,2027411360
turso,concurrent,64,1,7,27000670655,0,0,8556,22828153,490587360,513424069
turso,concurrent,64,1,7,27514094984,0,0,8025,25980553,455797793,481786371
turso,concurrent,64,1,7,27995882958,0,0,5991,513269,894918572,895437832
turso,concurrent,64,1,7,28891321421,0,0,9288,29065414,284378078,313452780
turso,concurrent,64,1,7,29204774461,0,0,6102,654284,1157514912,1158175298
turso,concurrent,64,1,7,30362950040,0,0,8716,12668920,564106971,576784607
turso,concurrent,64,1,7,30939734928,0,0,8436,26047068,460309047,486364551
turso,concurrent,64,1,7,31426099749,0,0,6022,506766,2472562620,2473075408
turso,concurrent,64,1,8,26691,1,0,9124881,351393,90729782,100206056
turso,concurrent,64,1,8,100233758,1,0,9589,389515,2121894545,2122293649
turso,concurrent,64,1,8,2222527698,1,0,46608,14543738,1703509881,1718100227
turso,concurrent,64,1,8,3940628285,0,0,7795,688590,1446285970,1446982355
turso,concurrent,64,1,8,5387611070,0,0,12273,17585298,3290978161,3308575732
turso,concurrent,64,1,8,8696187303,0,0,7353,8015067,1950703722,1958726142
turso,concurrent,64,1,8,10654919157,0,0,8837,23835604,185655572,209500013
turso,concurrent,64,1,8,10864419701,0,0,10350,10773211,404563581,415347142
turso,concurrent,64,1,8,11279767113,0,0,7465,16371978,119060940,135440383
turso,concurrent,64,1,8,11415208187,0,0,6282,595163,3257600508,3258201953
turso,concurrent,64,1,8,14673410411,0,0,8676,21015612,300295418,321319706
turso,concurrent,64,1,8,14994730428,0,0,7033,549256,3586314901,3586871190
turso,concurrent,64,1,8,18581601979,0,0,8456,17445364,2041494559,2058948379
turso,concurrent,64,1,8,20640550708,0,0,7664,11965261,405142293,417115218
turso,concurrent,64,1,8,21057666268,0,0,5711,454337,346607642,347067690
turso,concurrent,64,1,8,21404734198,0,0,6493,14510244,261750173,276266910
turso,concurrent,64,1,8,21681001449,0,0,6472,481769,743590295,744078536
turso,concurrent,64,1,8,22425080816,0,0,5992,422597,2687814449,2688243038
turso,concurrent,64,1,8,25113324194,0,0,7585,24054417,238958379,263020381
turso,concurrent,64,1,8,25376344855,0,0,5651,539879,168218724,168764254
turso,concurrent,64,1,8,25545109359,0,0,6282,496066,1339419846,1339922194
turso,concurrent,64,1,8,26885031843,0,0,8226,15324882,282276832,297609940
turso,concurrent,64,1,8,27182642144,0,0,7614,29027333,713071247,742106194
turso,concurrent,64,1,8,27924748648,0,0,6583,444028,395744596,396195207
turso,concurrent,64,1,8,28320944176,0,0,6011,407399,2685039391,2685452801
turso,concurrent,64,1,8,31006397217,0,0,7004,20968853,1904014698,1924990555
turso,concurrent,64,1,8,32931388033,0,0,8666,14097726,247298960,261405352
turso,concurrent,64,1,9,243570,1,0,4702114,474977,290663690,295840781
turso,concurrent,64,1,9,296084722,1,0,6061,326096,1680531043,1680863200
turso,concurrent,64,1,9,1976948203,1,0,47470,9384802,3616445013,3625877285
turso,concurrent,64,1,9,5602825839,0,0,8145,6331500,639221262,645560907
turso,concurrent,64,1,9,6248387087,0,0,6953,418981,1390132624,1390558558
turso,concurrent,64,1,9,7638946807,0,0,14607,21756320,345603376,367374303
turso,concurrent,64,1,9,8006321401,0,0,6192,429290,1322422968,1322858450
turso,concurrent,64,1,9,9329180121,0,0,9197,20267340,250083385,270359922
turso,concurrent,64,1,9,9599540293,0,0,6513,502027,710720692,711229232
turso,concurrent,64,1,9,10310770196,0,0,7754,13766451,5206895442,5220669647
turso,concurrent,64,1,9,15531440364,0,0,9267,11070814,2811853263,2822933344
turso,concurrent,64,1,9,18354373948,0,0,7394,17430356,1380933893,1398371643
turso,concurrent,64,1,9,19752745802,0,0,6823,19109575,613192008,632308406
turso,concurrent,64,1,9,20385054518,0,0,8527,17541826,1593004117,1610554470
turso,concurrent,64,1,9,21995609268,0,0,7965,20257031,378077664,398342660
turso,concurrent,64,1,9,22393952228,0,0,8166,784430,3677690972,3678483568
turso,concurrent,64,1,9,26072436077,0,0,8275,16637640,326700131,343346046
turso,concurrent,64,1,9,26415782854,0,0,6743,516284,2113591255,2114114282
turso,concurrent,64,1,9,28529897487,0,0,8145,13146271,308671446,321825862
turso,concurrent,64,1,9,28851723619,0,0,7034,524990,167194511,167726535
turso,concurrent,64,1,9,29019450445,0,0,6913,522506,216555608,217085027
turso,concurrent,64,1,9,29236535733,0,0,6813,564685,1518229939,1518801437
turso,concurrent,64,1,9,30755337460,0,0,8536,31251711,2859169862,2890430109
turso,concurrent,64,1,10,46638,1,0,13913559,407429,371955660,386276648
turso,concurrent,64,1,10,386323647,1,0,5961,329532,759723082,760058575
turso,concurrent,64,1,10,1146382553,1,0,45526,9060048,1277200090,1286305664
turso,concurrent,64,1,10,2432688537,1,0,8206,12710157,1016011347,1028729710
turso,concurrent,64,1,10,3461418437,0,0,6722,481018,614258200,614745940
turso,concurrent,64,1,10,4076164879,0,0,6162,400967,62582540,62989669
turso,concurrent,64,1,10,4139154818,0,0,5471,470768,41157154,41633393
turso,concurrent,64,1,10,4180788482,0,0,6743,428368,195361209,195796320
turso,concurrent,64,1,10,4376585133,0,0,8055,4663071,182166527,186837653
turso,concurrent,64,1,10,4563423377,0,0,6332,420143,282932339,283358814
turso,concurrent,64,1,10,4846782582,0,0,6592,466531,579298081,579771204
turso,concurrent,64,1,10,5426554047,0,0,8155,11802044,37185539,48995738
turso,concurrent,64,1,10,5475550055,0,0,4779,463304,351057119,351525202
turso,concurrent,64,1,10,5827075518,0,0,6543,613878,346777983,347398404
turso,concurrent,64,1,10,6174474183,0,0,5801,424040,423337752,423767593
turso,concurrent,64,1,10,6598242027,0,0,6802,3085224,812112925,815204951
turso,concurrent,64,1,10,7413447228,0,0,6392,510393,1639111705,1639628490
turso,concurrent,64,1,10,9053076750,0,0,7494,9206866,828324691,837539051
turso,concurrent,64,1,10,9890616182,0,0,8706,9989323,31081058,41079087
turso,concurrent,64,1,10,9931695520,0,0,5200,461751,776658714,777125665
turso,concurrent,64,1,10,10708821555,0,0,8085,597788,158860653,159466526
turso,concurrent,64,1,10,10868288422,0,0,8055,9697202,277323204,287028461
turso,concurrent,64,1,10,11155317103,0,0,5951,467873,37899977,38373801
turso,concurrent,64,1,10,11193691185,0,0,7454,746949,40151768,40906171
turso,concurrent,64,1,10,11234597686,0,0,7104,446643,22182544,22636291
turso,concurrent,64,1,10,11257234348,0,0,6522,661989,705393848,706062359
turso,concurrent,64,1,10,11963296948,0,0,5831,449228,287921806,288376865
turso,concurrent,64,1,10,12251674183,0,0,8567,9006807,700780161,709795535
turso,concurrent,64,1,10,12961469958,0,0,5501,451141,466980649,467437291
turso,concurrent,64,1,10,13428907529,0,0,13506,9636215,148225833,157875554
turso,concurrent,64,1,10,13586783423,0,0,6352,405005,3235943766,3236355123
turso,concurrent,64,1,10,16823138816,0,0,7364,6829679,43159303,49996346
turso,concurrent,64,1,10,16873135403,0,0,5991,570567,451213892,451790450
turso,concurrent,64,1,10,17324927276,0,0,5350,419722,23803424,24228496
turso,concurrent,64,1,10,17349156132,0,0,6543,494473,176719006,177220022
turso,concurrent,64,1,10,17526376414,0,0,5781,600774,588451446,589058001
turso,concurrent,64,1,10,18115434686,0,0,6382,460198,717551152,718017732
turso,concurrent,64,1,10,18833452719,0,0,6612,528197,16775751,17310560
turso,concurrent,64,1,10,18850763539,0,0,5020,524339,536413817,536943176
turso,concurrent,64,1,10,19387707076,0,0,7564,11860394,96853298,108721256
turso,concurrent,64,1,10,19496428612,0,0,6583,502248,998499707,999008538
turso,concurrent,64,1,10,20495437390,0,0,7103,12906318,229276736,242190157
turso,concurrent,64,1,10,20737627899,0,0,6262,470849,946359825,946836936
turso,concurrent,64,1,10,21684465196,0,0,8205,29517878,737840273,767366356
turso,concurrent,64,1,10,22451831853,0,0,7745,595874,1443458575,1444062194
turso,concurrent,64,1,10,23895894387,0,0,7705,10574226,839642762,850224693
turso,concurrent,64,1,10,24746119460,0,0,8637,18282684,194658333,212949654
turso,concurrent,64,1,10,24959069434,0,0,8226,17661412,212914276,230583914
turso,concurrent,64,1,10,25189653608,0,0,7183,731380,446641122,447379685
turso,concurrent,64,1,10,25637033545,0,0,5660,446233,214893151,215345044
turso,concurrent,64,1,10,25852378869,0,0,5731,471249,744164339,744641319
turso,concurrent,64,1,10,26597020468,0,0,8005,19798725,653334197,673140927
turso,concurrent,64,1,10,27270161837,0,0,8316,14808597,396650637,411467550
turso,concurrent,64,1,10,27681629768,0,0,7213,463725,2855861940,2856332878
turso,concurrent,64,1,10,30537963096,0,0,10370,15750255,165528737,181289362
turso,concurrent,64,1,10,30719252749,0,0,6602,483523,82961641,83451766
turso,concurrent,64,1,10,30802704825,0,0,6122,464496,3011593587,3012064205
turso,concurrent,64,1,11,41719,1,0,17087729,448487,2753447735,2770983951
turso,concurrent,64,1,11,2771026001,1,0,44314,11999686,828467191,840511191
turso,concurrent,64,1,11,3611537542,0,0,6171,474997,101339174,101820342
turso,concurrent,64,1,11,3713358105,0,0,6052,506315,1553042278,1553554645
turso,concurrent,64,1,11,5266913031,0,0,13465,31734181,758008968,789756614
turso,concurrent,64,1,11,6056670216,0,0,7784,10908197,349043989,359959970
turso,concurrent,64,1,11,6416630547,0,0,6833,508991,519213645,519729469
turso,concurrent,64,1,11,6936360377,0,0,7835,14877979,456478557,471364371
turso,concurrent,64,1,11,7407724999,0,0,6512,551010,560851688,561409210
turso,concurrent,64,1,11,7969134950,0,0,9208,18787877,212182797,230979882
turso,concurrent,64,1,11,8200115222,0,0,7194,588791,243247924,243843909
turso,concurrent,64,1,11,8443959422,0,0,7344,515593,984645210,985168147
turso,concurrent,64,1,11,9429127850,0,0,8987,12524918,428010250,440544155
turso,concurrent,64,1,11,9869672716,0,0,11822,9687513,569404840,579104175
turso,concurrent,64,1,11,10448777182,0,0,7153,704179,282604121,283315453
turso,concurrent,64,1,11,10732092935,0,0,7745,427326,151850162,152285233
turso,concurrent,64,1,11,10884378449,0,0,8306,14712525,98659337,113380168
turso,concurrent,64,1,11,10997759549,0,0,6843,453506,2259748693,2260209042
turso,concurrent,64,1,11,13257968862,0,0,8456,14665738,127842493,142516687
turso,concurrent,64,1,11,13400486010,0,0,12133,14570999,515095494,529678626
turso,concurrent,64,1,11,13930164906,0,0,7313,460349,120605616,121073278
turso,concurrent,64,1,11,14051238505,0,0,6783,535390,1076089921,1076632094
turso,concurrent,64,1,11,15127870940,0,0,6041,436053,1140621881,1141063975
turso,concurrent,64,1,11,16268935275,0,0,6953,493592,1224025826,1224526371
turso,concurrent,64,1,11,17493461956,0,0,8116,9045971,2520442704,2529496791
turso,concurrent,64,1,11,20022959137,0,0,9077,30345751,1157987083,1188341911
turso,concurrent,64,1,11,21211301378,0,0,8707,43018227,468228493,511255427
turso,concurrent,64,1,11,21722557186,0,0,8175,11903275,146478695,158390145
turso,concurrent,64,1,11,21880947641,0,0,5941,535300,53905735,54446976
turso,concurrent,64,1,11,21935394877,0,0,4990,727523,579568552,580301065
turso,concurrent,64,1,11,22515696332,0,0,9759,12265097,252975563,265250419
turso,concurrent,64,1,11,22780947112,0,0,7544,16911376,423030753,439949673
turso,concurrent,64,1,11,23220897076,0,0,7444,497639,1473718012,1474223095
turso,concurrent,64,1,11,24695122035,0,0,9317,27305443,262165697,289480457
turso,concurrent,64,1,11,24984602752,0,0,7233,17677552,502124935,519809720
turso,concurrent,64,1,11,25504412754,0,0,7223,712325,1318965993,1319685541
turso,concurrent,64,1,11,26824098586,0,0,8266,24803701,720905833,745717800
turso,concurrent,64,1,11,27569816676,0,0,8055,26107282,1434846311,1460961648
turso,concurrent,64,1,11,29030778574,0,0,7083,16684048,352313901,369005032
turso,concurrent,64,1,11,29399783926,0,0,5170,456271,111949148,112410589
turso,concurrent,64,1,11,29512194756,0,0,6081,494744,3696708332,3697209157
turso,concurrent,64,1,12,30017,1,0,111643291,440782,1597544726,1709628799
turso,concurrent,64,1,12,1709659187,1,0,41849,11609650,419078424,430729923
turso,concurrent,64,1,12,2140389470,1,0,8145,28927644,186365633,215301422
turso,concurrent,64,1,12,2355691263,1,0,7464,444159,828839362,829290985
turso,concurrent,64,1,12,3184982599,0,0,7715,458004,2450490674,2450956393
turso,concurrent,64,1,12,5635939663,0,0,6723,5627881,575929104,581563708
turso,concurrent,64,1,12,6217503661,0,0,6974,425332,129890458,130322764
turso,concurrent,64,1,12,6347826716,0,0,7634,616273,3772500283,3773124190
turso,concurrent,64,1,12,10120951186,0,0,7955,14821933,61113448,75943336
turso,concurrent,64,1,12,10196895413,0,0,7164,634017,581453749,582094930
turso,concurrent,64,1,12,10778990623,0,0,6252,415164,742232652,742654068
turso,concurrent,64,1,12,11521644982,0,0,6873,6188730,3797684952,3803880555
turso,concurrent,64,1,12,15325525808,0,0,7524,3306149,689158388,692472061
turso,concurrent,64,1,12,16017998390,0,0,7274,624428,1803382648,1804014350
turso,concurrent,64,1,12,17822013240,0,0,13516,9447470,561960811,571421797
turso,concurrent,64,1,12,18393435328,0,0,7063,581708,2772918613,2773507384
turso,concurrent,64,1,12,21166942992,0,0,7745,19538183,797436989,816982917
turso,concurrent,64,1,12,21983926670,0,0,8446,15017051,1357007799,1372033296
turso,concurrent,64,1,12,23355960306,0,0,8196,17587082,61521818,79117096
turso,concurrent,64,1,12,23435077692,0,0,5571,520552,513348968,513875091
turso,concurrent,64,1,12,23948953063,0,0,6883,13137775,76839416,89984074
turso,concurrent,64,1,12,24038937408,0,0,5971,415825,992039936,992461732
turso,concurrent,64,1,12,25031399420,0,0,8497,28394708,104213950,132617155
turso,concurrent,64,1,12,25164016815,0,0,5411,457132,1972918528,1973381071
turso,concurrent,64,1,12,27137398136,0,0,7535,17362236,198779531,216149302
turso,concurrent,64,1,12,27353547699,0,0,7203,27598676,321451946,349057825
turso,concurrent,64,1,12,27702605835,0,0,5831,418921,1788460195,1788884947
turso,concurrent,64,1,12,29491491032,0,0,9497,15074330,3610305657,3625389484
turso,concurrent,64,1,13,53772,1,0,5912438,492570,1088758630,1095163638
turso,concurrent,64,1,13,1095217730,1,0,45667,19270468,130687994,150004129
turso,concurrent,64,1,13,1245222159,1,0,7094,421295,565302467,565730856
turso,concurrent,64,1,13,1810953366,1,0,7424,740748,196247652,196995824
turso,concurrent,64,1,13,2007949591,1,0,7374,452223,806419381,806878978
turso,concurrent,64,1,13,2814829390,1,0,7204,21416729,481824913,503248846
turso,concurrent,64,1,13,3318078607,0,0,7193,473995,124846449,125327637
turso,concurrent,64,1,13,3443406484,0,0,4959,423470,275926146,276354575
turso,concurrent,64,1,13,3719761330,0,0,5971,579534,760132264,760717769
turso,concurrent,64,1,13,4480479970,0,0,9157,23405022,48055964,71470143
turso,concurrent,64,1,13,4551950415,0,0,6913,687127,197635180,198329220
turso,concurrent,64,1,13,4750279996,0,0,5931,440120,318214346,318660397
turso,concurrent,64,1,13,5068940724,0,0,6232,450239,977908206,978364677
turso,concurrent,64,1,13,6047305762,0,0,8937,28753215,611869292,640631444
turso,concurrent,64,1,13,6687937596,0,0,6132,8125084,339498886,347630102
turso,concurrent,64,1,13,7035567989,0,0,7123,475447,1254885056,1255367626
turso,concurrent,64,1,13,8290935936,0,0,7644,17422822,2168732941,2186163407
turso,concurrent,64,1,13,10477100195,0,0,7684,6092689,680619892,686720265
turso,concurrent,64,1,13,11163821082,0,0,7323,30606403,907007477,937621203
turso,concurrent,64,1,13,12101442706,0,0,8075,18474817,863028768,881511660
turso,concurrent,64,1,13,12982954736,0,0,7084,472962,451800650,452280696
turso,concurrent,64,1,13,13435235722,0,0,7815,14744025,3482038133,3496789973
turso,concurrent,64,1,13,16932025975,0,0,7955,12355218,468493964,480857137
turso,concurrent,64,1,13,17412883353,0,0,5540,471680,2135043792,2135521012
turso,concurrent,64,1,13,19548404645,0,0,8356,28746192,376061219,404815767
turso,concurrent,64,1,13,19953220722,0,0,5811,427447,727200332,727633590
turso,concurrent,64,1,13,20680854642,0,0,7554,31207818,420922223,452137595
turso,concurrent,64,1,13,21132992509,0,0,5550,508360,1238426052,1238939962
turso,concurrent,64,1,13,22371932722,0,0,8135,4081012,188756484,192845631
turso,concurrent,64,1,13,22564778694,0,0,7594,16818702,1354021152,1370847448
turso,concurrent,64,1,13,23935626392,0,0,7164,23011759,978210436,1001229359
turso,concurrent,64,1,13,24936856011,0,0,7435,17659828,1108560883,1126228146
turso,concurrent,64,1,13,26063084498,0,0,7514,14649077,42835251,57491842
turso,concurrent,64,1,13,26120578273,0,0,6812,638656,397483628,398129096
turso,concurrent,64,1,13,26518707621,0,0,5710,715381,1655035026,1655756117
turso,concurrent,64,1,13,28174464018,0,0,9528,9170177,1228124090,1237303795
turso,concurrent,64,1,13,29411768224,0,0,8706,14687039,211251859,225947604
turso,concurrent,64,1,13,29637716629,0,0,20409,30097833,2934362851,2964481093
turso,concurrent,64,1,13,32602198283,0,0,6713,31668978,1105069563,1136745254
turso,concurrent,64,1,14,92264,1,0,94543359,556981,10746933,105847273
turso,concurrent,64,1,14,105940078,1,0,5590,310656,581359653,581675899
turso,concurrent,64,1,14,687616347,1,0,7424,350121,1111909893,1112267438
turso,concurrent,64,1,14,1799884025,1,0,56116,11729026,1110560837,1122345979
turso,concurrent,64,1,14,2922230405,1,0,8987,9061652,1213712180,1222782819
turso,concurrent,64,1,14,4145013785,0,0,6493,508680,10593302,11108475
turso,concurrent,64,1,14,4156122551,0,0,4709,458425,267455280,267918414
turso,concurrent,64,1,14,4424041315,0,0,6944,14767219,1707375577,1722149740
turso,concurrent,64,1,14,6146191676,0,0,8246,808646,130391404,131208296
turso,concurrent,64,1,14,6277400924,0,0,7033,462563,1091711142,1092180738
turso,concurrent,64,1,14,7369581953,0,0,8335,15183776,1805174660,1820366771
turso,concurrent,64,1,14,9189949005,0,0,7594,18477792,956517707,975003093
turso,concurrent,64,1,14,10164952438,0,0,7805,11703117,1158915375,1170626297
turso,concurrent,64,1,14,11335579036,0,0,6562,4620600,674904807,679531969
turso,concurrent,64,1,14,12015111366,0,0,7404,439158,694868774,695315336
turso,concurrent,64,1,14,12710426973,0,0,8656,12615489,113408162,126032307
turso,concurrent,64,1,14,12836459630,0,0,7273,461722,1328003529,1328472524
turso,concurrent,64,1,14,14164932927,0,0,7935,31477016,256461220,287946171
turso,concurrent,64,1,14,14452879359,0,0,5590,446834,1684698960,1685151384
turso,concurrent,64,1,14,16138031003,0,0,6282,445671,88459437,88911390
turso,concurrent,64,1,14,16226942643,0,0,5451,487219,850169428,850662098
turso,concurrent,64,1,14,17077605072,0,0,7985,13841353,117377082,131226420
turso,concurrent,64,1,14,17208831722,0,0,5330,663212,175070044,175738586
turso,concurrent,64,1,14,17384570549,0,0,6222,453415,481083955,481543592
turso,concurrent,64,1,14,17866114371,0,0,6743,457233,2788149157,2788613133
turso,concurrent,64,1,14,20654727784,0,0,7955,28817616,1116027504,1144853075
turso,concurrent,64,1,14,21799581160,0,0,7835,14003188,930688500,944699523
turso,concurrent,64,1,14,22744280933,0,0,7825,25974420,234488683,260470928
turso,concurrent,64,1,14,23004752132,0,0,5831,646911,290356971,291009713
turso,concurrent,64,1,14,23295762186,0,0,7063,621734,853361332,853990129
turso,concurrent,64,1,14,24149752656,0,0,8266,20042946,588271396,608322608
turso,concurrent,64,1,14,24758075645,0,0,7384,31127265,726541379,757676028
turso,concurrent,64,1,14,25515752044,0,0,7114,14591277,481917518,496515909
turso,concurrent,64,1,14,26012272311,0,0,15530,20450275,1506841475,1527307280
turso,concurrent,64,1,14,27539579861,0,0,7835,13492254,1225361446,1238861535
turso,concurrent,64,1,14,28778441687,0,0,8255,23722842,560064121,583795218
turso,concurrent,64,1,14,29362237196,0,0,7594,490436,1149753133,1150251163
turso,concurrent,64,1,14,30512488709,0,0,8356,17425236,799513307,816946899
turso,concurrent,64,1,14,31329435888,0,0,7915,11298544,1182896613,1194203072
turso,concurrent,64,1,14,32523639271,0,0,8566,21928616,1388810739,1410747921
turso,concurrent,64,1,15,256304,1,0,16510119,585595,2507019470,2524115184
turso,concurrent,64,1,15,2524371858,1,0,44384,3253611,512220458,515518453
turso,concurrent,64,1,15,3039890661,0,0,6793,446052,1844606448,1845059293
turso,concurrent,64,1,15,4884950315,0,0,7895,10817755,1369582301,1380407951
turso,concurrent,64,1,15,6265358546,0,0,7765,1399331,2391286470,2392693566
turso,concurrent,64,1,15,8658052643,0,0,7965,8917160,426190696,435115821
turso,concurrent,64,1,15,9093168744,0,0,7184,14590356,792198241,806795781
turso,concurrent,64,1,15,9899964906,0,0,10940,18691526,1391211330,1409913796
turso,concurrent,64,1,15,11309878922,0,0,7955,21094381,72925160,94027496
turso,concurrent,64,1,15,11403907309,0,0,13926,511555,1092911277,1093436758
turso,concurrent,64,1,15,12497344339,0,0,8315,30474544,1418797673,1449280532
turso,concurrent,64,1,15,13946625141,0,0,7103,7820730,1342692411,1350520244
turso,concurrent,64,1,15,15297145677,0,0,7694,509201,1509597346,1510114241
turso,concurrent,64,1,15,16807260229,0,0,8215,10788682,1377889828,1388686725
turso,concurrent,64,1,15,18195947205,0,0,6772,474586,1029635098,1030116456
turso,concurrent,64,1,15,19226063981,0,0,7775,15648734,209227719,224884228
turso,concurrent,64,1,15,19450948509,0,0,7394,430994,753090173,753528561
turso,concurrent,64,1,15,20204477802,0,0,9137,17580309,261876791,279466237
turso,concurrent,64,1,15,20483944430,0,0,8596,772228,1468060295,1468841119
turso,concurrent,64,1,15,21952785969,0,0,8627,23193552,1267595964,1290798143
turso,concurrent,64,1,15,23243584393,0,0,8696,34487788,242350721,276847205
turso,concurrent,64,1,15,23520431848,0,0,6252,566679,616753991,617326922
turso,concurrent,64,1,15,24137758991,0,0,7303,20062213,83032395,103101911
turso,concurrent,64,1,15,24240861243,0,0,6963,591406,417913595,418511964
turso,concurrent,64,1,15,24659373467,0,0,6783,580896,512691638,513279317
turso,concurrent,64,1,15,25172653054,0,0,8306,17707789,14880814,32596909
turso,concurrent,64,1,15,25205250224,0,0,5951,713276,93819923,94539150
turso,concurrent,64,1,15,25299789615,0,0,4969,466891,572986189,573458049
turso,concurrent,64,1,15,25873247945,0,0,7273,488843,852665790,853161906
turso,concurrent,64,1,15,26726410171,0,0,9027,28847774,575000731,603857532
turso,concurrent,64,1,15,27330267993,0,0,8245,15283695,312388581,327680521
turso,concurrent,64,1,15,27657948805,0,0,6082,409022,2043990148,2044405252
turso,concurrent,64,1,15,29702354328,0,0,9237,7621725,18359339,25990301
turso,concurrent,64,1,15,29728346142,0,0,4598,423870,100720397,101148865
turso,concurrent,64,1,15,29829495237,0,0,5831,483152,44020969,44509952
turso,concurrent,64,1,15,29874005490,0,0,6302,539608,1700708685,1701254595
turso,concurrent,64,1,15,31575260365,0,0,8656,13923909,1032806313,1046738878
turso,concurrent,64,1,15,32621999504,0,0,8486,94830370,949948358,1044787214
turso,concurrent,64,1,16,287292,1,0,31693986,460909,229666443,261821338
turso,concurrent,64,1,16,262109191,1,0,6923,406707,395736101,396149731
turso,concurrent,64,1,16,658259343,1,0,6652,350392,1453475759,1453832803
turso,concurrent,64,1,16,2112092486,1,0,49875,14487121,462877253,477414249
turso,concurrent,64,1,16,2589506996,1,0,28444,491167,546877315,547396926
turso,concurrent,64,1,16,3136904623,0,0,6783,424761,901071314,901502858
turso,concurrent,64,1,16,4038407751,0,0,5781,420734,1062133302,1062559817
turso,concurrent,64,1,16,5100967918,0,0,7324,6114039,3415018618,3421139981
turso,concurrent,64,1,16,8522108330,0,0,9288,9306343,437089295,446404926
turso,concurrent,64,1,16,8968514268,0,0,7805,18730068,1038753768,1057491641
turso,concurrent,64,1,16,10026006460,0,0,8736,21226871,1390573967,1411809574
turso,concurrent,64,1,16,11437816344,0,0,8576,20332533,947781698,968122807
turso,concurrent,64,1,16,12405939533,0,0,7735,29592840,484112901,513713476
turso,concurrent,64,1,16,12919653360,0,0,5891,447655,1968926283,1969379829
turso,concurrent,64,1,16,14889033439,0,0,8116,13884864,199283722,213176702
turso,concurrent,64,1,16,15102210431,0,0,6262,437806,521550316,521994384
turso,concurrent,64,1,16,15624205076,0,0,6893,551901,132185620,132744414
turso,concurrent,64,1,16,15756950372,0,0,7013,527445,1543971380,1544505838
turso,concurrent,64,1,16,17301456460,0,0,7755,4221166,445753006,449981927
turso,concurrent,64,1,16,17751438637,0,0,5540,596826,29718357,30320723
turso,concurrent,64,1,16,17781759661,0,0,7313,512127,17066468,17585908
turso,concurrent,64,1,16,17799345881,0,0,6542,630961,608780593,609418096
turso,concurrent,64,1,16,18408764288,0,0,6271,517778,398364280,398888329
turso,concurrent,64,1,16,18807652907,0,0,7695,511495,200550703,201069893
turso,concurrent,64,1,16,19008723041,0,0,6041,16902861,86138777,103047679
turso,concurrent,64,1,16,19111770980,0,0,5591,461541,298894474,299361606
turso,concurrent,64,1,16,19411132947,0,0,6472,518589,394018098,394543159
turso,concurrent,64,1,16,19805676396,0,0,6723,477491,825280576,825764790
turso,concurrent,64,1,16,20631441447,0,0,7314,6776418,1331544874,1338328606
turso,concurrent,64,1,16,21969770323,0,0,7414,17430426,187535460,204973300
turso,concurrent,64,1,16,22174743974,0,0,5590,475087,676388757,676869434
turso,concurrent,64,1,16,22851613769,0,0,8306,6148353,237263080,243419739
turso,concurrent,64,1,16,23095033768,0,0,6212,481949,3394881765,3395369926
turso,concurrent,64,1,16,26490405507,0,0,8206,34323497,768861679,803193382
turso,concurrent,64,1,16,27293599149,0,0,7554,13767913,2812647733,2826423200
turso,concurrent,64,1,16,30120022620,0,0,7925,22617716,128553495,151179136
turso,concurrent,64,1,16,30271202026,0,0,6462,586977,883868448,884461887
turso,concurrent,64,1,16,31155664244,0,0,8536,18702977,209575165,228286678
turso,concurrent,64,1,16,31383951193,0,0,5781,536072,2244458066,2244999919
turso,concurrent,64,1,17,72737,1,0,41054472,384665,801619752,843058889
turso,concurrent,64,1,17,843131947,1,0,7204,445520,1025661239,1026113963
turso,concurrent,64,1,17,1869246331,1,0,45546,10904139,174940069,185889754
turso,concurrent,64,1,17,2055136405,1,0,5971,418791,360680771,361105533
turso,concurrent,64,1,17,2416242179,1,0,8185,22600604,281611777,304220566
turso,concurrent,64,1,17,2720463296,1,0,5821,420984,384880053,385306858
turso,concurrent,64,1,17,3105770434,0,0,5891,474446,2020219126,2020699463
turso,concurrent,64,1,17,5126470228,0,0,8266,18002435,534022073,552032774
turso,concurrent,64,1,17,5678503263,0,0,7624,11771275,1205028213,1216807112
turso,concurrent,64,1,17,6895311236,0,0,8136,3296772,227215216,230520124
turso,concurrent,64,1,17,7125831680,0,0,5321,418830,950790066,951214217
turso,concurrent,64,1,17,8077046188,0,0,8536,6205842,1318247938,1324462316
turso,concurrent,64,1,17,9401508865,0,0,7764,6077821,2044351081,2050436666
turso,concurrent,64,1,17,11451945961,0,0,8006,23177842,1653590340,1676776188
turso,concurrent,64,1,17,13128722559,0,0,7635,19112590,407142407,426262632
turso,concurrent,64,1,17,13554985472,0,0,8225,4115167,53279983,57403375
turso,concurrent,64,1,17,13612389138,0,0,6753,630370,88557481,89194604
turso,concurrent,64,1,17,13701584794,0,0,6693,489834,635989534,636486061
turso,concurrent,64,1,17,14338071095,0,0,6833,574865,527741210,528322908
turso,concurrent,64,1,17,14866394323,0,0,6202,463475,1297976590,1298446267
turso,concurrent,64,1,17,16164840961,0,0,7514,477351,1409620102,1410104967
turso,concurrent,64,1,17,17574946229,0,0,7915,8926406,1153847751,1162782072
turso,concurrent,64,1,17,18737728572,0,0,5961,447655,404414739,404868355
turso,concurrent,64,1,17,19142597138,0,0,6772,27023120,418377701,445407593
turso,concurrent,64,1,17,19588005062,0,0,6863,502568,30100638,30610069
turso,concurrent,64,1,17,19618615402,0,0,4709,456021,1759809242,1760269972
turso,concurrent,64,1,17,21378885585,0,0,8295,17778644,1732278885,1750065824
turso,concurrent,64,1,17,23128951720,0,0,7604,19753420,186895833,206656857
turso,concurrent,64,1,17,23335608847,0,0,6281,556581,928158805,928721667
turso,concurrent,64,1,17,24264330936,0,0,7594,18953190,1677792295,1696753079
turso,concurrent,64,1,17,25961084386,0,0,7344,46022657,337305095,383335096
turso,concurrent,64,1,17,26344419743,0,0,6923,577309,1289773970,1290358202
turso,concurrent,64,1,17,27634778206,0,0,7755,20442801,37727171,58177727
turso,concurrent,64,1,17,27692966824,0,0,8366,755666,530211792,530975824
turso,concurrent,64,1,17,28223942948,0,0,6392,572891,1878537947,1879117230
turso,concurrent,64,1,17,30103060508,0,0,8085,33925738,1819970052,1853903875
turso,concurrent,64,1,17,31956964844,0,0,8606,26980190,1877912435,1904901231
turso,concurrent,64,1,18,107914,1,0,3977076,555078,211865757,216397911
turso,concurrent,64,1,18,216506246,1,0,6001,375970,2488639231,2489021202
turso,concurrent,64,1,18,2705527728,1,0,41879,27495161,1651702928,1679239968
turso,concurrent,64,1,18,4384768036,0,0,7585,19285496,322198506,341491587
turso,concurrent,64,1,18,4726259863,0,0,6032,390717,825255288,825652037
turso,concurrent,64,1,18,5551912682,0,0,14237,8530149,2542512654,2551057040
turso,concurrent,64,1,18,8102970073,0,0,7103,21820522,702534031,724361656
turso,concurrent,64,1,18,8827332290,0,0,12433,26045204,780111561,806169198
turso,concurrent,64,1,18,9633501758,0,0,6813,492920,3236147911,3236647644
turso,concurrent,64,1,18,12870150514,0,0,7975,11907502,474123639,486039116
turso,concurrent,64,1,18,13356189951,0,0,7975,14552273,204696778,219257026
turso,concurrent,64,1,18,13575447249,0,0,6813,486878,68021325,68515016
turso,concurrent,64,1,18,13643962525,0,0,5581,424972,895634834,896065387
turso,concurrent,64,1,18,14540028182,0,0,6643,486949,1884097228,1884590820
turso,concurrent,64,1,18,16424619463,0,0,6612,494103,39140438,39641153
turso,concurrent,64,1,18,16464261007,0,0,6352,429921,1115950319,1116386592
turso,concurrent,64,1,18,17580647889,0,0,8767,9442661,117852399,127303827
turso,concurrent,64,1,18,17707952617,0,0,6713,485266,1466294001,1466785980
turso,concurrent,64,1,18,19174738877,0,0,8296,29100851,481898643,511007790
turso,concurrent,64,1,18,19685746977,0,0,5911,448116,294932697,295386724
turso,concurrent,64,1,18,19981133982,0,0,5981,453967,1117150844,1117610792
turso,concurrent,64,1,18,21098745014,0,0,8246,11715270,623476808,635200324
turso,concurrent,64,1,18,21733945719,0,0,7784,26581206,56562930,83151920
turso,concurrent,64,1,18,21817097879,0,0,5160,460108,599014381,599479649
turso,concurrent,64,1,18,22416577809,0,0,5951,443317,2321027393,2321476661
turso,concurrent,64,1,18,24738054830,0,0,8707,11378233,375302648,386689588
turso,concurrent,64,1,18,25124744748,0,0,8306,23785730,172880552,196674588
turso,concurrent,64,1,18,25321419606,0,0,6953,450700,935033430,935491083
turso,concurrent,64,1,18,26256911050,0,0,15049,17468017,2241377411,2258860477
turso,concurrent,64,1,18,28515771878,0,0,8145,17412673,571948831,589369649
turso,concurrent,64,1,18,29105141857,0,0,6091,484915,2842711692,2843202698
turso,concurrent,64,1,18,31948344846,0,0,8416,24233465,1815361104,1839602985
turso,concurrent,64,1,19,72327,1,0,5089415,619429,891804485,897513329
turso,concurrent,64,1,19,897586036,1,0,6332,424711,98659677,99090720
turso,concurrent,64,1,19,996677068,1,0,8446,328209,1336175713,1336512368
turso,concurrent,64,1,19,2333189817,1,0,52188,4995999,1002665459,1007713646
turso,concurrent,64,1,19,3340903874,0,0,8105,498661,662516617,663023383
turso,concurrent,64,1,19,4003928019,0,0,6452,414633,1881712747,1882133832
turso,concurrent,64,1,19,5886062232,0,0,8025,6245127,112635052,118888204
turso,concurrent,64,1,19,6004950767,0,0,5330,425964,687443130,687874424
turso,concurrent,64,1,19,6692825421,0,0,6923,12030174,4332125035,4344162132
turso,concurrent,64,1,19,11036988385,0,0,7253,11900720,571679313,583587286
turso,concurrent,64,1,19,11620575961,0,0,6342,416607,256719869,257142818
turso,concurrent,64,1,19,11877719029,0,0,6282,495746,1785525847,1786027875
turso,concurrent,64,1,19,13663747244,0,0,8095,18599402,210944268,229551765
turso,concurrent,64,1,19,13893299241,0,0,5100,404172,95327649,95736921
turso,concurrent,64,1,19,13989036433,0,0,6171,687228,813116439,813809838
turso,concurrent,64,1,19,14802846541,0,0,5681,436223,460738147,461180051
turso,concurrent,64,1,19,15264026872,0,0,7625,488111,554230332,554726068
turso,concurrent,64,1,19,15818753781,0,0,6322,464948,132801712,133272982
turso,concurrent,64,1,19,15952027114,0,0,7234,440190,113584646,114032070
turso,concurrent,64,1,19,16066059404,0,0,6242,490044,2885087837,2885584123
turso,concurrent,64,1,19,18951643857,0,0,8887,20267951,801259753,821536591
turso,concurrent,64,1,19,19773180738,0,0,8446,19662849,521559864,541231159
turso,concurrent,64,1,19,20314412178,0,0,9488,18149623,415860390,434019501
turso,concurrent,64,1,19,20748431949,0,0,6503,442304,550369926,550818733
turso,concurrent,64,1,19,21299250933,0,0,7534,22788007,710961235,733756776
turso,concurrent,64,1,19,22033007960,0,0,7103,30882694,1966528217,1997418014
turso,concurrent,64,1,19,24030426295,0,0,7715,15774049,483487171,499268935
turso,concurrent,64,1,19,24529695590,0,0,5951,446213,751439057,751891221
turso,concurrent,64,1,19,25281587162,0,0,9087,13675399,793473227,807157713
turso,concurrent,64,1,19,26088745166,0,0,8115,10768854,1099196259,1109973228
turso,concurrent,64,1,19,27198718744,0,0,8746,14812005,276282519,291103270
turso,concurrent,64,1,19,27489822225,0,0,7785,489223,357529875,358026883
turso,concurrent,64,1,19,27847849398,0,0,7044,468825,2489043855,2489519724
turso,concurrent,64,1,19,30337371446,0,0,8226,55612565,3375482874,3431103665
turso,concurrent,64,1,20,1659692,1,0,662200,365500,1598974575,1600002275
turso,concurrent,64,1,20,1601662488,1,0,44093,12838530,470575202,483457825
turso,concurrent,64,1,20,2085120724,1,0,8806,444149,122704065,123157020
turso,concurrent,64,1,20,2208278094,1,0,7754,10845920,182842663,193696337
turso,concurrent,64,1,20,2401974672,1,0,6753,483833,3393863152,3394353738
turso,concurrent,64,1,20,5796329182,0,0,7774,7498262,117129014,124635050
turso,concurrent,64,1,20,5920964623,0,0,7474,500995,560493953,561002422
turso,concurrent,64,1,20,6481967345,0,0,8687,17667583,856530003,874206273
turso,concurrent,64,1,20,7356173878,0,0,7124,2469049,142140588,144616761
turso,concurrent,64,1,20,7500791621,0,0,7544,502388,709500658,710010590
turso,concurrent,64,1,20,8210802532,0,0,7324,12461298,881392054,893860676
turso,concurrent,64,1,20,9104663548,0,0,8947,5956932,956064431,962030310
turso,concurrent,64,1,20,10066694369,0,0,12153,6718319,64537811,71268283
turso,concurrent,64,1,20,10137963002,0,0,7144,491728,332925820,333424692
turso,concurrent,64,1,20,10471388005,0,0,6542,453666,2475450761,2475910969
turso,concurrent,64,1,20,12947299335,0,0,9177,23680762,2191402435,2215092374
turso,concurrent,64,1,20,15162392080,0,0,7053,14570720,42786108,57363881
turso,concurrent,64,1,20,15219756833,0,0,6242,467702,1113718337,1114192281
turso,concurrent,64,1,20,16333949394,0,0,6903,429190,61252961,61689054
turso,concurrent,64,1,20,16395638698,0,0,5160,445932,267692077,268143169
turso,concurrent,64,1,20,16663782197,0,0,7685,9311763,601849161,611168609
turso,concurrent,64,1,20,17274951087,0,0,8296,16475203,566165146,582648645
turso,concurrent,64,1,20,17857600002,0,0,6202,446573,824043552,824496327
turso,concurrent,64,1,20,18682096499,0,0,6242,483021,782530395,783019658
turso,concurrent,64,1,20,19465116408,0,0,6702,14730632,584588164,599325498
turso,concurrent,64,1,20,20064442588,0,0,13385,427887,391723648,392164920
turso,concurrent,64,1,20,20456607819,0,0,9427,32088580,949833311,981931318
turso,concurrent,64,1,20,21438539678,0,0,14678,20290012,1029769853,1050074543
turso,concurrent,64,1,20,22488614501,0,0,7213,743974,43822856,44574043
turso,concurrent,64,1,20,22533188805,0,0,7024,45055912,301769050,346831986
turso,concurrent,64,1,20,22880021111,0,0,7234,472372,862146622,862626228
turso,concurrent,64,1,20,23742647690,0,0,8566,13622900,1860499152,1874130618
turso,concurrent,64,1,20,25616778578,0,0,8677,37785240,371825405,409619322
turso,concurrent,64,1,20,26026399684,0,0,8726,3594123,262674407,266277256
turso,concurrent,64,1,20,26292677281,0,0,5801,453145,236685078,237144024
turso,concurrent,64,1,20,26529821716,0,0,5681,583180,832469214,833058075
turso,concurrent,64,1,20,27362880322,0,0,8796,26436353,587625447,614070596
turso,concurrent,64,1,20,27976951219,0,0,6071,454207,663966724,664427002
turso,concurrent,64,1,20,28641378562,0,0,7674,19143459,1050330546,1069481679
turso,concurrent,64,1,20,29710860511,0,0,7955,37211287,252853623,290072865
turso,concurrent,64,1,20,30000933657,0,0,6062,439830,2575245000,2575690892
turso,concurrent,64,1,20,32576624849,0,0,8406,14796635,1291405249,1306210290
turso,concurrent,64,1,21,421,1,0,49603766,370850,835635388,885610004
turso,concurrent,64,1,21,885610896,1,0,6843,463986,1002319436,1002790265
turso,concurrent,64,1,21,1888401552,1,0,48752,34527883,1633164671,1667741306
turso,concurrent,64,1,21,3556143168,0,0,7333,10298266,1025253549,1035559148
turso,concurrent,64,1,21,4591702728,0,0,8596,20423886,1770617661,1791050143
turso,concurrent,64,1,21,6382753572,0,0,7314,37525811,138172098,175705223
turso,concurrent,64,1,21,6558459146,0,0,7624,14580898,131090283,145678805
turso,concurrent,64,1,21,6704138281,0,0,5681,663292,345391096,346060069
turso,concurrent,64,1,21,7050198691,0,0,7885,648444,198280919,198937248
turso,concurrent,64,1,21,7249136660,0,0,6272,435983,74962284,75404539
turso,concurrent,64,1,21,7324541630,0,0,8606,529760,161820879,162359245
turso,concurrent,64,1,21,7486901206,0,0,6081,464337,1102349119,1102819537
turso,concurrent,64,1,21,8589721053,0,0,7735,14571901,836965178,851544814
turso,concurrent,64,1,21,9441266148,0,0,7584,11638966,603797648,615444198
turso,concurrent,64,1,21,10056710617,0,0,8075,19556719,2387001964,2406566758
turso,concurrent,64,1,21,12463277626,0,0,6462,11840396,426111177,437958035
turso,concurrent,64,1,21,12901235941,0,0,7254,492209,1000076693,1000576156
turso,concurrent,64,1,21,13901813089,0,0,9037,8948308,386839410,395796755
turso,concurrent,64,1,21,14297610115,0,0,5871,488952,455669471,456164294
turso,concurrent,64,1,21,14753774760,0,0,7364,447995,534425344,534880703
turso,concurrent,64,1,21,15288655774,0,0,6893,457824,836660694,837125411
turso,concurrent,64,1,21,16125781435,0,0,6723,498370,254248095,254753188
turso,concurrent,64,1,21,16380534973,0,0,7103,448035,2642641936,2643097074
turso,concurrent,64,1,21,19023632389,0,0,8175,15479124,802282102,817769401
turso,concurrent,64,1,21,19841402030,0,0,7594,546692,416005064,416559350
turso,concurrent,64,1,21,20257961630,0,0,7715,20678886,1249407288,1270093889
turso,concurrent,64,1,21,21528055799,0,0,7575,22008195,595861561,617877331
turso,concurrent,64,1,21,22145933400,0,0,6513,453666,291363661,291823840
turso,concurrent,64,1,21,22437757561,0,0,7103,554457,710411688,710973248
turso,concurrent,64,1,21,23148731079,0,0,8506,38926044,292676299,331610849
turso,concurrent,64,1,21,23480342219,0,0,6071,513349,652547773,653067193
turso,concurrent,64,1,21,24133409712,0,0,7685,11818885,757388406,769214976
turso,concurrent,64,1,21,24902625049,0,0,8887,11980911,222189872,234179670
turso,concurrent,64,1,21,25136814327,0,0,6732,613168,107004887,107624787
turso,concurrent,64,1,21,25244439394,0,0,6162,518218,62308943,62833323
turso,concurrent,64,1,21,25307273028,0,0,6652,673522,743791534,744471708
turso,concurrent,64,1,21,26051745027,0,0,7865,20300011,2870209026,2890516902
turso,concurrent,64,1,21,28942262300,0,0,7013,21078591,554675862,575761466
turso,concurrent,64,1,21,29518024157,0,0,6783,496958,248577703,249081444
turso,concurrent,64,1,21,29767105892,0,0,6873,14845858,917098922,931951653
turso,concurrent,64,1,21,30699057855,0,0,6372,399084,637994457,638399913
turso,concurrent,64,1,21,31337458078,0,0,6612,20067212,1413020760,1433094584
turso,concurrent,64,1,21,32770552943,0,0,7744,14648336,850698968,865355048
turso,concurrent,64,1,22,83638,1,0,5645845,528558,1484694838,1490869241
turso,concurrent,64,1,22,1490953340,1,0,41669,13788002,247614454,261444125
turso,concurrent,64,1,22,1752397846,1,0,8556,536613,89002121,89547290
turso,concurrent,64,1,22,1841945396,1,0,6312,466821,201376712,201849845
turso,concurrent,64,1,22,2043795522,1,0,5861,409252,569009294,569424407
turso,concurrent,64,1,22,2613220450,1,0,7474,17921593,881540895,899469962
turso,concurrent,64,1,22,3512690712,0,0,6713,465679,468107755,468580147
turso,concurrent,64,1,22,3981271200,0,0,6001,419842,828310214,828736057
turso,concurrent,64,1,22,4810007538,0,0,9027,18452625,564884088,583345740
turso,concurrent,64,1,22,5393354209,0,0,6803,14717527,783857409,798581739
turso,concurrent,64,1,22,6191936389,0,0,8266,626652,213202220,213837138
turso,concurrent,64,1,22,6405774008,0,0,14207,545519,211781810,212341536
turso,concurrent,64,1,22,6618115844,0,0,8005,20279082,108040382,128327469
turso,concurrent,64,1,22,6746443543,0,0,5270,484134,63016829,63506233
turso,concurrent,64,1,22,6809949997,0,0,5600,671417,70429690,71106707
turso,concurrent,64,1,22,6881057095,0,0,6512,502499,945506585,946015596
turso,concurrent,64,1,22,7827072961,0,0,8546,14595727,538374196,552978469
turso,concurrent,64,1,22,8380052552,0,0,6402,429069,294454295,294889766
turso,concurrent,64,1,22,8674942589,0,0,7675,8273494,217558621,225839790
turso,concurrent,64,1,22,8900782610,0,0,6041,626483,33037350,33669874
turso,concurrent,64,1,22,8934452895,0,0,5941,462523,146662602,147131066
turso,concurrent,64,1,22,9081584241,0,0,7745,524890,180805619,181338254
turso,concurrent,64,1,22,9262923077,0,0,7935,484534,1328644359,1329136828
turso,concurrent,64,1,22,10592060236,0,0,9548,11762449,636439191,648211188
turso,concurrent,64,1,22,11240271715,0,0,7965,17643468,289056727,306708160
turso,concurrent,64,1,22,11546980276,0,0,6943,567281,184808974,185383198
turso,concurrent,64,1,22,11732363765,0,0,7133,502769,354411811,354921713
turso,concurrent,64,1,22,12087285828,0,0,7835,26958789,543873926,570840550
turso,concurrent,64,1,22,12658126758,0,0,6883,490065,1099561969,1100058917
turso,concurrent,64,1,22,13758185956,0,0,7755,25896724,17478867,43383346
turso,concurrent,64,1,22,13801569642,0,0,6843,829045,2520947095,2521782983
turso,concurrent,64,1,22,16323352896,0,0,7554,789730,1083069994,1083867278
turso,concurrent,64,1,22,17407220545,0,0,7374,6121583,1583876200,1590005157
turso,concurrent,64,1,22,18997227315,0,0,7615,15119905,390263843,405391363
turso,concurrent,64,1,22,19402618958,0,0,6393,464246,1160968078,1161438717
turso,concurrent,64,1,22,20564057966,0,0,8005,26559225,291427021,317994251
turso,concurrent,64,1,22,20882052537,0,0,6543,456802,621776730,622240075
turso,concurrent,64,1,22,21504292872,0,0,7885,24272138,576010547,600290570
turso,concurrent,64,1,22,22104584043,0,0,6141,446333,97904793,98357267
turso,concurrent,64,1,22,22202941600,0,0,7324,550118,404270137,404827579
turso,concurrent,64,1,22,22607769549,0,0,8286,19615580,111202609,130826475
turso,concurrent,64,1,22,22738596364,0,0,5580,439189,940634861,941079630
turso,concurrent,64,1,22,23679676346,0,0,8055,16370565,262877671,279256291
turso,concurrent,64,1,22,23958932998,0,0,7023,473223,14526846,15007092
turso,concurrent,64,1,22,23973940351,0,0,5440,533176,1497973569,1498512185
turso,concurrent,64,1,22,25472452877,0,0,8216,31620516,661174424,692803156
turso,concurrent,64,1,22,26165256313,0,0,7364,22900149,88580245,111487758
turso,concurrent,64,1,22,26276744321,0,0,5060,425653,388474335,388905048
turso,concurrent,64,1,22,26665649680,0,0,5129,452715,401676381,402134225
turso,concurrent,64,1,22,27067784176,0,0,5350,412088,1522997946,1523415384
turso,concurrent,64,1,22,28591199871,0,0,7544,21337981,395566851,416912376
turso,concurrent,64,1,22,29008112597,0,0,6222,449749,1919831298,1920287269
turso,concurrent,64,1,22,30928400166,0,0,8546,25886635,165104407,190999588
turso,concurrent,64,1,22,31119400184,0,0,8777,17414847,2389746444,2407170068
turso,concurrent,64,1,23,269298,1,0,4018705,589613,596153812,600762130
turso,concurrent,64,1,23,601031789,1,0,6261,355131,618395038,618756430
turso,concurrent,64,1,23,1219788599,1,0,42601,14821412,536943236,551807249
turso,concurrent,64,1,23,1771596209,1,0,7113,448537,305642539,306098189
turso,concurrent,64,1,23,2077694649,1,0,6622,469757,1008460496,1008936875
turso,concurrent,64,1,23,3086632225,0,0,7103,8943439,301400183,310350725
turso,concurrent,64,1,23,3396983231,0,0,6532,454197,149400800,149861529
turso,concurrent,64,1,23,3546844980,0,0,5911,416476,81661948,82084335
turso,concurrent,64,1,23,3628929556,0,0,5150,541812,495529477,496076439
turso,concurrent,64,1,23,4125006867,0,0,7705,477220,4281187652,4281672577
turso,concurrent,64,1,23,8406679715,0,0,8706,12609728,1870733688,1883352122
turso,concurrent,64,1,23,10290032127,0,0,7635,11735858,106174550,117918043
turso,concurrent,64,1,23,10407950471,0,0,7053,547573,658863533,659418159
turso,concurrent,64,1,23,11067368911,0,0,7584,14582321,129981259,144571164
turso,concurrent,64,1,23,11211940346,0,0,6131,454338,574106093,574566562
turso,concurrent,64,1,23,11786507238,0,0,5481,432766,2219123563,2219561810
turso,concurrent,64,1,23,14006069388,0,0,8136,13194351,188660514,201863001
turso,concurrent,64,1,23,14207932990,0,0,5991,469015,77882095,78357101
turso,concurrent,64,1,23,14286290391,0,0,6633,544898,366737242,367288773
turso,concurrent,64,1,23,14653579404,0,0,5701,437075,136455318,136898094
turso,concurrent,64,1,23,14790477758,0,0,7034,663381,590000280,590670695
turso,concurrent,64,1,23,15381148843,0,0,9258,554967,72502923,73067148
turso,concurrent,64,1,23,15454216392,0,0,6492,497929,2983198488,2983702909
turso,concurrent,64,1,23,18437919651,0,0,8255,7210649,635982179,643201083
turso,concurrent,64,1,23,19081120985,0,0,7164,23990406,810608697,834606267
turso,concurrent,64,1,23,19915727542,0,0,6552,458095,1505504833,1505969480
turso,concurrent,64,1,23,21421697422,0,0,7224,6136451,65116753,71260428
turso,concurrent,64,1,23,21492958181,0,0,6652,453356,317987988,318447996
turso,concurrent,64,1,23,21811406378,0,0,5350,543776,209088126,209637252
turso,concurrent,64,1,23,22021044001,0,0,6773,442755,1385114814,1385564342
turso,concurrent,64,1,23,23406608653,0,0,7925,13626386,426350999,439985310
turso,concurrent,64,1,23,23846594264,0,0,8176,32546364,2599917363,2632471903
turso,concurrent,64,1,23,26479066407,0,0,8236,31585450,1947819319,1979413005
turso,concurrent,64,1,23,28458481516,0,0,8225,16574050,85079207,101661482
turso,concurrent,64,1,23,28560143289,0,0,6412,512617,68278480,68797509
turso,concurrent,64,1,23,28628941059,0,0,6181,578192,1289696664,1290281037
turso,concurrent,64,1,23,29919222517,0,0,9337,29202714,714001542,743213593
turso,concurrent,64,1,23,30662436401,0,0,5450,390928,511128397,511524775
turso,concurrent,64,1,23,31173961577,0,0,9017,29409022,2678419989,2707838028
turso,concurrent,64,1,24,57869,1,0,3044947,455019,34049991,37549957
turso,concurrent,64,1,24,37608618,1,0,9357,448206,2088183905,2088641468
turso,concurrent,64,1,24,2126250667,1,0,44304,11654315,1457055324,1468753943
turso,concurrent,64,1,24,3595004961,0,0,6663,512387,1940181053,1940700103
turso,concurrent,64,1,24,5535705675,0,0,7534,22467292,1051400255,1073875081
turso,concurrent,64,1,24,6609581337,0,0,8967,8964569,525009183,533982719
turso,concurrent,64,1,24,7143564377,0,0,7544,466230,144468932,144942706
turso,concurrent,64,1,24,7288507313,0,0,5460,490757,28759306,29255523
turso,concurrent,64,1,24,7317763126,0,0,7495,566519,197612107,198186121
turso,concurrent,64,1,24,7515950049,0,0,6572,436313,521022911,521465796
turso,concurrent,64,1,24,8037416135,0,0,8045,13944498,1725048319,1739000862
turso,concurrent,64,1,24,9776417428,0,0,15620,17968701,83845489,101829810
turso,concurrent,64,1,24,9878247509,0,0,7093,12824594,615910339,628742026
turso,concurrent,64,1,24,10506989785,0,0,5681,414642,113681107,114101430
turso,concurrent,64,1,24,10621091575,0,0,5882,425663,1495079386,1495510931
turso,concurrent,64,1,24,12116602757,0,0,7374,14561411,2054332909,2068901694
turso,concurrent,64,1,24,14185504731,0,0,7384,14759015,120675687,135442086
turso,concurrent,64,1,24,14320947478,0,0,5451,399103,152346038,152750592
turso,concurrent,64,1,24,14473698310,0,0,5651,434941,662809058,663249650
turso,concurrent,64,1,24,15136948211,0,0,6572,446473,441874837,442327882
turso,concurrent,64,1,24,15579276353,0,0,6032,482089,1105642124,1106130245
turso,concurrent,64,1,24,16685406879,0,0,8936,11678250,1510190707,1521877893
turso,concurrent,64,1,24,18207285142,0,0,7785,16862364,294460776,311330925
turso,concurrent,64,1,24,18518616398,0,0,6773,795000,1559193577,1559995350
turso,concurrent,64,1,24,20078612179,0,0,18345,7758843,826835050,834612238
turso,concurrent,64,1,24,20913224718,0,0,7935,31568608,176295858,207872401
turso,concurrent,64,1,24,21121097409,0,0,4920,491337,2136227666,2136723923
turso,concurrent,64,1,24,23257821632,0,0,8145,11271051,310425036,321704232
turso,concurrent,64,1,24,23579526185,0,0,7274,719307,298340509,299067090
turso,concurrent,64,1,24,23878593465,0,0,7864,23753369,69206552,92967785
turso,concurrent,64,1,24,23971561552,0,0,6071,521084,337870382,338397537
turso,concurrent,64,1,24,24309959369,0,0,5581,472040,620748921,621226542
turso,concurrent,64,1,24,24931186191,0,0,8547,11920556,209458876,221387979
turso,concurrent,64,1,24,25152575803,0,0,6472,477411,380742954,381226837
turso,concurrent,64,1,24,25533802971,0,0,6482,500154,1214783303,1215289939
turso,concurrent,64,1,24,26749093230,0,0,7755,16415280,712921595,729344630
turso,concurrent,64,1,24,27478438130,0,0,8375,23998562,1661852553,1685859490
turso,concurrent,64,1,24,29164297991,0,0,8456,17457206,1457776507,1475242169
turso,concurrent,64,1,24,30639540500,0,0,7194,27476495,1497756870,1525240559
turso,concurrent,64,1,24,32164781430,0,0,8346,22597928,10111103,32717377
turso,concurrent,64,1,24,32197499147,0,0,8085,741750,741646376,742396211
turso,concurrent,64,1,24,32939895689,0,0,5861,494323,709375422,709875606
turso,concurrent,64,1,25,65013,1,0,3634690,487540,439047140,443169370
turso,concurrent,64,1,25,443234763,1,0,7705,419031,996764833,997191569
turso,concurrent,64,1,25,1440426733,1,0,49664,14572382,465464446,480086492
turso,concurrent,64,1,25,1920513426,1,0,7734,533477,519893919,520435130
turso,concurrent,64,1,25,2440948827,1,0,7454,21451064,649043129,670501647
turso,concurrent,64,1,25,3111450985,0,0,5370,440912,314544740,314991022
turso,concurrent,64,1,25,3426442328,0,0,7404,521234,467565943,468094581
turso,concurrent,64,1,25,3894537159,0,0,5771,435652,475907245,476348668
turso,concurrent,64,1,25,4370886097,0,0,7575,8934040,1438768604,1447710219
turso,concurrent,64,1,25,5818597077,0,0,8045,14665719,27022088,41695852
turso,concurrent,64,1,25,5860293299,0,0,7224,634989,818506882,819149095
turso,concurrent,64,1,25,6679442714,0,0,7675,13780598,320715045,334503318
turso,concurrent,64,1,25,7013946313,0,0,7013,591316,674919464,675517793
turso,concurrent,64,1,25,7689464357,0,0,6913,23043379,930922080,953972372
turso,concurrent,64,1,25,8643437100,0,0,7223,457564,469074690,469539477
turso,concurrent,64,1,25,9112976877,0,0,8767,3365622,2486193866,2489568255
turso,concurrent,64,1,25,11602545413,0,0,7414,6098860,918765688,924871962
turso,concurrent,64,1,25,12527418267,0,0,9327,11896442,941557492,953463261
turso,concurrent,64,1,25,13480881818,0,0,8537,7725670,1437138828,1444873035
turso,concurrent,64,1,25,14925755143,0,0,6843,472171,147711752,148190766
turso,concurrent,64,1,25,15073946139,0,0,5050,393602,801604914,802003566
turso,concurrent,64,1,25,15875949966,0,0,6652,458666,3981950311,3982415629
turso,concurrent,64,1,25,19858365926,0,0,8866,49356629,208355794,257721289
turso,concurrent,64,1,25,20116087475,0,0,6533,465047,779640582,780112162
turso,concurrent,64,1,25,20896199877,0,0,7855,20287197,366592699,386887751
turso,concurrent,64,1,25,21283087879,0,0,6792,44005300,1136164498,1180176590
turso,concurrent,64,1,25,22463264920,0,0,16091,13793992,920382991,934193074
turso,concurrent,64,1,25,23397458254,0,0,10129,13799053,636313705,650122887
turso,concurrent,64,1,25,24047581462,0,0,9047,17583714,3103340048,3120932809
turso,concurrent,64,1,25,27168514501,0,0,8086,17620224,369530042,387158352
turso,concurrent,64,1,25,27555673113,0,0,5701,456933,1047457343,1047919977
turso,concurrent,64,1,25,28603593371,0,0,8726,17482815,912959550,930451091
turso,concurrent,64,1,25,29534045113,0,0,16391,536122,495139081,495691594
turso,concurrent,64,1,25,30029738430,0,0,8085,17480791,1411594368,1429083244
turso,concurrent,64,1,25,31458821955,0,0,8586,11892605,92311195,104212386
turso,concurrent,64,1,25,31563034672,0,0,6161,746419,257594691,258347271
turso,concurrent,64,1,25,31821382243,0,0,6613,470347,2013720773,2014197733
turso,concurrent,64,1,26,64261,1,0,1459123,448857,11021791,12929771
turso,concurrent,64,1,26,12994604,1,0,6813,363116,1254523363,1254893292
turso,concurrent,64,1,26,1267888156,1,0,50065,8864740,979144559,988059364
turso,concurrent,64,1,26,2255947850,1,0,7775,8167244,739494856,747669875
turso,concurrent,64,1,26,3003618095,0,0,6633,637142,215399758,216043533
turso,concurrent,64,1,26,3219662499,0,0,6733,438818,1303085963,1303531514
turso,concurrent,64,1,26,4523194524,0,0,7735,11695322,340153963,351857020
turso,concurrent,64,1,26,4875051834,0,0,7294,507077,123035030,123549401
turso,concurrent,64,1,26,4998601515,0,0,6683,465579,56738741,57211003
turso,concurrent,64,1,26,5055813520,0,0,6192,487119,42425618,42918929
turso,concurrent,64,1,26,5098732749,0,0,5691,486659,53257912,53750262
turso,concurrent,64,1,26,5152483271,0,0,5110,485316,2772847309,2773337735
turso,concurrent,64,1,26,7925821266,0,0,7855,14193897,462120005,476321757
turso,concurrent,64,1,26,8402143273,0,0,6162,691836,827908907,828606905
turso,concurrent,64,1,26,9230750899,0,0,8466,17941710,330995037,348945213
turso,concurrent,64,1,26,9579696493,0,0,6432,468123,1269779646,1270254201
turso,concurrent,64,1,26,10849950985,0,0,7363,6172079,2005751352,2011930794
turso,concurrent,64,1,26,12861882700,0,0,8086,8752178,178426779,187187043
turso,concurrent,64,1,26,13049069983,0,0,6843,436364,222694805,223138012
turso,concurrent,64,1,26,13272208245,0,0,8096,12670022,404338685,417016803
turso,concurrent,64,1,26,13689225329,0,0,7614,9192479,394229286,403429379
turso,concurrent,64,1,26,14092655079,0,0,6112,487379,63362753,63856244
turso,concurrent,64,1,26,14156511614,0,0,7604,448025,617789816,618245445
turso,concurrent,64,1,26,14774757329,0,0,6102,457203,3217005644,3217468949
turso,concurrent,64,1,26,17992226579,0,0,8436,14634108,1332884532,1347527076
turso,concurrent,64,1,26,19339754006,0,0,7915,14687529,643493555,658188999
turso,concurrent,64,1,26,19997943256,0,0,6011,426004,742919258,743351273
turso,concurrent,64,1,26,20741294839,0,0,9538,13356527,68596931,81962996
turso,concurrent,64,1,26,20823258117,0,0,5350,485195,372203649,372694194
turso,concurrent,64,1,26,21195952812,0,0,14658,491758,1280157380,1280663796
turso,concurrent,64,1,26,22476616899,0,0,8476,12702593,550630939,563342008
turso,concurrent,64,1,26,23039959147,0,0,9809,17547937,3576178591,3593736337
turso,concurrent,64,1,26,26633695744,0,0,8587,18465088,623687215,642160890
turso,concurrent,64,1,26,27275858257,0,0,7344,17409858,48968657,66385859
turso,concurrent,64,1,26,27342244406,0,0,6312,470869,1845002636,1845479817
turso,concurrent,64,1,26,29187724513,0,0,8777,18400015,1013441677,1031850469
turso,concurrent,64,1,26,30219575233,0,0,8726,12886220,182606638,195501584
turso,concurrent,64,1,26,30415077158,0,0,5510,528658,1773321344,1773855512
turso,concurrent,64,1,26,32188933021,0,0,7965,9633581,1719777242,1729418788
turso,concurrent,64,1,27,1386006,1,0,30782244,442626,761382102,792606972
turso,concurrent,64,1,27,793993349,1,0,7544,419402,484584401,485011347
turso,concurrent,64,1,27,1279005047,1,0,48121,12672867,259927212,272648200
turso,concurrent,64,1,27,1551653608,1,0,6141,444199,404694267,405144607
turso,concurrent,64,1,27,1956798706,1,0,5981,397160,2546221214,2546624355
turso,concurrent,64,1,27,4503423632,0,0,7804,23057416,552459189,575524409
turso,concurrent,64,1,27,5078948371,0,0,6573,460168,1256838302,1257305043
turso,concurrent,64,1,27,6336253704,0,0,9437,9423425,201435523,210868385
turso,concurrent,64,1,27,6547122351,0,0,6752,10048985,550836306,560892043
turso,concurrent,64,1,27,7108015436,0,0,6372,451833,1108008430,1108466635
turso,concurrent,64,1,27,8216482412,0,0,8225,8595703,15915827,24519755
turso,concurrent,64,1,27,8241002537,0,0,6733,439810,831479406,831925949
turso,concurrent,64,1,27,9072928746,0,0,6953,9663848,304736611,314407412
turso,concurrent,64,1,27,9387336428,0,0,5891,410825,307052361,307469077
turso,concurrent,64,1,27,9694805845,0,0,7865,553224,381459928,382021017
turso,concurrent,64,1,27,10076827152,0,0,6833,9578497,47356735,56942065
turso,concurrent,64,1,27,10133769558,0,0,6272,479986,96589109,97075367
turso,concurrent,64,1,27,10230845596,0,0,4388,470377,585567343,586042108
turso,concurrent,64,1,27,10816887996,0,0,5571,461180,1014753612,1015220363
turso,concurrent,64,1,27,11832108610,0,0,7594,19796562,1231517535,1251321691
turso,concurrent,64,1,27,13083430581,0,0,9639,6141710,240725514,246876863
turso,concurrent,64,1,27,13330307775,0,0,8856,11563654,3641526349,3653098859
turso,concurrent,64,1,27,16983406985,0,0,10260,49979424,869033420,919023104
turso,concurrent,64,1,27,17902430369,0,0,7023,503350,189475061,189985434
turso,concurrent,64,1,27,18092416033,0,0,6022,511134,364037647,364554803
turso,concurrent,64,1,27,18456971137,0,0,6302,458605,213346041,213810948
turso,concurrent,64,1,27,18670782356,0,0,5120,434419,459708164,460147703
turso,concurrent,64,1,27,19130930439,0,0,7945,12130724,104247012,116385681
turso,concurrent,64,1,27,19247316441,0,0,5941,493041,421578862,422077844
turso,concurrent,64,1,27,19669394686,0,0,6532,472582,117393353,117872467
turso,concurrent,64,1,27,19787267413,0,0,5010,421395,500267850,500694255
turso,concurrent,64,1,27,20287962149,0,0,13586,24144587,1932139206,1956297379
turso,concurrent,64,1,27,22244259798,0,0,8756,19828682,2109130697,2128968135
turso,concurrent,64,1,27,24373230498,0,0,9518,17500498,26674582,44184598
turso,concurrent,64,1,27,24417415357,0,0,5130,457042,215918457,216380629
turso,concurrent,64,1,27,24633796406,0,0,7103,619068,153952119,154578290
turso,concurrent,64,1,27,24788374998,0,0,8466,18441594,58703249,77153309
turso,concurrent,64,1,27,24865528728,0,0,10209,508380,1312786030,1313304619
turso,concurrent,64,1,27,26178833647,0,0,8025,32401661,222309267,254718953
turso,concurrent,64,1,27,26433552841,0,0,6031,522667,222439353,222968051
turso,concurrent,64,1,27,26656521202,0,0,7845,479164,44613428,45100437
turso,concurrent,64,1,27,26701622029,0,0,7404,498431,254236984,254742819
turso,concurrent,64,1,27,26956365188,0,0,7695,502599,1275556056,1276066350
turso,concurrent,64,1,27,28232431789,0,0,7534,25346556,574138173,599492263
turso,concurrent,64,1,27,28831924383,0,0,8386,18860545,408508295,427377226
turso,concurrent,64,1,27,29259301879,0,0,6973,618497,128537746,129163216
turso,concurrent,64,1,27,29388465395,0,0,6412,448897,157340815,157796124
turso,concurrent,64,1,27,29546261799,0,0,7274,549227,1128790801,1129347302
turso,concurrent,64,1,27,30675610003,0,0,16842,23050933,713273409,736341184
turso,concurrent,64,1,27,31411951527,0,0,8146,20399830,124987465,145395441
turso,concurrent,64,1,27,31557347288,0,0,5620,481539,1203684536,1204171695
turso,concurrent,64,1,27,32761519325,0,0,7284,17980023,1061183087,1079170394
turso,concurrent,64,1,28,481,1,0,2050180,405014,966504814,968960008
turso,concurrent,64,1,28,968960980,1,0,6563,422357,821980448,822409368
turso,concurrent,64,1,28,1791370708,1,0,49112,25680827,645884428,671614367
turso,concurrent,64,1,28,2462985366,1,0,7755,13521237,507261319,520790311
turso,concurrent,64,1,28,2983776058,1,0,6743,436844,345370127,345813714
turso,concurrent,64,1,28,3329590663,0,0,7204,586968,1215173208,1215767380
turso,concurrent,64,1,28,4545358334,0,0,8416,7304655,130004914,137317985
turso,concurrent,64,1,28,4682676600,0,0,8656,946316,151824784,152779756
turso,concurrent,64,1,28,4835456597,0,0,5340,503560,1132272793,1132781693
turso,concurrent,64,1,28,5968239052,0,0,8626,14716915,313825784,328551325
turso,concurrent,64,1,28,6296790637,0,0,6362,497659,2419817256,2420321277
turso,concurrent,64,1,28,8717112114,0,0,7865,13402675,803771913,817182453
turso,concurrent,64,1,28,9534294958,0,0,6252,445641,390776641,391228534
turso,concurrent,64,1,28,9925523802,0,0,8446,43644769,36916552,80569767
turso,concurrent,64,1,28,10006093829,0,0,5580,478092,1523363046,1523846718
turso,concurrent,64,1,28,11529940828,0,0,8877,9370174,2496889652,2506268703
turso,concurrent,64,1,28,14036209811,0,0,8827,8943630,91459438,100411895
turso,concurrent,64,1,28,14136622838,0,0,7314,591236,3925777778,3926376328
turso,concurrent,64,1,28,18062999447,0,0,9217,24224428,3494099425,3518333070
turso,concurrent,64,1,28,21581332867,0,0,7124,11806943,1137287106,1149101173
turso,concurrent,64,1,28,22730434671,0,0,7875,20332623,328973792,349314290
turso,concurrent,64,1,28,23079749222,0,0,6161,445331,466391666,466843158
turso,concurrent,64,1,28,23546592601,0,0,7544,680374,82587876,83275794
turso,concurrent,64,1,28,23629869236,0,0,15620,15842549,649773828,665631997
turso,concurrent,64,1,28,24295501603,0,0,6833,488512,373584675,374080020
turso,concurrent,64,1,28,24669582054,0,0,6712,508059,203926154,204440925
turso,concurrent,64,1,28,24874023319,0,0,7133,11732522,943434354,955174009
turso,concurrent,64,1,28,25829197640,0,0,5781,508039,1064528211,1065042031
turso,concurrent,64,1,28,26894239931,0,0,8226,18425424,18269609,36703259
turso,concurrent,64,1,28,26930943430,0,0,5260,660597,298726027,299391884
turso,concurrent,64,1,28,27230335584,0,0,8266,40276933,1341510621,1381795820
turso,concurrent,64,1,28,28612131625,0,0,6412,14072188,339524233,353602833
turso,concurrent,64,1,28,28965734708,0,0,5961,483132,181246691,181735784
turso,concurrent,64,1,28,29147471976,0,0,5801,533477,446045778,446585056
turso,concurrent,64,1,28,29594057583,0,0,12073,13516148,872077705,885605926
turso,concurrent,64,1,28,30479663800,0,0,8757,870753,1062523457,1063402967
turso,concurrent,64,1,28,31543067067,0,0,7864,23189596,1181647176,1204844636
turso,concurrent,64,1,28,32747911994,0,0,14017,34512975,1061642014,1096169006
turso,concurrent,64,1,29,294105,1,0,66466140,401988,324804945,391673073
turso,concurrent,64,1,29,391967538,1,0,6302,375218,420384118,420765638
turso,concurrent,64,1,29,812733567,1,0,7604,421937,128112813,128542354
turso,concurrent,64,1,29,941276191,1,0,7004,432215,289719840,290159059
turso,concurrent,64,1,29,1231435480,1,0,44394,11353728,1094943583,1106341705
turso,concurrent,64,1,29,2337778317,1,0,7694,10524803,281893088,292425585
turso,concurrent,64,1,29,2630204193,1,0,7264,1095918,434935550,436038732
turso,concurrent,64,1,29,3066243256,0,0,6191,407159,3044938718,3045352068
turso,concurrent,64,1,29,6111595594,0,0,7454,8474554,91636223,100118231
turso,concurrent,64,1,29,6211714526,0,0,5180,421425,2318508378,2318934983
turso,concurrent,64,1,29,8530649759,0,0,8336,5222056,744001531,749231923
turso,concurrent,64,1,29,9279881922,0,0,6803,4516243,398294249,402817295
turso,concurrent,64,1,29,9682699648,0,0,11501,595364,596657644,597264509
turso,concurrent,64,1,29,10279964427,0,0,7134,6269662,1083609803,1089886599
turso,concurrent,64,1,29,11369851306,0,0,7134,15052638,901170421,916230193
turso,concurrent,64,1,29,12286081850,0,0,6993,11729196,2247417140,2259153329
turso,concurrent,64,1,29,14545235530,0,0,8185,9004915,987704855,996717955
turso,concurrent,64,1,29,15541954216,0,0,6863,585104,1026038110,1026630077
turso,concurrent,64,1,29,16568584564,0,0,6372,421395,337561670,337989437
turso,concurrent,64,1,29,16906574281,0,0,8376,32171105,4380695911,4412875392
turso,concurrent,64,1,29,21319449954,0,0,8726,13692452,68044208,81745386
turso,concurrent,64,1,29,21401195580,0,0,5450,427527,244691328,245124305
turso,concurrent,64,1,29,21646320106,0,0,6332,786624,202487108,203280064
turso,concurrent,64,1,29,21849600400,0,0,5952,473463,2618054042,2618533457
turso,concurrent,64,1,29,24468134147,0,0,9487,12032870,1807766421,1819808778
turso,concurrent,64,1,29,26287943286,0,0,7615,28730753,2182124124,2210862492
turso,concurrent,64,1,29,28498806299,0,0,15710,23022630,62587399,85625739
turso,concurrent,64,1,29,28584432289,0,0,5670,421947,120836821,121264438
turso,concurrent,64,1,29,28705696978,0,0,6071,524931,673657974,674188976
turso,concurrent,64,1,29,29379886174,0,0,6282,602877,309930753,310539912
turso,concurrent,64,1,29,29690426347,0,0,7544,35560332,985420213,1020988089
turso,concurrent,64,1,29,30711414676,0,0,6623,477280,2238831067,2239314970
turso,concurrent,64,1,29,32950729926,0,0,8967,20281757,923953579,944244303
turso,concurrent,64,1,30,1850773,1,0,78154429,336946,534875874,613367249
turso,concurrent,64,1,30,615218363,1,0,6893,530992,112888190,113426075
turso,concurrent,64,1,30,728644739,1,0,6582,443357,2777257962,2777707901
turso,concurrent,64,1,30,3506353141,0,0,55165,6768684,1424075573,1430899422
turso,concurrent,64,1,30,4937252834,0,0,7273,17411851,894280478,911699602
turso,concurrent,64,1,30,5848953057,0,0,7695,11999055,856393204,868399954
turso,concurrent,64,1,30,6717353312,0,0,7103,16840814,228041615,244889532
turso,concurrent,64,1,30,6962243155,0,0,7634,496027,705987237,706490898
turso,concurrent,64,1,30,7668734444,0,0,9067,11825047,281122374,292956488
turso,concurrent,64,1,30,7961691863,0,0,6301,479185,2373218270,2373703756
turso,concurrent,64,1,30,10335395951,0,0,8807,5009865,715616751,720635423
turso,concurrent,64,1,30,11056031765,0,0,8526,11777828,504197816,515984170
turso,concurrent,64,1,30,11572016236,0,0,6532,665697,1490520633,1491192862
turso,concurrent,64,1,30,13063209458,0,0,7995,20293970,93824111,114126076
turso,concurrent,64,1,30,13177336036,0,0,13716,588240,2472169709,2472771665
turso,concurrent,64,1,30,15650108062,0,0,7203,4520361,397243425,401770989
turso,concurrent,64,1,30,16051879422,0,0,7023,499473,1537209127,1537715623
turso,concurrent,64,1,30,17589595786,0,0,8206,17456866,130226151,147691223
turso,concurrent,64,1,30,17737287400,0,0,7003,558634,494890151,495455788
turso,concurrent,64,1,30,18232743439,0,0,6322,538206,476290859,476835387
turso,concurrent,64,1,30,18709579146,0,0,5360,488472,446670026,447163858
turso,concurrent,64,1,30,19156743375,0,0,9007,15597667,251584117,267190791
turso,concurrent,64,1,30,19423934487,0,0,6753,474946,722181139,722662838
turso,concurrent,64,1,30,20146597566,0,0,7664,12623204,644261164,656892032
turso,concurrent,64,1,30,20803490099,0,0,6262,446312,1571587919,1572040493
turso,concurrent,64,1,30,22375530973,0,0,7233,14013427,530153413,544174073
turso,concurrent,64,1,30,22919705446,0,0,7254,17548639,626363947,643919840
turso,concurrent,64,1,30,23563625667,0,0,10520,521915,762744784,763277219
turso,concurrent,64,1,30,24326903247,0,0,7504,18753643,3522830077,3541591224
turso,concurrent,64,1,30,27868494912,0,0,8286,36010762,61598142,97617190
turso,concurrent,64,1,30,27966112363,0,0,5550,483473,519577592,520066615
turso,concurrent,64,1,30,28486179289,0,0,6613,21540883,801504765,823052261
turso,concurrent,64,1,30,29309231890,0,0,5470,548706,2278463814,2279017990
turso,concurrent,64,1,30,31588259979,0,0,8175,17623040,146473475,164104690
turso,concurrent,64,1,30,31752365050,0,0,6291,519200,811082180,811607671
turso,concurrent,64,1,30,32563972941,0,0,6462,29376391,1306986936,1336369789
turso,concurrent,64,1,31,260371,1,0,25503291,444659,162509750,188457700
turso,concurrent,64,1,31,188718854,1,0,9097,349289,2116005972,2116364358
turso,concurrent,64,1,31,2305083472,1,0,82386,6152481,572411906,578646773
turso,concurrent,64,1,31,2883730535,1,0,6392,502268,783630993,784139653
turso,concurrent,64,1,31,3667870448,0,0,6502,497559,1243275646,1243779707
turso,concurrent,64,1,31,4911650866,0,0,7414,23233739,1898492315,1921733468
turso,concurrent,64,1,31,6833384624,0,0,7424,15934132,329067689,345009245
turso,concurrent,64,1,31,7178394150,0,0,6752,558505,1084157216,1084722473
turso,concurrent,64,1,31,8263116933,0,0,7074,3341506,529649170,532997750
turso,concurrent,64,1,31,8796115565,0,0,7865,20270145,126577125,146855135
turso,concurrent,64,1,31,8942971101,0,0,7364,514381,2801197613,2801719358
turso,concurrent,64,1,31,11744691030,0,0,8055,9288971,382476706,391773732
turso,concurrent,64,1,31,12136465173,0,0,8125,5941894,307346265,313296284
turso,concurrent,64,1,31,12449761838,0,0,5831,496827,1911303684,1911806342
turso,concurrent,64,1,31,14361568631,0,0,6833,11549467,177831536,189387836
turso,concurrent,64,1,31,14550956858,0,0,6412,494814,504449051,504950277
turso,concurrent,64,1,31,15055907495,0,0,19938,552984,913627030,914199952
turso,concurrent,64,1,31,15970108579,0,0,6682,515032,122953717,123475431
turso,concurrent,64,1,31,16093584270,0,0,5230,505194,2086548979,2087059403
turso,concurrent,64,1,31,18180644063,0,0,8416,14658805,366409774,381076995
turso,concurrent,64,1,31,18561721289,0,0,4879,438718,1379744148,1380187745
turso,concurrent,64,1,31,19941909395,0,0,12724,17023898,145111675,162148297
turso,concurrent,64,1,31,20104058093,0,0,7003,525211,297213021,297745235
turso,concurrent,64,1,31,20401803538,0,0,8906,12191800,936765948,948966654
turso,concurrent,64,1,31,21350770825,0,0,15148,25729469,1895421279,1921165896
turso,concurrent,64,1,31,23271937052,0,0,7223,8926968,4718545243,4727479434
turso,concurrent,64,1,31,27999416897,0,0,7835,13364713,17052763,30425311
turso,concurrent,64,1,31,28029842469,0,0,5801,528327,875078809,875612937
turso,concurrent,64,1,31,28905455676,0,0,7003,17530726,580271297,597809026
turso,concurrent,64,1,31,29503265013,0,0,8045,752260,429532683,430292988
turso,concurrent,64,1,31,29933558282,0,0,6342,30154760,163978652,194139754
turso,concurrent,64,1,31,30127698296,0,0,6182,521785,312138289,312666256
turso,concurrent,64,1,31,30440364952,0,0,6813,584684,2915575845,2916167342
turso,concurrent,64,1,32,59743,1,0,94330176,483893,1035330778,1130144847
turso,concurrent,64,1,32,1130204931,1,0,53010,13633249,51051448,64737707
turso,concurrent,64,1,32,1194943009,1,0,5841,467422,205810780,206284043
turso,concurrent,64,1,32,1401227403,1,0,6643,473273,124111822,124591738
turso,concurrent,64,1,32,1525819502,1,0,5460,465719,869235161,869706340
turso,concurrent,64,1,32,2395526563,1,0,7194,35326971,1437377177,1472711342
turso,concurrent,64,1,32,3868238165,0,0,5520,494012,441911586,442411118
turso,concurrent,64,1,32,4310649555,0,0,8406,18078038,1439814757,1457901201
turso,concurrent,64,1,32,5768550997,0,0,6252,28312193,1984667661,2012986106
turso,concurrent,64,1,32,7781538185,0,0,8246,14793378,955961096,970762720
turso,concurrent,64,1,32,8752301296,0,0,8285,17247822,94465492,111721599
turso,concurrent,64,1,32,8864023285,0,0,7224,496186,376825171,377328581
turso,concurrent,64,1,32,9241352166,0,0,6693,520763,873714774,874242230
turso,concurrent,64,1,32,10115595007,0,0,8597,10611887,30130545,40751029
turso,concurrent,64,1,32,10156346376,0,0,6452,520493,2344908803,2345435748
turso,concurrent,64,1,32,12501782505,0,0,9478,34547230,538246465,572803173
turso,concurrent,64,1,32,13074586059,0,0,7394,490907,1310741180,1311239481
turso,concurrent,64,1,32,14385826602,0,0,8986,11873419,312080480,323962885
turso,concurrent,64,1,32,14709789718,0,0,10510,625641,195562268,196198419
turso,concurrent,64,1,32,14905988388,0,0,4869,520673,59774791,60300333
turso,concurrent,64,1,32,14966288971,0,0,5621,543315,214445446,214994382
turso,concurrent,64,1,32,15181283714,0,0,6622,527486,568253016,568787124
turso,concurrent,64,1,32,15750071189,0,0,5340,521624,357725865,358252829
turso,concurrent,64,1,32,16108324309,0,0,6582,546602,106586146,107139330
turso,concurrent,64,1,32,16215463880,0,0,6332,492479,35987258,36486069
turso,concurrent,64,1,32,16251950250,0,0,6271,563023,388641711,389211005
turso,concurrent,64,1,32,16641161636,0,0,7244,547182,244720985,245275411
turso,concurrent,64,1,32,16886437437,0,0,7825,8971733,2120122721,2129102279
turso,concurrent,64,1,32,19015540006,0,0,6883,33025318,530936139,563968340
turso,concurrent,64,1,32,19579508587,0,0,5721,550569,162695510,163251800
turso,concurrent,64,1,32,19742760768,0,0,6732,524009,449857482,450388223
turso,concurrent,64,1,32,20193149282,0,0,7755,22555027,407225314,429788096
turso,concurrent,64,1,32,20622937668,0,0,6051,584684,325415146,326005881
turso,concurrent,64,1,32,20948953016,0,0,5481,523808,480015679,480544968
turso,concurrent,64,1,32,21429498305,0,0,8997,15299074,638397217,653705288
turso,concurrent,64,1,32,22083204133,0,0,6693,482370,967567210,968056273
turso,concurrent,64,1,32,23051260696,0,0,8767,23509238,702363158,725881163
turso,concurrent,64,1,32,23777142160,0,0,8265,31549563,584431679,615989507
turso,concurrent,64,1,32,24393131918,0,0,4909,472522,257257023,257734454
turso,concurrent,64,1,32,24650866613,0,0,5681,534648,2194189386,2194729715
turso,concurrent,64,1,32,26845596638,0,0,7444,42811978,704002131,746821553
turso,concurrent,64,1,32,27592418512,0,0,7574,23223669,279902121,303133364
turso,concurrent,64,1,32,27895552156,0,0,5381,490525,390114251,390610157
turso,concurrent,64,1,32,28286162584,0,0,5290,459196,2173551666,2174016152
turso,concurrent,64,1,32,30460179147,0,0,8707,17275804,318802065,336086576
turso,concurrent,64,1,32,30796266003,0,0,6012,479946,2825199701,2825685659
turso,concurrent,64,1,33,528568,1,0,2975506,401217,675418536,678795259
turso,concurrent,64,1,33,679324248,1,0,6021,374377,643756972,644137370
turso,concurrent,64,1,33,1323461889,1,0,48631,9987569,761547796,771583996
turso,concurrent,64,1,33,2095046246,1,0,7163,492319,999739528,1000239010
turso,concurrent,64,1,33,3095285496,0,0,7054,6116423,129577297,135700774
turso,concurrent,64,1,33,3230986761,0,0,6532,490095,79139488,79636115
turso,concurrent,64,1,33,3310623176,0,0,5441,483732,138606017,139095190
turso,concurrent,64,1,33,3449718617,0,0,5430,506376,292342198,292854004
turso,concurrent,64,1,33,3742572942,0,0,7744,475888,79916043,80399675
turso,concurrent,64,1,33,3822973419,0,0,5300,413941,206511714,206930955
turso,concurrent,64,1,33,4029904624,0,0,7484,610633,1487428216,1488046333
turso,concurrent,64,1,33,5517951228,0,0,7204,21051439,1616753178,1637811821
turso,concurrent,64,1,33,7155763380,0,0,6402,8924332,39043205,47973939
turso,concurrent,64,1,33,7203737650,0,0,6903,476640,1648669131,1649152674
turso,concurrent,64,1,33,8852890595,0,0,7654,8973686,427733007,436714347
turso,concurrent,64,1,33,9289605163,0,0,4598,430473,175363448,175798519
turso,concurrent,64,1,33,9465404103,0,0,7815,491046,727338413,727837274
turso,concurrent,64,1,33,10193242800,0,0,10610,7921480,281619893,289551983
turso,concurrent,64,1,33,10482795023,0,0,4508,457554,784844412,785306474
turso,concurrent,64,1,33,11268102239,0,0,8646,9289141,26771966,36069753
turso,concurrent,64,1,33,11304172383,0,0,7083,499222,342254657,342760962
turso,concurrent,64,1,33,11646933615,0,0,5470,439580,1589723005,1590168055
turso,concurrent,64,1,33,13237102041,0,0,9197,16336992,476373255,492719444
turso,concurrent,64,1,33,13729821876,0,0,7704,17551054,1912752858,1930311616
turso,concurrent,64,1,33,15660133933,0,0,6713,453926,1197444310,1197904949
turso,concurrent,64,1,33,16858039453,0,0,8747,15508478,3010951014,3026468239
turso,concurrent,64,1,33,19884508423,0,0,7164,3639468,1091913224,1095559856
turso,concurrent,64,1,33,20980068680,0,0,8586,32993919,2628137902,2661140407
turso,concurrent,64,1,33,23641209328,0,0,7494,11935455,3631223435,3643166384
turso,concurrent,64,1,33,27284375973,0,0,8756,9761203,378962674,388732633
turso,concurrent,64,1,33,27673108987,0,0,6222,510803,1042385041,1042902066
turso,concurrent,64,1,33,28716011444,0,0,7464,17576662,588348892,605933018
turso,concurrent,64,1,33,29321944713,0,0,5640,600404,636770968,637377012
turso,concurrent,64,1,33,29959332916,0,0,8466,17452748,2757621182,2775082396
turso,concurrent,64,1,33,32734415653,0,0,7514,20634593,754025509,774667616
turso,concurrent,64,1,34,278335,1,0,3599434,482471,1133411000,1137492905
turso,concurrent,64,1,34,1137771641,1,0,50295,13576313,256353517,269980125
turso,concurrent,64,1,34,1407752017,1,0,5470,476940,1740013874,1740496284
turso,concurrent,64,1,34,3148248692,0,0,11482,17527489,211355955,228894926
turso,concurrent,64,1,34,3377144049,0,0,6903,504342,614931611,615442856
turso,concurrent,64,1,34,3992587556,0,0,7575,587278,410454999,411049852
turso,concurrent,64,1,34,4403637808,0,0,8486,6175896,3316412642,3322597024
turso,concurrent,64,1,34,7726235203,0,0,7875,9047305,871550630,880605810
turso,concurrent,64,1,34,8606841384,0,0,6322,456822,378737559,379200703
turso,concurrent,64,1,34,8986043209,0,0,7214,9111346,1702318372,1711436932
turso,concurrent,64,1,34,10697480502,0,0,9498,9018340,31280474,40308312
turso,concurrent,64,1,34,10737789025,0,0,5350,432196,157560539,157998085
turso,concurrent,64,1,34,10895787391,0,0,6322,12373221,1162160960,1174540503
turso,concurrent,64,1,34,12070328214,0,0,7865,14596828,566787601,581392294
turso,concurrent,64,1,34,12651720809,0,0,6041,534950,71122747,71663738
turso,concurrent,64,1,34,12723384848,0,0,6663,509221,501815120,502331004
turso,concurrent,64,1,34,13225716102,0,0,5651,452985,1171015100,1171473736
turso,concurrent,64,1,34,14397190960,0,0,8416,8470276,94276625,102755317
turso,concurrent,64,1,34,14499946538,0,0,5570,540019,91831381,92376970
turso,concurrent,64,1,34,14592323898,0,0,7193,470598,52273475,52751266
turso,concurrent,64,1,34,14645075485,0,0,5611,439770,22186862,22632243
turso,concurrent,64,1,34,14667708139,0,0,7053,533397,33383734,33924184
turso,concurrent,64,1,34,14701632603,0,0,6081,566269,787039595,787611945
turso,concurrent,64,1,34,15489244940,0,0,6532,536262,408771091,409313885
turso,concurrent,64,1,34,15898559216,0,0,6672,506166,217731077,218243915
turso,concurrent,64,1,34,16116803431,0,0,5901,541573,358380069,358927543
turso,concurrent,64,1,34,16475731235,0,0,5039,471871,593010800,593487710
turso,concurrent,64,1,34,17069219356,0,0,8336,11727653,156197527,167933516
turso,concurrent,64,1,34,17237153112,0,0,5381,603859,4309016452,4309625692
turso,concurrent,64,1,34,21546779165,0,0,9258,21051109,1892668865,1913729232
turso,concurrent,64,1,34,23460508837,0,0,7724,23133309,309779557,332920590
turso,concurrent,64,1,34,23793429819,0,0,8947,11835396,808132574,819976917
turso,concurrent,64,1,34,24613407126,0,0,6241,541272,210890918,211438431
turso,concurrent,64,1,34,24824856067,0,0,8376,16058297,389366859,405433532
turso,concurrent,64,1,34,25230289970,0,0,6933,475187,325174652,325656772
turso,concurrent,64,1,34,25555946973,0,0,5991,491648,184975448,185473087
turso,concurrent,64,1,34,25741420431,0,0,5791,501677,476428448,476935916
turso,concurrent,64,1,34,26218356658,0,0,8706,22139283,611945295,634093284
turso,concurrent,64,1,34,26852450333,0,0,7364,494042,2266178058,2266679464
turso,concurrent,64,1,34,29119130127,0,0,8236,11913424,325343771,337265431
turso,concurrent,64,1,34,29456395978,0,0,7314,536282,2275658260,2276201856
turso,concurrent,64,1,34,31732598204,0,0,8556,26006241,1081218330,1107233127
turso,concurrent,64,1,34,32839831591,0,0,6552,74648923,983389250,1058044725
turso,concurrent,64,1,35,936728,1,0,19224422,380809,1571922710,1591527941
turso,concurrent,64,1,35,1592465100,1,0,51808,3565379,17786497,21403684
turso,concurrent,64,1,35,1613869075,1,0,5029,643305,449168482,449816816
turso,concurrent,64,1,35,2063686261,1,0,8396,474325,175333872,175816593
turso,concurrent,64,1,35,2239503275,1,0,8316,13166468,1309155018,1322329802
turso,concurrent,64,1,35,3561833658,0,0,6412,522947,2959261151,2959790510
turso,concurrent,64,1,35,6521624509,0,0,8706,6096466,735065977,741171149
turso,concurrent,64,1,35,7262795959,0,0,6943,533787,96889417,97430147
turso,concurrent,64,1,35,7360226346,0,0,5691,527085,396959319,397492095
turso,concurrent,64,1,35,7757719362,0,0,8075,15386769,344000331,359395175
turso,concurrent,64,1,35,8117114788,0,0,6062,517106,136971602,137494770
turso,concurrent,64,1,35,8254609818,0,0,5681,466691,583577447,584049819
turso,concurrent,64,1,35,8838660048,0,0,7795,14800813,752377789,767186397
turso,concurrent,64,1,35,9605846856,0,0,7594,514100,218283841,218805535
turso,concurrent,64,1,35,9824652942,0,0,9638,17521437,690300624,707831699
turso,concurrent,64,1,35,10532484881,0,0,7114,643674,963966484,964617272
turso,concurrent,64,1,35,11497102603,0,0,9017,19282140,94694985,113986142
turso,concurrent,64,1,35,11611089778,0,0,6342,431194,322653995,323091531
turso,concurrent,64,1,35,11934181930,0,0,14988,492510,670328460,670835958
turso,concurrent,64,1,35,12605018259,0,0,8536,12348956,500026784,512384276
turso,concurrent,64,1,35,13117402766,0,0,5620,431905,2477934359,2478371884
turso,concurrent,64,1,35,15595775141,0,0,15990,9536828,421176684,430729502
turso,concurrent,64,1,35,16026505044,0,0,7143,510363,253215416,253732922
turso,concurrent,64,1,35,16280238217,0,0,5691,519189,1057051290,1057576170
turso,concurrent,64,1,35,17337814718,0,0,7183,14579706,299460092,314046981
turso,concurrent,64,1,35,17651862089,0,0,6743,456382,730317685,730780810
turso,concurrent,64,1,35,18382643210,0,0,8366,673270,61016715,61698351
turso,concurrent,64,1,35,18444341842,0,0,7554,999527,37055553,38062634
turso,concurrent,64,1,35,18482404857,0,0,6312,593580,482786308,483386200
turso,concurrent,64,1,35,18965791427,0,0,8817,21269512,361184883,382463212
turso,concurrent,64,1,35,19348254929,0,0,7224,509952,576172673,576689849
turso,concurrent,64,1,35,19924945028,0,0,6763,688309,233582012,234277084
turso,concurrent,64,1,35,20159222442,0,0,8717,10553507,839974759,850536983
turso,concurrent,64,1,35,21009770415,0,0,7645,538326,1878291020,1878836991
turso,concurrent,64,1,35,22888607787,0,0,8185,25992024,818860309,844860518
turso,concurrent,64,1,35,23733468716,0,0,14297,18199097,1133540425,1151753819
turso,concurrent,64,1,35,24885222846,0,0,9638,15127500,985207391,1000344529
turso,concurrent,64,1,35,25885567756,0,0,7584,810460,489176747,489994791
turso,concurrent,64,1,35,26375562858,0,0,7404,23187611,676271947,699466962
turso,concurrent,64,1,35,27075030141,0,0,7825,518288,387155977,387682090
turso,concurrent,64,1,35,27462712472,0,0,6572,14649207,17578065,32233844
turso,concurrent,64,1,35,27494946566,0,0,5250,460539,1562901926,1563367715
turso,concurrent,64,1,35,29058314582,0,0,6943,20170327,46315289,66492559
turso,concurrent,64,1,35,29124807432,0,0,4909,483933,4703655573,4704144415
turso,concurrent,64,1,36,517386,1,0,9609987,413791,819187827,829211605
turso,concurrent,64,1,36,829729342,1,0,7044,443637,84192604,84643285
turso,concurrent,64,1,36,914372878,1,0,5570,533968,1589500725,1590040263
turso,concurrent,64,1,36,2504413522,1,0,63239,20319448,373064694,393447381
turso,concurrent,64,1,36,2897861263,1,0,5941,459357,1191956322,1192421620
turso,concurrent,64,1,36,4090283605,0,0,6933,460489,208569968,209037390
turso,concurrent,64,1,36,4299321365,0,0,9187,11785643,391977156,403771986
turso,concurrent,64,1,36,4703093642,0,0,7353,460590,473901770,474369713
turso,concurrent,64,1,36,5177463856,0,0,6342,563304,898813963,899383609
turso,concurrent,64,1,36,6076848547,0,0,8116,6154805,1375445827,1381608748
turso,concurrent,64,1,36,7458457705,0,0,8737,14730029,860374558,875113324
turso,concurrent,64,1,36,8333571480,0,0,8166,14299947,612120146,626428259
turso,concurrent,64,1,36,8960000109,0,0,6904,11760936,933904548,945672388
turso,concurrent,64,1,36,9905672858,0,0,7614,6130049,583868137,590005800
turso,concurrent,64,1,36,10495678918,0,0,5661,478723,2060789043,2061273427
turso,concurrent,64,1,36,12556952736,0,0,7805,16198971,466183154,482389930
turso,concurrent,64,1,36,13039342946,0,0,6903,493992,640872289,641373184
turso,concurrent,64,1,36,13680716951,0,0,8306,11874460,323341633,335224399
turso,concurrent,64,1,36,14015941660,0,0,6563,444468,1048766305,1049217336
turso,concurrent,64,1,36,15065159406,0,0,6533,631642,273917245,274555420
turso,concurrent,64,1,36,15339715076,0,0,5130,465889,2921448529,2921919548
turso,concurrent,64,1,36,18261635005,0,0,7113,9010305,475591429,484608847
turso,concurrent,64,1,36,18746244133,0,0,6362,565206,172046919,172618487
turso,concurrent,64,1,36,18918863001,0,0,7113,549698,474699205,475256016
turso,concurrent,64,1,36,19394119307,0,0,6202,5520198,1143923261,1149449661
turso,concurrent,64,1,36,20543569479,0,0,9638,14858352,368513754,383381744
turso,concurrent,64,1,36,20926951624,0,0,6993,512878,522318516,522838387
turso,concurrent,64,1,36,21449790351,0,0,7224,17365012,234448137,251820373
turso,concurrent,64,1,36,21701611095,0,0,6542,486157,618144826,618637525
turso,concurrent,64,1,36,22320248910,0,0,5701,534278,744802623,745342602
turso,concurrent,64,1,36,23065595911,0,0,9417,23438856,995139476,1018587749
turso,concurrent,64,1,36,24084183960,0,0,8376,20317184,961129029,981454589
turso,concurrent,64,1,36,25065638979,0,0,9447,18168289,267924976,286102712
turso,concurrent,64,1,36,25351752052,0,0,6963,525943,222652515,223185421
turso,concurrent,64,1,36,25574937894,0,0,7133,680284,4352141822,4352829239
turso,concurrent,64,1,36,29927767513,0,0,8376,11827302,2214335917,2226171595
turso,concurrent,64,1,36,32153939478,0,0,8086,17652174,194237428,211897688
turso,concurrent,64,1,36,32365837447,0,0,5370,568653,1492200784,1492774807
turso,concurrent,64,1,37,709299,1,0,3938613,779772,737038820,741757205
turso,concurrent,64,1,37,742466825,1,0,6713,436313,462618345,463061371
turso,concurrent,64,1,37,1205528657,1,0,58330,15939682,87777470,103775482
turso,concurrent,64,1,37,1309304420,1,0,6382,706994,906811337,907524713
turso,concurrent,64,1,37,2216829463,1,0,8175,6133075,265067934,271209184
turso,concurrent,64,1,37,2488039559,1,0,6742,573022,3595175172,3595754936
turso,concurrent,64,1,37,6083794867,0,0,7534,10189240,136786703,146983477
turso,concurrent,64,1,37,6230778805,0,0,7574,476970,142575639,143060183
turso,concurrent,64,1,37,6373839218,0,0,5361,507027,1152915191,1153427579
turso,concurrent,64,1,37,7527267818,0,0,8056,13708501,80964632,94681189
turso,concurrent,64,1,37,7621949388,0,0,8867,16354826,382150180,398513873
turso,concurrent,64,1,37,8020463671,0,0,7514,486748,1117793577,1118287839
turso,concurrent,64,1,37,9138751892,0,0,7614,10676429,49034221,59718264
turso,concurrent,64,1,37,9198470587,0,0,7424,508270,118758970,119274664
turso,concurrent,64,1,37,9317745491,0,0,5921,538166,134420848,134964935
turso,concurrent,64,1,37,9452710807,0,0,6292,538957,949176080,949721329
turso,concurrent,64,1,37,10402432517,0,0,8616,11366823,680729479,692104918
turso,concurrent,64,1,37,11094538627,0,0,8747,17415448,881986114,899410309
turso,concurrent,64,1,37,11993949297,0,0,7825,574063,1011417867,1011999755
turso,concurrent,64,1,37,13005949413,0,0,8576,11334682,1407179436,1418522694
turso,concurrent,64,1,37,14424472658,0,0,16100,17599205,700545007,718160312
turso,concurrent,64,1,37,15142633340,0,0,6863,487881,1555024680,1555519424
turso,concurrent,64,1,37,16698153054,0,0,7675,6300420,481790689,488098784
turso,concurrent,64,1,37,17186252109,0,0,7975,23334218,839226836,862569029
turso,concurrent,64,1,37,18048821539,0,0,7774,509833,852446004,852963611
turso,concurrent,64,1,37,18901785541,0,0,6763,536552,728797057,729340372
turso,concurrent,64,1,37,19631126183,0,0,7033,32294799,1037213711,1069515543
turso,concurrent,64,1,37,20700641987,0,0,7694,19610791,2260279996,2279898481
turso,concurrent,64,1,37,22980540819,0,0,11181,38940722,1496258883,1535210786
turso,concurrent,64,1,37,24515751915,0,0,8166,20122556,484194225,504324947
turso,concurrent,64,1,37,25020077162,0,0,8667,39765929,653565353,693339949
turso,concurrent,64,1,37,25713417512,0,0,5751,463855,202732431,203202037
turso,concurrent,64,1,37,25916620240,0,0,13265,478904,754212221,754704390
turso,concurrent,64,1,37,26671335481,0,0,8285,22024667,610697029,632729981
turso,concurrent,64,1,37,27304066454,0,0,11061,15400936,60939238,76351235
turso,concurrent,64,1,37,27380417910,0,0,5891,766847,924790699,925563437
turso,concurrent,64,1,37,28305982068,0,0,15019,468544,49231744,49715307
turso,concurrent,64,1,37,28355697835,0,0,11662,478774,222967600,223458036
turso,concurrent,64,1,37,28579156201,0,0,7785,12515249,1803542701,1816065735
turso,concurrent,64,1,37,30395222336,0,0,7474,34578028,766970109,801555611
turso,concurrent,64,1,37,31196778328,0,0,8526,126934599,43171387,170114512
turso,concurrent,64,1,37,31366893080,0,0,5430,476900,1796874596,1797356926
turso,concurrent,64,1,38,2184,1,0,58785375,393372,3800568314,3859747061
turso,concurrent,64,1,38,3859749615,0,0,50556,18303484,1093171107,1111525147
turso,concurrent,64,1,38,4971275003,0,0,6923,11914746,1324956179,1336877848
turso,concurrent,64,1,38,6308153181,0,0,7013,14779763,2490174278,2504961054
turso,concurrent,64,1,38,8813114517,0,0,8245,8500132,104335329,112843706
turso,concurrent,64,1,38,8925958784,0,0,6552,465289,483969240,484441081
turso,concurrent,64,1,38,9410400256,0,0,7804,467042,202378432,202853278
turso,concurrent,64,1,38,9613253865,0,0,7564,550068,352044313,352601945
turso,concurrent,64,1,38,9965856200,0,0,9338,23126656,981293354,1004429348
turso,concurrent,64,1,38,10970286510,0,0,8396,14242009,782449252,796699657
turso,concurrent,64,1,38,11766986538,0,0,6722,494804,394133936,394635462
turso,concurrent,64,1,38,12161622241,0,0,6753,14614862,1734087970,1748709585
turso,concurrent,64,1,38,13910332207,0,0,7404,9194382,3350545019,3359746805
turso,concurrent,64,1,38,17270079503,0,0,6593,11085732,556773972,567866297
turso,concurrent,64,1,38,17837946150,0,0,6492,569445,428811082,429387019
turso,concurrent,64,1,38,18267333560,0,0,7424,564746,1214361526,1214933696
turso,concurrent,64,1,38,19482267617,0,0,8686,24156029,2556980741,2581145456
turso,concurrent,64,1,38,22063414205,0,0,8275,34420992,923812723,958241990
turso,concurrent,64,1,38,23021656605,0,0,9799,33107884,801833545,834951228
turso,concurrent,64,1,38,23856608093,0,0,7795,19796351,4992120634,5011924780
turso,concurrent,64,1,38,28868533233,0,0,8637,23329058,587236503,610574198
turso,concurrent,64,1,38,29479107832,0,0,7033,580426,926857309,927444768
turso,concurrent,64,1,38,30406553040,0,0,6954,9075207,201353628,210435789
turso,concurrent,64,1,38,30616989240,0,0,6111,432336,3220036625,3220475072
turso,concurrent,64,1,39,1052,1,0,5342704,549667,1445940909,1451833280
turso,concurrent,64,1,39,1451834733,1,0,51738,7465960,808326659,815844357
turso,concurrent,64,1,39,2267679491,1,0,7574,5664541,259481091,265153206
turso,concurrent,64,1,39,2532832967,1,0,6743,462994,379094744,379564481
turso,concurrent,64,1,39,2912397678,1,0,4889,489504,47055186,47549579
turso,concurrent,64,1,39,2959947858,1,0,5991,493211,2949181849,2949681051
turso,concurrent,64,1,39,5909629229,0,0,8215,9166259,588667273,597841747
turso,concurrent,64,1,39,6507471228,0,0,7544,14606727,249806492,264420763
turso,concurrent,64,1,39,6771892351,0,0,7183,479986,339316010,339803179
turso,concurrent,64,1,39,7111696283,0,0,5430,447705,769731481,770184616
turso,concurrent,64,1,39,7881881279,0,0,9048,27086288,2127602348,2154697684
turso,concurrent,64,1,39,10036579424,0,0,7324,18104077,2205489872,2223601273
turso,concurrent,64,1,39,12260181128,0,0,10039,16876981,891738401,908625421
turso,concurrent,64,1,39,13168806909,0,0,5591,434009,146202724,146642324
turso,concurrent,64,1,39,13315449633,0,0,6813,7684854,2090949313,2098640980
turso,concurrent,64,1,39,15414090974,0,0,6122,513509,154554646,155074277
turso,concurrent,64,1,39,15569165561,0,0,6292,519541,440125224,440651057
turso,concurrent,64,1,39,16009817530,0,0,7153,512388,139014688,139534229
turso,concurrent,64,1,39,16149352019,0,0,4879,494373,951643868,952143120
turso,concurrent,64,1,39,17101495440,0,0,8065,23376017,379910423,403294505
turso,concurrent,64,1,39,17504790186,0,0,5600,586237,534924546,535516383
turso,concurrent,64,1,39,18040306909,0,0,7064,697245,653206136,653910445
turso,concurrent,64,1,39,18694217655,0,0,6692,529720,582141057,582677469
turso,concurrent,64,1,39,19276895524,0,0,8475,32576631,213916789,246501895
turso,concurrent,64,1,39,19523397730,0,0,6782,508500,799007582,799522864
turso,concurrent,64,1,39,20322920925,0,0,6883,30969407,1124048752,1155025042
turso,concurrent,64,1,39,21477946329,0,0,7724,11843302,170643040,182494066
turso,concurrent,64,1,39,21660440635,0,0,4889,453015,637925006,638382910
turso,concurrent,64,1,39,22298823786,0,0,6051,484454,1019288993,1019779498
turso,concurrent,64,1,39,23318603664,0,0,9188,20337813,163750982,184097983
turso,concurrent,64,1,39,23502701967,0,0,5671,603579,207451708,208060958
turso,concurrent,64,1,39,23710763195,0,0,7554,20273953,170140661,190422168
turso,concurrent,64,1,39,23901185693,0,0,6442,590885,1140327184,1140924511
turso,concurrent,64,1,39,25042120784,0,0,8446,22806362,5074307553,5097122361
turso,concurrent,64,1,39,30139243375,0,0,9909,31674678,794392012,826076599
turso,concurrent,64,1,39,30965320294,0,0,7444,38844120,2607976573,2646828137
turso,concurrent,64,1,40,1477358,1,0,42476154,402991,1133636547,1176515692
turso,concurrent,64,1,40,1177993531,1,0,49704,14087867,347151929,361289500
turso,concurrent,64,1,40,1539283392,1,0,7634,511646,180759131,181278411
turso,concurrent,64,1,40,1720562033,1,0,5280,722153,990661315,991388748
turso,concurrent,64,1,40,2711951021,1,0,6472,10346557,861319461,871672490
turso,concurrent,64,1,40,3583623992,0,0,5330,493512,204749868,205248710
turso,concurrent,64,1,40,3788873123,0,0,6973,475457,91055015,91537445
turso,concurrent,64,1,40,3880411189,0,0,7224,472151,1850394592,1850873967
turso,concurrent,64,1,40,5731285487,0,0,9538,31556375,1266097877,1297663790
turso,concurrent,64,1,40,7028950169,0,0,8225,9068074,244724702,253801001
turso,concurrent,64,1,40,7282751450,0,0,6713,500765,877329427,877836905
turso,concurrent,64,1,40,8160588745,0,0,8436,50708811,2365722414,2416439661
turso,concurrent,64,1,40,10577028807,0,0,8266,12661515,87898508,100568289
turso,concurrent,64,1,40,10677597327,0,0,4909,469326,1173388790,1173863025
turso,concurrent,64,1,40,11851460592,0,0,9909,3374920,1486584344,1489969173
turso,concurrent,64,1,40,13341430016,0,0,7864,6213256,505274759,511495879
turso,concurrent,64,1,40,13852926136,0,0,5230,442204,166115485,166562919
turso,concurrent,64,1,40,14019489756,0,0,5561,462102,215427971,215895634
turso,concurrent,64,1,40,14235385650,0,0,5430,457344,562506811,562969585
turso,concurrent,64,1,40,14798355496,0,0,5330,461551,803179846,803646727
turso,concurrent,64,1,40,15602002513,0,0,6042,559346,69593722,70159110
turso,concurrent,64,1,40,15672162003,0,0,4990,458144,865523185,865986319
turso,concurrent,64,1,40,16538148583,0,0,5420,472311,1413240635,1413718366
turso,concurrent,64,1,40,17951867320,0,0,7454,9696851,336839958,346544263
turso,concurrent,64,1,40,18298411873,0,0,5320,533146,687541005,688079471
turso,concurrent,64,1,40,18986491905,0,0,17854,26084959,1253872394,1279975207
turso,concurrent,64,1,40,20266467373,0,0,8967,22070342,90514425,112593734
turso,concurrent,64,1,40,20379061408,0,0,6803,943931,1750754305,1751705039
turso,concurrent,64,1,40,22130767067,0,0,8937,21353069,440822801,462184807
turso,concurrent,64,1,40,22592952255,0,0,7384,15322237,348985139,364314760
turso,concurrent,64,1,40,22957267295,0,0,5982,528647,733154360,733688989
turso,concurrent,64,1,40,23690956715,0,0,10289,16306856,1473872343,1490189488
turso,concurrent,64,1,40,25181146644,0,0,8676,11909967,905977213,917895856
turso,concurrent,64,1,40,26099053531,0,0,8856,11075493,220185459,231269808
turso,concurrent,64,1,40,26330323640,0,0,7744,532155,117107743,117647642
turso,concurrent,64,1,40,26447971533,0,0,5180,498911,2172164469,2172668560
turso,concurrent,64,1,40,28620640333,0,0,6693,14404154,434597222,449008069
turso,concurrent,64,1,40,29069648662,0,0,6062,477190,688689052,689172304
turso,concurrent,64,1,40,29758821256,0,0,7254,23310704,1034639563,1057957521
turso,concurrent,64,1,40,30816779207,0,0,7805,492770,31034951,31535526
turso,concurrent,64,1,40,30848314964,0,0,7103,16724203,2751627712,2768359018
turso,concurrent,64,1,41,8406,1,0,29779302,441222,41044753,71265277
turso,concurrent,64,1,41,71274364,1,0,7014,358256,506339138,506704408
turso,concurrent,64,1,41,577979222,1,0,7044,389164,496782793,497179001
turso,concurrent,64,1,41,1075158473,1,0,76695,17529804,333571749,351178248
turso,concurrent,64,1,41,1426337042,1,0,7955,545810,155386867,155940632
turso,concurrent,64,1,41,1582278375,1,0,7434,443347,870222253,870673034
turso,concurrent,64,1,41,2452951810,1,0,6933,4906540,290450037,295363510
turso,concurrent,64,1,41,2748315741,1,0,7414,443036,89749241,90199691
turso,concurrent,64,1,41,2838515803,1,0,6562,442706,442886406,443335674
turso,concurrent,64,1,41,3281852488,0,0,6232,438648,106177475,106622355
turso,concurrent,64,1,41,3388475094,0,0,6572,734947,517732030,518473549
turso,concurrent,64,1,41,3906948913,0,0,6523,445059,435055457,435507039
turso,concurrent,64,1,41,4342456223,0,0,6763,17880515,381960602,399847880
turso,concurrent,64,1,41,4742304363,0,0,5831,459396,183177395,183642622
turso,concurrent,64,1,41,4925947227,0,0,6232,494022,659402139,659902393
turso,concurrent,64,1,41,5585850001,0,0,7364,20271748,1052198251,1072477363
turso,concurrent,64,1,41,6658327715,0,0,8466,14570448,1686949747,1701528661
turso,concurrent,64,1,41,8359857318,0,0,9268,24576953,300408211,324994432
turso,concurrent,64,1,41,8684852071,0,0,8215,4719708,223371201,228099124
turso,concurrent,64,1,41,8912951576,0,0,7785,546771,2445269081,2445823637
turso,concurrent,64,1,41,11358775593,0,0,9578,8844872,344962858,353817308
turso,concurrent,64,1,41,11712593163,0,0,5270,464136,87891053,88360459
turso,concurrent,64,1,41,11800954003,0,0,6933,472312,93263192,93742437
turso,concurrent,64,1,41,11894696661,0,0,7113,655297,908120427,908782837
turso,concurrent,64,1,41,12803479909,0,0,8025,28820201,634309313,663137539
turso,concurrent,64,1,41,13466617788,0,0,8266,9100245,1566015332,1575123843
turso,concurrent,64,1,41,15041742021,0,0,7615,515813,194426886,194950314
turso,concurrent,64,1,41,15236692595,0,0,5801,452695,402793209,403251705
turso,concurrent,64,1,41,15639944530,0,0,5340,446393,306925601,307377334
turso,concurrent,64,1,41,15947322184,0,0,7324,493391,609456960,609957675
turso,concurrent,64,1,41,16557280249,0,0,6132,492589,22857929,23356650
turso,concurrent,64,1,41,16580637300,0,0,7053,655267,1396756155,1397418475
turso,concurrent,64,1,41,17978056206,0,0,9728,17468578,177878905,195357211
turso,concurrent,64,1,41,18173423476,0,0,6462,494483,473206819,473707764
turso,concurrent,64,1,41,18647131600,0,0,6402,498831,1076838033,1077343266
turso,concurrent,64,1,41,19724475228,0,0,8105,27266449,761854064,789128618
turso,concurrent,64,1,41,20513604246,0,0,8355,30417155,3102883536,3133309046
turso,concurrent,64,1,41,23646919284,0,0,7925,29650989,2943810262,2973469176
turso,concurrent,64,1,41,26620388971,0,0,6853,19558091,579003736,598568680
turso,concurrent,64,1,41,27218958222,0,0,13756,25266625,1294168734,1319449115
turso,concurrent,64,1,41,28538407688,0,0,7614,10897437,384415836,395320887
turso,concurrent,64,1,41,28933728845,0,0,5781,471420,3083969690,3084446891
turso,concurrent,64,1,41,32018176086,0,0,7985,17552256,1763239828,1780800069
turso,concurrent,64,1,42,2555,1,0,61587492,386860,993134983,1055109335
turso,concurrent,64,1,42,1055112391,1,0,63590,20195464,570948213,591207267
turso,concurrent,64,1,42,1646319949,1,0,5681,424220,30178064,30607965
turso,concurrent,64,1,42,1676928135,1,0,5220,676556,706412290,707094066
turso,concurrent,64,1,42,2384022462,1,0,7704,3373106,397734152,401114962
turso,concurrent,64,1,42,2785138045,1,0,5490,418650,1549390667,1549814807
turso,concurrent,64,1,42,4334953162,0,0,7915,22092855,331889395,353990165
turso,concurrent,64,1,42,4688943608,0,0,5400,443066,618560299,619008765
turso,concurrent,64,1,42,5307952694,0,0,6442,440492,262986425,263433359
turso,concurrent,64,1,42,5571386845,0,0,7574,3310949,1099051165,1102369688
turso,concurrent,64,1,42,6673756884,0,0,8456,13943104,1021545301,1035496861
turso,concurrent,64,1,42,7709254126,0,0,6652,14597399,851720676,866324727
turso,concurrent,64,1,42,8575579174,0,0,5671,493952,205875873,206375496
turso,concurrent,64,1,42,8781954940,0,0,7024,17394438,751902081,769303543
turso,concurrent,64,1,42,9551258863,0,0,7996,544407,286764472,287316875
turso,concurrent,64,1,42,9838576479,0,0,7594,10840389,64768716,75616699
turso,concurrent,64,1,42,9914193539,0,0,5059,429290,133579381,134013730
turso,concurrent,64,1,42,10048208181,0,0,5731,499933,2490041728,2490547392
turso,concurrent,64,1,42,12538756004,0,0,9608,29201190,3170635292,3199846090
turso,concurrent,64,1,42,15738602645,0,0,7544,15471799,118169588,133648931
turso,concurrent,64,1,42,15872251876,0,0,7393,548656,496395722,496951771
turso,concurrent,64,1,42,16369203979,0,0,6372,475547,1089867994,1090349913
turso,concurrent,64,1,42,17459554253,0,0,8766,20223398,1314696265,1334928429
turso,concurrent,64,1,42,18794483103,0,0,7744,524751,674857357,675389852
turso,concurrent,64,1,42,19469873426,0,0,7554,21365232,544372057,565744843
turso,concurrent,64,1,42,20035618589,0,0,7294,520582,357081960,357609836
turso,concurrent,64,1,42,20393228705,0,0,6723,23276599,304160813,327444135
turso,concurrent,64,1,42,20720673151,0,0,5861,455690,1593446673,1593908224
turso,concurrent,64,1,42,22314581645,0,0,9097,20359554,306757333,327125984
turso,concurrent,64,1,42,22641707920,0,0,7033,9766392,157740018,167513443
turso,concurrent,64,1,42,22809221804,0,0,8606,592508,378800048,379401162
turso,concurrent,64,1,42,23188623237,0,0,5550,529910,432185310,432720770
turso,concurrent,64,1,42,23621344287,0,0,6202,583732,467520527,468110461
turso,concurrent,64,1,42,24089465167,0,0,8466,46708642,92104526,138821634
turso,concurrent,64,1,42,24228287182,0,0,6993,585034,254347572,254939599
turso,concurrent,64,1,42,24483227022,0,0,6552,596155,2990234026,2990836733
turso,concurrent,64,1,42,27474064236,0,0,8796,21851921,239367380,261228097
turso,concurrent,64,1,42,27735292714,0,0,6101,486619,310320047,310812767
turso,concurrent,64,1,42,28046105722,0,0,4759,471379,1246649242,1247125380
turso,concurrent,64,1,42,29293231333,0,0,7484,25576771,568129112,593713367
turso,concurrent,64,1,42,29886945000,0,0,8096,14680876,1118966561,1133655533
turso,concurrent,64,1,42,31020601064,0,0,18766,29538987,327413087,356970840
turso,concurrent,64,1,42,31377572385,0,0,6863,549136,952953960,953509959
turso,concurrent,64,1,42,32331082605,0,0,6913,25188748,1521878073,1547073734
turso,concurrent,64,1,43,2304,1,0,94649889,566990,627739304,722956183
turso,concurrent,64,1,43,722958838,1,0,5100,381269,3438476390,3438862759
turso,concurrent,64,1,43,4161822047,0,0,118053,9173954,264335592,273627599
turso,concurrent,64,1,43,4435450107,0,0,7234,3510705,1264989165,1268507104
turso,concurrent,64,1,43,5703957512,0,0,7955,16096318,220697535,236801808
turso,concurrent,64,1,43,5940759871,0,0,5611,486207,641925777,642417595
turso,concurrent,64,1,43,6583177817,0,0,7524,1323247,1968932946,1970263717
turso,concurrent,64,1,43,8553441834,0,0,7965,9504958,3647567190,3657080113
turso,concurrent,64,1,43,12210522319,0,0,8325,11746940,937547354,949302619
turso,concurrent,64,1,43,13159825729,0,0,5761,422547,231764893,232193201
turso,concurrent,64,1,43,13392019211,0,0,7775,16557468,434534303,451099546
turso,concurrent,64,1,43,13843119008,0,0,5610,498621,20700127,21204358
turso,concurrent,64,1,43,13864323756,0,0,6262,481198,54012427,54499887
turso,concurrent,64,1,43,13918823903,0,0,5000,620210,1583703324,1584328534
turso,concurrent,64,1,43,15503152938,0,0,15179,552813,351814328,352382320
turso,concurrent,64,1,43,15855535668,0,0,5490,478844,2035074302,2035558636
turso,concurrent,64,1,43,17891094625,0,0,8797,17484108,644586357,662079262
turso,concurrent,64,1,43,18553175310,0,0,6723,479805,288284320,288770848
turso,concurrent,64,1,43,18841946489,0,0,8296,450259,974618678,975077233
turso,concurrent,64,1,43,19817023982,0,0,8196,28409476,1264326003,1292743675
turso,concurrent,64,1,43,21109767938,0,0,8085,17044507,51435864,68488456
turso,concurrent,64,1,43,21178256775,0,0,7313,513359,1040003837,1040524509
turso,concurrent,64,1,43,22218781604,0,0,6742,20343143,1667878064,1688227949
turso,concurrent,64,1,43,23907009825,0,0,8215,29077488,222867370,251953073
turso,concurrent,64,1,43,24158963148,0,0,5561,522326,669212373,669740260
turso,concurrent,64,1,43,24828703669,0,0,7163,17525115,513075592,530607870
turso,concurrent,64,1,43,25359311839,0,0,5911,521214,1147539826,1148066951
turso,concurrent,64,1,43,26507379051,0,0,7153,12050423,63454145,75511721
turso,concurrent,64,1,43,26582891042,0,0,5230,629258,131233072,131867560
turso,concurrent,64,1,43,26714758862,0,0,5781,511706,1475543728,1476061215
turso,concurrent,64,1,43,28190820397,0,0,8446,24436889,1252509422,1276954757
turso,concurrent,64,1,43,29467775515,0,0,8065,20785398,345378391,366171854
turso,concurrent,64,1,43,29833947750,0,0,7775,21858783,375821256,397687814
turso,concurrent,64,1,43,30231645623,0,0,7504,769112,317999400,318776016
turso,concurrent,64,1,43,30550421970,0,0,4929,447435,1256352584,1256804948
turso,concurrent,64,1,43,31807227199,0,0,8406,15189306,575511736,590709448
turso,concurrent,64,1,43,32397936917,0,0,6693,115254927,1394661090,1509922710
turso,concurrent,64,1,44,1352402,1,0,28789514,443838,533895314,563128666
turso,concurrent,64,1,44,564481408,1,0,6422,404614,471360745,471771781
turso,concurrent,64,1,44,1036253479,1,0,7614,400486,470549534,470957634
turso,concurrent,64,1,44,1507211313,1,0,49754,16215533,2649703072,2665968359
turso,concurrent,64,1,44,4173180143,0,0,7805,24995924,784455618,809459347
turso,concurrent,64,1,44,4982640232,0,0,8135,19343507,898959929,918311571
turso,concurrent,64,1,44,5900952073,0,0,7023,17838576,27663378,45508977
turso,concurrent,64,1,44,5946461321,0,0,5611,515683,173224842,173746136
turso,concurrent,64,1,44,6120207788,0,0,5180,469135,961954326,962428641
turso,concurrent,64,1,44,7082637401,0,0,7514,30042368,691685647,721735529
turso,concurrent,64,1,44,7804373240,0,0,7053,14632285,1740755393,1755394731
turso,concurrent,64,1,44,9559768203,0,0,7464,7597849,26469325,34074638
turso,concurrent,64,1,44,9593843122,0,0,4699,514400,380642645,381161744
turso,concurrent,64,1,44,9975005227,0,0,7304,11452724,1134345886,1145805914
turso,concurrent,64,1,44,11120811531,0,0,8516,13392455,1215669045,1229070016
turso,concurrent,64,1,44,12349881907,0,0,6172,17452287,1831457152,1848915611
turso,concurrent,64,1,44,14198797889,0,0,7905,26056396,493424494,519488795
turso,concurrent,64,1,44,14718287606,0,0,6743,472431,1128335182,1128814356
turso,concurrent,64,1,44,15847102252,0,0,6041,599291,1634440849,1635046181
turso,concurrent,64,1,44,17482148845,0,0,9728,14746992,464147852,478904572
turso,concurrent,64,1,44,17961053798,0,0,6953,1296817,171399256,172703026
turso,concurrent,64,1,44,18133757195,0,0,5891,528938,585703480,586238309
turso,concurrent,64,1,44,18719995785,0,0,5260,504782,103914976,104425018
turso,concurrent,64,1,44,18824421053,0,0,5290,506576,110298493,110810359
turso,concurrent,64,1,44,18935231663,0,0,5601,507728,937417499,937930828
turso,concurrent,64,1,44,19873162791,0,0,8216,14925027,392726882,407660125
turso,concurrent,64,1,44,20280826983,0,0,7254,15987282,2359836676,2375831212
turso,concurrent,64,1,44,22656658516,0,0,9247,12301196,888938225,901248668
turso,concurrent,64,1,44,23557907435,0,0,12634,582730,886322759,886918123
turso,concurrent,64,1,44,24444825928,0,0,8195,11832471,550584481,562425147
turso,concurrent,64,1,44,25007251407,0,0,6953,21830249,1939690267,1961527469
turso,concurrent,64,1,44,26968779167,0,0,9197,31599798,366596476,398205471
turso,concurrent,64,1,44,27366984948,0,0,8727,38478178,529448632,567935537
turso,concurrent,64,1,44,27934930314,0,0,6362,477090,219145006,219628458
turso,concurrent,64,1,44,28154559022,0,0,5090,520993,278722625,279248708
turso,concurrent,64,1,44,28433808211,0,0,18835,23573610,281415076,305007521
turso,concurrent,64,1,44,28738816012,0,0,6443,720309,1248912984,1249639736
turso,concurrent,64,1,44,29988456029,0,0,7644,21529372,642813542,664350558
turso,concurrent,64,1,44,30652806877,0,0,7184,463715,119479370,119950269
turso,concurrent,64,1,44,30772757797,0,0,6743,507478,56989895,57504116
turso,concurrent,64,1,44,30830262224,0,0,7614,483112,952182524,952673250
turso,concurrent,64,1,44,31782935875,0,0,7955,30448955,325390058,355846968
turso,concurrent,64,1,44,32138783124,0,0,9187,18735379,1759914923,1778659489
turso,concurrent,64,1,45,238170,1,0,23552660,467973,3786613077,3810633710
turso,concurrent,64,1,45,3810872231,0,0,62888,16496423,815260727,831820038
turso,concurrent,64,1,45,4642692519,0,0,8787,11934904,2169466637,2181410328
turso,concurrent,64,1,45,6824103137,0,0,7625,12595221,113826351,126429197
turso,concurrent,64,1,45,6950532684,0,0,6512,758923,31279543,32044978
turso,concurrent,64,1,45,6982578343,0,0,5891,545349,310677903,311229143
turso,concurrent,64,1,45,7293807806,0,0,6923,511726,1097624533,1098143182
turso,concurrent,64,1,45,8391951309,0,0,9027,11202732,607277686,618489445
turso,concurrent,64,1,45,9010441025,0,0,7935,14745779,486363559,501117273
turso,concurrent,64,1,45,9511559279,0,0,6883,456882,864630300,865094065
turso,concurrent,64,1,45,10376653705,0,0,8296,29117282,555732547,584858125
turso,concurrent,64,1,45,10961512221,0,0,8456,6574307,2054288174,2060870937
turso,concurrent,64,1,45,13022383519,0,0,7374,20221423,2076656639,2096885436
turso,concurrent,64,1,45,15119269346,0,0,7594,10137884,1903505386,1913650864
turso,concurrent,64,1,45,17032920520,0,0,6923,9052614,189486102,198545639
turso,concurrent,64,1,45,17231466720,0,0,7104,534188,26751036,27292328
turso,concurrent,64,1,45,17258759439,0,0,7163,558615,252904068,253469846
turso,concurrent,64,1,45,17512230307,0,0,8265,546522,3091048018,3091602805
turso,concurrent,64,1,45,20603833814,0,0,7444,19329300,1208077346,1227414090
turso,concurrent,64,1,45,21831248315,0,0,8175,18906101,1748430559,1767344835
turso,concurrent,64,1,45,23598593420,0,0,8787,22064171,444056403,466129361
turso,concurrent,64,1,45,24064723062,0,0,8266,10412661,872487659,882908586
turso,concurrent,64,1,45,24947631909,0,0,6893,20482826,476830087,497319806
turso,concurrent,64,1,45,25444951975,0,0,5951,485105,34506223,34997279
turso,concurrent,64,1,45,25479949515,0,0,4579,495395,1634734253,1635234227
turso,concurrent,64,1,45,27115184643,0,0,16321,13904011,701795286,715715618
turso,concurrent,64,1,45,27830900582,0,0,7203,23035004,1792152824,1815195031
turso,concurrent,64,1,45,29646096143,0,0,11632,10432609,155874166,166318407
turso,concurrent,64,1,45,29812414811,0,0,5590,471089,199373852,199850531
turso,concurrent,64,1,45,30012265774,0,0,6703,496407,1985643443,1986146553
turso,concurrent,64,1,45,31998412647,0,0,8987,27102169,288584828,315695984
turso,concurrent,64,1,45,32314108861,0,0,7063,28266898,1002746712,1031020673
turso,concurrent,64,1,46,1509950,1,0,50899782,395907,904832752,956128441
turso,concurrent,64,1,46,957638712,1,0,6632,464066,460799353,461270051
turso,concurrent,64,1,46,1418909023,1,0,55034,9243856,224624066,233922956
turso,concurrent,64,1,46,1652832349,1,0,5851,438999,312325231,312770081
turso,concurrent,64,1,46,1965602681,1,0,5300,422367,1765059452,1765487119
turso,concurrent,64,1,46,3731090651,0,0,7194,4292612,416385240,420685046
turso,concurrent,64,1,46,4151775998,0,0,5400,469296,1271072715,1271547411
turso,concurrent,64,1,46,5423323710,0,0,6913,3665609,1645982480,1649655002
turso,concurrent,64,1,46,7072979023,0,0,7785,27210503,669605516,696823804
turso,concurrent,64,1,46,7769803609,0,0,7534,6510727,176193535,182711796
turso,concurrent,64,1,46,7952515785,0,0,7274,647672,612180870,612835816
turso,concurrent,64,1,46,8565351882,0,0,5030,416696,1985823323,1986245049
turso,concurrent,64,1,46,10551597301,0,0,9709,23035744,982486266,1005531719
turso,concurrent,64,1,46,11557129481,0,0,8346,18524560,1574285580,1592818486
turso,concurrent,64,1,46,13149948268,0,0,8706,33746028,117596877,151351611
turso,concurrent,64,1,46,13301300250,0,0,6943,14685155,2397182057,2411874155
turso,concurrent,64,1,46,15713174695,0,0,7494,469816,2800516217,2800993527
turso,concurrent,64,1,46,18514169135,0,0,8135,2197307,296952620,299158062
turso,concurrent,64,1,46,18813327477,0,0,6583,617695,245463265,246087543
turso,concurrent,64,1,46,19059415281,0,0,6633,19278153,130394650,149679436
turso,concurrent,64,1,46,19209094947,0,0,5180,530070,1092299022,1092834272
turso,concurrent,64,1,46,20301929489,0,0,7575,4480365,166452360,170940300
turso,concurrent,64,1,46,20472870200,0,0,7394,555539,2426433312,2426996245
turso,concurrent,64,1,46,22899866745,0,0,8606,31638541,2157182664,2188829811
turso,concurrent,64,1,46,25088696846,0,0,8025,30806100,1491802292,1522616417
turso,concurrent,64,1,46,26611313543,0,0,7404,22870683,198560928,221439015
turso,concurrent,64,1,46,26832752809,0,0,6672,602998,582956916,583566586
turso,concurrent,64,1,46,27416319676,0,0,8666,32825732,57144276,89978674
turso,concurrent,64,1,46,27506298761,0,0,7033,510994,1220663932,1221181959
turso,concurrent,64,1,46,28727481030,0,0,10300,12166922,87569026,99746248
turso,concurrent,64,1,46,28827227549,0,0,5971,548144,397437492,397991607
turso,concurrent,64,1,46,29225219406,0,0,5380,546963,439578613,440130956
turso,concurrent,64,1,46,29665350762,0,0,8276,17184682,338227566,355420524
turso,concurrent,64,1,46,30020782247,0,0,6472,530281,69450131,69986884
turso,concurrent,64,1,46,30090769382,0,0,5019,506516,696481087,696992622
turso,concurrent,64,1,46,30787762284,0,0,6152,473363,2707239019,2707718534
turso,concurrent,64,1,47,609520,1,0,99162236,413411,989322477,1088898124
turso,concurrent,64,1,47,1089508185,1,0,69722,6090764,259286314,265446800
turso,concurrent,64,1,47,1354955315,1,0,6071,467943,204733507,205207521
turso,concurrent,64,1,47,1560163127,1,0,7525,429721,710292232,710729478
turso,concurrent,64,1,47,2270892896,1,0,8185,28946420,2467494515,2496449120
turso,concurrent,64,1,47,4767342597,0,0,6883,10730863,408180867,418918613
turso,concurrent,64,1,47,5186261480,0,0,5962,597437,806793005,807396404
turso,concurrent,64,1,47,5993658184,0,0,8046,14598491,878514113,893120650
turso,concurrent,64,1,47,6886779074,0,0,7314,8993773,1052270968,1061272055
turso,concurrent,64,1,47,7948051941,0,0,5921,7767019,170772042,178544982
turso,concurrent,64,1,47,8126597194,0,0,6652,657371,642138628,642802651
turso,concurrent,64,1,47,8769400236,0,0,8376,10295170,970102314,980405860
turso,concurrent,64,1,47,9749806487,0,0,6612,535170,334991038,335532820
turso,concurrent,64,1,47,10085339567,0,0,7044,11884138,820236567,832127749
turso,concurrent,64,1,47,10917467616,0,0,7784,10576922,1900909888,1911494594
turso,concurrent,64,1,47,12828962562,0,0,8766,7497289,581118818,588624873
turso,concurrent,64,1,47,13417587696,0,0,7624,7327409,72928355,80263388
turso,concurrent,64,1,47,13497851835,0,0,5501,501226,627363684,627870411
turso,concurrent,64,1,47,14125722496,0,0,5110,509752,206155290,206670152
turso,concurrent,64,1,47,14332392909,0,0,5019,415625,434429765,434850409
turso,concurrent,64,1,47,14767243539,0,0,5009,562171,3999954870,4000522050
turso,concurrent,64,1,47,18767765890,0,0,7785,9697562,312313509,322018856
turso,concurrent,64,1,47,19089785528,0,0,7504,27393799,1440523716,1467925019
turso,concurrent,64,1,47,20557710817,0,0,7774,15429981,299545623,314983378
turso,concurrent,64,1,47,20872694576,0,0,6703,642643,147712243,148361589
turso,concurrent,64,1,47,21021056445,0,0,5871,548265,2729532151,2730086287
turso,concurrent,64,1,47,23751143013,0,0,8345,20843187,498589452,519440984
turso,concurrent,64,1,47,24270584378,0,0,6462,460639,73764724,74231825
turso,concurrent,64,1,47,24344816544,0,0,8005,976744,2197439108,2198423857
turso,concurrent,64,1,47,26543240741,0,0,9659,18229504,200526707,218765870
turso,concurrent,64,1,47,26762007012,0,0,7143,529460,1003399925,1003936528
turso,concurrent,64,1,47,27765943841,0,0,8746,28785396,239457251,268251393
turso,concurrent,64,1,47,28034195474,0,0,5490,643685,1164937450,1165586625
turso,concurrent,64,1,47,29199792479,0,0,7374,38658198,923413810,962079382
turso,concurrent,64,1,47,30161872182,0,0,9318,31901116,68948063,100858497
turso,concurrent,64,1,47,30262730979,0,0,6482,617636,1449289359,1449913477
turso,concurrent,64,1,47,31712644957,0,0,8717,17503313,1456211733,1473723763
turso,concurrent,64,1,48,1589530,1,0,60562007,469707,1417160142,1478191856
turso,concurrent,64,1,48,1479781756,1,0,49905,8160300,2248896542,2257106747
turso,concurrent,64,1,48,3736888754,0,0,8105,8959950,1011774881,1020742936
turso,concurrent,64,1,48,4757632011,0,0,7995,16116667,913257793,929382455
turso,concurrent,64,1,48,5687014686,0,0,6172,17372907,791748953,809128032
turso,concurrent,64,1,48,6496143620,0,0,13004,17723369,1115071490,1132807863
turso,concurrent,64,1,48,7628951753,0,0,6733,9143536,419500631,428650900
turso,concurrent,64,1,48,8057602974,0,0,7724,685474,283382007,284075205
turso,concurrent,64,1,48,8341678480,0,0,5110,471089,907808609,908284808
turso,concurrent,64,1,48,9249964290,0,0,9427,10628469,1870167890,1880805786
turso,concurrent,64,1,48,11130770447,0,0,8386,6182939,401503204,407694529
turso,concurrent,64,1,48,11538465376,0,0,7785,867317,1350587802,1351462904
turso,concurrent,64,1,48,12889928671,0,0,7945,17556775,184435379,202000099
turso,concurrent,64,1,48,13091929150,0,0,6772,490486,846238660,846735918
turso,concurrent,64,1,48,13938665329,0,0,7835,8407487,165331014,173746336
turso,concurrent,64,1,48,14112411966,0,0,6752,650809,378338687,378996248
turso,concurrent,64,1,48,14491408464,0,0,5531,464606,116419585,116889722
turso,concurrent,64,1,48,14608299339,0,0,10740,475558,411342423,411828721
turso,concurrent,64,1,48,15020128431,0,0,6742,509903,493835530,494352175
turso,concurrent,64,1,48,15514480917,0,0,6141,521304,566929649,567457094
turso,concurrent,64,1,48,16081938231,0,0,6272,548375,543389372,543944019
turso,concurrent,64,1,48,16625882691,0,0,12924,513199,106389174,106915297
turso,concurrent,64,1,48,16732798429,0,0,8176,31542479,857604711,889155366
turso,concurrent,64,1,48,17621954005,0,0,6473,652821,1039669406,1040328700
turso,concurrent,64,1,48,18662283156,0,0,6733,484524,436174889,436666146
turso,concurrent,64,1,48,19098949593,0,0,7053,17315008,1389143237,1406465298
turso,concurrent,64,1,48,20505415171,0,0,6121,14388054,796141273,810535448
turso,concurrent,64,1,48,21315950930,0,0,9158,17179793,530601537,547790488
turso,concurrent,64,1,48,21863741779,0,0,7093,481599,1100531839,1101020531
turso,concurrent,64,1,48,22964762681,0,0,7845,13461706,203204662,216674213
turso,concurrent,64,1,48,23181437174,0,0,5691,523408,232361769,232890868
turso,concurrent,64,1,48,23414328423,0,0,6482,532024,5681726816,5682265322
turso,concurrent,64,1,48,29096594146,0,0,8606,13855749,336686248,350550603
turso,concurrent,64,1,48,29447182751,0,0,6562,523939,230923134,231453635
turso,concurrent,64,1,48,29678636666,0,0,9378,10039978,496097179,506146535
turso,concurrent,64,1,48,30184783471,0,0,6141,521685,266368639,266896465
turso,concurrent,64,1,48,30451680197,0,0,5661,501837,41399282,41906780
turso,concurrent,64,1,48,30493587277,0,0,6392,671959,2649674839,2650353190
turso,concurrent,64,1,49,701063,1,0,36885894,558153,38811248,76255295
turso,concurrent,64,1,49,76957049,1,0,7264,352024,2023422132,2023781420
turso,concurrent,64,1,49,2100738709,1,0,59172,14851999,730137176,745048347
turso,concurrent,64,1,49,2845787326,1,0,6332,6431608,803526831,809964771
turso,concurrent,64,1,49,3655752318,0,0,6041,491488,1122719173,1123216702
turso,concurrent,64,1,49,4778969731,0,0,8406,12171421,829792692,841972519
turso,concurrent,64,1,49,5620942540,0,0,7474,11761187,1170284561,1182053222
turso,concurrent,64,1,49,6802996173,0,0,7635,7648254,2610153361,2617809250
turso,concurrent,64,1,49,9420805823,0,0,9318,16144940,45392478,61546736
turso,concurrent,64,1,49,9482353270,0,0,6813,666518,789440516,790113847
turso,concurrent,64,1,49,10272467478,0,0,8917,9947804,1203245718,1213202439
turso,concurrent,64,1,49,11485670298,0,0,9468,5948586,1058447335,1064405389
turso,concurrent,64,1,49,12550076068,0,0,7814,17844768,190845908,208698490
turso,concurrent,64,1,49,12758774918,0,0,6232,538547,744691883,745236662
turso,concurrent,64,1,49,13504011871,0,0,6903,8594029,1833636435,1842237367
turso,concurrent,64,1,49,15346249619,0,0,7725,517867,206676063,207201655
turso,concurrent,64,1,49,15553451565,0,0,6492,575186,635939047,636520725
turso,concurrent,64,1,49,16189973403,0,0,7313,544638,338495182,339047133
turso,concurrent,64,1,49,16529020786,0,0,5481,488191,3133443591,3133937263
turso,concurrent,64,1,49,19662958459,0,0,8857,17299889,224144040,241452786
turso,concurrent,64,1,49,19904411626,0,0,6793,627264,682204463,682838520
turso,concurrent,64,1,49,20587250457,0,0,7343,19882143,179611285,199500771
turso,concurrent,64,1,49,20786751499,0,0,6753,723535,811030813,811761101
turso,concurrent,64,1,49,21598513001,0,0,7404,21517439,3183387558,3204912401
turso,concurrent,64,1,49,24803426324,0,0,18906,37267704,215542476,252829086
turso,concurrent,64,1,49,25056255661,0,0,5019,505574,332838015,333348608
turso,concurrent,64,1,49,25389604560,0,0,6252,584072,14743926,15334250
turso,concurrent,64,1,49,25404939120,0,0,6502,509301,1335196134,1335711937
turso,concurrent,64,1,49,26740651338,0,0,9388,6174643,1107526781,1113710812
turso,concurrent,64,1,49,27854362521,0,0,7294,11849292,2379548969,2391405555
turso,concurrent,64,1,49,30245768437,0,0,8416,28877980,307081525,335967921
turso,concurrent,64,1,49,30581736609,0,0,5380,476289,763553541,764035210
turso,concurrent,64,1,49,31345772099,0,0,8216,24454282,548006565,572469063
turso,concurrent,64,1,49,31918251221,0,0,6743,504582,1405629581,1406140906
turso,concurrent,64,1,50,1859289,1,0,85095268,384726,142629330,228109324
turso,concurrent,64,1,50,229969324,1,0,6282,367414,1060868985,1061242681
turso,concurrent,64,1,50,1291212315,1,0,50165,14939655,984522879,999512699
turso,concurrent,64,1,50,2290725375,1,0,7334,15587948,1642818250,1658413532
turso,concurrent,64,1,50,3949139307,0,0,6752,468334,280331602,280806688
turso,concurrent,64,1,50,4229946436,0,0,6863,10865978,359445169,370318010
turso,concurrent,64,1,50,4600264747,0,0,7815,20689496,417909197,438606508
turso,concurrent,64,1,50,5038871636,0,0,6382,482120,70115336,70603838
turso,concurrent,64,1,50,5109475775,0,0,4819,497248,303959694,304461761
turso,concurrent,64,1,50,5413938327,0,0,7614,13020032,585389457,598417103
turso,concurrent,64,1,50,6012355812,0,0,7153,501527,449618291,450126971
turso,concurrent,64,1,50,6462483033,0,0,6843,19928901,2256165201,2276100945
turso,concurrent,64,1,50,8738584368,0,0,7455,19854671,1236329446,1256191572
turso,concurrent,64,1,50,9994776371,0,0,9738,31761111,500261689,532032538
turso,concurrent,64,1,50,10526809199,0,0,6712,547734,1839505581,1840060027
turso,concurrent,64,1,50,12366869498,0,0,8065,14425224,2127134545,2141567834
turso,concurrent,64,1,50,14508437903,0,0,7474,9452419,2315058378,2324518271
turso,concurrent,64,1,50,16832957566,0,0,11342,16624104,717877979,734513425
turso,concurrent,64,1,50,17567471221,0,0,5761,500144,776153500,776659405
turso,concurrent,64,1,50,18344131007,0,0,6613,475958,1628442769,1628925340
turso,concurrent,64,1,50,19973056738,0,0,8476,32904570,606378489,639291535
turso,concurrent,64,1,50,20612348704,0,0,7534,22492229,1559693791,1582193554
turso,concurrent,64,1,50,22194542739,0,0,8897,18597579,1255855467,1274461943
turso,concurrent,64,1,50,23469005052,0,0,7965,22922822,629291422,652222209
turso,concurrent,64,1,50,24121227511,0,0,7044,33803255,469686986,503497285
turso,concurrent,64,1,50,24624725037,0,0,6312,619819,449199520,449825651
turso,concurrent,64,1,50,25074551089,0,0,6983,34362622,90661242,125030847
turso,concurrent,64,1,50,25199582187,0,0,5931,524300,394633599,395163830
turso,concurrent,64,1,50,25594746407,0,0,5801,484364,609876491,610366656
turso,concurrent,64,1,50,26205113575,0,0,8245,19465066,865657959,885131270
turso,concurrent,64,1,50,27090245206,0,0,7304,540019,156684475,157231798
turso,concurrent,64,1,50,27247477235,0,0,6662,17520877,1396206407,1413733946
turso,concurrent,64,1,50,28661211601,0,0,8365,18999598,1400527031,1419534994
turso,concurrent,64,1,50,30080757186,0,0,9358,17121112,533059086,550189556
turso,concurrent,64,1,50,30630947052,0,0,5771,445491,968215102,968666364
turso,concurrent,64,1,50,31599613706,0,0,8356,11883828,112460033,124352217
turso,concurrent,64,1,50,31723966173,0,0,5300,522867,450275831,450803998
turso,concurrent,64,1,50,32174770422,0,0,6823,16589969,341732953,358329745
turso,concurrent,64,1,50,32533100427,0,0,5390,533507,1340571870,1341110767
turso,concurrent,64,1,51,100780,1,0,4354178,568794,3297391504,3302314476
turso,concurrent,64,1,51,3302415767,0,0,58821,11424852,1341087983,1352571656
turso,concurrent,64,1,51,4654987793,0,0,10520,10289079,467668105,477967704
turso,concurrent,64,1,51,5132955738,0,0,5731,501566,116477484,116984781
turso,concurrent,64,1,51,5249940770,0,0,5761,460399,1748352631,1748818791
turso,concurrent,64,1,51,6998760243,0,0,8736,11830728,378348495,390187959
turso,concurrent,64,1,51,7388948492,0,0,6933,513950,173943389,174464272
turso,concurrent,64,1,51,7563413014,0,0,5911,509882,3659337254,3659853047
turso,concurrent,64,1,51,11223266491,0,0,8436,8930996,633448668,642388100
turso,concurrent,64,1,51,11865655683,0,0,6402,509231,192824742,193340375
turso,concurrent,64,1,51,12058996468,0,0,9288,591085,86347732,86948105
turso,concurrent,64,1,51,12145944874,0,0,8736,33256965,696607826,729873527
turso,concurrent,64,1,51,12875818752,0,0,5651,485586,100903722,101394959
turso,concurrent,64,1,51,12977214122,0,0,6021,464938,2835349356,2835820315
turso,concurrent,64,1,51,15813034878,0,0,8827,8992572,221431009,230432408
turso,concurrent,64,1,51,16043467677,0,0,6592,525292,408947433,409479317
turso,concurrent,64,1,51,16452947255,0,0,5390,451723,96055292,96512405
turso,concurrent,64,1,51,16549460531,0,0,6142,458205,1941615681,1942080028
turso,concurrent,64,1,51,18491540959,0,0,8015,14731483,822136492,836875990
turso,concurrent,64,1,51,19328417330,0,0,9087,34272061,527682148,561963296
turso,concurrent,64,1,51,19890380896,0,0,6072,508119,281076978,281591169
turso,concurrent,64,1,51,20171972455,0,0,9448,26774681,801788080,828572209
turso,concurrent,64,1,51,21000544954,0,0,6032,491728,389508407,390006167
turso,concurrent,64,1,51,21390551541,0,0,9467,17527931,356857525,374394923
turso,concurrent,64,1,51,21764946856,0,0,6182,448917,1188352561,1188807660
turso,concurrent,64,1,51,22953754896,0,0,8375,8405113,1293622584,1302036072
turso,concurrent,64,1,51,24255791359,0,0,8185,11838723,21440244,33287152
turso,concurrent,64,1,51,24289078752,0,0,4949,427567,1392745345,1393177861
turso,concurrent,64,1,51,25682257003,0,0,7854,28789123,289806082,318603059
turso,concurrent,64,1,51,26000860634,0,0,16832,26027421,102251506,128295759
turso,concurrent,64,1,51,26129156723,0,0,6512,717514,518000086,518724112
turso,concurrent,64,1,51,26647881066,0,0,4999,524500,265666354,266195853
turso,concurrent,64,1,51,26914077360,0,0,7304,561610,3139130563,3139699477
turso,concurrent,64,1,51,30053788018,0,0,9668,20407535,3854637677,3875054880
turso,concurrent,64,1,52,1867575,1,0,89835434,456581,709258782,799550797
turso,concurrent,64,1,52,801418733,1,0,6522,389986,180719296,181115804
turso,concurrent,64,1,52,982534767,1,0,5441,351674,1052386717,1052743832
turso,concurrent,64,1,52,2035278969,1,0,60044,11696284,1033918060,1045674388
turso,concurrent,64,1,52,3080953748,0,0,7995,7846419,3273159813,3281014227
turso,concurrent,64,1,52,6361968536,0,0,7183,5637930,1167173190,1172818303
turso,concurrent,64,1,52,7534787240,0,0,7474,36345153,2690761120,2727113747
turso,concurrent,64,1,52,10261901357,0,0,8446,8190898,76631114,84830458
turso,concurrent,64,1,52,10346732176,0,0,6091,488412,80507950,81002453
turso,concurrent,64,1,52,10427735651,0,0,6983,472842,1958463708,1958943533
turso,concurrent,64,1,52,12386679725,0,0,8887,16320130,2219429190,2235758207
turso,concurrent,64,1,52,14622438312,0,0,8096,8948849,312197761,321154706
turso,concurrent,64,1,52,14943593318,0,0,6132,484274,1728565117,1729055523
turso,concurrent,64,1,52,16672649131,0,0,7214,3358478,113367004,116732696
turso,concurrent,64,1,52,16789382238,0,0,10640,11961896,736431604,748404140
turso,concurrent,64,1,52,17537786669,0,0,6322,588701,535923341,536518364
turso,concurrent,64,1,52,18074305284,0,0,6903,702906,180854662,181564471
turso,concurrent,64,1,52,18255870496,0,0,6683,618928,274580477,275206088
turso,concurrent,64,1,52,18531076884,0,0,6272,600914,64079705,64686891
turso,concurrent,64,1,52,18595763976,0,0,5831,726191,713319205,714051227
turso,concurrent,64,1,52,19309815603,0,0,9508,16277550,1271987283,1288274341
turso,concurrent,64,1,52,20598090314,0,0,8606,26146877,151066563,177222046
turso,concurrent,64,1,52,20775312771,0,0,7414,782627,270673604,271463645
turso,concurrent,64,1,52,21046776786,0,0,5150,499803,1185942553,1186447506
turso,concurrent,64,1,52,22233224632,0,0,8527,41065762,250091329,291165618
turso,concurrent,64,1,52,22524390531,0,0,6662,23042498,38385183,61434343
turso,concurrent,64,1,52,22585825204,0,0,5551,473594,182725622,183204767
turso,concurrent,64,1,52,22769030221,0,0,5420,503129,345261392,345769941
turso,concurrent,64,1,52,23114800463,0,0,6803,495255,647672973,648175031
turso,concurrent,64,1,52,23762975794,0,0,9218,21578825,577240607,598828650
turso,concurrent,64,1,52,24361804785,0,0,6783,496607,236957653,237461043
turso,concurrent,64,1,52,24599266079,0,0,9798,483864,42610717,43104379
turso,concurrent,64,1,52,24642370729,0,0,4769,495695,817669723,818170187
turso,concurrent,64,1,52,25460550895,0,0,7314,23722911,313657085,337387310
turso,concurrent,64,1,52,25797938506,0,0,6762,575356,278768351,279350469
turso,concurrent,64,1,52,26077289256,0,0,7714,19484533,471980835,491473082
turso,concurrent,64,1,52,26568762628,0,0,6232,517547,242444468,242968247
turso,concurrent,64,1,52,26811731165,0,0,5601,521805,395415876,395943282
turso,concurrent,64,1,52,27207674977,0,0,17993,27729974,411300795,439048762
turso,concurrent,64,1,52,27646724111,0,0,5771,455650,732752471,733213892
turso,concurrent,64,1,52,28379938293,0,0,5921,508731,16588968,17103620
turso,concurrent,64,1,52,28397042153,0,0,6342,61954214,582713687,644674243
turso,concurrent,64,1,52,29041716737,0,0,7274,479174,566698413,567184861
turso,concurrent,64,1,52,29608902018,0,0,8897,42269424,124463977,166742298
turso,concurrent,64,1,52,29775644587,0,0,5751,450279,501673824,502129854
turso,concurrent,64,1,52,30277774801,0,0,6623,508139,911584014,912098776
turso,concurrent,64,1,52,31189873947,0,0,8065,128399654,790339764,918747483
turso,concurrent,64,1,52,32108621952,0,0,13706,672950,606931102,607617758
turso,concurrent,64,1,52,32716240021,0,0,7975,23620728,88629578,112258281
turso,concurrent,64,1,52,32828498683,0,0,7224,506606,690758767,691272597
turso,concurrent,64,1,53,742481,1,0,8004317,674784,968124100,976803201
turso,concurrent,64,1,53,977546132,1,0,9177,652331,846748302,847409810
turso,concurrent,64,1,53,1824956223,1,0,53350,14582381,533086397,547722128
turso,concurrent,64,1,53,2372678743,1,0,7784,17463910,205211549,222683243
turso,concurrent,64,1,53,2595362236,1,0,5511,505484,206241533,206752528
turso,concurrent,64,1,53,2802115315,1,0,5200,448436,448482447,448936083
turso,concurrent,64,1,53,3251051699,0,0,5891,694330,812123997,812824218
turso,concurrent,64,1,53,4063876217,0,0,7434,481830,667578850,668068114
turso,concurrent,64,1,53,4731944602,0,0,7795,13623250,214352091,227983136
turso,concurrent,64,1,53,4959928549,0,0,5951,514541,489314128,489834620
turso,concurrent,64,1,53,5449763559,0,0,8536,14845658,718148580,733002774
turso,concurrent,64,1,53,6182766733,0,0,5451,446883,1910891646,1911343980
turso,concurrent,64,1,53,8094111084,0,0,7654,9366277,122934921,132308852
turso,concurrent,64,1,53,8226420307,0,0,7254,531563,1148989773,1149528590
turso,concurrent,64,1,53,9375949207,0,0,8206,28947341,1617879243,1646834790
turso,concurrent,64,1,53,11022784357,0,0,8185,16608074,2748022397,2764638656
turso,concurrent,64,1,53,13787423555,0,0,7043,14953512,2921922182,2936882737
turso,concurrent,64,1,53,16724307464,0,0,11511,8204615,400953637,409169763
turso,concurrent,64,1,53,17133477468,0,0,7535,747691,2952883815,2953639041
turso,concurrent,64,1,53,20087116940,0,0,10079,16673528,887609998,904293605
turso,concurrent,64,1,53,20991410826,0,0,8145,28780306,569639062,598427513
turso,concurrent,64,1,53,21589838600,0,0,6482,20397455,443716302,464120239
turso,concurrent,64,1,53,22053959080,0,0,5119,515413,805718177,806238709
turso,concurrent,64,1,53,22860198070,0,0,7604,25237059,288822666,314067329
turso,concurrent,64,1,53,23174265630,0,0,4939,502248,550133590,550640777
turso,concurrent,64,1,53,23724906667,0,0,6282,11934293,93754500,105695075
turso,concurrent,64,1,53,23830602023,0,0,6091,543787,341969699,342519577
turso,concurrent,64,1,53,24173121880,0,0,5060,441653,330734114,331180827
turso,concurrent,64,1,53,24504302948,0,0,5029,485146,987816285,988306460
turso,concurrent,64,1,53,25492609819,0,0,8476,9508885,2047642863,2057160224
turso,concurrent,64,1,53,27549770403,0,0,8096,26180319,2003934513,2030122928
turso,concurrent,64,1,53,29579893712,0,0,7053,23457691,863247350,886712094
turso,concurrent,64,1,53,30466606067,0,0,8085,27676553,862813431,890498069
turso,concurrent,64,1,53,31357113914,0,0,7575,19339959,604320325,623667859
turso,concurrent,64,1,53,31980782104,0,0,5951,520051,1151189384,1151715386
turso,concurrent,64,1,54,1463913,1,0,31694086,452163,1906157371,1938303620
turso,concurrent,64,1,54,1939768044,1,0,52189,23117349,796719493,819889031
turso,concurrent,64,1,54,2759657355,1,0,7465,22102212,151893965,174003642
turso,concurrent,64,1,54,2933661278,1,0,5741,447364,480989095,481442200
turso,concurrent,64,1,54,3415103759,0,0,5460,452775,912206268,912664503
turso,concurrent,64,1,54,4327768833,0,0,6332,40725270,3283258071,3323989673
turso,concurrent,64,1,54,7651758786,0,0,7595,17464399,65568396,83040390
turso,concurrent,64,1,54,7734799436,0,0,5040,498551,2061425374,2061928965
turso,concurrent,64,1,54,9796728841,0,0,9648,39492483,804560171,844062302
turso,concurrent,64,1,54,10640792527,0,0,7815,587087,1139736960,1140331862
turso,concurrent,64,1,54,11781124770,0,0,8526,8688979,644521435,653218940
turso,concurrent,64,1,54,12434344080,0,0,6462,11834335,251811656,263652453
turso,concurrent,64,1,54,12697996774,0,0,5420,564465,922332961,922902846
turso,concurrent,64,1,54,13620900000,0,0,8016,11832761,330419170,342259947
turso,concurrent,64,1,54,13963160268,0,0,6883,620250,601643072,602270205
turso,concurrent,64,1,54,14565430724,0,0,5821,493932,212416878,212916631
turso,concurrent,64,1,54,14778347565,0,0,5601,436804,201797777,202240182
turso,concurrent,64,1,54,14980588488,0,0,5020,470949,2103711729,2104187698
turso,concurrent,64,1,54,17084776567,0,0,8125,7661449,203328746,210998320
turso,concurrent,64,1,54,17295775218,0,0,6733,482340,361281325,361770398
turso,concurrent,64,1,54,17657545866,0,0,5510,511225,259627166,260143901
turso,concurrent,64,1,54,17917690169,0,0,7584,544508,391484767,392036859
turso,concurrent,64,1,54,18309727328,0,0,7424,542284,1453786465,1454336173
turso,concurrent,64,1,54,19764063772,0,0,7043,15295367,1298122095,1313424505
turso,concurrent,64,1,54,21077488958,0,0,8415,14604783,806440570,821053768
turso,concurrent,64,1,54,21898543028,0,0,8025,17517761,1367110665,1384636451
turso,concurrent,64,1,54,23283179880,0,0,10480,3019619,515753836,518783935
turso,concurrent,64,1,54,23801964105,0,0,7424,13429115,1184358012,1197794551
turso,concurrent,64,1,54,24999759047,0,0,8305,17489988,271891333,289389626
turso,concurrent,64,1,54,25289148913,0,0,4959,471931,45889365,46366255
turso,concurrent,64,1,54,25335515399,0,0,4909,556811,60358403,60920123
turso,concurrent,64,1,54,25396435933,0,0,9407,832792,268005027,268847226
turso,concurrent,64,1,54,25665283460,0,0,7835,968047,60317726,61293608
turso,concurrent,64,1,54,25726587397,0,0,6623,590294,56632039,57228956
turso,concurrent,64,1,54,25783816604,0,0,6181,615943,2424582649,2425204773
turso,concurrent,64,1,54,28209021748,0,0,7304,21519192,183409554,204936050
turso,concurrent,64,1,54,28413958028,0,0,7354,17641434,111595681,129244469
turso,concurrent,64,1,54,28543202908,0,0,6382,465488,375930412,376402282
turso,concurrent,64,1,54,28919605481,0,0,5210,871965,933352707,934229882
turso,concurrent,64,1,54,29853835644,0,0,6552,23495903,166523125,190025580
turso,concurrent,64,1,54,30043861694,0,0,6232,559506,514611050,515176788
turso,concurrent,64,1,54,30559038842,0,0,5060,492299,1409764675,1410262034
turso,concurrent,64,1,54,31969301216,0,0,6773,32458007,636182428,668647208
turso,concurrent,64,1,54,32637948754,0,0,8166,105161056,1106234392,1211403614
turso,concurrent,64,1,55,1155401,1,0,9990996,340673,166125804,176457473
turso,concurrent,64,1,55,177613214,1,0,5911,351504,89477318,89834733
turso,concurrent,64,1,55,267471261,1,0,7213,425273,494903776,495336262
turso,concurrent,64,1,55,762807884,1,0,5961,485446,695515765,696007172
turso,concurrent,64,1,55,1458815307,1,0,52669,17965256,148340538,166358463
turso,concurrent,64,1,55,1625174251,1,0,5149,405766,370297762,370708677
turso,concurrent,64,1,55,1995883208,1,0,5220,495646,197561953,198062819
turso,concurrent,64,1,55,2193946267,1,0,6352,9160107,820329292,829495751
turso,concurrent,64,1,55,3023442399,0,0,6102,426044,1171065485,1171497631
turso,concurrent,64,1,55,4194940711,0,0,5581,473053,258244557,258723191
turso,concurrent,64,1,55,4453664142,0,0,7474,13505909,24067081,37580464
turso,concurrent,64,1,55,4491244987,0,0,6723,481148,670266373,670754244
turso,concurrent,64,1,55,5161999612,0,0,7023,510533,172410194,172927750
turso,concurrent,64,1,55,5334927973,0,0,13386,563293,646904112,647480791
turso,concurrent,64,1,55,5982409154,0,0,8096,19851605,1212800761,1232660462
turso,concurrent,64,1,55,7215069947,0,0,8496,17553037,1774318146,1791879679
turso,concurrent,64,1,55,9006950016,0,0,7815,9664119,104968294,114640228
turso,concurrent,64,1,55,9121591185,0,0,4709,495686,1088937828,1089438223
turso,concurrent,64,1,55,10211029769,0,0,8315,12007642,1571969579,1583985536
turso,concurrent,64,1,55,11795015656,0,0,7063,9176809,2224866191,2234050063
turso,concurrent,64,1,55,14029065979,0,0,7845,7741871,229634332,237384048
turso,concurrent,64,1,55,14266450418,0,0,6943,498881,1174248804,1174754628
turso,concurrent,64,1,55,15441205436,0,0,7394,529309,2642150438,2642687141
turso,concurrent,64,1,55,18083892948,0,0,6933,14577071,471791708,486375712
turso,concurrent,64,1,55,18570268990,0,0,6282,505193,1032834828,1033346303
turso,concurrent,64,1,55,19603615573,0,0,7094,15470226,342219110,357696430
turso,concurrent,64,1,55,19961312313,0,0,6172,474906,1298645343,1299126421
turso,concurrent,64,1,55,21260439175,0,0,8897,596425,300548095,301153417
turso,concurrent,64,1,55,21561592973,0,0,7935,20164135,197298546,217470616
turso,concurrent,64,1,55,21779063839,0,0,5320,466050,1734490229,1734961599
turso,concurrent,64,1,55,23514025798,0,0,8036,20152934,662917644,683078614
turso,concurrent,64,1,55,24197104792,0,0,7845,7653364,1062309664,1069970873
turso,concurrent,64,1,55,25267076035,0,0,6743,17865818,661989723,679862284
turso,concurrent,64,1,55,25946949119,0,0,6643,632513,1113188566,1113827722
turso,concurrent,64,1,55,27060777202,0,0,8536,13071329,322576268,335656133
turso,concurrent,64,1,55,27396433636,0,0,7484,20238075,337939362,358184921
turso,concurrent,64,1,55,27754618857,0,0,5199,462193,911711815,912179207
turso,concurrent,64,1,55,28666798275,0,0,6603,25879772,750959803,776846178
turso,concurrent,64,1,55,29443644844,0,0,8306,748101,124165544,124921951
turso,concurrent,64,1,55,29568567216,0,0,8786,23192120,145353792,168554698
turso,concurrent,64,1,55,29737122345,0,0,7925,22886954,219103417,241998296
turso,concurrent,64,1,55,29979120951,0,0,6312,479425,448714394,449200131
turso,concurrent,64,1,55,30428321473,0,0,7524,561169,2722752657,2723321350
turso,concurrent,64,1,56,1645806,1,0,73601547,378173,129793565,203773285
turso,concurrent,64,1,56,205419672,1,0,6132,447074,2531128830,2531582036
turso,concurrent,64,1,56,2737002039,1,0,54473,9037887,1491666305,1500758665
turso,concurrent,64,1,56,4237760944,0,0,8767,4683128,388916981,393608876
turso,concurrent,64,1,56,4631370141,0,0,7915,11820969,731454301,743283185
turso,concurrent,64,1,56,5374654057,0,0,8286,16332324,702326108,718666718
turso,concurrent,64,1,56,6093321075,0,0,7104,728645,1586882954,1587618703
turso,concurrent,64,1,56,7680940049,0,0,7795,6196204,105789323,111993322
turso,concurrent,64,1,56,7792933651,0,0,6111,441443,148995394,149442948
turso,concurrent,64,1,56,7942377301,0,0,5851,446343,487350661,487802855
turso,concurrent,64,1,56,8430180437,0,0,6262,576358,61811445,62394065
turso,concurrent,64,1,56,8492574762,0,0,5631,500564,129328919,129835114
turso,concurrent,64,1,56,8622410256,0,0,6852,496167,1000904375,1001407394
turso,concurrent,64,1,56,9623818102,0,0,7835,7550680,354856880,362415395
turso,concurrent,64,1,56,9986233808,0,0,8426,6164694,331656155,337829275
turso,concurrent,64,1,56,10324063473,0,0,8216,518398,32186175,32712789
turso,concurrent,64,1,56,10356776662,0,0,7504,533688,2846475123,2847016315
turso,concurrent,64,1,56,13203793909,0,0,8666,10158282,70438166,80605114
turso,concurrent,64,1,56,13284399323,0,0,6943,14549048,679609687,694165678
turso,concurrent,64,1,56,13978565642,0,0,5971,11181332,256929716,268117019
turso,concurrent,64,1,56,14246682941,0,0,5901,490035,1663456129,1663952065
turso,concurrent,64,1,56,15910635357,0,0,6482,483302,47669435,48159219
turso,concurrent,64,1,56,15958794967,0,0,8326,485937,355530651,356024914
turso,concurrent,64,1,56,16314820202,0,0,7995,627474,317102969,317738438
turso,concurrent,64,1,56,16632558891,0,0,5991,496136,135682930,136185057
turso,concurrent,64,1,56,16768744359,0,0,7714,604201,229678184,230290099
turso,concurrent,64,1,56,16999034749,0,0,5220,650337,723456126,724111683
turso,concurrent,64,1,56,17723146673,0,0,5981,498922,3381979444,3382484347
turso,concurrent,64,1,56,21105631381,0,0,8416,10297163,404421182,414726761
turso,concurrent,64,1,56,21520358432,0,0,8606,26905017,855172701,882086324
turso,concurrent,64,1,56,22402445057,0,0,5410,461531,97031645,97498586
turso,concurrent,64,1,56,22499943883,0,0,6212,454598,867007476,867468286
turso,concurrent,64,1,56,23367412409,0,0,10069,13217455,1838744485,1851972009
turso,concurrent,64,1,56,25219395119,0,0,8095,22730028,787310456,810048579
turso,concurrent,64,1,56,26029444039,0,0,8536,19954510,272426492,292389538
turso,concurrent,64,1,56,26321833857,0,0,6032,501787,1698824288,1699332107
turso,concurrent,64,1,56,28021166274,0,0,10099,13715615,762728223,776453937
turso,concurrent,64,1,56,28797620532,0,0,8396,15760935,66462924,82232255
turso,concurrent,64,1,56,28879853097,0,0,5861,507668,384612297,385125826
turso,concurrent,64,1,56,29264979243,0,0,6433,545609,798222090,798774132
turso,concurrent,64,1,56,30063753796,0,0,8466,17101916,3404950597,3422060979
turso,concurrent,64,1,57,130,1,0,112121423,436253,585028496,697586172
turso,concurrent,64,1,57,697586754,1,0,8306,435281,1237356534,1237800121
turso,concurrent,64,1,57,1935387216,1,0,63470,4880030,1733255409,1738198909
turso,concurrent,64,1,57,3673586516,0,0,7684,12601743,286549285,299158712
turso,concurrent,64,1,57,3972745489,0,0,6392,472552,139763321,140242265
turso,concurrent,64,1,57,4112988265,0,0,4809,433728,1035457417,1035895954
turso,concurrent,64,1,57,5148884510,0,0,6773,10795363,487672389,498474525
turso,concurrent,64,1,57,5647359305,0,0,6913,17249244,1830827284,1848083441
turso,concurrent,64,1,57,7495443026,0,0,8116,5826756,496502054,502336926
turso,concurrent,64,1,57,7997780703,0,0,6352,13796928,496357911,510161191
turso,concurrent,64,1,57,8507942265,0,0,6642,502368,2123146849,2123655859
turso,concurrent,64,1,57,10631598475,0,0,8916,15327047,231695963,247031926
turso,concurrent,64,1,57,10878630751,0,0,16171,14822964,567024127,581863262
turso,concurrent,64,1,57,11460494294,0,0,5761,624799,541796005,542426565
turso,concurrent,64,1,57,12002921400,0,0,7184,441142,172508700,172957026
turso,concurrent,64,1,57,12175878827,0,0,8005,2515488,838297492,840820985
turso,concurrent,64,1,57,13016700133,0,0,7785,685774,1263204827,1263898386
turso,concurrent,64,1,57,14280599461,0,0,7985,6679666,16662116,23349767
turso,concurrent,64,1,57,14303949549,0,0,6723,564575,326433888,327005186
turso,concurrent,64,1,57,14630955036,0,0,6662,461161,439425083,439892906
turso,concurrent,64,1,57,15070848142,0,0,5511,712454,614556023,615273988
turso,concurrent,64,1,57,15686122501,0,0,7063,492840,151886501,152386404
turso,concurrent,64,1,57,15838509195,0,0,6112,489203,3281581396,3282076711
turso,concurrent,64,1,57,19120586327,0,0,7394,13467928,301188834,314664156
turso,concurrent,64,1,57,19435250723,0,0,5159,475658,702366845,702847662
turso,concurrent,64,1,57,20138098756,0,0,9398,20325209,178654199,198988806
turso,concurrent,64,1,57,20337087882,0,0,6322,538487,1827007644,1827552453
turso,concurrent,64,1,57,22164640716,0,0,8065,22049534,2242038108,2264095707
turso,concurrent,64,1,57,24428736814,0,0,7815,26250922,266933115,293191852
turso,concurrent,64,1,57,24721928936,0,0,6483,575977,696624487,697206947
turso,concurrent,64,1,57,25419136184,0,0,8055,37223481,70717693,107949229
turso,concurrent,64,1,57,25527085714,0,0,5580,488743,1662620972,1663115295
turso,concurrent,64,1,57,27190201310,0,0,8075,11867047,56763748,68638870
turso,concurrent,64,1,57,27258849377,0,0,5160,459738,226903999,227368897
turso,concurrent,64,1,57,27486218524,0,0,5400,500234,453869604,454375238
turso,concurrent,64,1,57,27940594003,0,0,7804,487190,1274307932,1274802926
turso,concurrent,64,1,57,29215397209,0,0,7134,20262861,3890130312,3910400307
turso,concurrent,64,1,58,248078,1,0,5289684,554095,1250483599,1256327378
turso,concurrent,64,1,58,1256575796,1,0,62618,12417685,1597718655,1610198958
turso,concurrent,64,1,58,2866775015,1,0,8677,4649284,32100432,36758393
turso,concurrent,64,1,58,2903533799,1,0,5601,476078,355196451,355678130
turso,concurrent,64,1,58,3259212200,0,0,5681,591416,497127453,497724550
turso,concurrent,64,1,58,3756937521,0,0,6262,440381,3162552277,3162998920
turso,concurrent,64,1,58,6919936741,0,0,7875,18608249,283660143,302276267
turso,concurrent,64,1,58,7222213309,0,0,6883,481849,1258513633,1259002365
turso,concurrent,64,1,58,8481215955,0,0,8416,23914954,197818366,221741736
turso,concurrent,64,1,58,8702958443,0,0,7284,11978606,309824943,321810833
turso,concurrent,64,1,58,9024769537,0,0,6602,652652,155764319,156423573
turso,concurrent,64,1,58,9181193381,0,0,5590,592268,320365716,320963574
turso,concurrent,64,1,58,9502157356,0,0,6442,470358,1041159778,1041636578
turso,concurrent,64,1,58,10543794315,0,0,8035,8296658,252973539,261278232
turso,concurrent,64,1,58,10805072978,0,0,6893,528668,28293587,28829148
turso,concurrent,64,1,58,10833902437,0,0,9468,557452,745483067,746049987
turso,concurrent,64,1,58,11579952804,0,0,8476,23037318,734172982,757218776
turso,concurrent,64,1,58,12337172802,0,0,8356,6212675,253133971,259355002
turso,concurrent,64,1,58,12596528135,0,0,5991,501256,338449596,338956843
turso,concurrent,64,1,58,12935485208,0,0,5530,505143,3820429598,3820940271
turso,concurrent,64,1,58,16756425931,0,0,9357,11860254,657276267,669145878
turso,concurrent,64,1,58,17425572120,0,0,6913,572280,713177016,713756209
turso,concurrent,64,1,58,18139328610,0,0,5581,477731,100347924,100831236
turso,concurrent,64,1,58,18240160226,0,0,8756,600633,295174905,295784294
turso,concurrent,64,1,58,18535944781,0,0,5451,468163,753627538,754101152
turso,concurrent,64,1,58,19290046323,0,0,7284,26011030,736552232,762570546
turso,concurrent,64,1,58,20052617140,0,0,6101,786876,252077157,252870134
turso,concurrent,64,1,58,20305487544,0,0,6282,6643498,533387125,540036905
turso,concurrent,64,1,58,20845524820,0,0,5149,455961,339961178,340422288
turso,concurrent,64,1,58,21185947388,0,0,5861,590574,455887653,456484088
turso,concurrent,64,1,58,21642431747,0,0,7044,15689500,2547495128,2563191672
turso,concurrent,64,1,58,24205623820,0,0,8115,10807256,492341922,503157293
turso,concurrent,64,1,58,24708781634,0,0,14076,532585,89257213,89803874
turso,concurrent,64,1,58,24798596499,0,0,8065,12728512,1298027767,1310764344
turso,concurrent,64,1,58,26109361184,0,0,7675,17625834,332299649,349933158
turso,concurrent,64,1,58,26459294622,0,0,6893,589373,1629324092,1629920358
turso,concurrent,64,1,58,28089215311,0,0,8185,27047747,228094065,255149997
turso,concurrent,64,1,58,28344365608,0,0,6482,676197,3057359379,3058042058
turso,concurrent,64,1,58,31402408087,0,0,8906,20336972,2468467662,2488813540
turso,concurrent,64,1,59,1495903,1,0,53735894,369728,351473155,405578777
turso,concurrent,64,1,59,407075080,1,0,6372,402961,343805944,344215277
turso,concurrent,64,1,59,751290567,1,0,7855,540640,2240441045,2240989540
turso,concurrent,64,1,59,2992280348,1,0,60905,8931085,536944098,545936088
turso,concurrent,64,1,59,3538216817,0,0,6061,477170,1759468741,1759951972
turso,concurrent,64,1,59,5298169340,0,0,7725,11815559,199664310,211487594
turso,concurrent,64,1,59,5509657325,0,0,11882,37961574,1186011162,1223984618
turso,concurrent,64,1,59,6733642294,0,0,9177,22962536,820515884,843487597
turso,concurrent,64,1,59,7577130192,0,0,6542,496828,697495521,697998891
turso,concurrent,64,1,59,8275130135,0,0,8657,8557120,344403511,352969288
turso,concurrent,64,1,59,8628099924,0,0,6332,495185,1108387245,1108888762
turso,concurrent,64,1,59,9736989197,0,0,16270,10625794,1158488740,1169130804
turso,concurrent,64,1,59,10906120391,0,0,7975,19146966,120342980,139497921
turso,concurrent,64,1,59,11045618522,0,0,5230,441283,380501859,380948372
turso,concurrent,64,1,59,11426567134,0,0,5591,497038,210169707,210672336
turso,concurrent,64,1,59,11637239851,0,0,7554,517647,404243566,404768767
turso,concurrent,64,1,59,12042008988,0,0,7834,28842714,226546655,255397203
turso,concurrent,64,1,59,12297406903,0,0,7675,14594644,1129941463,1144543782
turso,concurrent,64,1,59,13441950996,0,0,8085,19498018,291026786,310532889
turso,concurrent,64,1,59,13752484165,0,0,5731,415795,615049393,615470919
turso,concurrent,64,1,59,14367955545,0,0,5350,489975,116577874,117073199
turso,concurrent,64,1,59,14485029024,0,0,5761,509922,1149978539,1150494222
turso,concurrent,64,1,59,15635523537,0,0,6412,762619,704653942,705422973
turso,concurrent,64,1,59,16340946900,0,0,7343,482531,775954725,776444599
turso,concurrent,64,1,59,17117391760,0,0,6302,16764139,419129570,435900011
turso,concurrent,64,1,59,17553292051,0,0,4659,473764,452610037,453088460
turso,concurrent,64,1,59,18006380812,0,0,5340,583070,603362287,603950697
turso,concurrent,64,1,59,18610331910,0,0,6923,514461,430615387,431136771
turso,concurrent,64,1,59,19041469081,0,0,8577,31811166,791327037,823146780
turso,concurrent,64,1,59,19864616221,0,0,6402,499123,321053554,321559079
turso,concurrent,64,1,59,20186175711,0,0,8255,33042691,639324357,672375303
turso,concurrent,64,1,59,20858551324,0,0,6883,534048,82410671,82951602
turso,concurrent,64,1,59,20941503177,0,0,5270,506045,680372205,680883520
turso,concurrent,64,1,59,21622394862,0,0,6753,10990783,927726429,938723965
turso,concurrent,64,1,59,22561119107,0,0,7595,20159266,66819055,86985916
turso,concurrent,64,1,59,22648105284,0,0,5680,523508,777016349,777545537
turso,concurrent,64,1,59,23425651112,0,0,5961,526233,2391619188,2392151382
turso,concurrent,64,1,59,25817802855,0,0,9508,9152513,858605750,867767771
turso,concurrent,64,1,59,26685570896,0,0,7655,13760420,881215400,894983475
turso,concurrent,64,1,59,27580554792,0,0,8266,26447433,461721072,488176771
turso,concurrent,64,1,59,28068731803,0,0,6583,540901,243381756,243929240
turso,concurrent,64,1,59,28312661434,0,0,7805,576858,641168507,641753170
turso,concurrent,64,1,59,28954414855,0,0,7374,23177642,195983684,219168700
turso,concurrent,64,1,59,29173583916,0,0,6262,570246,1393379081,1393955589
turso,concurrent,64,1,59,30567539876,0,0,8446,24874194,2327538511,2352421151
turso,concurrent,64,1,59,32919961388,0,0,8886,14330917,236640233,250980036
turso,concurrent,64,1,60,87405,1,0,2650923,461882,1656766333,1659879138
turso,concurrent,64,1,60,1659966884,1,0,49483,17590979,509279317,526919779
turso,concurrent,64,1,60,2186887114,1,0,9438,4109205,368944688,373063331
turso,concurrent,64,1,60,2559950805,1,0,6172,566559,25439352,26012083
turso,concurrent,64,1,60,2585963138,1,0,5280,489925,388817623,389312828
turso,concurrent,64,1,60,2975276417,1,0,5661,541782,2384143730,2384691173
turso,concurrent,64,1,60,5359967901,0,0,8927,16524816,978082495,994616238
turso,concurrent,64,1,60,6354584640,0,0,7023,539038,490044756,490590817
turso,concurrent,64,1,60,6845175717,0,0,7124,15428147,989257655,1004692926
turso,concurrent,64,1,60,7849869715,0,0,8556,11734436,1352158487,1363901479
turso,concurrent,64,1,60,9213771594,0,0,8917,14636152,871065746,885710815
turso,concurrent,64,1,60,10099488520,0,0,8556,9077702,818990065,828076323
turso,concurrent,64,1,60,10927565214,0,0,8476,14643796,70726921,85379193
turso,concurrent,64,1,60,11012944628,0,0,6011,577861,491052678,491636550
turso,concurrent,64,1,60,11504581559,0,0,7474,534298,164581149,165122921
turso,concurrent,64,1,60,11669704730,0,0,4729,429129,528341593,528775451
turso,concurrent,64,1,60,12198480593,0,0,9608,12762025,211652776,224424409
turso,concurrent,64,1,60,12422905793,0,0,5821,497960,243871050,244374831
turso,concurrent,64,1,60,12667280875,0,0,5169,542114,61275323,61822606
turso,concurrent,64,1,60,12729103741,0,0,4910,475727,195746216,196226853
turso,concurrent,64,1,60,12925330905,0,0,7504,553454,673570268,674131226
turso,concurrent,64,1,60,13599462732,0,0,7284,13629012,340676729,354313025
turso,concurrent,64,1,60,13953776037,0,0,6061,685735,980478546,981170342
turso,concurrent,64,1,60,14934946639,0,0,6423,450520,492821847,493278790
turso,concurrent,64,1,60,15428225800,0,0,6162,473153,40524490,41003805
turso,concurrent,64,1,60,15469229986,0,0,9227,491458,937896844,938397529
turso,concurrent,64,1,60,16407627895,0,0,6162,480186,441038548,441524896
turso,concurrent,64,1,60,16849153082,0,0,8245,8986681,200311531,209306457
turso,concurrent,64,1,60,17058459770,0,0,4789,460739,182019641,182485169
turso,concurrent,64,1,60,17240945269,0,0,4899,461451,3194737078,3195203428
turso,concurrent,64,1,60,20436149117,0,0,8255,17917896,509041298,526967449
turso,concurrent,64,1,60,20963116958,0,0,7384,610331,68674989,69292704
turso,concurrent,64,1,60,21032409912,0,0,5330,549648,1061571070,1062126048
turso,concurrent,64,1,60,22094546279,0,0,7133,13437801,249008907,262453841
turso,concurrent,64,1,60,22357000400,0,0,5561,628927,220192753,220827241
turso,concurrent,64,1,60,22577828042,0,0,12493,9632640,113859793,123504926
turso,concurrent,64,1,60,22701333239,0,0,5380,479625,75124981,75609986
turso,concurrent,64,1,60,22776943516,0,0,5551,493260,2677419230,2677918041
turso,concurrent,64,1,60,25454861838,0,0,7995,20934088,905976211,926918294
turso,concurrent,64,1,60,26381780372,0,0,8055,32677572,1034097620,1066783247
turso,concurrent,64,1,60,27448564110,0,0,7174,17441246,658577132,676025552
turso,concurrent,64,1,60,28124589932,0,0,4910,485506,146959783,147450199
turso,concurrent,64,1,60,28272040531,0,0,6543,444318,2044460036,2044910897
turso,concurrent,64,1,60,30316951829,0,0,8265,31656615,378382239,410047119
turso,concurrent,64,1,60,30726999318,0,0,5610,492109,405553859,406051578
turso,concurrent,64,1,60,31133051188,0,0,8396,31159386,275714467,306882249
turso,concurrent,64,1,60,31439933697,0,0,6813,670486,948819567,949496866
turso,concurrent,64,1,60,32389430984,0,0,15199,17463949,1400038629,1417517777
turso,concurrent,64,1,61,1845373,1,0,81297700,380899,934922841,1016601440
turso,concurrent,64,1,61,1018447144,1,0,7203,370750,1328950337,1329328290
turso,concurrent,64,1,61,2347775704,1,0,48762,17418784,445361457,462829003
turso,concurrent,64,1,61,2810604968,1,0,7023,455770,43529622,43992415
turso,concurrent,64,1,61,2854597663,1,0,6823,472522,175720392,176199737
turso,concurrent,64,1,61,3030797921,0,0,4909,424541,337384616,337814066
turso,concurrent,64,1,61,3368612287,0,0,6112,523949,592138474,592668535
turso,concurrent,64,1,61,3961281423,0,0,5270,435702,88009218,88450190
turso,concurrent,64,1,61,4049731933,0,0,8115,587609,419135652,419731376
turso,concurrent,64,1,61,4469464211,0,0,8446,10407732,468709711,479125889
turso,concurrent,64,1,61,4948590481,0,0,7143,557042,247785919,248350104
turso,concurrent,64,1,61,5196940855,0,0,5981,508520,2705119848,2705634349
turso,concurrent,64,1,61,7902575605,0,0,7675,31628912,206389021,238025608
turso,concurrent,64,1,61,8140601594,0,0,6462,445802,322691786,323144050
turso,concurrent,64,1,61,8463745954,0,0,6362,560046,428615163,429181571
turso,concurrent,64,1,61,8892927876,0,0,6823,8529467,754564596,763100886
turso,concurrent,64,1,61,9656029333,0,0,16081,571098,1634477077,1635064256
turso,concurrent,64,1,61,11291094601,0,0,10380,13782151,39689354,53481885
turso,concurrent,64,1,61,11344576877,0,0,7634,523498,472793439,473324571
turso,concurrent,64,1,61,11817901688,0,0,4970,457924,868156093,868618987
turso,concurrent,64,1,61,12686521026,0,0,8506,12519898,671267423,683795827
turso,concurrent,64,1,61,13370317173,0,0,8446,8935324,1472238169,1481181939
turso,concurrent,64,1,61,14851499442,0,0,6512,486539,1445885865,1446378916
turso,concurrent,64,1,61,16297878759,0,0,7755,532685,4458953374,4459493814
turso,concurrent,64,1,61,20757373073,0,0,9287,18653464,1491795960,1510458711
turso,concurrent,64,1,61,22267832166,0,0,7584,33636091,385720217,419363892
turso,concurrent,64,1,61,22687196349,0,0,8436,26084017,820289046,846381499
turso,concurrent,64,1,61,23533578119,0,0,6843,734476,141801718,142543037
turso,concurrent,64,1,61,23676121446,0,0,6914,17282677,587032478,604322069
turso,concurrent,64,1,61,24280443876,0,0,5801,490024,213313861,213809686
turso,concurrent,64,1,61,24494253862,0,0,6342,521154,273996595,274524091
turso,concurrent,64,1,61,24768778193,0,0,7615,20449954,53684788,74142357
turso,concurrent,64,1,61,24842920881,0,0,6793,526173,2899084952,2899617918
turso,concurrent,64,1,61,27742550030,0,0,9669,18187986,374025797,392223452
turso,concurrent,64,1,61,28134773732,0,0,5781,582119,121614519,122202419
turso,concurrent,64,1,61,28256976451,0,0,7785,956916,552079803,553044504
turso,concurrent,64,1,61,28810021316,0,0,8045,22691094,514759620,537458759
turso,concurrent,64,1,61,29347480456,0,0,5711,557151,1299684163,1300247025
turso,concurrent,64,1,61,30647727772,0,0,7003,7740098,82904964,90652065
turso,concurrent,64,1,61,30738380378,0,0,13215,549026,1198081692,1198643933
turso,concurrent,64,1,61,31937024712,0,0,7384,14420575,636501129,650929088
turso,concurrent,64,1,61,32587954191,0,0,8295,14819158,1267017463,1281844916
turso,concurrent,64,1,62,1547601,1,0,68849588,445681,1098086625,1167381894
turso,concurrent,64,1,62,1168929875,1,0,49674,22902573,569880819,592833066
turso,concurrent,64,1,62,1761763181,1,0,5360,505284,890661858,891172502
turso,concurrent,64,1,62,2652935924,1,0,6832,28926923,2878135896,2907069651
turso,concurrent,64,1,62,5560005876,0,0,7294,23242234,287696932,310946460
turso,concurrent,64,1,62,5870952997,0,0,6532,460990,161759915,162227437
turso,concurrent,64,1,62,6033180715,0,0,4859,471830,726706591,727183280
turso,concurrent,64,1,62,6760364395,0,0,7995,28924860,448496282,477429137
turso,concurrent,64,1,62,7237793843,0,0,7875,491117,620181259,620680251
turso,concurrent,64,1,62,7858474945,0,0,8286,23843579,2296746578,2320598443
turso,concurrent,64,1,62,10179073749,0,0,10219,20474772,407384263,427869254
turso,concurrent,64,1,62,10606943224,0,0,6131,489624,377101262,377597017
turso,concurrent,64,1,62,10984540491,0,0,5922,10774464,388679262,399459648
turso,concurrent,64,1,62,11384000460,0,0,6282,807654,594980247,595794183
turso,concurrent,64,1,62,11979795024,0,0,6703,516735,1117304794,1117828232
turso,concurrent,64,1,62,13097623587,0,0,7604,18082287,1237338200,1255428091
turso,concurrent,64,1,62,14353052058,0,0,7815,17470261,523414834,540892910
turso,concurrent,64,1,62,14893945680,0,0,5761,464997,260655738,261126496
turso,concurrent,64,1,62,15155072416,0,0,4929,517337,1552851538,1553373804
turso,concurrent,64,1,62,16708446440,0,0,6332,9824763,326034935,335866030
turso,concurrent,64,1,62,17044312871,0,0,7414,554406,763698435,764260255
turso,concurrent,64,1,62,17808573877,0,0,17192,606345,290341632,290965169
turso,concurrent,64,1,62,18099539447,0,0,7645,712825,50413253,51133723
turso,concurrent,64,1,62,18150673501,0,0,6492,469807,275473312,275949611
turso,concurrent,64,1,62,18426623362,0,0,6502,755697,814187300,814949499
turso,concurrent,64,1,62,19241573121,0,0,6974,21811354,1990403366,2012221694
turso,concurrent,64,1,62,21253795206,0,0,8576,45960279,326712384,372681239
turso,concurrent,64,1,62,21626476736,0,0,8205,20689868,561431562,582129635
turso,concurrent,64,1,62,22208606611,0,0,6292,520733,415606792,416133817
turso,concurrent,64,1,62,22624740758,0,0,7344,22466952,555583525,578057821
turso,concurrent,64,1,62,23202798960,0,0,6813,565447,2361077047,2361649307
turso,concurrent,64,1,62,25564448658,0,0,7754,20379832,335749610,356137196
turso,concurrent,64,1,62,25920586265,0,0,5791,509441,114856115,115371347
turso,concurrent,64,1,62,26035968352,0,0,7564,21992867,1891295804,1913296235
turso,concurrent,64,1,62,27949264857,0,0,8246,8915656,51225156,60149058
turso,concurrent,64,1,62,28009414185,0,0,6412,542234,1323304040,1323852686
turso,concurrent,64,1,62,29333267161,0,0,9067,18335254,171080284,189424605
turso,concurrent,64,1,62,29522692027,0,0,6141,575397,1069672539,1070254077
turso,concurrent,64,1,62,30592946515,0,0,10029,48835265,1125333196,1174178490
turso,concurrent,64,1,62,31767125386,0,0,8246,23594930,1985224162,2008827338
turso,concurrent,64,1,63,507037,1,0,2622550,371611,1009208067,1012202228
turso,concurrent,64,1,63,1012709616,1,0,7494,345722,317965046,318318262
turso,concurrent,64,1,63,1331028118,1,0,46067,3294497,1211414245,1214754809
turso,concurrent,64,1,63,2545783198,1,0,7895,17387274,633111672,650506841
turso,concurrent,64,1,63,3196290320,0,0,6923,522055,1162620638,1163149616
turso,concurrent,64,1,63,4359440717,0,0,7554,14639970,2079561221,2094208745
turso,concurrent,64,1,63,6453649772,0,0,8737,23079437,2474758154,2497846328
turso,concurrent,64,1,63,8951496391,0,0,8415,11884410,559488184,571381009
turso,concurrent,64,1,63,9522877751,0,0,6352,479895,1302030402,1302516649
turso,concurrent,64,1,63,10825395472,0,0,8967,20286416,262996575,283291958
turso,concurrent,64,1,63,11108687660,0,0,7294,15745025,897786454,913538773
turso,concurrent,64,1,63,12022226814,0,0,6923,455730,422598047,423060700
turso,concurrent,64,1,63,12445288004,0,0,8256,3754836,1596503712,1600266804
turso,concurrent,64,1,63,14045555209,0,0,8486,8997330,1146545671,1155551487
turso,concurrent,64,1,63,15201107076,0,0,6703,483422,47809069,48299194
turso,concurrent,64,1,63,15249406500,0,0,5290,442485,439096413,439544188
turso,concurrent,64,1,63,15688951018,0,0,6472,479154,1665437548,1665923174
turso,concurrent,64,1,63,17354874925,0,0,6963,16270988,391601247,407879198
turso,concurrent,64,1,63,17762754373,0,0,6422,493111,2361478224,2361977757
turso,concurrent,64,1,63,20124732401,0,0,8055,19497166,80024568,99529789
turso,concurrent,64,1,63,20224262601,0,0,6552,563774,105514414,106084740
turso,concurrent,64,1,63,20330347612,0,0,5981,614470,1584638348,1585258799
turso,concurrent,64,1,63,21915606672,0,0,7153,20528313,5049609911,5070145377
turso,concurrent,64,1,63,26985752430,0,0,8165,11910799,986808914,998727878
turso,concurrent,64,1,63,27984480548,0,0,6933,533738,331781150,332321821
turso,concurrent,64,1,63,28316802619,0,0,5160,436243,43461684,43903087
turso,concurrent,64,1,63,28360705937,0,0,4999,461030,1290620058,1291086087
turso,concurrent,64,1,63,29651792384,0,0,8937,10378857,124776918,135164712
turso,concurrent,64,1,63,29786957327,0,0,5190,434650,260072487,260512327
turso,concurrent,64,1,63,30047470004,0,0,5942,540489,258065159,258611590
turso,concurrent,64,1,63,30306081904,0,0,5149,543185,2241269558,2241817892
turso,concurrent,64,1,63,32547900198,0,0,7695,25105370,335916696,361029761
turso,concurrent,64,1,63,32908930259,0,0,5671,437185,978288533,978731389
