engine,mode,connections,run,connection,started_ns,warmup,restarts,begin_ns,work_ns,commit_ns,total_ns
turso,concurrent,64,2,0,5260,1,0,15835766,644646,45595852,62076264
turso,concurrent,64,2,0,62082457,1,0,8045,367333,316991188,317366566
turso,concurrent,64,2,0,379449253,1,0,5070,347135,948520303,948872508
turso,concurrent,64,2,0,1328322001,1,0,43322,8875891,1095078758,1103997971
turso,concurrent,64,2,0,2432320193,1,0,7093,5527913,287667926,293202932
turso,concurrent,64,2,0,2725523797,1,0,7434,429200,1728838893,1729275527
turso,concurrent,64,2,0,4454799605,0,0,6302,459146,609622542,610087990
turso,concurrent,64,2,0,5064887875,0,0,6782,477231,96132208,96616221
turso,concurrent,64,2,0,5161504357,0,0,6793,443196,175710333,176160322
turso,concurrent,64,2,0,5337665350,0,0,8486,10186945,57379321,67574752
turso,concurrent,64,2,0,5405240352,0,0,6783,538657,654486822,655032262
turso,concurrent,64,2,0,6060272894,0,0,6172,395286,1951166586,1951568044
turso,concurrent,64,2,0,8011841229,0,0,8195,9179895,1115043757,1124231847
turso,concurrent,64,2,0,9136073397,0,0,7835,9124310,2338497533,2347629678
turso,concurrent,64,2,0,11483703366,0,0,8396,6130319,1048839352,1054978067
turso,concurrent,64,2,0,12538681704,0,0,8676,13213277,193759476,206981429
turso,concurrent,64,2,0,12745663414,0,0,7273,464186,875969290,876440749
turso,concurrent,64,2,0,13622105004,0,0,8015,443928,1240025001,1240476944
turso,concurrent,64,2,0,14862582219,0,0,8576,11847860,1300863078,1312719514
turso,concurrent,64,2,0,16175301974,0,0,6422,412438,846276852,846695712
turso,concurrent,64,2,0,17021997987,0,0,8466,479154,196660772,197148392
turso,concurrent,64,2,0,17219146679,0,0,7003,455841,1184453592,1184916436
turso,concurrent,64,2,0,18404063366,0,0,6793,479535,1036419482,1036905810
turso,concurrent,64,2,0,19440969456,0,0,7535,479976,2781966377,2782453888
turso,concurrent,64,2,0,22223423615,0,0,8456,12186820,136281239,148476515
turso,concurrent,64,2,0,22371900421,0,0,6582,452945,620200325,620659852
turso,concurrent,64,2,0,22992560543,0,0,5821,443958,209079560,209529339
turso,concurrent,64,2,0,23202090072,0,0,6012,453355,258506120,258965487
turso,concurrent,64,2,0,23461055800,0,0,5741,518528,78154239,78678508
turso,concurrent,64,2,0,23539734558,0,0,5030,446612,276591994,277043636
turso,concurrent,64,2,0,23816778434,0,0,5240,429140,243122017,243556397
turso,concurrent,64,2,0,24060335321,0,0,6782,438788,242564806,243010376
turso,concurrent,64,2,0,24303345968,0,0,6262,443537,552303224,552753023
turso,concurrent,64,2,0,24856100805,0,0,6983,477932,1115489308,1115974223
turso,concurrent,64,2,0,25972075249,0,0,6853,502238,2393435396,2393944487
turso,concurrent,64,2,0,28366019986,0,0,8616,18401278,218483968,236893862
turso,concurrent,64,2,0,28602914119,0,0,6873,829165,256322539,257158577
turso,concurrent,64,2,0,28860072987,0,0,6091,499553,58572312,59077956
turso,concurrent,64,2,0,28919151203,0,0,7334,17458739,1055925586,1073391659
turso,concurrent,64,2,0,29992543112,0,0,7353,465138,864409653,864882144
turso,concurrent,64,2,0,30857425528,0,0,9207,7566851,954407333,961983391
turso,concurrent,64,2,0,31819409160,0,0,6602,552252,521251532,521810386
turso,concurrent,64,2,0,32341219847,0,0,7193,521525,19587887,20116605
turso,concurrent,64,2,0,32361336723,0,0,5139,533968,849702106,850241213
turso,concurrent,64,2,1,10320,1,0,79275464,344771,779464178,859084413
turso,concurrent,64,2,1,859095184,1,0,6783,404874,135283176,135694833
turso,concurrent,64,2,1,994790307,1,0,11332,572670,1041562178,1042146180
turso,concurrent,64,2,1,2036936808,1,0,55414,3979341,24937613,28972368
turso,concurrent,64,2,1,2065909707,1,0,7474,17999380,746979351,764986205
turso,concurrent,64,2,1,2830896633,1,0,6822,413581,217881912,218302315
turso,concurrent,64,2,1,3049199229,0,0,5490,434410,157464729,157904629
turso,concurrent,64,2,1,3207104078,0,0,5651,376651,755591143,755973445
turso,concurrent,64,2,1,3963077814,0,0,7063,450651,375889865,376347579
turso,concurrent,64,2,1,4339426304,0,0,6842,397481,85585492,85989815
turso,concurrent,64,2,1,4425416411,0,0,7043,413921,3131275299,3131696263
turso,concurrent,64,2,1,7557112944,0,0,8737,7796514,863028216,870833467
turso,concurrent,64,2,1,8427946641,0,0,7374,10413253,307398033,317818660
turso,concurrent,64,2,1,8745765551,0,0,6282,464938,1355216146,1355687366
turso,concurrent,64,2,1,10101453258,0,0,9608,1028952,205061256,206099816
turso,concurrent,64,2,1,10307553445,0,0,13546,553314,151448344,152015204
turso,concurrent,64,2,1,10459569130,0,0,7744,451983,422113452,422573179
turso,concurrent,64,2,1,10882143220,0,0,8136,13734881,2681004376,2694747393
turso,concurrent,64,2,1,13576890844,0,0,8516,6101825,635576995,641687336
turso,concurrent,64,2,1,14218578470,0,0,7424,28726104,445311984,474045512
turso,concurrent,64,2,1,14692624282,0,0,6272,418961,1283332113,1283757346
turso,concurrent,64,2,1,15976381918,0,0,13926,562302,150929725,151505953
turso,concurrent,64,2,1,16127888071,0,0,6182,456591,660768107,661230880
turso,concurrent,64,2,1,16789119282,0,0,6973,444759,159664631,160116363
turso,concurrent,64,2,1,16949235875,0,0,5290,405515,86474391,86885196
turso,concurrent,64,2,1,17036121301,0,0,5811,440882,1532208640,1532655333
turso,concurrent,64,2,1,18568776934,0,0,6873,446162,742300100,742753135
turso,concurrent,64,2,1,19311530310,0,0,7093,523578,891378241,891908912
turso,concurrent,64,2,1,20203439482,0,0,8025,20393689,1272228166,1292629880
turso,concurrent,64,2,1,21496069633,0,0,8245,28875747,1950258632,1979142624
turso,concurrent,64,2,1,23475212518,0,0,8165,549046,1650473587,1651030798
turso,concurrent,64,2,1,25126243907,0,0,6302,425203,3490363474,3490794979
turso,concurrent,64,2,1,28617039187,0,0,8035,16664951,2834172426,2850845412
turso,concurrent,64,2,1,31467886262,0,0,8295,14675998,375097550,389781843
turso,concurrent,64,2,1,31857668315,0,0,6342,479385,85261842,85747569
turso,concurrent,64,2,1,31943416174,0,0,6643,591577,162043168,162641388
turso,concurrent,64,2,1,32106057843,0,0,6041,498872,1239972662,1240477575
turso,concurrent,64,2,2,21441,1,0,3245125,333148,1533835891,1537414164
turso,concurrent,64,2,2,1537435955,1,0,42431,4581135,569795928,574419494
turso,concurrent,64,2,2,2111855730,1,0,7604,11880983,1582163939,1594052526
turso,concurrent,64,2,2,3705908536,0,0,7995,457784,1337992221,1338458000
turso,concurrent,64,2,2,5044366776,0,0,6883,567400,1248655589,1249229872
turso,concurrent,64,2,2,6293597271,0,0,8145,11771646,511087920,522867711
turso,concurrent,64,2,2,6816465223,0,0,6262,502328,566255907,566764497
turso,concurrent,64,2,2,7383230171,0,0,9858,21176406,635465144,656651408
turso,concurrent,64,2,2,8039881909,0,0,7023,500836,1797767841,1798275700
turso,concurrent,64,2,2,9838158991,0,0,17443,18559477,2731269159,2749846079
turso,concurrent,64,2,2,12588005391,0,0,9167,9271568,433249288,442530023
turso,concurrent,64,2,2,13030535634,0,0,6382,445210,227435581,227887173
turso,concurrent,64,2,2,13258423069,0,0,6502,409533,401840031,402256066
turso,concurrent,64,2,2,13660679435,0,0,7835,489975,267709249,268207059
turso,concurrent,64,2,2,13928886764,0,0,5771,449569,448905345,449360685
turso,concurrent,64,2,2,14378247629,0,0,6833,7591597,715914073,723512503
turso,concurrent,64,2,2,15101760432,0,0,7695,485176,1011452933,1011945804
turso,concurrent,64,2,2,16113707107,0,0,8195,479304,738269785,738757284
turso,concurrent,64,2,2,16852464682,0,0,6262,464787,1217812269,1218283318
turso,concurrent,64,2,2,18070748250,0,0,6933,624609,244624623,245256165
turso,concurrent,64,2,2,18316004585,0,0,6092,419191,834748535,835173818
turso,concurrent,64,2,2,19151179044,0,0,6742,573082,220585404,221165228
turso,concurrent,64,2,2,19372344583,0,0,7193,408962,144052305,144468460
turso,concurrent,64,2,2,19516813324,0,0,5971,460920,141960337,142427228
turso,concurrent,64,2,2,19659240843,0,0,7674,19722372,683616067,703346113
turso,concurrent,64,2,2,20362587207,0,0,6983,484605,323933569,324425157
turso,concurrent,64,2,2,20687012665,0,0,6572,537775,1179797635,1180341982
turso,concurrent,64,2,2,21867354948,0,0,9558,6221502,568663861,574894921
turso,concurrent,64,2,2,22442250139,0,0,6433,425362,587434728,587866523
turso,concurrent,64,2,2,23030117063,0,0,5440,437626,276052235,276495301
turso,concurrent,64,2,2,23306612634,0,0,6382,469987,63209754,63686123
turso,concurrent,64,2,2,23370299047,0,0,5862,483001,1143962405,1144451268
turso,concurrent,64,2,2,24514750575,0,0,6212,468915,78945321,79420448
turso,concurrent,64,2,2,24594172706,0,0,5831,457944,986631039,987094814
turso,concurrent,64,2,2,25581267850,0,0,6963,439971,159706098,160153032
turso,concurrent,64,2,2,25741421213,0,0,6793,786013,691341978,692134784
turso,concurrent,64,2,2,26433556538,0,0,14357,16453001,1065306711,1081774069
turso,concurrent,64,2,2,27515330857,0,0,6192,438808,978872776,979317776
turso,concurrent,64,2,2,28494648933,0,0,8476,12095147,1280314989,1292418612
turso,concurrent,64,2,2,29787067815,0,0,7685,20256299,409557555,429821539
turso,concurrent,64,2,2,30216889714,0,0,8866,20539584,459975247,480523697
turso,concurrent,64,2,2,30697413713,0,0,6201,448347,2177307043,2177761591
turso,concurrent,64,2,2,32875175535,0,0,6803,499412,596983418,597489633
turso,concurrent,64,2,3,8757,1,0,1378221,297071,46789123,48464415
turso,concurrent,64,2,3,48474084,1,0,13956,446202,672003792,672463950
turso,concurrent,64,2,3,720938285,1,0,7193,399484,244193319,244599996
turso,concurrent,64,2,3,965538521,1,0,7685,519921,98002988,98530594
turso,concurrent,64,2,3,1064069405,1,0,55615,3186324,27562558,30804497
turso,concurrent,64,2,3,1094874593,1,0,6873,447074,21368728,21822675
turso,concurrent,64,2,3,1116697579,1,0,7143,406117,1337597997,1338011257
turso,concurrent,64,2,3,2454709046,1,0,8156,14606015,1055128762,1069742933
turso,concurrent,64,2,3,3524452289,0,0,7955,517848,1766008212,1766534015
turso,concurrent,64,2,3,5290987266,0,0,8987,9196346,187506204,196711537
turso,concurrent,64,2,3,5487699094,0,0,7254,501025,774280656,774788935
turso,concurrent,64,2,3,6262488540,0,0,15649,6152302,1316719764,1322887715
turso,concurrent,64,2,3,7585376515,0,0,7564,6210291,87170604,93388459
turso,concurrent,64,2,3,7678765185,0,0,6131,534038,1693857955,1694398124
turso,concurrent,64,2,3,9373163580,0,0,7965,19463793,236057525,255529283
turso,concurrent,64,2,3,9628693293,0,0,7594,19840875,47566210,67414679
turso,concurrent,64,2,3,9696108243,0,0,6382,458836,970662772,971127990
turso,concurrent,64,2,3,10667237094,0,0,6823,419061,4085785366,4086211250
turso,concurrent,64,2,3,14753448624,0,0,8456,6792019,1016136563,1022937038
turso,concurrent,64,2,3,15776385952,0,0,12213,788178,587725275,588525666
turso,concurrent,64,2,3,16364911919,0,0,7965,524039,81474775,82006779
turso,concurrent,64,2,3,16446918948,0,0,4879,408121,301749422,302162422
turso,concurrent,64,2,3,16749081620,0,0,5530,428990,848832636,849267156
turso,concurrent,64,2,3,17598349046,0,0,6572,483152,938822240,939311964
turso,concurrent,64,2,3,18537661301,0,0,7063,408160,1085014174,1085429397
turso,concurrent,64,2,3,19623090958,0,0,7144,22452594,710248941,732708679
turso,concurrent,64,2,3,20355799947,0,0,7745,499462,423088973,423596180
turso,concurrent,64,2,3,20779396398,0,0,8095,476760,566356967,566841822
turso,concurrent,64,2,3,21346238511,0,0,9558,15831178,78440799,94281535
turso,concurrent,64,2,3,21440520336,0,0,5922,408651,674462943,674877516
turso,concurrent,64,2,3,22115398122,0,0,6913,555980,266166878,266729771
turso,concurrent,64,2,3,22382128143,0,0,5831,404253,4806633260,4807043344
turso,concurrent,64,2,3,27189171787,0,0,8066,25877838,1493886115,1519772019
turso,concurrent,64,2,3,28708945589,0,0,8266,13902337,2216139000,2230049603
turso,concurrent,64,2,3,30938995412,0,0,8777,23489812,771063664,794562253
turso,concurrent,64,2,3,31733557946,0,0,7053,660777,1206679178,1207347008
turso,concurrent,64,2,3,32940905234,0,0,7284,416316,358757271,359180871
turso,concurrent,64,2,4,19908,1,0,3208866,504312,880769118,884482296
turso,concurrent,64,2,4,884502674,1,0,6552,393042,850181882,850581476
turso,concurrent,64,2,4,1735084401,1,0,49824,23019604,129286809,152356237
turso,concurrent,64,2,4,1887440899,1,0,5731,400977,419341831,419748539
turso,concurrent,64,2,4,2307189888,1,0,7835,13252922,539894987,553155744
turso,concurrent,64,2,4,2860346193,1,0,5851,543335,596521968,597071154
turso,concurrent,64,2,4,3457417697,0,0,5801,419001,299373769,299798571
turso,concurrent,64,2,4,3757216508,0,0,6603,486458,1566346968,1566840029
turso,concurrent,64,2,4,5324056837,0,0,8606,14174191,1015419680,1029602477
turso,concurrent,64,2,4,6353660075,0,0,8236,17367627,220848531,238224394
turso,concurrent,64,2,4,6591884719,0,0,6052,398472,1372842663,1373247187
turso,concurrent,64,2,4,7965132126,0,0,7124,8916578,695774733,704698435
turso,concurrent,64,2,4,8669830822,0,0,7113,25440473,324019362,349466948
turso,concurrent,64,2,4,9019298061,0,0,6662,578392,156924048,157509102
turso,concurrent,64,2,4,9176807363,0,0,6182,505524,1409178048,1409689754
turso,concurrent,64,2,4,10586497618,0,0,17272,20298128,196826745,217142145
turso,concurrent,64,2,4,10803640054,0,0,7434,24366716,1146073369,1170447519
turso,concurrent,64,2,4,11974088635,0,0,9177,8881071,1478143404,1487033652
turso,concurrent,64,2,4,13461122618,0,0,6953,423269,254888893,255319115
turso,concurrent,64,2,4,13716442044,0,0,6673,436133,167511018,167953824
turso,concurrent,64,2,4,13884396119,0,0,6121,404764,884564471,884975356
turso,concurrent,64,2,4,14769371755,0,0,7815,32118106,964938418,997064339
turso,concurrent,64,2,4,15766436385,0,0,7314,491207,964391956,964890477
turso,concurrent,64,2,4,16731327183,0,0,7404,416987,909743650,910168041
turso,concurrent,64,2,4,17641495515,0,0,7133,469396,1079733167,1080209696
turso,concurrent,64,2,4,18721705461,0,0,6753,443056,507304040,507753849
turso,concurrent,64,2,4,19229459550,0,0,6112,434790,809512558,809953460
turso,concurrent,64,2,4,20039413211,0,0,7314,26558983,1913104863,1939671160
turso,concurrent,64,2,4,21979084842,0,0,18074,14353600,199955609,214327283
turso,concurrent,64,2,4,22193412416,0,0,6973,481238,357242864,357731075
turso,concurrent,64,2,4,22551143771,0,0,6322,469186,1143665785,1144141293
turso,concurrent,64,2,4,23695285284,0,0,6903,463966,1383567904,1384038773
turso,concurrent,64,2,4,25079324348,0,0,7394,515282,389690581,390213257
turso,concurrent,64,2,4,25469539228,0,0,6312,514992,80120429,80641733
turso,concurrent,64,2,4,25550181261,0,0,6833,436233,328363350,328806416
turso,concurrent,64,2,4,25878987968,0,0,7694,630460,1037814906,1038453060
turso,concurrent,64,2,4,26917441349,0,0,8947,42914020,242975460,285898427
turso,concurrent,64,2,4,27203340046,0,0,6282,434460,601651849,602092591
turso,concurrent,64,2,4,27805432927,0,0,7614,12646137,494127231,506780982
turso,concurrent,64,2,4,28312214220,0,0,6693,454508,2351363334,2351824535
turso,concurrent,64,2,4,30664039005,0,0,8566,18656901,1604639505,1623304972
turso,concurrent,64,2,4,32287344249,0,0,6963,522536,970552604,971082103
turso,concurrent,64,2,5,13887,1,0,32449130,586086,1121402588,1154437804
turso,concurrent,64,2,5,1154452062,1,0,41538,6069305,914523902,920634745
turso,concurrent,64,2,5,2075087047,1,0,7223,9373410,1045332093,1054712726
turso,concurrent,64,2,5,3129800014,0,0,7243,448537,3748282897,3748738677
turso,concurrent,64,2,5,6878539063,0,0,9177,4068268,279083185,283160630
turso,concurrent,64,2,5,7161700304,0,0,7374,428198,3064838053,3065273625
turso,concurrent,64,2,5,10226974330,0,0,12614,18467954,933578554,952059122
turso,concurrent,64,2,5,11179033722,0,0,7775,4802323,1226002647,1230812745
turso,concurrent,64,2,5,12409846777,0,0,8026,9090225,491789279,500887530
turso,concurrent,64,2,5,12910735009,0,0,7684,438758,674214704,674661146
turso,concurrent,64,2,5,13585396445,0,0,8527,492499,3805791402,3806292428
turso,concurrent,64,2,5,17391689164,0,0,8496,11979098,140747698,152735292
turso,concurrent,64,2,5,17544424716,0,0,5911,475047,975834221,976315179
turso,concurrent,64,2,5,18520740096,0,0,5200,415654,2683382124,2683802978
turso,concurrent,64,2,5,21204543374,0,0,9588,10807096,588482225,599298909
turso,concurrent,64,2,5,21803842824,0,0,6752,510013,97516980,98033745
turso,concurrent,64,2,5,21901876810,0,0,6232,409733,597566359,597982324
turso,concurrent,64,2,5,22499860226,0,0,6242,414011,3668835228,3669255481
turso,concurrent,64,2,5,26169116008,0,0,7233,521825,101842364,102371422
turso,concurrent,64,2,5,26271487751,0,0,5931,458776,296208294,296673001
turso,concurrent,64,2,5,26568161073,0,0,8536,21054275,303584846,324647657
turso,concurrent,64,2,5,26892809081,0,0,6773,434790,5494640925,5495082488
turso,concurrent,64,2,5,32387891859,0,0,9407,25026131,1099412898,1124448436
turso,concurrent,64,2,6,16642,1,0,62593841,368917,913933257,976896015
turso,concurrent,64,2,6,976913048,1,0,6101,450791,2118302507,2118759399
turso,concurrent,64,2,6,3095672747,0,0,49313,23107591,798426325,821583229
turso,concurrent,64,2,6,3917256206,0,0,7544,400296,21687680,22095520
turso,concurrent,64,2,6,3939352027,0,0,6733,440671,1618163419,1618610823
turso,concurrent,64,2,6,5557963632,0,0,7674,13127215,4431144962,4444279851
turso,concurrent,64,2,6,10002243753,0,0,8296,8106900,493820361,501935557
turso,concurrent,64,2,6,10504179581,0,0,7474,496547,180435791,180939812
turso,concurrent,64,2,6,10685119623,0,0,7244,22275250,84888427,107170921
turso,concurrent,64,2,6,10792291095,0,0,6773,11700732,437370276,449077781
turso,concurrent,64,2,6,11241369186,0,0,7965,502038,1851988890,1852498893
turso,concurrent,64,2,6,13093868370,0,0,8326,2994662,1966387191,1969390179
turso,concurrent,64,2,6,15063258839,0,0,8476,11860875,2759782672,2771652023
turso,concurrent,64,2,6,17834911163,0,0,6933,450520,346483437,346940890
turso,concurrent,64,2,6,18181852294,0,0,5951,416196,1960977531,1961399678
turso,concurrent,64,2,6,20143252242,0,0,9097,26882805,290093234,316985136
turso,concurrent,64,2,6,20460237669,0,0,7034,433327,108190595,108630956
turso,concurrent,64,2,6,20568869457,0,0,6873,493561,305877553,306377987
turso,concurrent,64,2,6,20875247745,0,0,9227,13199361,679134830,692343418
turso,concurrent,64,2,6,21567591414,0,0,6943,438277,220387050,220832270
turso,concurrent,64,2,6,21788423994,0,0,6783,444038,1166807850,1167258671
turso,concurrent,64,2,6,22955682966,0,0,7855,790221,1047240775,1048038851
turso,concurrent,64,2,6,24003722117,0,0,7745,448897,887027840,887484482
turso,concurrent,64,2,6,24891206879,0,0,7694,545389,2595158462,2595711545
turso,concurrent,64,2,6,27486918736,0,0,9498,20235099,1614502470,1634747067
turso,concurrent,64,2,6,29121666093,0,0,7965,19639976,185613724,205261665
turso,concurrent,64,2,6,29326928058,0,0,7023,561741,490697547,491266311
turso,concurrent,64,2,6,29818194650,0,0,7244,470908,915479857,915958009
turso,concurrent,64,2,6,30734152950,0,0,8195,15641620,287888563,303538378
turso,concurrent,64,2,6,31037691558,0,0,5882,418369,2060156108,2060580359
turso,concurrent,64,2,7,25368,1,0,66036479,385968,687998178,754420625
turso,concurrent,64,2,7,754446494,1,0,6322,389535,700688207,701084064
turso,concurrent,64,2,7,1455530808,1,0,44595,17244405,619246604,636535604
turso,concurrent,64,2,7,2092066693,1,0,7834,17354784,2261467216,2278829834
turso,concurrent,64,2,7,4370896808,0,0,6813,428579,825128569,825563961
turso,concurrent,64,2,7,5196461510,0,0,16231,12580002,527516165,540112398
turso,concurrent,64,2,7,5736574198,0,0,6352,421195,227977194,228404741
turso,concurrent,64,2,7,5964979180,0,0,6702,465339,1023127687,1023599728
turso,concurrent,64,2,7,6988579148,0,0,8105,14719119,970742442,985469666
turso,concurrent,64,2,7,7974049676,0,0,8276,10521116,464695375,475224767
turso,concurrent,64,2,7,8449274693,0,0,8276,762739,3351852918,3352623933
turso,concurrent,64,2,7,11801898876,0,0,8015,6448320,3497842819,3504299154
turso,concurrent,64,2,7,15306198311,0,0,7825,17405559,874289359,891702743
turso,concurrent,64,2,7,16197901545,0,0,5761,492449,2662003887,2662502097
turso,concurrent,64,2,7,18860403933,0,0,6402,448777,122839461,123294640
turso,concurrent,64,2,7,18983698864,0,0,7253,479055,1326536861,1327023169
turso,concurrent,64,2,7,20310722364,0,0,7284,20425979,2208661047,2229094310
turso,concurrent,64,2,7,22539817616,0,0,8155,17392314,296885032,314285501
turso,concurrent,64,2,7,22854103368,0,0,5961,450761,68404768,68861490
turso,concurrent,64,2,7,22922965098,0,0,6482,467703,862294471,862768656
turso,concurrent,64,2,7,23785734345,0,0,7193,423549,433620720,434051462
turso,concurrent,64,2,7,24219786048,0,0,6021,417538,912480126,912903685
turso,concurrent,64,2,7,25132689943,0,0,5771,414743,602090015,602510529
turso,concurrent,64,2,7,25735200683,0,0,6262,414512,1174871528,1175292302
turso,concurrent,64,2,7,26910493296,0,0,9107,18692628,168685525,187387260
turso,concurrent,64,2,7,27097880756,0,0,6603,487730,568669643,569163976
turso,concurrent,64,2,7,27667045013,0,0,7053,469236,714567661,715043950
turso,concurrent,64,2,7,28382089263,0,0,9749,18124124,371995536,390129409
turso,concurrent,64,2,7,28772218953,0,0,7123,509161,229626006,230142290
turso,concurrent,64,2,7,29002361524,0,0,9388,25671007,1068383958,1094064353
turso,concurrent,64,2,7,30096426278,0,0,8366,23146614,525501983,548656963
turso,concurrent,64,2,7,30645083471,0,0,6202,400105,1963505333,1963911640
turso,concurrent,64,2,7,32608995401,0,0,7003,573933,887010978,887591914
turso,concurrent,64,2,8,9248,1,0,16219651,550769,1561898543,1578668963
turso,concurrent,64,2,8,1578678721,1,0,45325,2436699,1391946387,1394428411
turso,concurrent,64,2,8,2973107393,1,0,8025,11716082,410240374,421964481
turso,concurrent,64,2,8,3395072064,0,0,6743,489494,393828610,394324847
turso,concurrent,64,2,8,3789397282,0,0,9187,521785,2339128434,2339659406
turso,concurrent,64,2,8,6129057209,0,0,8035,10408995,183058641,193475671
turso,concurrent,64,2,8,6322533200,0,0,7545,23022289,78679409,101709243
turso,concurrent,64,2,8,6424242734,0,0,6211,476359,178475932,178958502
turso,concurrent,64,2,8,6603201527,0,0,7624,457744,1603418762,1603884130
turso,concurrent,64,2,8,8207086549,0,0,8085,6899792,331129511,338037388
turso,concurrent,64,2,8,8545124227,0,0,8757,25509022,331024813,356542592
turso,concurrent,64,2,8,8901667169,0,0,7243,443507,3891577012,3892027762
turso,concurrent,64,2,8,12793695212,0,0,8105,22462002,339258472,361728579
turso,concurrent,64,2,8,13155424082,0,0,6883,398281,327343476,327748640
turso,concurrent,64,2,8,13483172913,0,0,5370,408962,303475409,303889741
turso,concurrent,64,2,8,13787062914,0,0,6031,453516,501780404,502239951
turso,concurrent,64,2,8,14289303157,0,0,8416,17577984,222364472,239950872
turso,concurrent,64,2,8,14529254740,0,0,6242,456682,3723196222,3723659146
turso,concurrent,64,2,8,18252914156,0,0,5951,442034,1201713487,1202161472
turso,concurrent,64,2,8,19455076009,0,0,6242,554196,1498347665,1498908103
turso,concurrent,64,2,8,20953984382,0,0,8106,12961842,768965034,781934982
turso,concurrent,64,2,8,21735919594,0,0,6052,563714,106012003,106581769
turso,concurrent,64,2,8,21842501573,0,0,4919,420254,1905091239,1905516412
turso,concurrent,64,2,8,23748018275,0,0,6743,449388,1033438507,1033894638
turso,concurrent,64,2,8,24781913203,0,0,7094,536813,245724868,246268775
turso,concurrent,64,2,8,25028182289,0,0,7845,480096,4678844347,4679332288
turso,concurrent,64,2,8,29707515158,0,0,8656,24441458,589973108,614423222
turso,concurrent,64,2,8,30321938631,0,0,7874,20256700,349540387,369804961
turso,concurrent,64,2,8,30691743822,0,0,6502,425082,154261463,154693047
turso,concurrent,64,2,8,30846437080,0,0,6051,464998,1854085618,1854556667
turso,concurrent,64,2,8,32700994017,0,0,6812,500415,859794052,860301279
turso,concurrent,64,2,9,30568,1,0,2942153,534358,287328947,290805458
turso,concurrent,64,2,9,290836537,1,0,7585,334671,853790432,854132688
turso,concurrent,64,2,9,1144969456,1,0,44694,3258099,41680632,44983425
turso,concurrent,64,2,9,1189953152,1,0,5731,394033,357162983,357562747
turso,concurrent,64,2,9,1547516149,1,0,6783,387471,60038730,60432984
turso,concurrent,64,2,9,1607949553,1,0,5650,389595,298072894,298468139
turso,concurrent,64,2,9,1906417984,1,0,6071,370680,276520979,276897730
turso,concurrent,64,2,9,2183315975,1,0,7253,5495382,774440026,779942661
turso,concurrent,64,2,9,2963258836,1,0,6873,393904,519178369,519579146
turso,concurrent,64,2,9,3482838814,0,0,6612,428890,263591969,264027471
turso,concurrent,64,2,9,3746866525,0,0,6242,483352,449054406,449544000
turso,concurrent,64,2,9,4196410856,0,0,7695,480035,888559251,889046981
turso,concurrent,64,2,9,5085458047,0,0,5961,433599,1284728027,1285167587
turso,concurrent,64,2,9,6370625904,0,0,8737,23143578,491153489,514305804
turso,concurrent,64,2,9,6884931968,0,0,5971,465820,705720985,706192776
turso,concurrent,64,2,9,7591124974,0,0,8676,18413772,64197007,82619455
turso,concurrent,64,2,9,7673744710,0,0,7173,464597,462538214,463009984
turso,concurrent,64,2,9,8136755415,0,0,6713,464547,1936984871,1937456131
turso,concurrent,64,2,9,10074211867,0,0,8115,14699011,328772943,343480069
turso,concurrent,64,2,9,10417692126,0,0,6392,450901,27272110,27729403
turso,concurrent,64,2,9,10445421829,0,0,6633,458335,4177205711,4177670679
turso,concurrent,64,2,9,14623092778,0,0,8246,7582650,1419156310,1426747206
turso,concurrent,64,2,9,16049840264,0,0,6472,410475,1046439132,1046856079
turso,concurrent,64,2,9,17096696623,0,0,7164,499402,1633015029,1633521595
turso,concurrent,64,2,9,18730218498,0,0,6733,432727,846034995,846474455
turso,concurrent,64,2,9,19576693263,0,0,9879,10188689,221962493,232161061
turso,concurrent,64,2,9,19808854544,0,0,8707,14600445,883373903,897983055
turso,concurrent,64,2,9,20706837870,0,0,6663,476449,530714681,531197793
turso,concurrent,64,2,9,21238035894,0,0,8336,21737945,992480127,1014226408
turso,concurrent,64,2,9,22252262542,0,0,7975,690864,530584486,531283325
turso,concurrent,64,2,9,22783546067,0,0,5871,442004,1430113459,1430561334
turso,concurrent,64,2,9,24214107691,0,0,6843,476720,435616325,436099888
turso,concurrent,64,2,9,24650207819,0,0,6443,473824,287734953,288215220
turso,concurrent,64,2,9,24938424562,0,0,7815,697356,389812030,390517201
turso,concurrent,64,2,9,25328942023,0,0,6382,436674,1318768281,1319211337
turso,concurrent,64,2,9,26648153590,0,0,8276,23236523,1036038453,1059283252
turso,concurrent,64,2,9,27707437103,0,0,7895,13653248,354348510,368009653
turso,concurrent,64,2,9,28075447036,0,0,6672,411006,153555932,153973610
turso,concurrent,64,2,9,28229420887,0,0,5951,506957,1375507863,1376020771
turso,concurrent,64,2,9,29605441928,0,0,7835,25001555,1174083010,1199092400
turso,concurrent,64,2,9,30804534608,0,0,9157,11033353,2672074092,2683116602
turso,concurrent,64,2,10,38784,1,0,88299735,437556,782866119,871603410
turso,concurrent,64,2,10,871642524,1,0,7204,408932,2237765024,2238181160
turso,concurrent,64,2,10,3109823934,0,0,54463,11978577,386044359,398077399
turso,concurrent,64,2,10,3507901634,0,0,5911,404493,1942821697,1943232101
turso,concurrent,64,2,10,5451133966,0,0,8726,9001609,1638080859,1647091194
turso,concurrent,64,2,10,7098225721,0,0,8626,6134177,1378555144,1384697947
turso,concurrent,64,2,10,8482924009,0,0,8095,20232474,326875011,347115580
turso,concurrent,64,2,10,8830039870,0,0,6602,481288,1777256611,1777744501
turso,concurrent,64,2,10,10607784612,0,0,9658,30073386,332492513,362575557
turso,concurrent,64,2,10,10970360851,0,0,6752,20365225,467541416,487913393
turso,concurrent,64,2,10,11458274485,0,0,8155,422648,669413343,669844146
turso,concurrent,64,2,10,12128118971,0,0,7905,514712,90369461,90892078
turso,concurrent,64,2,10,12219011350,0,0,7043,498762,154879218,155385023
turso,concurrent,64,2,10,12374396723,0,0,6863,622214,221515319,222144396
turso,concurrent,64,2,10,12596541320,0,0,6723,736109,527442516,528185348
turso,concurrent,64,2,10,13124726969,0,0,7203,696695,278859263,279563161
turso,concurrent,64,2,10,13404290380,0,0,6042,405124,1152204690,1152615856
turso,concurrent,64,2,10,14556907479,0,0,8365,20186898,202153909,222349172
turso,concurrent,64,2,10,14779256932,0,0,7173,529690,2425221665,2425758528
turso,concurrent,64,2,10,17205015751,0,0,6893,432486,1123233593,1123672972
turso,concurrent,64,2,10,18328689154,0,0,17123,491978,455247725,455756826
turso,concurrent,64,2,10,18784446271,0,0,7815,737181,1604010268,1604755264
turso,concurrent,64,2,10,20389201906,0,0,8235,30553623,493759477,524321335
turso,concurrent,64,2,10,20913523522,0,0,9498,26598949,112375122,138983569
turso,concurrent,64,2,10,21052507411,0,0,6573,481218,272635908,273123699
turso,concurrent,64,2,10,21325631400,0,0,5661,457804,773316175,773779640
turso,concurrent,64,2,10,22099411331,0,0,5681,457513,495311446,495774640
turso,concurrent,64,2,10,22595186192,0,0,6442,510363,1739930306,1740447111
turso,concurrent,64,2,10,24335633573,0,0,6392,441574,288340015,288787981
turso,concurrent,64,2,10,24624421774,0,0,7044,493421,544780167,545280632
turso,concurrent,64,2,10,25169702656,0,0,6072,588530,787191141,787785743
turso,concurrent,64,2,10,25957488690,0,0,8346,640759,241137521,241786626
turso,concurrent,64,2,10,26199275617,0,0,7694,525692,913659902,914193288
turso,concurrent,64,2,10,27113470458,0,0,8095,16936354,511463970,528408419
turso,concurrent,64,2,10,27641879188,0,0,7574,421015,117209986,117638575
turso,concurrent,64,2,10,27759518174,0,0,13165,9966339,695072899,705052403
turso,concurrent,64,2,10,28464570848,0,0,7344,462633,364231242,364701219
turso,concurrent,64,2,10,28829272328,0,0,6853,402489,1157173227,1157582569
turso,concurrent,64,2,10,29986855108,0,0,7133,9017038,1896961446,1905985617
turso,concurrent,64,2,10,31892841035,0,0,8617,18165022,1056114121,1074287760
turso,concurrent,64,2,10,32967129066,0,0,6652,445010,589381682,589833344
turso,concurrent,64,2,11,40667,1,0,6005615,416686,1159338844,1165761145
turso,concurrent,64,2,11,1165802172,1,0,44925,6058665,473447993,479551583
turso,concurrent,64,2,11,1645354036,1,0,8185,610482,1351608489,1352227156
turso,concurrent,64,2,11,2997581422,1,0,7665,17734480,273894312,291636457
turso,concurrent,64,2,11,3289218119,0,0,7645,489534,224435370,224932549
turso,concurrent,64,2,11,3514151279,0,0,7063,463224,100934320,101404607
turso,concurrent,64,2,11,3615556217,0,0,6783,504402,2157068167,2157579352
turso,concurrent,64,2,11,5773135830,0,0,7534,14561271,113197604,127766409
turso,concurrent,64,2,11,5900902550,0,0,7113,445020,1706744516,1707196649
turso,concurrent,64,2,11,7608100131,0,0,8997,18232620,301082563,319324180
turso,concurrent,64,2,11,7927424612,0,0,6703,417928,1234828393,1235253024
turso,concurrent,64,2,11,9162677927,0,0,7825,11733835,113167447,124909107
turso,concurrent,64,2,11,9287587315,0,0,6282,611624,314491740,315109646
turso,concurrent,64,2,11,9602697262,0,0,8796,11851808,1319826387,1331686991
turso,concurrent,64,2,11,10934384534,0,0,14247,8935743,174393448,183343438
turso,concurrent,64,2,11,11117728232,0,0,5861,409914,97794425,98210200
turso,concurrent,64,2,11,11215938762,0,0,6633,613528,605226675,605846836
turso,concurrent,64,2,11,11821786359,0,0,7214,431434,1187020236,1187458884
turso,concurrent,64,2,11,13009245534,0,0,8085,13182259,844996666,858187010
turso,concurrent,64,2,11,13867432794,0,0,6252,466109,228148819,228621180
turso,concurrent,64,2,11,14096054264,0,0,8596,6479469,72324085,78812150
turso,concurrent,64,2,11,14174866704,0,0,7154,537995,236774177,237319326
turso,concurrent,64,2,11,14412186280,0,0,5500,422648,831333589,831761737
turso,concurrent,64,2,11,15243948259,0,0,7123,509552,461445893,461962568
turso,concurrent,64,2,11,15705911067,0,0,6422,614460,451794467,452415349
turso,concurrent,64,2,11,16158326707,0,0,7194,532455,63541599,64081248
turso,concurrent,64,2,11,16222408226,0,0,7063,591637,1695552363,1696151063
turso,concurrent,64,2,11,17918559590,0,0,8215,493812,523786075,524288102
turso,concurrent,64,2,11,18442847952,0,0,6052,582930,805834617,806423599
turso,concurrent,64,2,11,19249271841,0,0,7364,490426,218457468,218955258
turso,concurrent,64,2,11,19468227399,0,0,7334,484595,759628963,760120892
turso,concurrent,64,2,11,20228348602,0,0,8707,27433454,566625866,594068027
turso,concurrent,64,2,11,20822417049,0,0,6042,414592,756227184,756647818
turso,concurrent,64,2,11,21579066670,0,0,8617,23265518,2466495690,2489769825
turso,concurrent,64,2,11,24068836726,0,0,7284,435361,756101317,756543962
turso,concurrent,64,2,11,24825380958,0,0,5681,590394,352237146,352833221
turso,concurrent,64,2,11,25178214500,0,0,6282,485145,1928412243,1928903670
turso,concurrent,64,2,11,27107118470,0,0,8186,33709900,955120178,988838264
turso,concurrent,64,2,11,28095956984,0,0,6342,14569788,1926670956,1941247086
turso,concurrent,64,2,11,30037204350,0,0,8426,12597034,852814471,865419931
turso,concurrent,64,2,11,30902624541,0,0,9127,14876105,1086935019,1101820251
turso,concurrent,64,2,11,32004445043,0,0,6682,521484,1022195788,1022723954
turso,concurrent,64,2,12,37030,1,0,60373802,350391,220868238,281592431
turso,concurrent,64,2,12,281630202,1,0,9468,348047,629512549,629870064
turso,concurrent,64,2,12,911500517,1,0,6973,388774,161354630,161750377
turso,concurrent,64,2,12,1073251224,1,0,70884,6748997,641354889,648174770
turso,concurrent,64,2,12,1721426225,1,0,7193,527906,83241930,83777029
turso,concurrent,64,2,12,1805203715,1,0,6873,432366,138030030,138469269
turso,concurrent,64,2,12,1943673274,1,0,5561,410224,1483759553,1484175338
turso,concurrent,64,2,12,3427848843,0,0,8386,12024253,662066988,674099627
turso,concurrent,64,2,12,4101948800,0,0,10590,461070,316016818,316488478
turso,concurrent,64,2,12,4418437940,0,0,6782,470919,563186474,563664175
turso,concurrent,64,2,12,4982102387,0,0,7033,404594,475031492,475443119
turso,concurrent,64,2,12,5457545776,0,0,8886,16739903,33241556,49990345
turso,concurrent,64,2,12,5507536392,0,0,5801,488031,739397432,739891264
turso,concurrent,64,2,12,6247427967,0,0,8967,17386132,472971053,490366152
turso,concurrent,64,2,12,6737794460,0,0,7053,429771,58305328,58742152
turso,concurrent,64,2,12,6796536923,0,0,7073,412128,1288846069,1289265270
turso,concurrent,64,2,12,8085802423,0,0,8446,25890302,513406116,539304864
turso,concurrent,64,2,12,8625108499,0,0,8847,11350501,1312417525,1323776873
turso,concurrent,64,2,12,9948885903,0,0,7854,6154606,240281706,246444166
turso,concurrent,64,2,12,10195330350,0,0,7865,695823,1447392969,1448096657
turso,concurrent,64,2,12,11643427218,0,0,8426,9002640,211445675,220456741
turso,concurrent,64,2,12,11863884139,0,0,6613,6169784,61176616,67353013
turso,concurrent,64,2,12,11931237433,0,0,7935,494012,763377319,763879266
turso,concurrent,64,2,12,12695116919,0,0,5841,493502,626607146,627106489
turso,concurrent,64,2,12,13322223678,0,0,7584,512387,1562528662,1563048633
turso,concurrent,64,2,12,14885272562,0,0,7895,14514071,2087325625,2101847591
turso,concurrent,64,2,12,16987120434,0,0,6993,449288,52253717,52709998
turso,concurrent,64,2,12,17039830632,0,0,6192,542053,368505849,369054094
turso,concurrent,64,2,12,17408885007,0,0,6763,458876,1045069336,1045534975
turso,concurrent,64,2,12,18454420202,0,0,7023,474376,768480489,768961888
turso,concurrent,64,2,12,19223382381,0,0,7033,503080,497473446,497983559
turso,concurrent,64,2,12,19721366220,0,0,8586,17472165,712189974,729670725
turso,concurrent,64,2,12,20451037226,0,0,6051,466651,31364553,31837255
turso,concurrent,64,2,12,20482875954,0,0,5460,424000,366581178,367010638
turso,concurrent,64,2,12,20849886862,0,0,7464,15133311,222067601,237208376
turso,concurrent,64,2,12,21087095519,0,0,6983,628847,499264877,499900707
turso,concurrent,64,2,12,21586996496,0,0,7134,451211,814438675,814897020
turso,concurrent,64,2,12,22401893817,0,0,6913,428128,745918779,746353820
turso,concurrent,64,2,12,23148247897,0,0,6893,520763,625636594,626164250
turso,concurrent,64,2,12,23774412428,0,0,7153,585746,222028808,222621707
turso,concurrent,64,2,12,23997034366,0,0,6582,490736,140876252,141373570
turso,concurrent,64,2,12,24138408216,0,0,14237,561650,235158638,235734525
turso,concurrent,64,2,12,24374143031,0,0,6402,470388,2443181330,2443658120
turso,concurrent,64,2,12,26817801371,0,0,7344,30569012,454351774,484928130
turso,concurrent,64,2,12,27302729762,0,0,6472,544057,738145448,738695977
turso,concurrent,64,2,12,28041425990,0,0,8155,12293241,957962062,970263458
turso,concurrent,64,2,12,29011689688,0,0,9488,20287989,2733486173,2753783650
turso,concurrent,64,2,12,31765473599,0,0,8706,17578466,95652732,113239904
turso,concurrent,64,2,12,31878713794,0,0,6532,455630,209705661,210167823
turso,concurrent,64,2,12,32088881887,0,0,6502,470849,131697799,132175150
turso,concurrent,64,2,12,32221057358,0,0,7283,557633,430626949,431191865
turso,concurrent,64,2,12,32652249503,0,0,6292,478393,456116554,456601239
turso,concurrent,64,2,13,214215,1,0,2339846,351343,1870341817,1873033006
turso,concurrent,64,2,13,1873247632,1,0,45656,9805666,731674778,741526100
turso,concurrent,64,2,13,2614773992,1,0,7945,17431087,174203479,191642511
turso,concurrent,64,2,13,2806416753,1,0,6232,549207,468101002,468656441
turso,concurrent,64,2,13,3275073444,0,0,7194,505745,243175257,243688196
turso,concurrent,64,2,13,3518762110,0,0,6493,412268,1370712804,1371131565
turso,concurrent,64,2,13,4889894015,0,0,7454,530461,1942811628,1943349543
turso,concurrent,64,2,13,6833243839,0,0,8195,23126125,50060277,73194597
turso,concurrent,64,2,13,6906438727,0,0,6372,477161,127153452,127636985
turso,concurrent,64,2,13,7034076474,0,0,6432,497649,1313245057,1313749138
turso,concurrent,64,2,13,8347825922,0,0,8997,16771973,96891581,113672551
turso,concurrent,64,2,13,8461498884,0,0,6582,14578634,159815485,174400701
turso,concurrent,64,2,13,8635899905,0,0,6723,612897,431819469,432439089
turso,concurrent,64,2,13,9068339274,0,0,7855,608038,437474141,438090034
turso,concurrent,64,2,13,9506429578,0,0,6382,12773397,493421549,506201328
turso,concurrent,64,2,13,10012631127,0,0,6903,492440,2174302693,2174802036
turso,concurrent,64,2,13,12187433353,0,0,7294,7419102,786950137,794376533
turso,concurrent,64,2,13,12981811068,0,0,13856,470799,79398235,79882890
turso,concurrent,64,2,13,13061694259,0,0,7534,530461,706755328,707293323
turso,concurrent,64,2,13,13768987832,0,0,5661,373976,256533036,256912673
turso,concurrent,64,2,13,14025900786,0,0,7644,11790212,212018436,223816292
turso,concurrent,64,2,13,14249717348,0,0,7234,6116894,1188943676,1195067804
turso,concurrent,64,2,13,15444785423,0,0,6692,429010,854202039,854637741
turso,concurrent,64,2,13,16299423394,0,0,6202,538917,214105655,214650774
turso,concurrent,64,2,13,16514074408,0,0,6122,426345,206947155,207379622
turso,concurrent,64,2,13,16721454280,0,0,5992,493341,198582769,199082102
turso,concurrent,64,2,13,16920536652,0,0,7354,525351,329400608,329933313
turso,concurrent,64,2,13,17250470205,0,0,5711,420995,282260160,282686866
turso,concurrent,64,2,13,17533157452,0,0,7414,446884,1888022856,1888477154
turso,concurrent,64,2,13,19421635177,0,0,16551,424271,1457380459,1457821281
turso,concurrent,64,2,13,20879456979,0,0,18996,14569006,81753170,96341172
turso,concurrent,64,2,13,20975798421,0,0,6062,659755,378290476,378956293
turso,concurrent,64,2,13,21354754934,0,0,5661,418941,1037591994,1038016596
turso,concurrent,64,2,13,22392773153,0,0,5690,396859,786239075,786641624
turso,concurrent,64,2,13,23179415058,0,0,8245,501517,461152929,461662691
turso,concurrent,64,2,13,23641078020,0,0,7143,716532,70429139,71152814
turso,concurrent,64,2,13,23712231145,0,0,6893,506597,87080654,87594144
turso,concurrent,64,2,13,23799825570,0,0,5590,424832,1261394541,1261824963
turso,concurrent,64,2,13,25061650823,0,0,7074,482130,1045902178,1046391382
turso,concurrent,64,2,13,26108042465,0,0,6012,467001,1115062162,1115535175
turso,concurrent,64,2,13,27223577911,0,0,8245,31505951,1338634553,1370148749
turso,concurrent,64,2,13,28593726950,0,0,8326,19568391,1331115463,1350692180
turso,concurrent,64,2,13,29944419430,0,0,13786,18783089,633824808,652621683
turso,concurrent,64,2,13,30597041373,0,0,7134,22807103,271408881,294223118
turso,concurrent,64,2,13,30891264712,0,0,7374,501276,656493329,657001979
turso,concurrent,64,2,13,31548266961,0,0,5931,455239,1140372910,1140834080
turso,concurrent,64,2,13,32689101343,0,0,7835,615291,715702724,716325850
turso,concurrent,64,2,14,116150,1,0,6326770,499162,660139100,666965032
turso,concurrent,64,2,14,667081532,1,0,6291,413010,2098047540,2098466841
turso,concurrent,64,2,14,2765548594,1,0,45566,15624899,596107585,611778050
turso,concurrent,64,2,14,3377326864,0,0,7895,539448,352000259,352547602
turso,concurrent,64,2,14,3729874777,0,0,8055,602036,1857212429,1857822520
turso,concurrent,64,2,14,5587697909,0,0,7674,17605687,329117744,346731105
turso,concurrent,64,2,14,5934429314,0,0,6372,428489,410271362,410706223
turso,concurrent,64,2,14,6345135917,0,0,7073,20228637,403524469,423760179
turso,concurrent,64,2,14,6768896327,0,0,5811,575426,207780166,208361403
turso,concurrent,64,2,14,6977258663,0,0,8326,757129,199398869,200164324
turso,concurrent,64,2,14,7177423218,0,0,5510,407379,176016090,176428979
turso,concurrent,64,2,14,7353852477,0,0,8907,13921203,274310087,288240197
turso,concurrent,64,2,14,7642092974,0,0,7715,447104,595876770,596331589
turso,concurrent,64,2,14,8238424833,0,0,6312,458635,164903658,165368605
turso,concurrent,64,2,14,8403793839,0,0,7043,6849847,615323772,622180662
turso,concurrent,64,2,14,9025974781,0,0,6102,543626,434406863,434956591
turso,concurrent,64,2,14,9460931612,0,0,8316,5460645,2149924806,2155393767
turso,concurrent,64,2,14,11616326321,0,0,8286,11905739,443018194,454932219
turso,concurrent,64,2,14,12071258831,0,0,7694,17845460,1769121067,1786974221
turso,concurrent,64,2,14,13858233312,0,0,6352,461331,3606630902,3607098585
turso,concurrent,64,2,14,17465332167,0,0,8987,12019203,1128884849,1140913039
turso,concurrent,64,2,14,18606245508,0,0,6873,470087,152241901,152718861
turso,concurrent,64,2,14,18758964680,0,0,7414,526434,1734696588,1735230436
turso,concurrent,64,2,14,20494195377,0,0,8095,14617307,1979898991,1994524393
turso,concurrent,64,2,14,22488720071,0,0,7564,12158386,132790832,144956782
turso,concurrent,64,2,14,22633677114,0,0,5440,416506,231317950,231739896
turso,concurrent,64,2,14,22865417310,0,0,7925,513149,219472793,219993867
turso,concurrent,64,2,14,23085411478,0,0,6572,517918,1359154039,1359678529
turso,concurrent,64,2,14,24445090398,0,0,7554,493241,155106087,155606882
turso,concurrent,64,2,14,24600697570,0,0,7264,412879,145473628,145893771
turso,concurrent,64,2,14,24746591612,0,0,6542,523338,25826792,26356672
turso,concurrent,64,2,14,24772948584,0,0,6432,462062,1381575014,1382043508
turso,concurrent,64,2,14,26154992393,0,0,6652,481449,726014464,726502565
turso,concurrent,64,2,14,26881497072,0,0,7003,14587652,255973069,270567724
turso,concurrent,64,2,14,27152065097,0,0,5991,430903,192374052,192810946
turso,concurrent,64,2,14,27344876303,0,0,6552,601295,2828886249,2829494096
turso,concurrent,64,2,14,30174370650,0,0,8245,20413566,2655535440,2675957251
turso,concurrent,64,2,14,32850328181,0,0,6713,435702,715753439,716195854
turso,concurrent,64,2,15,54523,1,0,15899818,806151,1322921749,1339627718
turso,concurrent,64,2,15,1339682712,1,0,42109,3169873,2768892434,2772104416
turso,concurrent,64,2,15,4111787459,0,0,9407,12160901,826302666,838472974
turso,concurrent,64,2,15,4950260683,0,0,7063,457925,1137861981,1138326969
turso,concurrent,64,2,15,6088587902,0,0,8255,37102312,156580650,193691217
turso,concurrent,64,2,15,6282280112,0,0,7063,11742221,1892036281,1903785565
turso,concurrent,64,2,15,8186065968,0,0,8215,12033501,57279331,69321047
turso,concurrent,64,2,15,8255387306,0,0,15098,610542,712390382,713016022
turso,concurrent,64,2,15,8968403569,0,0,8205,17434634,1773792444,1791235283
turso,concurrent,64,2,15,10759639663,0,0,8737,8912860,538532717,547454314
turso,concurrent,64,2,15,11307094317,0,0,8186,407278,500105063,500520527
turso,concurrent,64,2,15,11807615545,0,0,14257,805471,844033668,844853396
turso,concurrent,64,2,15,12652469221,0,0,8597,5784186,791623536,797416319
turso,concurrent,64,2,15,13449885801,0,0,5891,396859,24020353,24423103
turso,concurrent,64,2,15,13474309264,0,0,7254,454628,963514712,963976594
turso,concurrent,64,2,15,14438286148,0,0,8005,11692116,597440431,609140552
turso,concurrent,64,2,15,15047426980,0,0,7204,460589,2010827843,2011295636
turso,concurrent,64,2,15,17058723418,0,0,7664,526003,559618791,560152458
turso,concurrent,64,2,15,17618876126,0,0,6142,453927,608085069,608545138
turso,concurrent,64,2,15,18227421565,0,0,5350,432807,1254494789,1254932946
turso,concurrent,64,2,15,19482354791,0,0,6643,445471,1130689515,1131141629
turso,concurrent,64,2,15,20613496670,0,0,8455,23107450,507397826,530513731
turso,concurrent,64,2,15,21144010683,0,0,8145,35955358,1121935814,1157899317
turso,concurrent,64,2,15,22301910240,0,0,8035,433187,258915393,259356615
turso,concurrent,64,2,15,22561267157,0,0,8105,523308,116690777,117222190
turso,concurrent,64,2,15,22678489637,0,0,7264,503731,49027418,49538413
turso,concurrent,64,2,15,22728028380,0,0,6703,464587,1961820582,1962291872
turso,concurrent,64,2,15,24690320503,0,0,7624,495215,2996082002,2996584841
turso,concurrent,64,2,15,27686905574,0,0,8936,31585751,1122861371,1154456058
turso,concurrent,64,2,15,28841361894,0,0,6442,430813,256576579,257013834
turso,concurrent,64,2,15,29098376029,0,0,7764,13648659,1962380810,1976037233
turso,concurrent,64,2,15,31074413512,0,0,7424,44639908,173653110,218300442
turso,concurrent,64,2,15,31292714425,0,0,13536,478152,1059338637,1059830325
turso,concurrent,64,2,15,32352546594,0,0,6752,553976,355837952,356398680
turso,concurrent,64,2,15,32708945474,0,0,6122,491477,522326030,522823629
turso,concurrent,64,2,16,72066,1,0,95991142,421956,647102877,743515975
turso,concurrent,64,2,16,743588432,1,0,8235,437536,3466507943,3466953714
turso,concurrent,64,2,16,4210542406,0,0,61436,11326296,249139052,260526784
turso,concurrent,64,2,16,4471069450,0,0,6482,469857,1477032086,1477508425
turso,concurrent,64,2,16,5948578167,0,0,7624,11133322,736594191,747735137
turso,concurrent,64,2,16,6696313825,0,0,6893,15529699,406592980,422129572
turso,concurrent,64,2,16,7118443687,0,0,6231,374747,3042602429,3042983407
turso,concurrent,64,2,16,10161427365,0,0,8727,6551805,302218668,308779200
turso,concurrent,64,2,16,10470206795,0,0,6662,497419,168709109,169213190
turso,concurrent,64,2,16,10639420607,0,0,5841,420875,883872975,884299691
turso,concurrent,64,2,16,11523720579,0,0,7684,11773941,365923316,377704941
turso,concurrent,64,2,16,11901425670,0,0,6983,6180935,916292270,922480188
turso,concurrent,64,2,16,12823906199,0,0,7784,441884,2634702453,2635152121
turso,concurrent,64,2,16,15459058660,0,0,7905,6228716,171040739,177277360
turso,concurrent,64,2,16,15636336261,0,0,6242,445590,914036012,914487844
turso,concurrent,64,2,16,16550824586,0,0,6732,725299,814897070,815629101
turso,concurrent,64,2,16,17366453948,0,0,6693,485696,1261749641,1262242030
turso,concurrent,64,2,16,18628696769,0,0,7354,562722,2372622297,2373192373
turso,concurrent,64,2,16,21001889332,0,0,7835,19492036,1863835499,1883335370
turso,concurrent,64,2,16,22885224962,0,0,6973,512868,374743842,375263683
turso,concurrent,64,2,16,23260488866,0,0,5891,432607,332541285,332979783
turso,concurrent,64,2,16,23593468909,0,0,6012,403150,240462207,240871369
turso,concurrent,64,2,16,23834340598,0,0,8185,465008,566805013,567278206
turso,concurrent,64,2,16,24401619086,0,0,6191,412980,1605277070,1605696241
turso,concurrent,64,2,16,26007315567,0,0,6312,425643,64734511,65166466
turso,concurrent,64,2,16,26072482314,0,0,6221,462083,595519615,595987919
turso,concurrent,64,2,16,26668470574,0,0,7875,35878913,751411766,787298554
turso,concurrent,64,2,16,27455769389,0,0,6452,581117,1097207184,1097794753
turso,concurrent,64,2,16,28553564392,0,0,8867,50178140,1028800092,1078987099
turso,concurrent,64,2,16,29632551712,0,0,7644,31513014,952331315,983851973
turso,concurrent,64,2,16,30616403955,0,0,9468,9652908,649651788,659314164
turso,concurrent,64,2,16,31275718389,0,0,6562,450220,2045139879,2045596661
turso,concurrent,64,2,17,65694,1,0,15429910,1056534,40879761,57366205
turso,concurrent,64,2,17,57432240,1,0,5210,290759,1378358684,1378654653
turso,concurrent,64,2,17,1436087123,1,0,40316,3163721,35977539,39181576
turso,concurrent,64,2,17,1475268980,1,0,6832,436514,521759180,522202526
turso,concurrent,64,2,17,1997471747,1,0,6522,480226,200276876,200763624
turso,concurrent,64,2,17,2198235973,1,0,7484,17432590,36403613,53843687
turso,concurrent,64,2,17,2252079961,1,0,6432,404714,146934905,147346051
turso,concurrent,64,2,17,2399426423,1,0,6673,438708,111271840,111717221
turso,concurrent,64,2,17,2511143954,1,0,7404,683260,1468315937,1469006601
turso,concurrent,64,2,17,3980151446,0,0,7294,413009,113669716,114090019
turso,concurrent,64,2,17,4094241775,0,0,8416,742812,381781585,382532813
turso,concurrent,64,2,17,4476774818,0,0,5440,408672,177522993,177937105
turso,concurrent,64,2,17,4654712164,0,0,5690,533998,1880836124,1881375812
turso,concurrent,64,2,17,6536088206,0,0,9218,10120019,229755019,239884256
turso,concurrent,64,2,17,6775972723,0,0,6572,473093,396985578,397465243
turso,concurrent,64,2,17,7173438277,0,0,6302,394244,192236462,192637008
turso,concurrent,64,2,17,7366075505,0,0,7765,8892102,676202716,685102583
turso,concurrent,64,2,17,8051178749,0,0,7034,409052,175693450,176109536
turso,concurrent,64,2,17,8227288496,0,0,5901,478914,160390560,160875375
turso,concurrent,64,2,17,8388164131,0,0,7424,13572275,464220829,477800528
turso,concurrent,64,2,17,8865964950,0,0,8085,627925,596479858,597115868
turso,concurrent,64,2,17,9463081048,0,0,7595,6119860,1860509912,1866637367
turso,concurrent,64,2,17,11329718666,0,0,7253,5547570,440711741,446266564
turso,concurrent,64,2,17,11775985551,0,0,8736,504583,227441683,227955002
turso,concurrent,64,2,17,12003940844,0,0,7474,9106186,1351495004,1360608664
turso,concurrent,64,2,17,13364549789,0,0,5691,420944,310792669,311219304
turso,concurrent,64,2,17,13675769343,0,0,5841,414091,265901227,266321159
turso,concurrent,64,2,17,13942090794,0,0,7574,578212,2641977942,2642563728
turso,concurrent,64,2,17,16584654803,0,0,9117,6665530,636314295,642988942
turso,concurrent,64,2,17,17227643936,0,0,5300,433929,701841453,702280682
turso,concurrent,64,2,17,17929924929,0,0,7945,619620,151517764,152145329
turso,concurrent,64,2,17,18082070538,0,0,7935,421665,57202818,57632418
turso,concurrent,64,2,17,18139703187,0,0,5771,396438,1657303387,1657705596
turso,concurrent,64,2,17,19797410476,0,0,7815,11924324,888981728,900913867
turso,concurrent,64,2,17,20698324553,0,0,6142,427948,609901969,610336059
turso,concurrent,64,2,17,21308660912,0,0,8236,21859244,1615161634,1637029114
turso,concurrent,64,2,17,22945690296,0,0,8245,622275,333997633,334628153
turso,concurrent,64,2,17,23280318740,0,0,7054,486808,368780068,369273930
turso,concurrent,64,2,17,23649592940,0,0,5320,402349,1859562745,1859970414
turso,concurrent,64,2,17,25509563555,0,0,6592,497269,424829628,425333489
turso,concurrent,64,2,17,25934897314,0,0,6923,588832,1905557639,1906153394
turso,concurrent,64,2,17,27841050998,0,0,8777,15353496,24655682,40017955
turso,concurrent,64,2,17,27881069243,0,0,7123,497038,100667467,101171628
turso,concurrent,64,2,17,27982241182,0,0,6573,446442,1158237005,1158690020
turso,concurrent,64,2,17,29140931512,0,0,9368,24564199,139778680,164352247
turso,concurrent,64,2,17,29305284030,0,0,6903,499011,168784012,169289926
turso,concurrent,64,2,17,29474574256,0,0,5981,423089,1949908662,1950337732
turso,concurrent,64,2,17,31424912258,0,0,10039,23148217,148216765,171375021
turso,concurrent,64,2,17,31596287559,0,0,6122,426926,85859068,86292116
turso,concurrent,64,2,17,31682579906,0,0,5751,424461,1812372925,1812803137
turso,concurrent,64,2,18,111531,1,0,1993452,322920,1952609789,1954926161
turso,concurrent,64,2,18,1955037993,1,0,42610,6027566,694326671,700396847
turso,concurrent,64,2,18,2655435130,1,0,7374,14556272,121085160,135648806
turso,concurrent,64,2,18,2791084187,1,0,6031,622685,2307163418,2307792134
turso,concurrent,64,2,18,5098876621,0,0,7735,417478,726397297,726822510
turso,concurrent,64,2,18,5825700012,0,0,6893,17762102,1702318713,1720087708
turso,concurrent,64,2,18,7545787981,0,0,7514,12491695,958139597,970638806
turso,concurrent,64,2,18,8516427028,0,0,7434,17484498,353511160,371003092
turso,concurrent,64,2,18,8887430431,0,0,5540,442015,720550783,720998338
turso,concurrent,64,2,18,9608429600,0,0,9288,17974923,1764630092,1782614303
turso,concurrent,64,2,18,11391044223,0,0,8486,2429134,18060355,20497975
turso,concurrent,64,2,18,11411542469,0,0,5891,419973,227277744,227703608
turso,concurrent,64,2,18,11639246267,0,0,6011,445892,634494612,634946515
turso,concurrent,64,2,18,12274193003,0,0,12373,9055029,356319561,365386963
turso,concurrent,64,2,18,12639580206,0,0,5862,399764,1212412879,1212818505
turso,concurrent,64,2,18,13852399272,0,0,6432,386770,447887664,448280866
turso,concurrent,64,2,18,14300680399,0,0,7434,25015891,1641637071,1666660396
turso,concurrent,64,2,18,15967341617,0,0,6362,405866,466026838,466439066
turso,concurrent,64,2,18,16433781013,0,0,8486,750828,1580859146,1581618460
turso,concurrent,64,2,18,18015399773,0,0,7475,691555,642915614,643614644
turso,concurrent,64,2,18,18659014697,0,0,7393,501878,1552416026,1552925297
turso,concurrent,64,2,18,20211940295,0,0,9578,42609726,2090177466,2132796770
turso,concurrent,64,2,18,22344737367,0,0,9157,11734015,540068876,551812048
turso,concurrent,64,2,18,22896549675,0,0,7544,559105,177733741,178300390
turso,concurrent,64,2,18,23074850366,0,0,7174,455990,414040436,414503600
turso,concurrent,64,2,18,23489354136,0,0,6984,531382,1614044617,1614582983
turso,concurrent,64,2,18,25103937359,0,0,5631,437846,457220879,457664356
turso,concurrent,64,2,18,25561601995,0,0,6072,426004,618400218,618832294
turso,concurrent,64,2,18,26180434559,0,0,6312,502228,503015775,503524315
turso,concurrent,64,2,18,26683959125,0,0,7494,14594875,2991967326,3006569695
turso,concurrent,64,2,18,29690529101,0,0,7784,20221364,249132249,269361397
turso,concurrent,64,2,18,29959890929,0,0,11361,464968,809060575,809536904
turso,concurrent,64,2,18,30769428143,0,0,8997,48899437,932164856,981073290
turso,concurrent,64,2,18,31750502985,0,0,6682,498541,151018873,151524096
turso,concurrent,64,2,18,31902027393,0,0,6322,421746,686608064,687036132
turso,concurrent,64,2,18,32589063805,0,0,7665,686225,579236074,579929964
turso,concurrent,64,2,19,78268,1,0,23650676,334521,385643653,409628850
turso,concurrent,64,2,19,409707499,1,0,5600,326657,830842252,831174509
turso,concurrent,64,2,19,1240882289,1,0,46668,17978881,861506695,879532244
turso,concurrent,64,2,19,2120414753,1,0,7695,6216622,1457386210,1463610527
turso,concurrent,64,2,19,3584025550,0,0,7364,409303,467836242,468252909
turso,concurrent,64,2,19,4052278900,0,0,6663,449278,559331298,559787239
turso,concurrent,64,2,19,4612066379,0,0,6081,466891,659632204,660105176
turso,concurrent,64,2,19,5272171816,0,0,8005,19472149,207392977,226873131
turso,concurrent,64,2,19,5499045187,0,0,7614,706644,1214500890,1215215148
turso,concurrent,64,2,19,6714261186,0,0,8947,8957235,747296970,756263152
turso,concurrent,64,2,19,7470524629,0,0,8576,21290351,36584775,57883702
turso,concurrent,64,2,19,7528408581,0,0,5611,386529,1999550480,1999942620
turso,concurrent,64,2,19,9528351671,0,0,15079,14612838,1457684363,1472312280
turso,concurrent,64,2,19,11000664201,0,0,8206,9882460,2011458133,2021348799
turso,concurrent,64,2,19,13022013240,0,0,9618,11773269,1224431352,1236214239
turso,concurrent,64,2,19,14258227709,0,0,7134,14551482,58113626,72672242
turso,concurrent,64,2,19,14330900182,0,0,6312,429410,856076948,856512670
turso,concurrent,64,2,19,15187413633,0,0,6623,445430,1981922110,1982374163
turso,concurrent,64,2,19,17169788036,0,0,6082,417197,128370179,128793458
turso,concurrent,64,2,19,17298581714,0,0,5861,420674,316310714,316737249
turso,concurrent,64,2,19,17615319244,0,0,7504,473333,606933747,607414584
turso,concurrent,64,2,19,18222734068,0,0,6001,440672,1712573696,1713020369
turso,concurrent,64,2,19,19935754759,0,0,7684,24436789,108663698,133108171
turso,concurrent,64,2,19,20068863110,0,0,5220,414382,4293535987,4293955589
turso,concurrent,64,2,19,24362818949,0,0,8866,14275071,99122291,113406228
turso,concurrent,64,2,19,24476225378,0,0,5991,463605,926909337,927378933
turso,concurrent,64,2,19,25403604682,0,0,6843,457193,91357887,91821923
turso,concurrent,64,2,19,25495426905,0,0,7093,439781,627755763,628202637
turso,concurrent,64,2,19,26123629773,0,0,5731,434700,273789394,274229825
turso,concurrent,64,2,19,26397859909,0,0,9047,12231935,1223284216,1235525198
turso,concurrent,64,2,19,27633385347,0,0,12995,469987,192182049,192665031
turso,concurrent,64,2,19,27826050819,0,0,15580,7161565,349277441,356454586
turso,concurrent,64,2,19,28182505685,0,0,6823,440071,571618437,572065331
turso,concurrent,64,2,19,28754572499,0,0,6362,535451,456094182,456635995
turso,concurrent,64,2,19,29211208704,0,0,8516,14637464,1234248429,1248894409
turso,concurrent,64,2,19,30460103384,0,0,7324,4713426,286680994,291401744
turso,concurrent,64,2,19,30751505408,0,0,7094,472682,867137421,867617197
turso,concurrent,64,2,19,31619122835,0,0,7163,444479,102666700,103118342
turso,concurrent,64,2,19,31722241408,0,0,5000,521674,1233044807,1233571481
turso,concurrent,64,2,19,32955813160,0,0,7354,420774,436007844,436435972
turso,concurrent,64,2,20,792,1,0,7618639,312479,1032578894,1040510012
turso,concurrent,64,2,20,1040511114,1,0,60053,5978964,1732628997,1738668014
turso,concurrent,64,2,20,2779179439,1,0,7685,12539786,1142486980,1155034451
turso,concurrent,64,2,20,3934214210,0,0,6202,412839,469658021,470077062
turso,concurrent,64,2,20,4404291552,0,0,7043,484464,470966270,471457777
turso,concurrent,64,2,20,4875749871,0,0,5551,421365,302432742,302859658
turso,concurrent,64,2,20,5178609859,0,0,7825,21470210,1107655684,1129133719
turso,concurrent,64,2,20,6307743929,0,0,8506,14581690,1075805053,1090395249
turso,concurrent,64,2,20,7398139488,0,0,7764,6413324,290862806,297283894
turso,concurrent,64,2,20,7695424475,0,0,5801,407369,157971505,158384675
turso,concurrent,64,2,20,7853809360,0,0,6342,637774,101438121,102082237
turso,concurrent,64,2,20,7955891857,0,0,5791,407730,416321029,416734550
turso,concurrent,64,2,20,8372626658,0,0,8536,14590606,543745584,558344726
turso,concurrent,64,2,20,8930971675,0,0,7684,506266,1446614189,1447128139
turso,concurrent,64,2,20,10378100105,0,0,8626,20783345,547886218,568678189
turso,concurrent,64,2,20,10946778575,0,0,7354,14563094,476488703,491059151
turso,concurrent,64,2,20,11437837996,0,0,5991,415464,213698957,214120412
turso,concurrent,64,2,20,11651959080,0,0,5771,474235,81257785,81737791
turso,concurrent,64,2,20,11733697141,0,0,7224,423980,684636263,685067467
turso,concurrent,64,2,20,12418764928,0,0,8837,12652639,1717992293,1730653769
turso,concurrent,64,2,20,14149418958,0,0,9308,14596737,1260882104,1275488149
turso,concurrent,64,2,20,15424907527,0,0,10039,643284,629857821,630511144
turso,concurrent,64,2,20,16055418892,0,0,6292,454739,217093113,217554144
turso,concurrent,64,2,20,16272973316,0,0,6983,437336,280950108,281394427
turso,concurrent,64,2,20,16554368034,0,0,6362,441844,1035035720,1035483926
turso,concurrent,64,2,20,17589852251,0,0,7083,554126,2247123997,2247685206
turso,concurrent,64,2,20,19837537697,0,0,7655,28237201,1471187106,1499431962
turso,concurrent,64,2,20,21336969879,0,0,8306,9685158,1631748939,1641442403
turso,concurrent,64,2,20,22978412542,0,0,6372,446804,466247634,466700810
turso,concurrent,64,2,20,23445113653,0,0,7494,500074,400023421,400530989
turso,concurrent,64,2,20,23845644933,0,0,6663,452183,543977813,544436659
turso,concurrent,64,2,20,24390081872,0,0,5460,547424,1861082463,1861635347
turso,concurrent,64,2,20,26251717489,0,0,6542,482200,254687383,255176125
turso,concurrent,64,2,20,26506896730,0,0,8647,15629707,598741877,614380231
turso,concurrent,64,2,20,27121277242,0,0,7464,448787,18516616,18972867
turso,concurrent,64,2,20,27140250389,0,0,7004,764312,22340052,23111368
turso,concurrent,64,2,20,27163362037,0,0,7093,535952,995965134,996508179
turso,concurrent,64,2,20,28159870456,0,0,7695,11755075,334324871,346087641
turso,concurrent,64,2,20,28505958447,0,0,6963,673462,468372014,469052439
turso,concurrent,64,2,20,28975011156,0,0,7685,16151792,489758326,505917803
turso,concurrent,64,2,20,29480929209,0,0,5761,388333,373663404,374057498
turso,concurrent,64,2,20,29854986937,0,0,5931,440812,2453716443,2454163186
turso,concurrent,64,2,20,32309151024,0,0,21200,21189310,448228217,469438727
turso,concurrent,64,2,20,32778590062,0,0,6432,753151,615244552,616004135
turso,concurrent,64,2,21,63009,1,0,6586802,438938,1284631815,1291657555
turso,concurrent,64,2,21,1291720985,1,0,41969,5965779,146482633,152490381
turso,concurrent,64,2,21,1444211616,1,0,10189,408381,171818999,172237569
turso,concurrent,64,2,21,1616449405,1,0,5420,393373,2293765582,2294164375
turso,concurrent,64,2,21,3910614050,0,0,8366,9860169,655928363,665796898
turso,concurrent,64,2,21,4576411489,0,0,5992,421124,130235339,130662455
turso,concurrent,64,2,21,4707074235,0,0,8456,965723,639389910,640364089
turso,concurrent,64,2,21,5347438574,0,0,8325,11784561,496719112,508511998
turso,concurrent,64,2,21,5855950724,0,0,7133,529069,349247604,349783806
turso,concurrent,64,2,21,6205735231,0,0,6152,427887,1168409373,1168843412
turso,concurrent,64,2,21,7374578973,0,0,8266,9066281,95384787,104459334
turso,concurrent,64,2,21,7479038527,0,0,5450,406538,2191600739,2192012727
turso,concurrent,64,2,21,9671051535,0,0,8155,10759176,171609543,182376874
turso,concurrent,64,2,21,9853428699,0,0,8225,659485,63703105,64370815
turso,concurrent,64,2,21,9917805265,0,0,5821,436073,422305825,422747719
turso,concurrent,64,2,21,10340553274,0,0,6533,395226,8759500773,8759902532
turso,concurrent,64,2,21,19100456146,0,0,9789,570596,1163072501,1163652886
turso,concurrent,64,2,21,20264110013,0,0,8005,28708130,458959921,487676056
turso,concurrent,64,2,21,20751786390,0,0,13556,434280,465518388,465966224
turso,concurrent,64,2,21,21217752914,0,0,9488,17126713,1696601093,1713737294
turso,concurrent,64,2,21,22931490438,0,0,8436,554256,681704689,682267381
turso,concurrent,64,2,21,23613758050,0,0,6202,403000,376080185,376489387
turso,concurrent,64,2,21,23990247697,0,0,6893,467763,186698962,187173618
turso,concurrent,64,2,21,24177421565,0,0,5601,411025,309709736,310126362
turso,concurrent,64,2,21,24487548247,0,0,7835,547754,118344137,118899726
turso,concurrent,64,2,21,24606448223,0,0,6242,437265,51574916,52018423
turso,concurrent,64,2,21,24658466877,0,0,4939,433568,80559889,80998396
turso,concurrent,64,2,21,24739465463,0,0,6512,502959,1394488154,1394997625
turso,concurrent,64,2,21,26134463419,0,0,5540,434671,733187321,733627532
turso,concurrent,64,2,21,26868091222,0,0,9287,13111264,1375586412,1388706963
turso,concurrent,64,2,21,28256798445,0,0,9057,20401524,46393327,66803908
turso,concurrent,64,2,21,28323602593,0,0,5661,411727,2011939320,2012356708
turso,concurrent,64,2,21,30335959591,0,0,8086,22654305,63569252,86231643
turso,concurrent,64,2,21,30422192707,0,0,6051,450611,2197658753,2198115415
turso,concurrent,64,2,21,32620308392,0,0,6683,609260,501582150,502198093
turso,concurrent,64,2,22,64703,1,0,20837846,358416,688373086,709569348
turso,concurrent,64,2,22,709634511,1,0,6713,352415,590209785,590568913
turso,concurrent,64,2,22,1300203664,1,0,41549,8849060,1541260082,1550150691
turso,concurrent,64,2,22,2850354646,1,0,7334,10772070,254442922,265222326
turso,concurrent,64,2,22,3115577192,0,0,6232,409262,748407296,748822790
turso,concurrent,64,2,22,3864400854,0,0,5981,396388,26059041,26461410
turso,concurrent,64,2,22,3890862564,0,0,6222,461611,749107718,749575551
turso,concurrent,64,2,22,4640438425,0,0,8627,583751,1218541265,1219133643
turso,concurrent,64,2,22,5859572288,0,0,7343,28130220,283325151,311462714
turso,concurrent,64,2,22,6171035834,0,0,7174,424110,291401834,291833118
turso,concurrent,64,2,22,6462869182,0,0,8005,9006969,350272107,359287081
turso,concurrent,64,2,22,6822156484,0,0,6232,411055,881704294,882121581
turso,concurrent,64,2,22,7704278405,0,0,6673,11722874,100031316,111760863
turso,concurrent,64,2,22,7816039518,0,0,5170,448937,483570508,484024615
turso,concurrent,64,2,22,8300064413,0,0,5801,487240,275279005,275772046
turso,concurrent,64,2,22,8575836730,0,0,7524,13192298,604739155,617938977
turso,concurrent,64,2,22,9193775977,0,0,6993,501788,777928580,778437361
turso,concurrent,64,2,22,9972214339,0,0,8966,9259797,1334104623,1343373386
turso,concurrent,64,2,22,11315587947,0,0,8506,20243305,960979937,981231748
turso,concurrent,64,2,22,12296819986,0,0,7674,11851848,2943759936,2955619458
turso,concurrent,64,2,22,15252439644,0,0,7755,17469459,416856491,434333705
turso,concurrent,64,2,22,15686773629,0,0,7615,580926,325732225,326320766
turso,concurrent,64,2,22,16013094675,0,0,6422,425804,594945863,595378089
turso,concurrent,64,2,22,16608473084,0,0,6913,420162,3499394979,3499822054
turso,concurrent,64,2,22,20108295430,0,0,8907,17508954,677627415,695145276
turso,concurrent,64,2,22,20803440936,0,0,6242,457393,166165179,166628814
turso,concurrent,64,2,22,20970070000,0,0,7174,18106832,1275399352,1293513358
turso,concurrent,64,2,22,22263583648,0,0,6563,498470,1685021659,1685526692
turso,concurrent,64,2,22,23949110591,0,0,5971,436374,93814633,94256978
turso,concurrent,64,2,22,24043367849,0,0,6832,429351,483087595,483523778
turso,concurrent,64,2,22,24526891949,0,0,6112,443116,957195736,957644964
turso,concurrent,64,2,22,25484537233,0,0,6281,441974,498415715,498863970
turso,concurrent,64,2,22,25983401445,0,0,6121,584122,2666405634,2666995877
turso,concurrent,64,2,22,28650399877,0,0,8486,6741994,631125554,637876034
turso,concurrent,64,2,22,29288276131,0,0,8426,16551147,429285577,445845150
turso,concurrent,64,2,22,29734121591,0,0,7715,415124,1782608862,1783031701
turso,concurrent,64,2,22,31517153582,0,0,7354,18740508,71813141,90561003
turso,concurrent,64,2,22,31607714805,0,0,5740,423249,1732519841,1732948830
turso,concurrent,64,2,23,172867,1,0,33450700,512177,201776597,235739474
turso,concurrent,64,2,23,235912691,1,0,5751,356583,382196768,382559102
turso,concurrent,64,2,23,618471993,1,0,6743,323781,487417167,487747691
turso,concurrent,64,2,23,1106219915,1,0,43211,3204378,1641795600,1645043189
turso,concurrent,64,2,23,2751263394,1,0,8156,12752236,1031416931,1044177323
turso,concurrent,64,2,23,3795441288,0,0,6422,445961,4562533026,4562985409
turso,concurrent,64,2,23,8358427029,0,0,9779,26022251,304705491,330737521
turso,concurrent,64,2,23,8689164900,0,0,5852,493842,590751627,591251321
turso,concurrent,64,2,23,9280416511,0,0,8456,491688,989867927,990368071
turso,concurrent,64,2,23,10270785624,0,0,9949,8947707,272473390,281431046
turso,concurrent,64,2,23,10552216850,0,0,6322,394024,1279806499,1280206845
turso,concurrent,64,2,23,11832424006,0,0,1824553,7124004,1970735298,1979683855
turso,concurrent,64,2,23,13812108132,0,0,6352,430733,101712358,102149443
turso,concurrent,64,2,23,13914257816,0,0,6201,419833,190818035,191244069
turso,concurrent,64,2,23,14105502085,0,0,6492,8340190,531396308,539742990
turso,concurrent,64,2,23,14645245356,0,0,5510,468845,257459575,257933930
turso,concurrent,64,2,23,14903179537,0,0,6853,421205,62627945,63056003
turso,concurrent,64,2,23,14966236492,0,0,7084,443416,754474396,754924896
turso,concurrent,64,2,23,15721161689,0,0,6723,478883,596374730,596860336
turso,concurrent,64,2,23,16318022295,0,0,6903,443086,1257210525,1257660514
turso,concurrent,64,2,23,17575683109,0,0,7374,429441,1912694128,1913130943
turso,concurrent,64,2,23,19488814332,0,0,7374,547994,161361513,161916881
turso,concurrent,64,2,23,19650731514,0,0,8646,28213456,979125313,1007347415
turso,concurrent,64,2,23,20658079290,0,0,6782,468655,332012467,332487904
turso,concurrent,64,2,23,20990567484,0,0,8506,33579743,1565363352,1598951601
turso,concurrent,64,2,23,22589519387,0,0,8085,524089,29213524,29745698
turso,concurrent,64,2,23,22619265375,0,0,6613,473924,127472535,127953072
turso,concurrent,64,2,23,22747218718,0,0,5811,591636,602611130,603208577
turso,concurrent,64,2,23,23350427615,0,0,6112,487750,882908555,883402417
turso,concurrent,64,2,23,24233830293,0,0,6332,492750,377796904,378295986
turso,concurrent,64,2,23,24612126520,0,0,6131,518479,389832789,390357399
turso,concurrent,64,2,23,25002484130,0,0,6342,482570,1461173637,1461662549
turso,concurrent,64,2,23,26464147461,0,0,16661,31641667,722089778,753748106
turso,concurrent,64,2,23,27217896959,0,0,6573,436063,154966974,155409610
turso,concurrent,64,2,23,27373306799,0,0,5230,427216,459297398,459729844
turso,concurrent,64,2,23,27833036914,0,0,8265,9802170,511862312,521672747
turso,concurrent,64,2,23,28354710001,0,0,7084,409643,365125710,365542437
turso,concurrent,64,2,23,28720252738,0,0,6142,454899,66440180,66901221
turso,concurrent,64,2,23,28787154269,0,0,8186,502629,382984594,383495409
turso,concurrent,64,2,23,29170649949,0,0,8045,11816962,260923603,272748610
turso,concurrent,64,2,23,29443398839,0,0,7324,465509,144610318,145083151
turso,concurrent,64,2,23,29588482301,0,0,6442,454388,2601139549,2601600379
turso,concurrent,64,2,23,32190082941,0,0,9598,27776031,1271944431,1299730060
turso,concurrent,64,2,24,3106,1,0,47253531,372002,2444121484,2491747017
turso,concurrent,64,2,24,2491750644,1,0,51767,10705835,28505057,39262659
turso,concurrent,64,2,24,2531013563,1,0,7404,588861,2056171789,2056768054
turso,concurrent,64,2,24,4587781898,0,0,7464,467553,163163363,163638380
turso,concurrent,64,2,24,4751420538,0,0,5591,408060,264216888,264630539
turso,concurrent,64,2,24,5016051558,0,0,6262,461711,2928719812,2929187785
turso,concurrent,64,2,24,7945239644,0,0,7193,8233369,816043283,824283845
turso,concurrent,64,2,24,8769524080,0,0,8185,21443921,456396783,477848889
turso,concurrent,64,2,24,9247373189,0,0,7043,453315,513955864,514416222
turso,concurrent,64,2,24,9761791355,0,0,19196,23573560,1130716015,1154308771
turso,concurrent,64,2,24,10916100437,0,0,8897,16215702,353453242,369677841
turso,concurrent,64,2,24,11285778648,0,0,7404,481650,3705522897,3706011951
turso,concurrent,64,2,24,14991790870,0,0,7785,2065097,889086466,891159348
turso,concurrent,64,2,24,15882950498,0,0,6743,456561,376508423,376971727
turso,concurrent,64,2,24,16259922515,0,0,7243,480187,1320946460,1321433890
turso,concurrent,64,2,24,17581356677,0,0,6392,424892,188984765,189416049
turso,concurrent,64,2,24,17770773006,0,0,6332,443788,1030211476,1030661596
turso,concurrent,64,2,24,18801435664,0,0,7474,621774,81034644,81663892
turso,concurrent,64,2,24,18883099836,0,0,7554,476119,295873864,296357537
turso,concurrent,64,2,24,19179457593,0,0,5530,403312,774584168,774993010
turso,concurrent,64,2,24,19954450884,0,0,8205,14438901,2510680448,2525127554
turso,concurrent,64,2,24,22479578749,0,0,9077,15270730,1855026864,1870306671
turso,concurrent,64,2,24,24349885851,0,0,13726,466781,201975171,202455678
turso,concurrent,64,2,24,24552341750,0,0,6262,439259,756162963,756608484
turso,concurrent,64,2,24,25308950464,0,0,7063,439240,2303496126,2303942429
turso,concurrent,64,2,24,27612893193,0,0,9268,23104685,1549691584,1572805537
turso,concurrent,64,2,24,29185699041,0,0,8175,17476864,16555725,34040764
turso,concurrent,64,2,24,29219740105,0,0,7013,493150,971156774,971656937
turso,concurrent,64,2,24,30191397364,0,0,8726,40116231,1843270787,1883395744
turso,concurrent,64,2,24,32074793759,0,0,6232,407259,1058648694,1059062185
turso,concurrent,64,2,25,46478,1,0,1292470,377542,1716486882,1718156894
turso,concurrent,64,2,25,1718203803,1,0,42701,6100302,1973014349,1979157352
turso,concurrent,64,2,25,3697361435,0,0,7975,14731523,237319015,252058513
turso,concurrent,64,2,25,3949420108,0,0,5090,399944,1057710274,1058115308
turso,concurrent,64,2,25,5007535757,0,0,6833,429220,901528386,901964439
turso,concurrent,64,2,25,5909500717,0,0,7985,9718191,766643172,776369348
turso,concurrent,64,2,25,6685870375,0,0,7394,11964781,1020617049,1032589224
turso,concurrent,64,2,25,7718459879,0,0,7975,18043894,283823281,301875150
turso,concurrent,64,2,25,8020335249,0,0,5771,678210,2851941841,2852625822
turso,concurrent,64,2,25,10872961983,0,0,7514,9619925,1766830414,1776457853
turso,concurrent,64,2,25,12649420097,0,0,8115,3462114,306183290,309653519
turso,concurrent,64,2,25,12959073917,0,0,8165,644547,580701199,581353911
turso,concurrent,64,2,25,13540428159,0,0,6202,434219,619873458,620313879
turso,concurrent,64,2,25,14160742318,0,0,8015,8980438,105440155,114428608
turso,concurrent,64,2,25,14275171216,0,0,6964,437295,392257956,392702215
turso,concurrent,64,2,25,14667873631,0,0,6102,470598,275077655,275554355
turso,concurrent,64,2,25,14943428347,0,0,6863,469656,791403692,791880211
turso,concurrent,64,2,25,15735309309,0,0,6102,475337,406223884,406705323
turso,concurrent,64,2,25,16142014932,0,0,6402,468304,246277442,246752148
turso,concurrent,64,2,25,16388767491,0,0,8115,534268,109131891,109674274
turso,concurrent,64,2,25,16498442076,0,0,7113,456061,1369851829,1370315003
turso,concurrent,64,2,25,17868757349,0,0,7454,516074,748864058,749387586
turso,concurrent,64,2,25,18618145246,0,0,7294,466981,393316644,393790919
turso,concurrent,64,2,25,19011936395,0,0,5601,414712,28335427,28755740
turso,concurrent,64,2,25,19040692456,0,0,6272,409613,1211575659,1211991544
turso,concurrent,64,2,25,20252684270,0,0,8556,34520330,276433274,310962160
turso,concurrent,64,2,25,20563646720,0,0,7535,503660,3119770666,3120281861
turso,concurrent,64,2,25,23683928872,0,0,9187,23065240,230761309,253835736
turso,concurrent,64,2,25,23937764898,0,0,6443,457223,380448157,380911823
turso,concurrent,64,2,25,24318677031,0,0,6662,411978,1986198350,1986616990
turso,concurrent,64,2,25,26305294313,0,0,6953,482410,221033360,221522723
turso,concurrent,64,2,25,26526817286,0,0,8106,24910082,158822029,183740217
turso,concurrent,64,2,25,26710557754,0,0,6713,472631,1189249604,1189728948
turso,concurrent,64,2,25,27900288375,0,0,8205,22614309,23799135,46421649
turso,concurrent,64,2,25,27946710326,0,0,7925,545920,448646106,449199951
turso,concurrent,64,2,25,28395910567,0,0,6533,562872,300508671,301078076
turso,concurrent,64,2,25,28696988933,0,0,6903,432897,379206885,379646685
turso,concurrent,64,2,25,29076635899,0,0,9258,17217904,1179521715,1196748877
turso,concurrent,64,2,25,30273385077,0,0,11842,26545979,807310533,833868354
turso,concurrent,64,2,25,31107253711,0,0,7034,497649,389657558,390162241
turso,concurrent,64,2,25,31497416223,0,0,7374,415043,719310182,719732599
turso,concurrent,64,2,25,32217149102,0,0,7745,739646,351371452,352118843
turso,concurrent,64,2,25,32569268265,0,0,7384,536733,588498886,589043003
turso,concurrent,64,2,26,82206,1,0,15625860,816671,356840304,373282835
turso,concurrent,64,2,26,373365391,1,0,7454,365370,4228171096,4228543920
turso,concurrent,64,2,26,4601909561,0,0,71435,7707276,1080626282,1088404993
turso,concurrent,64,2,26,5690314804,0,0,8476,23311315,31619845,54939636
turso,concurrent,64,2,26,5745254681,0,0,6442,477802,3686748315,3687232559
turso,concurrent,64,2,26,9432487781,0,0,9307,14571901,225024402,239605610
turso,concurrent,64,2,26,9672093711,0,0,7665,9693514,298926575,308627754
turso,concurrent,64,2,26,9980721996,0,0,7935,746369,712167862,712922166
turso,concurrent,64,2,26,10693644352,0,0,7464,13693684,898678238,912379386
turso,concurrent,64,2,26,11606024459,0,0,7995,22537414,656924684,679470093
turso,concurrent,64,2,26,12285494842,0,0,8206,14560850,144975357,159544413
turso,concurrent,64,2,26,12445039576,0,0,6182,527736,637911530,638445448
turso,concurrent,64,2,26,13083485255,0,0,6442,535210,511053475,511595127
turso,concurrent,64,2,26,13595080673,0,0,6923,447955,999279659,999734537
turso,concurrent,64,2,26,14594815541,0,0,7945,7874170,234631353,242513468
turso,concurrent,64,2,26,14837329340,0,0,5731,498070,30433586,30937387
turso,concurrent,64,2,26,14868267018,0,0,8235,712004,270259322,270979561
turso,concurrent,64,2,26,15139247461,0,0,5971,419001,1573286103,1573711075
turso,concurrent,64,2,26,16712958766,0,0,7755,538637,282843962,283390354
turso,concurrent,64,2,26,16996349321,0,0,5831,454538,75788623,76248992
turso,concurrent,64,2,26,17072598614,0,0,7183,543736,661458190,662009109
turso,concurrent,64,2,26,17734607994,0,0,6192,426104,172212972,172645268
turso,concurrent,64,2,26,17907253542,0,0,6442,484745,1950281105,1950772292
turso,concurrent,64,2,26,19858026124,0,0,8516,26221979,9720965,35951460
turso,concurrent,64,2,26,19893977825,0,0,7133,512457,131139566,131659156
turso,concurrent,64,2,26,20025637331,0,0,6872,533578,937556030,938096480
turso,concurrent,64,2,26,20963734042,0,0,7154,12764800,51185241,63957195
turso,concurrent,64,2,26,21027691527,0,0,6563,453145,222638569,223098277
turso,concurrent,64,2,26,21250790024,0,0,6042,734135,435017605,435757782
turso,concurrent,64,2,26,21686548047,0,0,6532,479064,92946826,93432422
turso,concurrent,64,2,26,21779980759,0,0,7505,561549,107773197,108342251
turso,concurrent,64,2,26,21888323311,0,0,6182,460198,868444028,868910408
turso,concurrent,64,2,26,22757234009,0,0,6723,450851,155831616,156289190
turso,concurrent,64,2,26,22913524912,0,0,6322,505965,405008259,405520546
turso,concurrent,64,2,26,23319045739,0,0,7594,492760,703396058,703896412
turso,concurrent,64,2,26,24022942421,0,0,6242,635309,535837840,536479391
turso,concurrent,64,2,26,24559422042,0,0,6393,544788,311452575,312003756
turso,concurrent,64,2,26,24871426098,0,0,5982,459947,248675999,249141928
turso,concurrent,64,2,26,25120568286,0,0,5811,483082,785518094,786006987
turso,concurrent,64,2,26,25906575583,0,0,5972,517135,728999609,729522716
turso,concurrent,64,2,26,26636098569,0,0,7685,18192935,907855567,926056187
turso,concurrent,64,2,26,27562155017,0,0,6332,444388,1779106643,1779557363
turso,concurrent,64,2,26,29341712680,0,0,7725,28896525,475868412,504772662
turso,concurrent,64,2,26,29846485613,0,0,6241,406678,209533586,209946505
turso,concurrent,64,2,26,30056432479,0,0,7604,515934,195016979,195540517
turso,concurrent,64,2,26,30251973337,0,0,9167,19048720,2979550884,2998608771
turso,concurrent,64,2,27,124976,1,0,12104635,394234,1837925129,1850423998
turso,concurrent,64,2,27,1850549264,1,0,42120,20238545,1003604482,1023885147
turso,concurrent,64,2,27,2874434671,1,0,8827,4421415,56104604,60534846
turso,concurrent,64,2,27,2934969807,1,0,7675,446082,322603038,323056795
turso,concurrent,64,2,27,3258026783,0,0,6222,473533,1958528119,1959007874
turso,concurrent,64,2,27,5217035138,0,0,8256,12626479,380761179,393395914
turso,concurrent,64,2,27,5610431322,0,0,6031,388443,172221318,172615792
turso,concurrent,64,2,27,5783047375,0,0,5932,461941,244541436,245009309
turso,concurrent,64,2,27,6028057045,0,0,9117,552322,48659965,49221404
turso,concurrent,64,2,27,6077279130,0,0,5821,423018,318492251,318921090
turso,concurrent,64,2,27,6396200500,0,0,7585,12986328,224223981,237217894
turso,concurrent,64,2,27,6633418665,0,0,6743,383443,176976022,177366208
turso,concurrent,64,2,27,6810785143,0,0,5891,443768,853457083,853906742
turso,concurrent,64,2,27,7664692175,0,0,7895,13902508,230521646,244432049
turso,concurrent,64,2,27,7909124495,0,0,6452,440141,5829656689,5830103282
turso,concurrent,64,2,27,13739228088,0,0,7514,32995381,1087334662,1120337557
turso,concurrent,64,2,27,14859565956,0,0,8155,3405308,136080820,139494283
turso,concurrent,64,2,27,14999061091,0,0,7754,618598,1776402008,1777028360
turso,concurrent,64,2,27,16776089712,0,0,6673,471840,1597507907,1597986420
turso,concurrent,64,2,27,18374076432,0,0,7234,458435,1963334821,1963800490
turso,concurrent,64,2,27,20337877222,0,0,9027,21234325,1991305830,2012549182
turso,concurrent,64,2,27,22350426664,0,0,7735,17433582,903952621,921393938
turso,concurrent,64,2,27,23271820933,0,0,7233,579875,167016004,167603112
turso,concurrent,64,2,27,23439424346,0,0,7103,558544,658931712,659497359
turso,concurrent,64,2,27,24098921955,0,0,6242,547874,1347469687,1348023803
turso,concurrent,64,2,27,25446945999,0,0,6332,459096,787343138,787808566
turso,concurrent,64,2,27,26234754916,0,0,6452,471270,55523577,56001299
turso,concurrent,64,2,27,26290756436,0,0,6111,460229,204345925,204812265
turso,concurrent,64,2,27,26495568992,0,0,8155,17485500,230764705,248258360
turso,concurrent,64,2,27,26743827613,0,0,7173,551000,1243542479,1244100652
turso,concurrent,64,2,27,27987928505,0,0,7474,26102132,627823151,653932757
turso,concurrent,64,2,27,28641861513,0,0,6332,449719,600060816,600516867
turso,concurrent,64,2,27,29242378650,0,0,8436,20422223,33969709,54400368
turso,concurrent,64,2,27,29296780581,0,0,5441,518478,1587061763,1587585682
turso,concurrent,64,2,27,30884366553,0,0,8386,13067201,1308311235,1321386822
turso,concurrent,64,2,27,32205753625,0,0,6442,707325,171115440,171829207
turso,concurrent,64,2,27,32377583314,0,0,7274,677569,817816760,818501603
turso,concurrent,64,2,28,76745,1,0,32576801,560027,1867226389,1900363217
turso,concurrent,64,2,28,1900440453,1,0,46417,6029550,383666481,389742448
turso,concurrent,64,2,28,2290183172,1,0,6803,12007962,1507223997,1519238762
turso,concurrent,64,2,28,3809422184,0,0,7434,470538,928534795,929012767
turso,concurrent,64,2,28,4738435212,0,0,6642,431805,296982897,297421344
turso,concurrent,64,2,28,5035856916,0,0,5571,400746,97428033,97834350
turso,concurrent,64,2,28,5133691627,0,0,7294,452293,180848169,181307756
turso,concurrent,64,2,28,5314999603,0,0,7283,17505428,739102285,756614996
turso,concurrent,64,2,28,6071614920,0,0,7123,429992,1240816905,1241254020
turso,concurrent,64,2,28,7312870012,0,0,8356,12007121,78930893,90946370
turso,concurrent,64,2,28,7403816553,0,0,5991,712535,434090595,434809121
turso,concurrent,64,2,28,7838625955,0,0,7644,556691,1300376490,1300940825
turso,concurrent,64,2,28,9139567041,0,0,6792,11780534,1701628199,1713415525
turso,concurrent,64,2,28,10852982867,0,0,8255,8569544,182012646,190590445
turso,concurrent,64,2,28,11043573543,0,0,6011,561420,56572447,57139878
turso,concurrent,64,2,28,11100713721,0,0,6803,622054,1609675240,1610304097
turso,concurrent,64,2,28,12711018108,0,0,8285,15592658,6325571474,6341172417
turso,concurrent,64,2,28,19052191848,0,0,7854,6177369,530020180,536205403
turso,concurrent,64,2,28,19588397592,0,0,8787,15586446,481705929,497301162
turso,concurrent,64,2,28,20085699115,0,0,8766,22314594,525324378,547647738
turso,concurrent,64,2,28,20633347143,0,0,7384,504182,739782879,740294445
turso,concurrent,64,2,28,21373641889,0,0,8526,30082634,83841231,113932391
turso,concurrent,64,2,28,21487574510,0,0,6292,409833,1347289789,1347705914
turso,concurrent,64,2,28,22835280664,0,0,7464,437256,503703103,504147823
turso,concurrent,64,2,28,23339428727,0,0,5360,487089,52210215,52702664
turso,concurrent,64,2,28,23392131632,0,0,5380,474285,119814021,120293686
turso,concurrent,64,2,28,23512425598,0,0,6071,418590,1461382221,1461806882
turso,concurrent,64,2,28,24974232762,0,0,6973,436424,541602940,542046337
turso,concurrent,64,2,28,25516279420,0,0,6642,463615,87809550,88279807
turso,concurrent,64,2,28,25604559518,0,0,7043,554857,33300046,33861946
turso,concurrent,64,2,28,25638421725,0,0,4759,445841,48548114,48998714
turso,concurrent,64,2,28,25687420729,0,0,6442,454108,235689810,236150360
turso,concurrent,64,2,28,25923571299,0,0,5250,510403,94578655,95094308
turso,concurrent,64,2,28,26018667651,0,0,7384,536202,654420618,654964204
turso,concurrent,64,2,28,26673632035,0,0,7624,19268235,1444089134,1463364993
turso,concurrent,64,2,28,28136997309,0,0,8416,23166341,1523899778,1547074535
turso,concurrent,64,2,28,29684072125,0,0,8035,23833570,322523799,346365404
turso,concurrent,64,2,28,30030437980,0,0,16140,528308,447064851,447609299
turso,concurrent,64,2,28,30478047530,0,0,7504,34309431,457065074,491382009
turso,concurrent,64,2,28,30969429790,0,0,6653,500204,160769495,161276352
turso,concurrent,64,2,28,31130706413,0,0,6272,501516,175753684,176261472
turso,concurrent,64,2,28,31306968206,0,0,7675,497919,229481544,229987138
turso,concurrent,64,2,28,31536955614,0,0,5821,401889,1953958955,1954366665
turso,concurrent,64,2,29,224163,1,0,4403000,618107,1581964322,1586985429
turso,concurrent,64,2,29,1587209972,1,0,42671,3212974,327290685,330546330
turso,concurrent,64,2,29,1917756532,1,0,6121,404423,1488215223,1488625767
turso,concurrent,64,2,29,3406382500,0,0,14968,10552516,221179645,231747129
turso,concurrent,64,2,29,3638129900,0,0,6041,412569,1329159882,1329578492
turso,concurrent,64,2,29,4967708963,0,0,8245,594432,1037732801,1038335478
turso,concurrent,64,2,29,6006044722,0,0,8456,21644919,357176087,378829462
turso,concurrent,64,2,29,6384874475,0,0,7654,17185755,102831911,120025320
turso,concurrent,64,2,29,6504899955,0,0,5200,693850,74984085,75683135
turso,concurrent,64,2,29,6580583701,0,0,4679,374607,637472732,637852018
turso,concurrent,64,2,29,7218435979,0,0,6362,453966,929192917,929653245
turso,concurrent,64,2,29,8148089616,0,0,9097,12467019,173391226,185867342
turso,concurrent,64,2,29,8333957248,0,0,6923,548596,3431051106,3431606625
turso,concurrent,64,2,29,11765564143,0,0,7995,13665390,243858657,257532042
turso,concurrent,64,2,29,12023096476,0,0,7935,23026517,304687848,327722300
turso,concurrent,64,2,29,12350819046,0,0,6882,467062,371060460,371534404
turso,concurrent,64,2,29,12722353652,0,0,6181,638165,1103262713,1103907059
turso,concurrent,64,2,29,13826261402,0,0,6903,484785,1451136085,1451627773
turso,concurrent,64,2,29,15277889415,0,0,7725,20412764,259460382,279880871
turso,concurrent,64,2,29,15557770576,0,0,6953,511826,1040061215,1040579994
turso,concurrent,64,2,29,16598350881,0,0,7664,449649,586619489,587076802
turso,concurrent,64,2,29,17185427973,0,0,6022,463013,171349463,171818498
turso,concurrent,64,2,29,17357246761,0,0,6142,430282,1139026299,1139462723
turso,concurrent,64,2,29,18496709784,0,0,6733,425263,740823032,741255028
turso,concurrent,64,2,29,19237965092,0,0,7334,524290,381017682,381549306
turso,concurrent,64,2,29,19619514639,0,0,8376,15234522,361227262,376470160
turso,concurrent,64,2,29,19995985060,0,0,7364,479114,384157819,384644297
turso,concurrent,64,2,29,20380629637,0,0,7273,641491,1364142644,1364791408
turso,concurrent,64,2,29,21745421316,0,0,7965,31650093,926873309,958531367
turso,concurrent,64,2,29,22703952943,0,0,6533,462162,235542883,236011578
turso,concurrent,64,2,29,22939964731,0,0,5561,606955,1254133357,1254745873
turso,concurrent,64,2,29,24194710904,0,0,6782,431445,514965287,515403514
turso,concurrent,64,2,29,24710114700,0,0,6262,525171,1617252099,1617783532
turso,concurrent,64,2,29,26327899755,0,0,6432,434300,116539021,116979753
turso,concurrent,64,2,29,26444879778,0,0,7364,19782444,541356356,561146164
turso,concurrent,64,2,29,27006026202,0,0,5781,564065,413342699,413912545
turso,concurrent,64,2,29,27419939007,0,0,5521,426154,346058926,346490601
turso,concurrent,64,2,29,27766429888,0,0,7884,30906459,733055974,763970317
turso,concurrent,64,2,29,28530400526,0,0,7224,514321,201755246,202276791
turso,concurrent,64,2,29,28732677608,0,0,6602,505184,940693411,941205197
turso,concurrent,64,2,29,29673883115,0,0,8757,22840055,129954329,152803141
turso,concurrent,64,2,29,29826686536,0,0,6191,489454,894740596,895236241
turso,concurrent,64,2,29,30721923119,0,0,10980,18463205,241492862,259967047
turso,concurrent,64,2,29,30981890617,0,0,7304,564275,1771845368,1772416947
turso,concurrent,64,2,29,32754307845,0,0,6392,566158,708658089,709230639
turso,concurrent,64,2,30,166565,1,0,95713757,583882,426800468,523098107
turso,concurrent,64,2,30,523264972,1,0,6162,346013,356877854,357230029
turso,concurrent,64,2,30,880495291,1,0,8105,557662,1444162323,1444728090
turso,concurrent,64,2,30,2325223672,1,0,61967,11693479,832386578,844142024
turso,concurrent,64,2,30,3169365986,0,0,8065,492891,1735198005,1735698961
turso,concurrent,64,2,30,4905065518,0,0,7093,552042,16411653,16970788
turso,concurrent,64,2,30,4922036677,0,0,4949,429611,359954331,360388891
turso,concurrent,64,2,30,5282425858,0,0,8055,9298209,637635479,646941743
turso,concurrent,64,2,30,5929367871,0,0,5670,646190,1035044958,1035696818
turso,concurrent,64,2,30,6965065742,0,0,9889,13012257,1147321003,1160343149
turso,concurrent,64,2,30,8125409292,0,0,8827,5084315,715519107,720612249
turso,concurrent,64,2,30,8846021812,0,0,6212,14638637,1623682064,1638326913
turso,concurrent,64,2,30,10484349026,0,0,7544,17696769,72752954,90457267
turso,concurrent,64,2,30,10574806633,0,0,5510,510123,532422754,532938387
turso,concurrent,64,2,30,11107745322,0,0,7945,9327554,284409267,293744766
turso,concurrent,64,2,30,11401490709,0,0,6943,490075,1402434701,1402931719
turso,concurrent,64,2,30,12804422789,0,0,8065,11666277,710065605,721739947
turso,concurrent,64,2,30,13526163727,0,0,7054,480146,589606746,590093946
turso,concurrent,64,2,30,14116258084,0,0,7735,14584405,189684285,204276425
turso,concurrent,64,2,30,14320534769,0,0,5250,425594,637945795,638376639
turso,concurrent,64,2,30,14958911799,0,0,8345,668883,1861836766,1862513994
turso,concurrent,64,2,30,16821426154,0,0,7354,491006,1652320413,1652818773
turso,concurrent,64,2,30,18474245168,0,0,6412,658903,908751018,909416333
turso,concurrent,64,2,30,19383661801,0,0,5601,450530,318838875,319295006
turso,concurrent,64,2,30,19702957067,0,0,7454,34845764,606992478,641845696
turso,concurrent,64,2,30,20344802993,0,0,5861,519731,776727404,777252996
turso,concurrent,64,2,30,21122056309,0,0,7154,21187656,406731673,427926483
turso,concurrent,64,2,30,21549984294,0,0,4779,447255,271619809,272071843
turso,concurrent,64,2,30,21822056538,0,0,6342,474986,135890582,136371910
turso,concurrent,64,2,30,21958428639,0,0,6302,513479,55709759,56229540
turso,concurrent,64,2,30,22014658449,0,0,6773,582930,2703363765,2703953468
turso,concurrent,64,2,30,24718612217,0,0,6633,510583,292481361,292998577
turso,concurrent,64,2,30,25011611024,0,0,5400,447143,311171204,311623747
turso,concurrent,64,2,30,25323244340,0,0,6032,436533,335439425,335881990
turso,concurrent,64,2,30,25659126591,0,0,5099,506165,1592219927,1592731191
turso,concurrent,64,2,30,27251858073,0,0,9478,9082922,217472298,226564698
turso,concurrent,64,2,30,27478423332,0,0,15840,490456,1910088851,1910595147
turso,concurrent,64,2,30,29389019020,0,0,9097,26592247,1969521677,1996123021
turso,concurrent,64,2,30,31385142421,0,0,9208,17946570,431756992,449712770
turso,concurrent,64,2,30,31834855581,0,0,5982,508950,597585625,598100557
turso,concurrent,64,2,30,32432956519,0,0,8175,553154,1040186301,1040747630
turso,concurrent,64,2,31,204136,1,0,52680803,459757,953934571,1007075131
turso,concurrent,64,2,31,1007279638,1,0,8746,496137,1461100629,1461605512
turso,concurrent,64,2,31,2468885401,1,0,48181,17744559,1587768596,1605561336
turso,concurrent,64,2,31,4074446977,0,0,6913,642773,143975691,144625377
turso,concurrent,64,2,31,4219072575,0,0,5961,473704,919811983,920291648
turso,concurrent,64,2,31,5139364723,0,0,5550,467693,166578458,167051701
turso,concurrent,64,2,31,5306416715,0,0,7575,6212685,255209458,261429718
turso,concurrent,64,2,31,5567846744,0,0,6603,440230,581390450,581837283
turso,concurrent,64,2,31,6149684508,0,0,6994,431414,341099566,341537974
turso,concurrent,64,2,31,6491223594,0,0,7705,14384147,883974157,898366009
turso,concurrent,64,2,31,7389590003,0,0,8476,11785984,173341061,185135521
turso,concurrent,64,2,31,7574725895,0,0,6762,460630,1543870458,1544337850
turso,concurrent,64,2,31,9119064076,0,0,7354,14663554,194608428,209279336
turso,concurrent,64,2,31,9328343793,0,0,6572,453176,80420465,80880213
turso,concurrent,64,2,31,9409224436,0,0,14087,525702,276601852,277141641
turso,concurrent,64,2,31,9686366438,0,0,9768,9028570,656504550,665542888
turso,concurrent,64,2,31,10351909697,0,0,7214,455469,704215414,704678097
turso,concurrent,64,2,31,11056588766,0,0,8406,20211714,2726743018,2746963138
turso,concurrent,64,2,31,13803552304,0,0,8446,4283584,264564455,268856485
turso,concurrent,64,2,31,14072408989,0,0,6573,13292587,1873139818,1886438978
turso,concurrent,64,2,31,15958848378,0,0,7564,552683,853110569,853670816
turso,concurrent,64,2,31,16812519575,0,0,6372,464146,1148065769,1148536287
turso,concurrent,64,2,31,17961056212,0,0,5701,516735,155453683,155976119
turso,concurrent,64,2,31,18117032602,0,0,5590,438407,85269096,85713093
turso,concurrent,64,2,31,18202745945,0,0,4749,469947,309026256,309500952
turso,concurrent,64,2,31,18512247068,0,0,5450,465358,395601446,396072254
turso,concurrent,64,2,31,18908319703,0,0,7524,714859,730385414,731107797
turso,concurrent,64,2,31,19639427751,0,0,7414,14647042,120720953,135375409
turso,concurrent,64,2,31,19774803401,0,0,5490,550619,384878489,385434598
turso,concurrent,64,2,31,20160238260,0,0,5861,641340,1179660527,1180307728
turso,concurrent,64,2,31,21340546348,0,0,8657,8987131,672981557,681977345
turso,concurrent,64,2,31,22022523863,0,0,6122,467292,664006649,664480063
turso,concurrent,64,2,31,22687004317,0,0,6983,539909,2229050237,2229597129
turso,concurrent,64,2,31,24916612306,0,0,6472,471811,342732979,343211262
turso,concurrent,64,2,31,25259823779,0,0,7193,592438,741072123,741671754
turso,concurrent,64,2,31,26001495783,0,0,6422,677518,724641734,725325674
turso,concurrent,64,2,31,26726821788,0,0,8455,28821875,119457127,148287457
turso,concurrent,64,2,31,26875109617,0,0,6052,616313,751963487,752585852
turso,concurrent,64,2,31,27627695759,0,0,6262,506436,261221596,261734294
turso,concurrent,64,2,31,27889430453,0,0,9447,22197383,521780109,543986939
turso,concurrent,64,2,31,28433417784,0,0,6171,464066,375527371,375997608
turso,concurrent,64,2,31,28809415803,0,0,6993,579514,42758286,43344793
turso,concurrent,64,2,31,28852760947,0,0,5380,446673,1269743598,1270195651
turso,concurrent,64,2,31,30122956968,0,0,9178,9010635,167284361,176304174
turso,concurrent,64,2,31,30299261382,0,0,5601,700822,99149071,99855494
turso,concurrent,64,2,31,30399117167,0,0,5320,643695,43290100,43939115
turso,concurrent,64,2,31,30443056592,0,0,6994,488672,1134469399,1134965065
turso,concurrent,64,2,31,31578022037,0,0,6172,458325,201130698,201595195
turso,concurrent,64,2,31,31779617462,0,0,5350,452845,1279345238,1279803433
turso,concurrent,64,2,32,174540,1,0,4017943,483482,2708494928,2712996353
turso,concurrent,64,2,32,2713171254,1,0,54894,15620690,1840704084,1856379668
turso,concurrent,64,2,32,4569551202,0,0,7835,495715,791517056,792020606
turso,concurrent,64,2,32,5361572048,0,0,7675,69676338,411515240,481199253
turso,concurrent,64,2,32,5842771581,0,0,5260,686936,30223430,30915626
turso,concurrent,64,2,32,5873687668,0,0,5300,451643,984603772,985060715
turso,concurrent,64,2,32,6858748663,0,0,6903,4442024,225111736,229560663
turso,concurrent,64,2,32,7088309596,0,0,5381,414352,232715326,233135059
turso,concurrent,64,2,32,7321445116,0,0,15649,13251640,87911783,101179072
turso,concurrent,64,2,32,7422625079,0,0,6212,633356,574434382,575073950
turso,concurrent,64,2,32,7997699299,0,0,6543,518728,944763573,945288844
turso,concurrent,64,2,32,8942988394,0,0,6943,28661622,4325096039,4353764604
turso,concurrent,64,2,32,13296753389,0,0,8065,20351619,1022304464,1042664148
turso,concurrent,64,2,32,14339417937,0,0,7454,15351172,108471695,123830321
turso,concurrent,64,2,32,14463248649,0,0,6873,470528,1205604880,1206082281
turso,concurrent,64,2,32,15669331221,0,0,6472,578592,2392342313,2392927377
turso,concurrent,64,2,32,18062258889,0,0,6422,503720,354599735,355109877
turso,concurrent,64,2,32,18417369888,0,0,12814,489513,289720010,290222337
turso,concurrent,64,2,32,18707592537,0,0,6402,494263,112069686,112570351
turso,concurrent,64,2,32,18820163138,0,0,4970,483843,1141880515,1142369328
turso,concurrent,64,2,32,19962532917,0,0,9177,23220934,383456806,406686917
turso,concurrent,64,2,32,20369220145,0,0,7113,526734,1683917165,1684451012
turso,concurrent,64,2,32,22053671567,0,0,9569,23080248,3067302935,3090392752
turso,concurrent,64,2,32,25144064660,0,0,6332,552663,271269268,271828263
turso,concurrent,64,2,32,25415893314,0,0,6382,443687,2154318799,2154768868
turso,concurrent,64,2,32,27570662573,0,0,10610,22227549,949353405,971591564
turso,concurrent,64,2,32,28542254468,0,0,8345,11835066,1412872962,1424716373
turso,concurrent,64,2,32,29966971242,0,0,8766,11849093,1291915672,1303773531
turso,concurrent,64,2,32,31270745153,0,0,8657,19825756,2020015402,2039849815
turso,concurrent,64,2,33,251,1,0,3493573,439069,680123396,684056038
turso,concurrent,64,2,33,684056659,1,0,8596,522647,1483935846,1484467089
turso,concurrent,64,2,33,2168524028,1,0,54984,18024457,2004126606,2022206047
turso,concurrent,64,2,33,4190730405,0,0,8847,452584,334368554,334829985
turso,concurrent,64,2,33,4525560620,0,0,5661,445581,33731430,34182672
turso,concurrent,64,2,33,4559743663,0,0,5029,412949,2081926365,2082344343
turso,concurrent,64,2,33,6642088317,0,0,7404,25932912,1618323832,1644264148
turso,concurrent,64,2,33,8286352676,0,0,6582,11482140,1220155451,1231644173
turso,concurrent,64,2,33,9517997139,0,0,7153,14863502,648329823,663200478
turso,concurrent,64,2,33,10181198399,0,0,7875,629728,826403786,827041389
turso,concurrent,64,2,33,11008240139,0,0,8446,3663855,134437940,138110241
turso,concurrent,64,2,33,11146350751,0,0,7254,511234,282495275,283013763
turso,concurrent,64,2,33,11429364774,0,0,5180,458285,1039432078,1039895543
turso,concurrent,64,2,33,12469260668,0,0,6762,7971534,1363173035,1371151331
turso,concurrent,64,2,33,13840412379,0,0,7955,696564,64633821,65338340
turso,concurrent,64,2,33,13905750941,0,0,5089,462022,483344592,483811703
turso,concurrent,64,2,33,14389562944,0,0,9148,8450407,240861070,249320625
turso,concurrent,64,2,33,14638884361,0,0,8706,448967,77309715,77767388
turso,concurrent,64,2,33,14716652069,0,0,6743,478643,43286835,43772221
turso,concurrent,64,2,33,14760424530,0,0,5150,436614,885738556,886180320
turso,concurrent,64,2,33,15646605111,0,0,6532,509352,1117951394,1118467278
turso,concurrent,64,2,33,16765072710,0,0,5771,462572,524523458,524991801
turso,concurrent,64,2,33,17290064801,0,0,6582,485497,1677157928,1677650007
turso,concurrent,64,2,33,18967715058,0,0,5921,505524,365206503,365717948
turso,concurrent,64,2,33,19333433407,0,0,6132,480967,588035942,588523041
turso,concurrent,64,2,33,19921956839,0,0,8005,19949410,48906840,68864255
turso,concurrent,64,2,33,19990821375,0,0,4809,469516,419438563,419912888
turso,concurrent,64,2,33,20410734504,0,0,6813,755946,444617703,445380462
turso,concurrent,64,2,33,20856115206,0,0,8285,20380745,281695966,302084996
turso,concurrent,64,2,33,21158200884,0,0,5540,459748,137435247,137900535
turso,concurrent,64,2,33,21296101720,0,0,4598,466621,1157005640,1157476859
turso,concurrent,64,2,33,22453578960,0,0,7334,487790,645476268,645971392
turso,concurrent,64,2,33,23099550562,0,0,5350,480708,529731245,530217303
turso,concurrent,64,2,33,23629777694,0,0,5971,455650,2915334991,2915796612
turso,concurrent,64,2,33,26545574606,0,0,8036,34514327,46492885,81015248
turso,concurrent,64,2,33,26626590124,0,0,5000,440501,362027233,362472734
turso,concurrent,64,2,33,26989063178,0,0,6752,464527,24692882,25164161
turso,concurrent,64,2,33,27014227650,0,0,6632,487260,956152126,956646018
turso,concurrent,64,2,33,27970873979,0,0,8216,20325910,1034608545,1054942671
turso,concurrent,64,2,33,29025817030,0,0,8375,23066633,603456716,626531724
turso,concurrent,64,2,33,29652348965,0,0,5440,464427,370778829,371248696
turso,concurrent,64,2,33,30023597971,0,0,7745,585865,610096978,610690588
turso,concurrent,64,2,33,30634288959,0,0,9247,28241640,12957093,41207980
turso,concurrent,64,2,33,30675497250,0,0,5220,432787,1190249711,1190687718
turso,concurrent,64,2,33,31866185329,0,0,6282,463254,95386220,95855756
turso,concurrent,64,2,33,31962041305,0,0,5250,544177,897838232,898387659
turso,concurrent,64,2,33,32860429245,0,0,5600,456021,406385699,406847320
turso,concurrent,64,2,34,804288,1,0,17465082,480727,926316137,944261946
turso,concurrent,64,2,34,945066605,1,0,5951,467443,83599565,84072959
turso,concurrent,64,2,34,1029139814,1,0,55515,9450706,159907148,169413369
turso,concurrent,64,2,34,1198553493,1,0,6182,458836,395939764,396404782
turso,concurrent,64,2,34,1594958656,1,0,7134,528467,373656170,374191771
turso,concurrent,64,2,34,1969151058,1,0,7203,490156,850918802,851416161
turso,concurrent,64,2,34,2820567580,1,0,6983,7971665,332205000,340183648
turso,concurrent,64,2,34,3160751619,0,0,5991,462312,201963430,202431733
turso,concurrent,64,2,34,3363183582,0,0,5941,515082,3074671232,3075192255
turso,concurrent,64,2,34,6438377039,0,0,7915,12448473,713388587,725844975
turso,concurrent,64,2,34,7164222314,0,0,5861,509191,989661928,990176980
turso,concurrent,64,2,34,8154399685,0,0,8276,23104454,679830322,702943052
turso,concurrent,64,2,34,8857343068,0,0,8025,6291604,2600297641,2606597270
turso,concurrent,64,2,34,11463940729,0,0,7344,6122364,198931387,205061095
turso,concurrent,64,2,34,11669002064,0,0,5501,521023,346560262,347086786
turso,concurrent,64,2,34,12016089081,0,0,7173,10460753,95861917,106329843
turso,concurrent,64,2,34,12122419154,0,0,5020,436133,826942412,827383565
turso,concurrent,64,2,34,12949803491,0,0,5620,479165,298568790,299053575
turso,concurrent,64,2,34,13248857296,0,0,5220,460720,108810604,109276544
turso,concurrent,64,2,34,13358134081,0,0,4979,445140,726116898,726567017
turso,concurrent,64,2,34,14084701338,0,0,7585,12203801,270929858,283141244
turso,concurrent,64,2,34,14367842853,0,0,5079,579374,132085540,132669993
turso,concurrent,64,2,34,14500513087,0,0,5450,469055,43746492,44220997
turso,concurrent,64,2,34,14544734294,0,0,5040,508390,667620268,668133698
turso,concurrent,64,2,34,15212868212,0,0,5330,605493,884295774,884906597
turso,concurrent,64,2,34,16097775180,0,0,7284,500394,253970260,254477938
turso,concurrent,64,2,34,16352253499,0,0,6793,468855,133082181,133557829
turso,concurrent,64,2,34,16485811709,0,0,6773,437706,271309184,271753663
turso,concurrent,64,2,34,16757565592,0,0,5210,443246,202534928,202983384
turso,concurrent,64,2,34,16960549367,0,0,6252,488962,1809232739,1809727953
turso,concurrent,64,2,34,18770277690,0,0,7705,584493,64070558,64662756
turso,concurrent,64,2,34,18834940697,0,0,5530,466120,1227318791,1227790441
turso,concurrent,64,2,34,20062731508,0,0,8156,23111628,159455886,182575670
turso,concurrent,64,2,34,20245317347,0,0,5079,441133,334446691,334892903
turso,concurrent,64,2,34,20580210470,0,0,5120,504041,317628380,318137541
turso,concurrent,64,2,34,20898348252,0,0,8716,15705371,596135788,611849875
turso,concurrent,64,2,34,21510198398,0,0,4999,438528,130685829,131129356
turso,concurrent,64,2,34,21641327984,0,0,4930,424160,355340082,355769172
turso,concurrent,64,2,34,21997097477,0,0,7164,603799,1623561968,1624172931
turso,concurrent,64,2,34,23621270658,0,0,5891,512488,251169074,251687453
turso,concurrent,64,2,34,23872958381,0,0,5410,483052,378369535,378857997
turso,concurrent,64,2,34,24251816818,0,0,7404,781134,502732081,503520619
turso,concurrent,64,2,34,24755337828,0,0,6512,519501,264258928,264784941
turso,concurrent,64,2,34,25020123059,0,0,7655,528177,279781753,280317585
turso,concurrent,64,2,34,25300441014,0,0,12835,488562,48336203,48837600
turso,concurrent,64,2,34,25349278995,0,0,6201,467513,983911415,984385129
turso,concurrent,64,2,34,26333664525,0,0,5700,513089,2463245536,2463764325
turso,concurrent,64,2,34,28797429271,0,0,11071,18199447,1070440129,1088650647
turso,concurrent,64,2,34,29886080328,0,0,8686,19040023,30609389,49658098
turso,concurrent,64,2,34,29935738807,0,0,6392,515814,292305729,292827935
turso,concurrent,64,2,34,30228567023,0,0,6783,17456134,147409632,164872549
turso,concurrent,64,2,34,30393439973,0,0,6312,450249,1534915578,1535372139
turso,concurrent,64,2,34,31928812513,0,0,12313,579764,1531526663,1532118740
turso,concurrent,64,2,35,233361,1,0,4571377,455660,2351978556,2357005593
turso,concurrent,64,2,35,2357239345,1,0,51998,9613613,577279823,586945434
turso,concurrent,64,2,35,2944184999,1,0,7174,651529,96578730,97237433
turso,concurrent,64,2,35,3041422693,0,0,7784,685805,1311865883,1312559472
turso,concurrent,64,2,35,4353982686,0,0,7394,491317,484448195,484946906
turso,concurrent,64,2,35,4838930213,0,0,6081,436674,1119896556,1120339311
turso,concurrent,64,2,35,5959269795,0,0,7784,3320988,2103313608,2106642380
turso,concurrent,64,2,35,8065912506,0,0,8275,19019856,1479978998,1499007129
turso,concurrent,64,2,35,9564920066,0,0,8325,14716605,823919938,838644868
turso,concurrent,64,2,35,10403565836,0,0,6783,515763,416623992,417146538
turso,concurrent,64,2,35,10820712604,0,0,7054,10191464,1800168502,1810367020
turso,concurrent,64,2,35,12631079964,0,0,9669,11203413,1562141742,1573354824
turso,concurrent,64,2,35,14204435278,0,0,12494,18959441,2787143540,2806115475
turso,concurrent,64,2,35,17010551424,0,0,6723,503370,542023554,542533647
turso,concurrent,64,2,35,17553085462,0,0,6893,504261,99226848,99738002
turso,concurrent,64,2,35,17652823855,0,0,7193,576197,695235277,695818667
turso,concurrent,64,2,35,18348642762,0,0,6182,486879,497110381,497603442
turso,concurrent,64,2,35,18846247566,0,0,5841,465819,53084144,53555804
turso,concurrent,64,2,35,18899803601,0,0,5390,518078,778578286,779101754
turso,concurrent,64,2,35,19678905876,0,0,19046,13033368,1026026968,1039079382
turso,concurrent,64,2,35,20717985679,0,0,8255,573934,75520558,76102747
turso,concurrent,64,2,35,20794088806,0,0,6783,452725,478854757,479314265
turso,concurrent,64,2,35,21273403372,0,0,8065,14085152,429182313,443275530
turso,concurrent,64,2,35,21716679132,0,0,6162,439129,135089981,135535272
turso,concurrent,64,2,35,21852214664,0,0,5030,555698,155231915,155792643
turso,concurrent,64,2,35,22008007517,0,0,5811,525191,280404649,280935651
turso,concurrent,64,2,35,22288943469,0,0,6712,554928,2146131828,2146693468
turso,concurrent,64,2,35,24435637658,0,0,7534,465649,1920176489,1920649672
turso,concurrent,64,2,35,26356287681,0,0,7093,637874,1025131459,1025776426
turso,concurrent,64,2,35,27382064477,0,0,8657,14861748,145438902,160309307
turso,concurrent,64,2,35,27542374055,0,0,5771,446623,864397901,864850295
turso,concurrent,64,2,35,28407224660,0,0,7625,23289273,904904898,928201796
turso,concurrent,64,2,35,29335426837,0,0,8897,12712362,64169414,76890673
turso,concurrent,64,2,35,29412328150,0,0,8756,696785,130657807,131363348
turso,concurrent,64,2,35,29543691819,0,0,8436,488462,1320377067,1320873965
turso,concurrent,64,2,35,30864566084,0,0,8296,16726467,766116257,782851020
turso,concurrent,64,2,35,31647417505,0,0,6993,565678,1397536718,1398109389
turso,concurrent,64,2,36,185440,1,0,43065056,478653,583293151,626836860
turso,concurrent,64,2,36,627022610,1,0,6221,416606,184858569,185281396
turso,concurrent,64,2,36,812304237,1,0,5561,429119,1571048782,1571483462
turso,concurrent,64,2,36,2383788059,1,0,59853,26974709,580971619,608006181
turso,concurrent,64,2,36,2991794551,1,0,7695,530821,1243710717,1244249233
turso,concurrent,64,2,36,4236044585,0,0,7014,537875,1681415803,1681960692
turso,concurrent,64,2,36,5918005568,0,0,8336,12185156,588840200,601033692
turso,concurrent,64,2,36,6519039460,0,0,6462,15148459,796227014,811381935
turso,concurrent,64,2,36,7330421677,0,0,5971,9389461,393409569,402805001
turso,concurrent,64,2,36,7733228141,0,0,7494,503009,3109613126,3110123629
turso,concurrent,64,2,36,10843352161,0,0,8717,12879136,439550740,452438593
turso,concurrent,64,2,36,11295791165,0,0,7124,540860,575087555,575635539
turso,concurrent,64,2,36,11871427195,0,0,17783,13684808,2905292768,2918995359
turso,concurrent,64,2,36,14790422925,0,0,10049,23175268,28994290,52179607
turso,concurrent,64,2,36,14842602812,0,0,6052,576909,249980099,250563060
turso,concurrent,64,2,36,15093166102,0,0,5441,570326,1009351448,1009927215
turso,concurrent,64,2,36,16103093627,0,0,6492,456271,275488672,275951435
turso,concurrent,64,2,36,16379046134,0,0,5951,498351,154357684,154861986
turso,concurrent,64,2,36,16533908510,0,0,7223,544127,580292077,580843427
turso,concurrent,64,2,36,17114752319,0,0,6693,473964,604399324,604879981
turso,concurrent,64,2,36,17719632671,0,0,6712,477502,301015087,301499301
turso,concurrent,64,2,36,18021132252,0,0,5581,472862,89696802,90175245
turso,concurrent,64,2,36,18111307757,0,0,4889,475738,1416818127,1417298754
turso,concurrent,64,2,36,19528606932,0,0,9027,500745,938618505,939128277
turso,concurrent,64,2,36,20467735520,0,0,7955,26967264,795669873,822645092
turso,concurrent,64,2,36,21290380823,0,0,6482,8996979,832998253,842001714
turso,concurrent,64,2,36,22132382807,0,0,6653,467071,228876301,229350025
turso,concurrent,64,2,36,22361733072,0,0,5390,450350,262983610,263439350
turso,concurrent,64,2,36,22625172684,0,0,6422,587348,378113743,378707513
turso,concurrent,64,2,36,23003880487,0,0,5150,462663,39919108,40386921
turso,concurrent,64,2,36,23044267628,0,0,5410,468405,375290654,375764469
turso,concurrent,64,2,36,23420032478,0,0,7744,593471,1445104440,1445705655
turso,concurrent,64,2,36,24865738534,0,0,7044,518117,352191019,352716180
turso,concurrent,64,2,36,25218465795,0,0,7063,523468,629145557,629676088
turso,concurrent,64,2,36,25848142174,0,0,7584,527405,380390750,380925739
turso,concurrent,64,2,36,26229068244,0,0,7123,529289,2212328338,2212864750
turso,concurrent,64,2,36,28441933315,0,0,8206,25316509,2650640120,2675964835
turso,concurrent,64,2,36,31117898871,0,0,10019,18944063,804140449,823094531
turso,concurrent,64,2,36,31940993913,0,0,6572,532745,485448432,485987749
turso,concurrent,64,2,36,32426982043,0,0,7825,547373,438219298,438774496
turso,concurrent,64,2,36,32865756769,0,0,5861,480727,600076877,600563465
turso,concurrent,64,2,37,134294,1,0,2349975,423620,134035921,136809516
turso,concurrent,64,2,37,136944552,1,0,8536,358176,129787794,130154506
turso,concurrent,64,2,37,267099359,1,0,4508,374237,1996859951,1997238696
turso,concurrent,64,2,37,2264338285,1,0,59822,7122122,920507455,927689399
turso,concurrent,64,2,37,3192028116,0,0,6442,439019,116354562,116800023
turso,concurrent,64,2,37,3308828619,0,0,4879,493481,2524895417,2525393777
turso,concurrent,64,2,37,5834222637,0,0,7204,9369041,558014173,567390418
turso,concurrent,64,2,37,6401613446,0,0,6662,20996156,681688640,702691458
turso,concurrent,64,2,37,7104305164,0,0,6242,494143,139081003,139581388
turso,concurrent,64,2,37,7243887363,0,0,4819,496127,1760930860,1761431806
turso,concurrent,64,2,37,9005319519,0,0,8446,8837098,80781036,89626580
turso,concurrent,64,2,37,9094946439,0,0,6463,490365,269667626,270164454
turso,concurrent,64,2,37,9365111293,0,0,6984,552132,86757203,87316319
turso,concurrent,64,2,37,9452427823,0,0,6823,8947527,229043556,237997906
turso,concurrent,64,2,37,9690425989,0,0,7515,12126966,254043950,266178431
turso,concurrent,64,2,37,9956604811,0,0,11231,580856,341845093,342437180
turso,concurrent,64,2,37,10299042252,0,0,6322,694290,468425816,469126428
turso,concurrent,64,2,37,10768169431,0,0,6552,6118297,2915438176,2921563025
turso,concurrent,64,2,37,13689732767,0,0,8846,30236365,5369163214,5399408425
turso,concurrent,64,2,37,19089141763,0,0,8125,8983004,269337792,278328921
turso,concurrent,64,2,37,19367471065,0,0,7734,473825,768594184,769075743
turso,concurrent,64,2,37,20136547108,0,0,7865,24391433,369084612,393483910
turso,concurrent,64,2,37,20530031309,0,0,6522,499192,374449537,374955251
turso,concurrent,64,2,37,20904986840,0,0,7023,14642544,807789095,822438662
turso,concurrent,64,2,37,21727425814,0,0,4999,480106,680331539,680816644
turso,concurrent,64,2,37,22408242709,0,0,5720,491368,614951078,615448166
turso,concurrent,64,2,37,23023691095,0,0,4830,433848,885765408,886204086
turso,concurrent,64,2,37,23909895401,0,0,6152,450640,17068463,17525255
turso,concurrent,64,2,37,23927421187,0,0,7194,595924,1363057687,1363660805
turso,concurrent,64,2,37,25291082252,0,0,5861,507438,93490611,94003910
turso,concurrent,64,2,37,25385086433,0,0,5039,485226,671007882,671498147
turso,concurrent,64,2,37,26056584961,0,0,7594,584634,2401712648,2402304876
turso,concurrent,64,2,37,28458890217,0,0,8987,10846861,1505744434,1516600282
turso,concurrent,64,2,37,29975500448,0,0,8636,9198501,966025059,975232196
turso,concurrent,64,2,37,30950732904,0,0,7945,28996204,217791641,246795790
turso,concurrent,64,2,37,31197528975,0,0,6592,556801,243621780,244185173
turso,concurrent,64,2,37,31441714368,0,0,5170,445671,1444657187,1445108028
turso,concurrent,64,2,37,32886822656,0,0,6753,651259,587578338,588236350
turso,concurrent,64,2,38,132010,1,0,2807759,653673,728687790,732149222
turso,concurrent,64,2,38,732281583,1,0,6793,447354,615693870,616148017
turso,concurrent,64,2,38,1348429960,1,0,56487,2830101,965100554,967987142
turso,concurrent,64,2,38,2316417393,1,0,7895,6141611,114839002,120988508
turso,concurrent,64,2,38,2437406191,1,0,6372,476550,588370433,588853355
turso,concurrent,64,2,38,3026260067,0,0,6041,475738,300571830,301053609
turso,concurrent,64,2,38,3327313996,0,0,6151,491297,740923973,741421421
turso,concurrent,64,2,38,4068735688,0,0,7654,664474,1115025132,1115697260
turso,concurrent,64,2,38,5184433200,0,0,7313,12481587,419315170,431804070
turso,concurrent,64,2,38,5616238041,0,0,5581,435372,1530213985,1530654938
turso,concurrent,64,2,38,7146893249,0,0,7565,18079711,348139352,366226628
turso,concurrent,64,2,38,7513120248,0,0,8306,38763246,210439346,249210898
turso,concurrent,64,2,38,7762331397,0,0,5510,455710,1619472139,1619933359
turso,concurrent,64,2,38,9382265117,0,0,8947,18863671,1503640815,1522513433
turso,concurrent,64,2,38,10904778950,0,0,8206,32994949,752126346,785129501
turso,concurrent,64,2,38,11689908821,0,0,6913,657982,25465791,26130686
turso,concurrent,64,2,38,11716039827,0,0,6723,530180,533736235,534273138
turso,concurrent,64,2,38,12250313706,0,0,7284,16050171,393877352,409934807
turso,concurrent,64,2,38,12660248783,0,0,5700,500214,411399412,411905326
turso,concurrent,64,2,38,13072154380,0,0,7785,510914,61199390,61718089
turso,concurrent,64,2,38,13133872719,0,0,6172,538997,880185467,880730636
turso,concurrent,64,2,38,14014603655,0,0,8517,14673141,166959488,181641146
turso,concurrent,64,2,38,14196245202,0,0,7855,27326782,1244170665,1271505302
turso,concurrent,64,2,38,15467750804,0,0,7004,505404,66337306,66849714
turso,concurrent,64,2,38,15534600828,0,0,6753,516144,1207476803,1207999700
turso,concurrent,64,2,38,16742600899,0,0,6031,482692,394449572,394938295
turso,concurrent,64,2,38,17137539545,0,0,7183,631953,805921250,806560386
turso,concurrent,64,2,38,17944100202,0,0,6883,474125,1192467206,1192948214
turso,concurrent,64,2,38,19137048866,0,0,5861,485156,76479417,76970434
turso,concurrent,64,2,38,19214019551,0,0,6231,550620,43218495,43775346
turso,concurrent,64,2,38,19257795137,0,0,5210,553454,476177896,476736560
turso,concurrent,64,2,38,19734532038,0,0,17824,20252291,213420632,233690747
turso,concurrent,64,2,38,19968223046,0,0,4879,676196,955950926,956632001
turso,concurrent,64,2,38,20924865637,0,0,8356,12530148,1243583035,1256121539
turso,concurrent,64,2,38,22180987457,0,0,6612,543355,466270999,466820966
turso,concurrent,64,2,38,22647808814,0,0,7174,494623,606461556,606963353
turso,concurrent,64,2,38,23254772358,0,0,6953,656749,36200681,36864383
turso,concurrent,64,2,38,23291637041,0,0,5150,457563,273327202,273789915
turso,concurrent,64,2,38,23565427257,0,0,5320,520522,355253840,355779682
turso,concurrent,64,2,38,23921207179,0,0,5560,500214,208187987,208693761
turso,concurrent,64,2,38,24129901201,0,0,6282,444369,147529568,147980219
turso,concurrent,64,2,38,24277881710,0,0,5220,498070,789693775,790197065
turso,concurrent,64,2,38,25068079085,0,0,6492,528418,39814470,40349380
turso,concurrent,64,2,38,25108428866,0,0,6342,479284,936339114,936824740
turso,concurrent,64,2,38,26045254007,0,0,7334,577870,533689846,534275050
turso,concurrent,64,2,38,26579529298,0,0,7424,6877890,844866190,851751504
turso,concurrent,64,2,38,27431281042,0,0,5841,490827,15490324,15986992
turso,concurrent,64,2,38,27447268254,0,0,4970,476118,1514171700,1514652788
turso,concurrent,64,2,38,28961921432,0,0,7795,16502385,289452634,305962814
turso,concurrent,64,2,38,29267884667,0,0,5992,546300,126916195,127468487
turso,concurrent,64,2,38,29395353475,0,0,5801,565137,522853335,523424273
turso,concurrent,64,2,38,29918777998,0,0,6442,500064,283453443,283959949
turso,concurrent,64,2,38,30202738127,0,0,8596,20841443,320664029,341514068
turso,concurrent,64,2,38,30544252616,0,0,6272,475818,111664241,112146331
turso,concurrent,64,2,38,30656399177,0,0,5370,477922,1188169546,1188652838
turso,concurrent,64,2,38,31845052245,0,0,6593,505804,711863217,712375614
turso,concurrent,64,2,38,32557428300,0,0,6723,579954,769071886,769658563
turso,concurrent,64,2,39,162197,1,0,5701109,495265,2667945189,2674141563
turso,concurrent,64,2,39,2674304081,1,0,52399,9157002,583023171,592232572
turso,concurrent,64,2,39,3266536873,0,0,5901,475016,172171655,172652572
turso,concurrent,64,2,39,3439189676,0,0,6001,833974,94399417,95239392
turso,concurrent,64,2,39,3534429349,0,0,7855,638214,177975608,178621677
turso,concurrent,64,2,39,3713051637,0,0,6262,492730,1050590557,1051089549
turso,concurrent,64,2,39,4764141476,0,0,6753,441603,306721266,307169622
turso,concurrent,64,2,39,5071311408,0,0,5911,461170,1033816700,1034283781
turso,concurrent,64,2,39,6105595460,0,0,7114,22976092,351344031,374327237
turso,concurrent,64,2,39,6479923478,0,0,7384,11701965,181549863,193259212
turso,concurrent,64,2,39,6673183091,0,0,7214,457122,32007387,32471723
turso,concurrent,64,2,39,6705655044,0,0,5861,451863,186123375,186581099
turso,concurrent,64,2,39,6892236403,0,0,5621,521224,300499994,301026839
turso,concurrent,64,2,39,7193263553,0,0,6101,426876,1084034334,1084467311
turso,concurrent,64,2,39,8277731195,0,0,7945,14795102,701325369,716128416
turso,concurrent,64,2,39,8993860012,0,0,8115,12840253,200233234,213081602
turso,concurrent,64,2,39,9206941875,0,0,7023,611043,1316400182,1317018248
turso,concurrent,64,2,39,10523961004,0,0,7925,17333914,89443073,106784912
turso,concurrent,64,2,39,10630746146,0,0,4899,432817,2052576825,2053014541
turso,concurrent,64,2,39,12683761078,0,0,8876,11943471,101519034,113471381
turso,concurrent,64,2,39,12797232679,0,0,5781,490876,1334321353,1334818010
turso,concurrent,64,2,39,14132050940,0,0,7664,14593632,554472750,569074046
turso,concurrent,64,2,39,14701125246,0,0,5731,462402,270376404,270844537
turso,concurrent,64,2,39,14971970033,0,0,11602,461791,1996568252,1997041645
turso,concurrent,64,2,39,16969011938,0,0,5951,468053,77936227,78410231
turso,concurrent,64,2,39,17047422480,0,0,7133,485556,616511273,617003962
turso,concurrent,64,2,39,17664426732,0,0,6603,630219,701408827,702045649
turso,concurrent,64,2,39,18366472702,0,0,7865,654465,101418103,102080433
turso,concurrent,64,2,39,18468553406,0,0,7003,524240,556977636,557508879
turso,concurrent,64,2,39,19026062575,0,0,6763,750036,1029559976,1030316775
turso,concurrent,64,2,39,20056379671,0,0,8315,20646186,868437785,889092286
turso,concurrent,64,2,39,20945472207,0,0,8146,13078413,1103611320,1116697879
turso,concurrent,64,2,39,22062170397,0,0,7765,455690,58428761,58892216
turso,concurrent,64,2,39,22121072301,0,0,4859,452875,2136585801,2137043535
turso,concurrent,64,2,39,24258116087,0,0,6292,445190,949868127,950319609
turso,concurrent,64,2,39,25208435956,0,0,35407,471129,816492090,816998626
turso,concurrent,64,2,39,26025435234,0,0,6472,528898,380842873,381378243
turso,concurrent,64,2,39,26406813717,0,0,6693,21598802,1075487434,1097092929
turso,concurrent,64,2,39,27503907107,0,0,15770,461431,193870436,194347637
turso,concurrent,64,2,39,27698255154,0,0,16121,18099899,3301732577,3319848597
turso,concurrent,64,2,39,31018104132,0,0,8045,9307366,532189674,541505085
turso,concurrent,64,2,39,31559609608,0,0,7855,557051,607680056,608244962
turso,concurrent,64,2,39,32167854810,0,0,6051,564605,235847448,236418104
turso,concurrent,64,2,39,32404273316,0,0,7795,671537,977582771,978262103
turso,concurrent,64,2,40,122472,1,0,15861164,812403,1037309903,1053983470
turso,concurrent,64,2,40,1054106332,1,0,60535,3168059,333212642,336441236
turso,concurrent,64,2,40,1390547808,1,0,6402,769663,975195325,975971390
turso,concurrent,64,2,40,2366519439,1,0,7865,20578587,196092930,216679382
turso,concurrent,64,2,40,2583199092,1,0,6302,521243,1299827715,1300355260
turso,concurrent,64,2,40,3883554963,0,0,6773,450720,288403726,288861219
turso,concurrent,64,2,40,4172416432,0,0,6182,452223,154918082,155376487
turso,concurrent,64,2,40,4327793140,0,0,5941,459237,1376182676,1376647854
turso,concurrent,64,2,40,5704441355,0,0,7063,6177328,2814298809,2820483200
turso,concurrent,64,2,40,8524925517,0,0,8987,16987069,3546168473,3563164529
turso,concurrent,64,2,40,12088090417,0,0,8436,8005117,243281629,251295182
turso,concurrent,64,2,40,12339385839,0,0,11061,442144,553180000,553633205
turso,concurrent,64,2,40,12893019304,0,0,5841,484805,1290650685,1291141331
turso,concurrent,64,2,40,14184161006,0,0,8686,17490139,1098851908,1116350733
turso,concurrent,64,2,40,15300512020,0,0,5430,443497,104079006,104527933
turso,concurrent,64,2,40,15405040353,0,0,5861,460960,1166251741,1166718562
turso,concurrent,64,2,40,16571759175,0,0,4950,459106,922345354,922809410
turso,concurrent,64,2,40,17494569697,0,0,6883,526323,208977868,209511074
turso,concurrent,64,2,40,17704081091,0,0,5791,481920,219671549,220159260
turso,concurrent,64,2,40,17924240581,0,0,5180,528297,130323155,130856632
turso,concurrent,64,2,40,18055097493,0,0,5180,460449,1245684201,1246149830
turso,concurrent,64,2,40,19301247773,0,0,6782,486068,1240311291,1240804141
turso,concurrent,64,2,40,20542052255,0,0,7734,35837655,1501218143,1537063532
turso,concurrent,64,2,40,22079116168,0,0,7835,17911183,1409289879,1427208897
turso,concurrent,64,2,40,23506325306,0,0,7334,801943,253146926,253956203
turso,concurrent,64,2,40,23760281800,0,0,5641,566168,1434315319,1434887128
turso,concurrent,64,2,40,25195169238,0,0,6152,530892,78387839,78924883
turso,concurrent,64,2,40,25274094692,0,0,18575,776105,1559864273,1560658953
turso,concurrent,64,2,40,26834754035,0,0,8126,15494893,229480191,244983210
turso,concurrent,64,2,40,27079737505,0,0,5811,464306,185786450,186256567
turso,concurrent,64,2,40,27265994462,0,0,6903,462674,176120787,176590364
turso,concurrent,64,2,40,27442585076,0,0,5220,436644,348235093,348676957
turso,concurrent,64,2,40,27791262454,0,0,8206,17465401,607202284,624675891
turso,concurrent,64,2,40,28415948775,0,0,6322,432486,214000787,214439595
turso,concurrent,64,2,40,28630388621,0,0,10750,563093,25323061,25896904
turso,concurrent,64,2,40,28656285745,0,0,5521,727062,25828395,26560978
turso,concurrent,64,2,40,28682847104,0,0,6883,618878,1465398721,1466024482
turso,concurrent,64,2,40,30148871997,0,0,8917,23409781,281512209,304930907
turso,concurrent,64,2,40,30453803274,0,0,5871,524329,111236303,111766503
turso,concurrent,64,2,40,30565570199,0,0,6763,525050,1067185787,1067717600
turso,concurrent,64,2,40,31633288089,0,0,7123,543666,739090582,739641371
turso,concurrent,64,2,40,32372929812,0,0,7264,598740,1196157150,1196763154
turso,concurrent,64,2,41,114677,1,0,1630006,343759,1490590726,1492564491
turso,concurrent,64,2,41,1492679528,1,0,52549,2956570,264939732,267948851
turso,concurrent,64,2,41,1760628660,1,0,6863,411166,471221993,471640022
turso,concurrent,64,2,41,2232268962,1,0,6542,11725770,362082056,373814368
turso,concurrent,64,2,41,2606083581,1,0,5510,436274,76388746,76830530
turso,concurrent,64,2,41,2682914591,1,0,5090,669053,232110244,232784387
turso,concurrent,64,2,41,2915699259,1,0,5981,457984,419796640,420260605
turso,concurrent,64,2,41,3335960154,0,0,7524,505815,678154289,678667628
turso,concurrent,64,2,41,4014628063,0,0,5811,424411,280617330,281047552
turso,concurrent,64,2,41,4295676377,0,0,5881,431935,20141723,20579539
turso,concurrent,64,2,41,4316256116,0,0,5220,447645,64508214,64961079
turso,concurrent,64,2,41,4381217566,0,0,6502,472021,121172836,121651359
turso,concurrent,64,2,41,4502869325,0,0,6893,458847,344184688,344650428
turso,concurrent,64,2,41,4847520014,0,0,5580,439179,3936912422,3937357181
turso,concurrent,64,2,41,8784877576,0,0,8326,8947005,3123006123,3131961454
turso,concurrent,64,2,41,11916839420,0,0,7975,12040494,173194123,185242592
turso,concurrent,64,2,41,12102082393,0,0,6372,431655,379923027,380361054
turso,concurrent,64,2,41,12482444178,0,0,6192,467312,917330890,917804394
turso,concurrent,64,2,41,13400248973,0,0,6803,469726,2221716647,2222193176
turso,concurrent,64,2,41,15622442549,0,0,8396,7328351,2498570384,2505907131
turso,concurrent,64,2,41,18128350211,0,0,6242,559726,107039412,107605380
turso,concurrent,64,2,41,18235955982,0,0,5901,448507,869506733,869961141
turso,concurrent,64,2,41,19105917353,0,0,6593,573812,449878582,450458987
turso,concurrent,64,2,41,19556376711,0,0,7103,518950,617466354,617992407
turso,concurrent,64,2,41,20174369509,0,0,8586,30521503,991329225,1021859314
turso,concurrent,64,2,41,21196229113,0,0,7264,10695385,952171554,962874203
turso,concurrent,64,2,41,22159103716,0,0,13786,504974,1926221838,1926740598
turso,concurrent,64,2,41,24085844714,0,0,6483,498731,899190564,899695778
turso,concurrent,64,2,41,24985540873,0,0,5831,471380,249400506,249877717
turso,concurrent,64,2,41,25235418940,0,0,8727,602848,1222412781,1223024356
turso,concurrent,64,2,41,26458443627,0,0,7905,9060349,227766587,236834841
turso,concurrent,64,2,41,26695278698,0,0,5080,495204,1821485152,1821985436
turso,concurrent,64,2,41,28517264394,0,0,6913,10842012,671776082,682625007
turso,concurrent,64,2,41,29199901745,0,0,13606,11679823,589604141,601297570
turso,concurrent,64,2,41,29801199636,0,0,7143,464417,506097021,506568581
turso,concurrent,64,2,41,30307768437,0,0,8446,16766042,1151866783,1168641271
turso,concurrent,64,2,41,31476409898,0,0,5130,477852,1243503315,1243986297
turso,concurrent,64,2,41,32720396695,0,0,6412,640238,613015585,613662235
turso,concurrent,64,2,42,181112,1,0,93505841,501256,296316749,390323846
turso,concurrent,64,2,42,390505269,1,0,6793,418339,1534694201,1535119333
turso,concurrent,64,2,42,1925624872,1,0,52058,8294484,712556817,720903359
turso,concurrent,64,2,42,2646528501,1,0,8797,11764853,237191224,248964874
turso,concurrent,64,2,42,2895493625,1,0,5720,441634,113303373,113750727
turso,concurrent,64,2,42,3009244814,0,0,6062,478122,111563601,112047785
turso,concurrent,64,2,42,3121292889,0,0,5330,613578,175606677,176225585
turso,concurrent,64,2,42,3297518745,0,0,6953,600814,1322467983,1323075750
turso,concurrent,64,2,42,4620594825,0,0,6502,454699,40791684,41252885
turso,concurrent,64,2,42,4661848422,0,0,5730,458356,485060549,485524635
turso,concurrent,64,2,42,5147373538,0,0,15309,499924,650519234,651034467
turso,concurrent,64,2,42,5798408376,0,0,7925,18598360,172061156,190667441
turso,concurrent,64,2,42,5989076177,0,0,5881,473704,152191406,152670991
turso,concurrent,64,2,42,6141747559,0,0,6703,414422,82498106,82919231
turso,concurrent,64,2,42,6224667071,0,0,6442,503029,560041068,560550539
turso,concurrent,64,2,42,6785217811,0,0,7303,9047966,640453288,649508557
turso,concurrent,64,2,42,7434726628,0,0,6883,11827913,471063083,482897879
turso,concurrent,64,2,42,7917625468,0,0,7965,580716,65202134,65790815
turso,concurrent,64,2,42,7983416514,0,0,5600,509492,113181924,113697016
turso,concurrent,64,2,42,8097113761,0,0,5510,499904,163659810,164165224
turso,concurrent,64,2,42,8261279225,0,0,5461,511956,148452419,148969836
turso,concurrent,64,2,42,8410249492,0,0,14898,15286690,1055859932,1071161520
turso,concurrent,64,2,42,9481411322,0,0,10259,28450974,752416393,780877626
turso,concurrent,64,2,42,10262289239,0,0,8135,37457172,193113156,230578463
turso,concurrent,64,2,42,10492867963,0,0,4699,407659,213440400,213852758
turso,concurrent,64,2,42,10706720961,0,0,8567,6267658,22828233,29104458
turso,concurrent,64,2,42,10735825680,0,0,6352,643044,1625657933,1626307329
turso,concurrent,64,2,42,12362133410,0,0,8596,13021815,246759712,259790123
turso,concurrent,64,2,42,12621923754,0,0,6332,517547,1372028726,1372552605
turso,concurrent,64,2,42,13994476640,0,0,6372,508420,1592073220,1592588012
turso,concurrent,64,2,42,15587065043,0,0,9788,4832039,40192835,45034662
turso,concurrent,64,2,42,15632099975,0,0,5120,531223,304276862,304813205
turso,concurrent,64,2,42,15936913411,0,0,7674,510614,963992413,964510701
turso,concurrent,64,2,42,16901434331,0,0,6703,513058,9407467830,9407987591
turso,concurrent,64,2,42,26309422143,0,0,9197,14622908,607522979,622155084
turso,concurrent,64,2,42,26931577437,0,0,7574,43077299,618389467,661474340
turso,concurrent,64,2,42,27593052027,0,0,6281,618197,1535899345,1536523823
turso,concurrent,64,2,42,29129576161,0,0,8105,28925640,270744779,299678524
turso,concurrent,64,2,42,29429254936,0,0,6232,493431,87992025,88491688
turso,concurrent,64,2,42,29517747025,0,0,6462,451572,1107193963,1107651997
turso,concurrent,64,2,42,30625399322,0,0,7364,9342472,2515019718,2524369554
turso,concurrent,64,2,43,144062,1,0,18889119,436975,914273480,933599574
turso,concurrent,64,2,43,933743946,1,0,6372,419261,1491692245,1492117878
turso,concurrent,64,2,43,2425862064,1,0,46949,3294117,208114999,211456065
turso,concurrent,64,2,43,2637318389,1,0,5320,459578,1014528167,1014993065
turso,concurrent,64,2,43,3652311745,0,0,7203,582159,1283701159,1284290521
turso,concurrent,64,2,43,4936602847,0,0,6773,424090,329509153,329940016
turso,concurrent,64,2,43,5266543213,0,0,7995,22161465,98287114,120456574
turso,concurrent,64,2,43,5387000048,0,0,5400,523147,325476181,326004728
turso,concurrent,64,2,43,5713005017,0,0,5470,642914,258392115,259040499
turso,concurrent,64,2,43,5972046608,0,0,6122,501065,1526041040,1526548227
turso,concurrent,64,2,43,7498595205,0,0,8867,6205391,377393764,383608022
turso,concurrent,64,2,43,7882203477,0,0,5941,614790,1512200058,1512820789
turso,concurrent,64,2,43,9395024568,0,0,6612,17536637,1578884619,1596427868
turso,concurrent,64,2,43,10991452756,0,0,9297,15443827,1638355667,1653808791
turso,concurrent,64,2,43,12645261819,0,0,6983,13000325,688150445,701157753
turso,concurrent,64,2,43,13346419943,0,0,7194,503800,1984708960,1985219954
turso,concurrent,64,2,43,15331640297,0,0,8305,28759477,468996042,497763824
turso,concurrent,64,2,43,15829404833,0,0,5280,430152,166303920,166739352
turso,concurrent,64,2,43,15996144576,0,0,6021,461391,1798532143,1798999555
turso,concurrent,64,2,43,17795144362,0,0,6231,482311,2500342869,2500831411
turso,concurrent,64,2,43,20295976094,0,0,7794,16800888,1830908427,1847717109
turso,concurrent,64,2,43,22143693543,0,0,8296,32907445,560600804,593516545
turso,concurrent,64,2,43,22737210379,0,0,6101,459377,3082171447,3082636925
turso,concurrent,64,2,43,25819847694,0,0,7124,500585,385548684,386056393
turso,concurrent,64,2,43,26205904387,0,0,7484,528888,2136942345,2137478717
turso,concurrent,64,2,43,28343383555,0,0,16962,25848874,304017282,329883118
turso,concurrent,64,2,43,28673267014,0,0,7214,620541,311187614,311815369
turso,concurrent,64,2,43,28985082613,0,0,7744,6640372,583425411,590073527
turso,concurrent,64,2,43,29575156462,0,0,6372,546190,1451260219,1451812781
turso,concurrent,64,2,43,31026969543,0,0,7274,21433300,982908683,1004349257
turso,concurrent,64,2,43,32031319141,0,0,6652,503571,1369430794,1369941017
turso,concurrent,64,2,44,159882,1,0,37098214,393433,502255070,539746717
turso,concurrent,64,2,44,539907030,1,0,8687,409843,92378042,92796572
turso,concurrent,64,2,44,632703843,1,0,4889,396518,62238591,62639998
turso,concurrent,64,2,44,695344112,1,0,5390,376561,621274462,621656413
turso,concurrent,64,2,44,1317000775,1,0,52078,7783720,342059378,349895176
turso,concurrent,64,2,44,1666896572,1,0,6252,434691,484206838,484647781
turso,concurrent,64,2,44,2151544654,1,0,5911,20211033,1008955741,1029172685
turso,concurrent,64,2,44,3180717620,0,0,6773,451281,202251854,202709908
turso,concurrent,64,2,44,3383427828,0,0,8537,523688,183761848,184294073
turso,concurrent,64,2,44,3567722872,0,0,6893,446863,684895071,685348827
turso,concurrent,64,2,44,4253071920,0,0,5690,429120,1348323329,1348758139
turso,concurrent,64,2,44,5601830270,0,0,6422,10006435,1594055692,1604068549
turso,concurrent,64,2,44,7205899169,0,0,7764,21719460,114541942,136269166
turso,concurrent,64,2,44,7342168707,0,0,7664,12106037,1320653789,1332767490
turso,concurrent,64,2,44,8674936598,0,0,8105,17469770,1108963804,1126441679
turso,concurrent,64,2,44,9801378667,0,0,10079,13665410,170122898,183798387
turso,concurrent,64,2,44,9985177314,0,0,6252,528397,68726085,69260734
turso,concurrent,64,2,44,10054439120,0,0,8256,784200,1112463117,1113255573
turso,concurrent,64,2,44,11167694903,0,0,7134,11992332,321019059,333018525
turso,concurrent,64,2,44,11500713819,0,0,7294,471600,132381650,132860544
turso,concurrent,64,2,44,11633574773,0,0,6904,467993,164211381,164686278
turso,concurrent,64,2,44,11798261371,0,0,7414,426014,1346500168,1346933596
turso,concurrent,64,2,44,13145195298,0,0,9979,25127452,134920150,160057581
turso,concurrent,64,2,44,13305253120,0,0,6122,502307,65101725,65610154
turso,concurrent,64,2,44,13370863534,0,0,4829,440601,1114617413,1115062843
turso,concurrent,64,2,44,14485926779,0,0,8396,4898134,618063392,622969922
turso,concurrent,64,2,44,15108897562,0,0,10280,583481,587927697,588521458
turso,concurrent,64,2,44,15697419361,0,0,7053,565197,701940240,702512490
turso,concurrent,64,2,44,16399932171,0,0,7615,570326,543051965,543629906
turso,concurrent,64,2,44,16943562338,0,0,5861,453155,1243865328,1244324344
turso,concurrent,64,2,44,18187887073,0,0,6512,469957,931719966,932196435
turso,concurrent,64,2,44,19120083889,0,0,7624,471470,2503671732,2504150826
turso,concurrent,64,2,44,21624235115,0,0,7885,36204568,1006686588,1042899041
turso,concurrent,64,2,44,22667144576,0,0,6653,564795,127141641,127713089
turso,concurrent,64,2,44,22794857906,0,0,5220,460799,1100371186,1100837205
turso,concurrent,64,2,44,23895695322,0,0,6422,529239,71331922,71867583
turso,concurrent,64,2,44,23967563316,0,0,6963,472813,447837900,448317676
turso,concurrent,64,2,44,24415881362,0,0,7264,437335,1259750088,1260194687
turso,concurrent,64,2,44,25676076309,0,0,6232,600934,1170205112,1170812278
turso,concurrent,64,2,44,26846888797,0,0,7124,18810951,182088019,200906094
turso,concurrent,64,2,44,27047795271,0,0,5651,452344,279763829,280221824
turso,concurrent,64,2,44,27328017376,0,0,4909,471610,138598102,139074621
turso,concurrent,64,2,44,27467092308,0,0,6943,452234,344772498,345231675
turso,concurrent,64,2,44,27812324423,0,0,8496,17011857,1276437330,1293457683
turso,concurrent,64,2,44,29105782336,0,0,6553,18522677,2267475185,2286004415
turso,concurrent,64,2,44,31391787232,0,0,8035,16673177,1064500820,1081182032
turso,concurrent,64,2,44,32472969634,0,0,7504,560989,163884364,164452857
turso,concurrent,64,2,44,32637422731,0,0,6291,611414,31307025,31924730
turso,concurrent,64,2,44,32669347893,0,0,7444,590234,898349106,898946784
turso,concurrent,64,2,45,992,1,0,3707998,491278,918205560,922404836
turso,concurrent,64,2,45,922406119,1,0,7775,520582,603854636,604382993
turso,concurrent,64,2,45,1526789322,1,0,46949,3220097,402253661,405520707
turso,concurrent,64,2,45,1932310350,1,0,6041,473654,766057296,766536991
turso,concurrent,64,2,45,2698847571,1,0,8025,11224364,936546555,947778944
turso,concurrent,64,2,45,3646627036,0,0,6853,475367,176475216,176957436
turso,concurrent,64,2,45,3823584803,0,0,7624,826169,239174758,240008551
turso,concurrent,64,2,45,4063593584,0,0,6713,577850,760617049,761201612
turso,concurrent,64,2,45,4824795527,0,0,6322,461741,362665006,363133069
turso,concurrent,64,2,45,5187929368,0,0,8145,12134341,51817984,63960470
turso,concurrent,64,2,45,5251890059,0,0,6292,461230,4288554084,4289021606
turso,concurrent,64,2,45,9540912056,0,0,8356,13402845,412197778,425608979
turso,concurrent,64,2,45,9966521476,0,0,10179,508510,151429558,151948247
turso,concurrent,64,2,45,10118469993,0,0,5711,558103,1327406143,1327969957
turso,concurrent,64,2,45,11446440240,0,0,8136,6236540,1005483057,1011727733
turso,concurrent,64,2,45,12458168353,0,0,7765,8720388,98521987,107250140
turso,concurrent,64,2,45,12565418764,0,0,5831,465518,404494470,404965819
turso,concurrent,64,2,45,12970385325,0,0,10239,441633,594227057,594678929
turso,concurrent,64,2,45,13565064654,0,0,6463,478933,969876798,970362194
turso,concurrent,64,2,45,14535427159,0,0,8145,9806699,1207043906,1216858750
turso,concurrent,64,2,45,15752286099,0,0,5390,533647,1116660088,1117199125
turso,concurrent,64,2,45,16869485515,0,0,6632,469777,276069948,276546357
turso,concurrent,64,2,45,17146032142,0,0,5581,442215,338691281,339139077
turso,concurrent,64,2,45,17485171490,0,0,5520,519110,326391498,326916128
turso,concurrent,64,2,45,17812087919,0,0,5981,547734,47634639,48188354
turso,concurrent,64,2,45,17860276664,0,0,7795,597648,2329353897,2329959340
turso,concurrent,64,2,45,20190236404,0,0,8896,13813099,461018807,474840802
turso,concurrent,64,2,45,20665077487,0,0,6362,509261,119182970,119698593
turso,concurrent,64,2,45,20784776321,0,0,5961,470358,45668459,46144778
turso,concurrent,64,2,45,20830921509,0,0,7024,447524,99851327,100305875
turso,concurrent,64,2,45,20931227724,0,0,8015,23197190,2701255976,2724461181
turso,concurrent,64,2,45,23655689315,0,0,7554,552352,1780000550,1780560456
turso,concurrent,64,2,45,25436250063,0,0,6592,475688,42134459,42616739
turso,concurrent,64,2,45,25478879125,0,0,8716,609230,1301763067,1302381013
turso,concurrent,64,2,45,26781260369,0,0,7724,12031086,175702288,187741098
turso,concurrent,64,2,45,26969001677,0,0,4769,430913,1132215636,1132651318
turso,concurrent,64,2,45,28101653345,0,0,7895,15386418,99829526,115223839
turso,concurrent,64,2,45,28216877484,0,0,5881,470068,1277733496,1278209445
turso,concurrent,64,2,45,29495087229,0,0,8316,14642184,869817509,884468009
turso,concurrent,64,2,45,30379555559,0,0,7945,20246280,657665862,677920087
turso,concurrent,64,2,45,31057476017,0,0,6362,463655,812263029,812733046
turso,concurrent,64,2,45,31870209344,0,0,6121,450651,1166328635,1166785407
turso,concurrent,64,2,46,106281,1,0,6128907,475197,167012437,173616541
turso,concurrent,64,2,46,173723583,1,0,7614,370770,78743800,79122184
turso,concurrent,64,2,46,252846039,1,0,4839,368836,2454168185,2454541860
turso,concurrent,64,2,46,2707388180,1,0,66485,6786097,1422255248,1429107830
turso,concurrent,64,2,46,4136496201,0,0,5931,414582,856494516,856915029
turso,concurrent,64,2,46,4993411711,0,0,5781,491337,472133142,472630260
turso,concurrent,64,2,46,5466042262,0,0,8486,22173106,91010892,113192484
turso,concurrent,64,2,46,5579234967,0,0,5781,414893,234778550,235199224
turso,concurrent,64,2,46,5814434471,0,0,5601,442445,1253537693,1253985739
turso,concurrent,64,2,46,7068420831,0,0,6763,28819219,524998193,553824175
turso,concurrent,64,2,46,7622245347,0,0,6983,17468918,924968675,942444576
turso,concurrent,64,2,46,8564690233,0,0,9197,11760575,1671673808,1683443580
turso,concurrent,64,2,46,10248134265,0,0,8356,8975258,754712516,763696130
turso,concurrent,64,2,46,11011830635,0,0,7003,8957636,58430905,67395544
turso,concurrent,64,2,46,11079226540,0,0,6001,557021,280130632,280693654
turso,concurrent,64,2,46,11359920485,0,0,6191,433909,233552997,233993097
turso,concurrent,64,2,46,11593913813,0,0,5390,464016,3521733397,3522202803
turso,concurrent,64,2,46,15116117869,0,0,8997,35273571,2608269746,2643552314
turso,concurrent,64,2,46,17759670543,0,0,7424,558805,388589292,389155521
turso,concurrent,64,2,46,18148826314,0,0,5169,426355,2436634214,2437065738
turso,concurrent,64,2,46,20585892474,0,0,8997,28049437,1587968393,1616026827
turso,concurrent,64,2,46,22201919702,0,0,8937,24006857,1325114337,1349130131
turso,concurrent,64,2,46,23551050134,0,0,7333,607637,401753467,402368437
turso,concurrent,64,2,46,23953418821,0,0,5751,463344,502520652,502989747
turso,concurrent,64,2,46,24456408788,0,0,6182,501617,52151153,52658952
turso,concurrent,64,2,46,24509068161,0,0,6973,496627,453327401,453831001
turso,concurrent,64,2,46,24962899483,0,0,6432,457393,374551459,375015284
turso,concurrent,64,2,46,25337915018,0,0,6392,468144,197878430,198352966
turso,concurrent,64,2,46,25536268264,0,0,5631,659664,3280991904,3281657199
turso,concurrent,64,2,46,28817925834,0,0,9237,19845755,436370468,456225460
turso,concurrent,64,2,46,29274151534,0,0,7114,20242894,86385983,106635991
turso,concurrent,64,2,46,29380787756,0,0,5771,460869,776132371,776599011
turso,concurrent,64,2,46,30157387147,0,0,13646,37374836,735582733,772971215
turso,concurrent,64,2,46,30930369192,0,0,8036,545549,2372894520,2373448105
turso,concurrent,64,2,47,143942,1,0,17961288,559546,1687882177,1706403011
turso,concurrent,64,2,47,1706547424,1,0,48993,11658823,505453687,517161503
turso,concurrent,64,2,47,2223709157,1,0,7955,23200806,996950373,1020159134
turso,concurrent,64,2,47,3243868562,0,0,7765,439199,494494003,494940967
turso,concurrent,64,2,47,3738809830,0,0,7394,606504,4249666153,4250280051
turso,concurrent,64,2,47,7989090422,0,0,8205,11074531,171181736,182264472
turso,concurrent,64,2,47,8171355194,0,0,7264,527285,300939704,301474253
turso,concurrent,64,2,47,8472829758,0,0,8827,27544493,236879466,264432786
turso,concurrent,64,2,47,8737262854,0,0,6062,452724,172462864,172921650
turso,concurrent,64,2,47,8910185466,0,0,6673,563904,816668743,817239320
turso,concurrent,64,2,47,9727425177,0,0,7824,3182517,53873995,57064336
turso,concurrent,64,2,47,9784489863,0,0,7484,610202,1971638732,1972256418
turso,concurrent,64,2,47,11756746682,0,0,7975,17077530,223532486,240617991
turso,concurrent,64,2,47,11997365063,0,0,9218,7091103,228748971,235849292
turso,concurrent,64,2,47,12233214665,0,0,6462,703899,31680149,32390510
turso,concurrent,64,2,47,12265605535,0,0,6712,724107,462373633,463104452
turso,concurrent,64,2,47,12728710379,0,0,6512,475728,622893868,623376108
turso,concurrent,64,2,47,13352087369,0,0,6432,558204,83078872,83643508
turso,concurrent,64,2,47,13435731087,0,0,5250,455830,56060191,56521271
turso,concurrent,64,2,47,13492252608,0,0,5029,448256,476315535,476768820
turso,concurrent,64,2,47,13969021960,0,0,14097,506406,938884577,939405080
turso,concurrent,64,2,47,14908427371,0,0,8215,8945423,629058863,638012501
turso,concurrent,64,2,47,15546440243,0,0,7313,498261,782773243,783278817
turso,concurrent,64,2,47,16329719451,0,0,13185,506736,130910884,131430805
turso,concurrent,64,2,47,16461150567,0,0,5590,446272,986784829,987236691
turso,concurrent,64,2,47,17448387478,0,0,12844,522326,371691963,372227133
turso,concurrent,64,2,47,17820614902,0,0,5440,574715,1456238202,1456818357
turso,concurrent,64,2,47,19277433580,0,0,7955,632964,1037377632,1038018551
turso,concurrent,64,2,47,20315452461,0,0,8216,31498245,788521051,820027512
turso,concurrent,64,2,47,21135480314,0,0,7935,25987435,2172257314,2198252684
turso,concurrent,64,2,47,23333733378,0,0,7454,566950,644620002,645194406
turso,concurrent,64,2,47,23978928034,0,0,6512,510614,3082426738,3082943864
turso,concurrent,64,2,47,27061872299,0,0,8446,29598289,2222302873,2251909608
turso,concurrent,64,2,47,29313792588,0,0,8606,16520649,290924603,307453858
turso,concurrent,64,2,47,29621246666,0,0,5050,430933,247436760,247872743
turso,concurrent,64,2,47,29869119639,0,0,6021,537445,689035004,689578470
turso,concurrent,64,2,47,30558698420,0,0,8877,13057262,111493017,124559156
turso,concurrent,64,2,47,30683257817,0,0,7684,475127,2873976747,2874459558
turso,concurrent,64,2,48,214064,1,0,84726462,479745,147554435,232760642
turso,concurrent,64,2,48,232975077,1,0,5921,354780,1545103385,1545464086
turso,concurrent,64,2,48,1778439454,1,0,54443,2342891,32897166,35294500
turso,concurrent,64,2,48,1813734184,1,0,5451,455810,471011355,471472616
turso,concurrent,64,2,48,2285207091,1,0,7434,12057165,684364730,696429329
turso,concurrent,64,2,48,2981636921,1,0,6302,512026,2569068864,2569587192
turso,concurrent,64,2,48,5551224333,0,0,7324,14253430,193405829,207666583
turso,concurrent,64,2,48,5758891176,0,0,6262,475488,398898268,399380018
turso,concurrent,64,2,48,6158271534,0,0,6042,467843,1301680972,1302154857
turso,concurrent,64,2,48,7460427382,0,0,7534,11824947,32373066,44205547
turso,concurrent,64,2,48,7504633331,0,0,7374,592618,914184112,914784104
turso,concurrent,64,2,48,8419417956,0,0,7053,8989095,411232847,420228995
turso,concurrent,64,2,48,8839647311,0,0,6142,474776,1369339451,1369820369
turso,concurrent,64,2,48,10209468051,0,0,10670,20043588,134699755,154754013
turso,concurrent,64,2,48,10364222475,0,0,9217,549427,1170273531,1170832175
turso,concurrent,64,2,48,11535055030,0,0,8747,12381337,403603729,415993813
turso,concurrent,64,2,48,11951049193,0,0,8055,9843107,422094015,431945177
turso,concurrent,64,2,48,12382995261,0,0,5641,448797,538615462,539069900
turso,concurrent,64,2,48,12922065592,0,0,7364,480126,289708869,290196359
turso,concurrent,64,2,48,13212262181,0,0,5210,448647,126450336,126904193
turso,concurrent,64,2,48,13339166684,0,0,5190,482952,390929639,391417781
turso,concurrent,64,2,48,13730584905,0,0,7113,504121,2142885591,2143396825
turso,concurrent,64,2,48,15873982182,0,0,9017,8934943,328158844,337102804
turso,concurrent,64,2,48,16211085256,0,0,5811,481890,201485387,201973088
turso,concurrent,64,2,48,16413058694,0,0,6392,499192,761899430,762405014
turso,concurrent,64,2,48,17175464078,0,0,5881,501938,135162197,135670016
turso,concurrent,64,2,48,17311134495,0,0,6232,549186,683306894,683862312
turso,concurrent,64,2,48,17994997218,0,0,8185,573332,1755902991,1756484508
turso,concurrent,64,2,48,19751482077,0,0,9378,20972150,951201462,972182990
turso,concurrent,64,2,48,20723665398,0,0,7624,570146,85021439,85599209
turso,concurrent,64,2,48,20809264988,0,0,7163,508330,587654362,588169855
turso,concurrent,64,2,48,21397435103,0,0,7996,20317183,503917017,524242196
turso,concurrent,64,2,48,21921677860,0,0,16842,496697,647554760,648068299
turso,concurrent,64,2,48,22569756238,0,0,6202,498240,3234338797,3234843239
turso,concurrent,64,2,48,25804599838,0,0,7664,479665,187155142,187642471
turso,concurrent,64,2,48,25992242559,0,0,5881,657240,794185372,794848493
turso,concurrent,64,2,48,26787091433,0,0,8136,19855973,1315869349,1335733458
turso,concurrent,64,2,48,28122825242,0,0,8446,23628323,56269225,79905994
turso,concurrent,64,2,48,28202731486,0,0,7164,556320,271563263,272126747
turso,concurrent,64,2,48,28474858503,0,0,5461,470958,1243515279,1243991698
turso,concurrent,64,2,48,29718850461,0,0,6993,13114260,35445676,48566929
turso,concurrent,64,2,48,29767417760,0,0,5861,430231,2028714440,2029150532
turso,concurrent,64,2,48,31796568633,0,0,8737,31843728,160324836,192177301
turso,concurrent,64,2,48,31988746414,0,0,6732,591166,1188236392,1188834290
turso,concurrent,64,2,49,193335,1,0,67813362,453516,732548326,800815204
turso,concurrent,64,2,49,801009130,1,0,6943,444399,210696471,211147813
turso,concurrent,64,2,49,1012157173,1,0,2494237,3711655,1321023076,1327228968
turso,concurrent,64,2,49,2339386422,1,0,13405,18368205,2669602077,2687983687
turso,concurrent,64,2,49,5027370360,0,0,7745,474806,493827615,494310166
turso,concurrent,64,2,49,5521681137,0,0,8166,15730598,1036010670,1051749434
turso,concurrent,64,2,49,6573430902,0,0,7384,10382414,441837867,452227665
turso,concurrent,64,2,49,7025658857,0,0,6292,452304,721181614,721640210
turso,concurrent,64,2,49,7747299407,0,0,7805,18261705,1322570135,1340839645
turso,concurrent,64,2,49,9088139974,0,0,8255,12776333,1624125882,1636910470
turso,concurrent,64,2,49,10725050835,0,0,14758,11265491,1371680729,1382960978
turso,concurrent,64,2,49,12108012164,0,0,7314,8961183,194111710,203080207
turso,concurrent,64,2,49,12311092742,0,0,6482,439169,547768426,548214077
turso,concurrent,64,2,49,12859307200,0,0,8035,704840,1034423245,1035136120
turso,concurrent,64,2,49,13894443721,0,0,7164,537384,1696389873,1696934421
turso,concurrent,64,2,49,15591378553,0,0,7605,6181906,327979226,334168737
turso,concurrent,64,2,49,15925547540,0,0,5811,447184,1179559406,1180012401
turso,concurrent,64,2,49,17105560802,0,0,6904,473944,786148994,786629842
turso,concurrent,64,2,49,17892190944,0,0,6963,501466,496284753,496793182
turso,concurrent,64,2,49,18388984377,0,0,5580,581548,1399328148,1399915276
turso,concurrent,64,2,49,19788900045,0,0,7654,22424381,1603114448,1625546483
turso,concurrent,64,2,49,21414446839,0,0,8796,9052154,282956295,292017245
turso,concurrent,64,2,49,21706464375,0,0,6121,478764,58406167,58891052
turso,concurrent,64,2,49,21765355738,0,0,5731,439119,564811070,565255920
turso,concurrent,64,2,49,22330612179,0,0,7985,748172,477652649,478408806
turso,concurrent,64,2,49,22809021265,0,0,5571,472291,423919350,424397212
turso,concurrent,64,2,49,23233418848,0,0,7644,508761,2339024588,2339540993
turso,concurrent,64,2,49,25572960422,0,0,6763,494873,79901536,80403172
turso,concurrent,64,2,49,25653363975,0,0,6843,532385,1626228931,1626768159
turso,concurrent,64,2,49,27280132524,0,0,7675,25885613,55967135,81860423
turso,concurrent,64,2,49,27361993177,0,0,6072,469115,750511868,750987055
turso,concurrent,64,2,49,28112980643,0,0,7865,30393049,784296619,814697533
turso,concurrent,64,2,49,28927678677,0,0,18004,8839693,317168983,326026680
turso,concurrent,64,2,49,29253716678,0,0,6983,449579,283252654,283709216
turso,concurrent,64,2,49,29537426154,0,0,5511,454417,14300990,14760918
turso,concurrent,64,2,49,29552187292,0,0,5040,465879,340658725,341129644
turso,concurrent,64,2,49,29893317176,0,0,4990,479485,343226591,343711066
turso,concurrent,64,2,49,30237028462,0,0,6933,15341433,94532559,109880925
turso,concurrent,64,2,49,30346909587,0,0,5290,456051,63511363,63972704
turso,concurrent,64,2,49,30410882531,0,0,4779,429050,117638466,118072295
turso,concurrent,64,2,49,30528955136,0,0,7274,460399,656669572,657137245
turso,concurrent,64,2,49,31186092832,0,0,15860,516945,2013579255,2014112060
turso,concurrent,64,2,50,197984,1,0,43434242,467933,1323829983,1367732158
turso,concurrent,64,2,50,1367930553,1,0,50195,6097768,24977800,31125763
turso,concurrent,64,2,50,1399056576,1,0,4629,406006,1098624881,1099035516
turso,concurrent,64,2,50,2498092292,1,0,7044,13763275,567789541,581559860
turso,concurrent,64,2,50,3079652412,0,0,12204,706683,121052128,121771015
turso,concurrent,64,2,50,3201424038,0,0,6663,458806,957186328,957651797
turso,concurrent,64,2,50,4159076155,0,0,5691,496146,152231352,152733189
turso,concurrent,64,2,50,4311809574,0,0,5921,449308,130508564,130963793
turso,concurrent,64,2,50,4442773749,0,0,7504,467783,70924133,71399420
turso,concurrent,64,2,50,4514174030,0,0,6392,453697,278000161,278460250
turso,concurrent,64,2,50,4792634550,0,0,7004,458525,832270408,832735937
turso,concurrent,64,2,50,5625370858,0,0,7223,12983033,248391752,261382008
turso,concurrent,64,2,50,5886753206,0,0,6753,669984,1042302906,1042979643
turso,concurrent,64,2,50,6929733160,0,0,8696,11356633,122076261,133441590
turso,concurrent,64,2,50,7063175161,0,0,7524,686486,65911382,66605392
turso,concurrent,64,2,50,7129780783,0,0,5420,464617,643924408,644394445
turso,concurrent,64,2,50,7774175590,0,0,8115,24039238,790211202,814258555
turso,concurrent,64,2,50,8588434966,0,0,6943,21873351,590909636,612789930
turso,concurrent,64,2,50,9201225176,0,0,5691,533256,222437049,222975996
turso,concurrent,64,2,50,9424201492,0,0,7064,492219,155357992,155857275
turso,concurrent,64,2,50,9580059088,0,0,9397,24845290,96901669,121756356
turso,concurrent,64,2,50,9701815795,0,0,8867,753963,579559314,580322144
turso,concurrent,64,2,50,10282138360,0,0,7604,472412,339637427,340117443
turso,concurrent,64,2,50,10622256053,0,0,5740,431865,92612655,93050260
turso,concurrent,64,2,50,10715306594,0,0,6062,9851833,819012417,828870312
turso,concurrent,64,2,50,11544177186,0,0,5691,459698,77726911,78192300
turso,concurrent,64,2,50,11622369727,0,0,4919,499112,337552823,338056854
turso,concurrent,64,2,50,11960426831,0,0,8166,12938388,2768751669,2781698223
turso,concurrent,64,2,50,14742125425,0,0,8205,15706412,923238359,938952976
turso,concurrent,64,2,50,15681078802,0,0,8516,621783,353978463,354608762
turso,concurrent,64,2,50,16035687874,0,0,6352,472632,50744178,51223162
turso,concurrent,64,2,50,16086911287,0,0,5640,560007,143589122,144154769
turso,concurrent,64,2,50,16231066326,0,0,5912,631662,233048144,233685718
turso,concurrent,64,2,50,16464761572,0,0,5931,460870,1042525947,1042992748
turso,concurrent,64,2,50,17507754640,0,0,6583,568793,335081128,335656504
turso,concurrent,64,2,50,17843411374,0,0,5119,588050,496009514,496602683
turso,concurrent,64,2,50,18340014238,0,0,6262,503961,922952970,923463193
turso,concurrent,64,2,50,19263477651,0,0,5991,519080,604514441,605039512
turso,concurrent,64,2,50,19868517404,0,0,7143,17164405,1542897512,1560069060
turso,concurrent,64,2,50,21428586845,0,0,8145,14643817,1881489516,1896141478
turso,concurrent,64,2,50,23324728664,0,0,6422,495325,197551503,198053250
turso,concurrent,64,2,50,23522782154,0,0,5491,491267,2195217375,2195714133
turso,concurrent,64,2,50,25718496638,0,0,7234,603649,1317711024,1318321907
turso,concurrent,64,2,50,27036818906,0,0,8656,22749795,24844689,47603140
turso,concurrent,64,2,50,27084422446,0,0,5390,452905,970746078,971204373
turso,concurrent,64,2,50,28055627181,0,0,8376,28765498,183716252,212490126
turso,concurrent,64,2,50,28268117547,0,0,5320,448175,1345366108,1345819603
turso,concurrent,64,2,50,29613937532,0,0,8967,16582445,957998291,974589703
turso,concurrent,64,2,50,30588527836,0,0,9538,15286840,382597755,397894133
turso,concurrent,64,2,50,30986422340,0,0,7594,772348,501115249,501895191
turso,concurrent,64,2,50,31488317962,0,0,7444,691795,1107864028,1108563267
turso,concurrent,64,2,50,32596881499,0,0,6933,535250,883502177,884044360
turso,concurrent,64,2,51,135666,1,0,3830268,580105,149341237,153751610
turso,concurrent,64,2,51,153887698,1,0,7935,379506,738142714,738530155
turso,concurrent,64,2,51,892418083,1,0,7284,497749,894001231,894506264
turso,concurrent,64,2,51,1786924628,1,0,64762,5857194,949820857,955742813
turso,concurrent,64,2,51,2742667672,1,0,8506,17582623,296786486,314377615
turso,concurrent,64,2,51,3057045818,0,0,5831,468764,288724872,289199467
turso,concurrent,64,2,51,3346245575,0,0,6282,498070,897673151,898177503
turso,concurrent,64,2,51,4244423358,0,0,8946,750517,698912405,699671868
turso,concurrent,64,2,51,4944095488,0,0,5370,449448,1505150263,1505605081
turso,concurrent,64,2,51,6449701711,0,0,7815,14689263,151071082,165768160
turso,concurrent,64,2,51,6615470251,0,0,8446,530662,138737234,139276342
turso,concurrent,64,2,51,6754746844,0,0,5590,493963,1274319203,1274818756
turso,concurrent,64,2,51,8029565990,0,0,7905,19227958,1838529309,1857765172
turso,concurrent,64,2,51,9887331553,0,0,8867,16683847,1048406324,1065099038
turso,concurrent,64,2,51,10952430952,0,0,7865,18361643,731109851,749479359
turso,concurrent,64,2,51,11701910702,0,0,7083,446603,179364840,179818526
turso,concurrent,64,2,51,11881729458,0,0,7033,11161495,1904928543,1916097071
turso,concurrent,64,2,51,13797827550,0,0,6482,429941,654153834,654590257
turso,concurrent,64,2,51,14452418198,0,0,8275,23052907,92757249,115818431
turso,concurrent,64,2,51,14568237040,0,0,7124,552883,1177813471,1178373478
turso,concurrent,64,2,51,15746610828,0,0,6653,492299,149965164,150464116
turso,concurrent,64,2,51,15897075335,0,0,6793,482611,392350571,392839975
turso,concurrent,64,2,51,16289915691,0,0,6993,448326,639057443,639512762
turso,concurrent,64,2,51,16929428854,0,0,8326,671236,375334067,376013629
turso,concurrent,64,2,51,17305442913,0,0,13366,536863,71767535,72317764
turso,concurrent,64,2,51,17377761007,0,0,7144,569655,671047827,671624626
turso,concurrent,64,2,51,18049385924,0,0,11251,647703,109224886,109883840
turso,concurrent,64,2,51,18159270035,0,0,5430,464908,105406931,105877269
turso,concurrent,64,2,51,18265147544,0,0,4749,539448,2773986839,2774531036
turso,concurrent,64,2,51,21039678941,0,0,8396,24686309,809518149,834212854
turso,concurrent,64,2,51,21873892185,0,0,6663,504833,58584234,59095730
turso,concurrent,64,2,51,21932988235,0,0,11703,464687,589939474,590415864
turso,concurrent,64,2,51,22523404430,0,0,7254,460809,1591647858,1592115921
turso,concurrent,64,2,51,24115531121,0,0,8316,548545,175932262,176489123
turso,concurrent,64,2,51,24292020494,0,0,5701,478082,498857037,499340820
turso,concurrent,64,2,51,24791361574,0,0,6723,514702,141723981,142245406
turso,concurrent,64,2,51,24933607210,0,0,5050,454949,659200218,659660217
turso,concurrent,64,2,51,25593267677,0,0,5981,446002,793657585,794109568
turso,concurrent,64,2,51,26387377626,0,0,9137,13893792,192416912,206319841
turso,concurrent,64,2,51,26593697858,0,0,8246,579002,383194742,383781990
turso,concurrent,64,2,51,26977480138,0,0,6432,436394,2831771293,2832214119
turso,concurrent,64,2,51,29809694548,0,0,7173,11919836,784461791,796388800
turso,concurrent,64,2,51,30606083658,0,0,8877,13809342,2459442749,2473260968
turso,concurrent,64,2,52,2736,1,0,93462779,402730,461382954,555248463
turso,concurrent,64,2,52,555251559,1,0,6462,431704,659763802,660201968
turso,concurrent,64,2,52,1215453749,1,0,53310,9004704,185736846,194794860
turso,concurrent,64,2,52,1410248849,1,0,5481,413260,613708222,614126963
turso,concurrent,64,2,52,2024376082,1,0,6492,730719,1529100994,1529838205
turso,concurrent,64,2,52,3554215030,0,0,7444,16771763,790017806,806797013
turso,concurrent,64,2,52,4361012353,0,0,6222,548064,422388922,422943208
turso,concurrent,64,2,52,4783955871,0,0,7705,528537,126239248,126775490
turso,concurrent,64,2,52,4910731591,0,0,5401,407819,148061672,148474892
turso,concurrent,64,2,52,5059207395,0,0,5851,431605,952072907,952510363
turso,concurrent,64,2,52,6011718109,0,0,7865,13954095,827372274,841334234
turso,concurrent,64,2,52,6853052643,0,0,8476,6199781,367672747,373881004
turso,concurrent,64,2,52,7226933998,0,0,6432,681195,1820947829,1821635456
turso,concurrent,64,2,52,9048569824,0,0,8166,20553159,1965304768,1985866093
turso,concurrent,64,2,52,11034436288,0,0,8306,11416415,1282206139,1293630860
turso,concurrent,64,2,52,12328067488,0,0,6573,26008114,146340033,172354720
turso,concurrent,64,2,52,12500422468,0,0,6382,532345,771830682,772369409
turso,concurrent,64,2,52,13272793129,0,0,7805,438197,113855566,114301568
turso,concurrent,64,2,52,13387095008,0,0,7404,610232,22275599,22893235
turso,concurrent,64,2,52,13409988554,0,0,6743,685584,1245882565,1246574892
turso,concurrent,64,2,52,14656563766,0,0,9588,11894779,254603836,266508203
turso,concurrent,64,2,52,14923072249,0,0,5600,438948,103136367,103580915
turso,concurrent,64,2,52,15026653555,0,0,6803,493632,4175553682,4176054117
turso,concurrent,64,2,52,19202708043,0,0,6933,488492,297680643,298176068
turso,concurrent,64,2,52,19500884502,0,0,6552,458866,1004193684,1004659102
turso,concurrent,64,2,52,20505543914,0,0,8816,28291684,938640256,966940756
turso,concurrent,64,2,52,21472485062,0,0,7965,21283859,1114088665,1135380489
turso,concurrent,64,2,52,22607865761,0,0,6222,473223,2118765540,2119244985
turso,concurrent,64,2,52,24727110977,0,0,7043,475858,1165523085,1166005986
turso,concurrent,64,2,52,25893117264,0,0,7224,581918,1637344269,1637933411
turso,concurrent,64,2,52,27531051095,0,0,7374,16313859,108645513,124966746
turso,concurrent,64,2,52,27656018112,0,0,6051,467202,627445919,627919172
turso,concurrent,64,2,52,28283937585,0,0,7033,25957689,1760673614,1786638336
turso,concurrent,64,2,52,30070591100,0,0,11732,54328182,457869623,512209537
turso,concurrent,64,2,52,30582800918,0,0,9327,14735219,2166881809,2181626355
turso,concurrent,64,2,52,32764427574,0,0,7113,589873,613402876,613999862
turso,concurrent,64,2,53,351,1,0,3995401,308121,4539840680,4544144202
turso,concurrent,64,2,53,4544145004,0,0,65143,18771887,1165062987,1183900017
turso,concurrent,64,2,53,5728045232,0,0,7744,9595339,733723263,743326346
turso,concurrent,64,2,53,6471371799,0,0,5931,17424835,2313259994,2330690760
turso,concurrent,64,2,53,8802062829,0,0,8046,20342902,1075490510,1095841458
turso,concurrent,64,2,53,9897905018,0,0,6653,8942286,2189313212,2198262151
turso,concurrent,64,2,53,12096167460,0,0,8706,9269976,448251771,457530453
turso,concurrent,64,2,53,12553698144,0,0,5711,532825,261171682,261710218
turso,concurrent,64,2,53,12815408612,0,0,5921,699711,63225263,63930895
turso,concurrent,64,2,53,12879340588,0,0,7253,474836,544606389,545088478
turso,concurrent,64,2,53,13424429448,0,0,6953,444799,1065409094,1065860846
turso,concurrent,64,2,53,14490290634,0,0,6613,11808345,690988762,702803720
turso,concurrent,64,2,53,15193094735,0,0,6452,524731,126711027,127242210
turso,concurrent,64,2,53,15320337176,0,0,5179,453095,118286499,118744773
turso,concurrent,64,2,53,15439082199,0,0,5611,501767,901452884,901960262
turso,concurrent,64,2,53,16341042731,0,0,6533,515382,660482658,661004573
turso,concurrent,64,2,53,17002047505,0,0,5570,490696,474111537,474607803
turso,concurrent,64,2,53,17476656059,0,0,6392,679522,274209628,274895542
turso,concurrent,64,2,53,17751551911,0,0,7555,570486,1663806149,1664384190
turso,concurrent,64,2,53,19415936352,0,0,6101,499433,270470090,270975624
turso,concurrent,64,2,53,19686912337,0,0,7384,16011868,1853323760,1869343012
turso,concurrent,64,2,53,21556255640,0,0,8265,17540314,471350214,488898793
turso,concurrent,64,2,53,22045154754,0,0,7284,543986,371032929,371584199
turso,concurrent,64,2,53,22416739164,0,0,4538,472071,236482827,236959436
turso,concurrent,64,2,53,22653698820,0,0,5431,470367,2500248822,2500724620
turso,concurrent,64,2,53,25154423660,0,0,6252,539889,572818713,573364854
turso,concurrent,64,2,53,25727788904,0,0,5901,459898,2118485361,2118951160
turso,concurrent,64,2,53,27846740436,0,0,8005,24573046,56743049,81324100
turso,concurrent,64,2,53,27928064787,0,0,5931,483212,1580695728,1581184871
turso,concurrent,64,2,53,29509249948,0,0,7464,31461557,772705783,804174804
turso,concurrent,64,2,53,30313425002,0,0,7333,14869263,37121879,51998475
turso,concurrent,64,2,53,30365423708,0,0,5690,554386,1036306990,1036867066
turso,concurrent,64,2,53,31402290965,0,0,6802,780553,924005808,924793163
turso,concurrent,64,2,53,32327105519,0,0,13376,544868,762578080,763136324
turso,concurrent,64,2,54,238250,1,0,4735608,453796,644648946,649838350
turso,concurrent,64,2,54,650076920,1,0,6493,428548,184904014,185339055
turso,concurrent,64,2,54,835416295,1,0,8586,544918,791929945,792483449
turso,concurrent,64,2,54,1627900005,1,0,59763,14485538,185441989,199987290
turso,concurrent,64,2,54,1827887586,1,0,7283,468555,1052991348,1053467186
turso,concurrent,64,2,54,2881355313,1,0,7364,3317951,1086892679,1090217994
turso,concurrent,64,2,54,3971573598,0,0,6572,492700,654231060,654730332
turso,concurrent,64,2,54,4626304190,0,0,7955,553425,54856619,55417999
turso,concurrent,64,2,54,4681722419,0,0,6382,599001,558241101,558846484
turso,concurrent,64,2,54,5240569644,0,0,6853,14636243,1997177380,2011820476
turso,concurrent,64,2,54,7252396372,0,0,9448,12531821,1393572786,1406114055
turso,concurrent,64,2,54,8658510788,0,0,7725,11740627,880806599,892554951
turso,concurrent,64,2,54,9551066030,0,0,7704,14290470,866478027,880776201
turso,concurrent,64,2,54,10431842592,0,0,6522,484083,343012648,343503253
turso,concurrent,64,2,54,10775346225,0,0,10119,18419583,65034568,83464270
turso,concurrent,64,2,54,10858810966,0,0,9778,464256,161005301,161479335
turso,concurrent,64,2,54,11020290531,0,0,7915,494393,67272351,67774659
turso,concurrent,64,2,54,11088065951,0,0,5360,466240,482721044,483192644
turso,concurrent,64,2,54,11571258816,0,0,5421,464025,488963206,489432652
turso,concurrent,64,2,54,12060691809,0,0,9327,27829351,87547115,115385793
turso,concurrent,64,2,54,12176077983,0,0,6733,493261,125915827,126415821
turso,concurrent,64,2,54,12302494084,0,0,6903,689662,695649297,696345862
turso,concurrent,64,2,54,12998840307,0,0,5881,460729,1067371427,1067838037
turso,concurrent,64,2,54,14066678735,0,0,8356,11866245,964088273,975962874
turso,concurrent,64,2,54,15042641970,0,0,6963,500866,1023966048,1024473877
turso,concurrent,64,2,54,16067116268,0,0,6933,478393,1013615465,1014100791
turso,concurrent,64,2,54,17081217280,0,0,5931,501767,157436945,157944643
turso,concurrent,64,2,54,17239162374,0,0,17343,576177,1194580876,1195174396
turso,concurrent,64,2,54,18434337120,0,0,7144,502869,119782041,120292054
turso,concurrent,64,2,54,18554629535,0,0,7564,634567,182059105,182701236
turso,concurrent,64,2,54,18737331162,0,0,7163,557602,154561740,155126505
turso,concurrent,64,2,54,18892457938,0,0,5681,503901,292780435,293290017
turso,concurrent,64,2,54,19185748265,0,0,5120,456822,727245949,727707891
turso,concurrent,64,2,54,19913467968,0,0,10089,19900828,2054438588,2074349505
turso,concurrent,64,2,54,21987817774,0,0,7714,20387678,226540021,246935413
turso,concurrent,64,2,54,22234753427,0,0,6472,784029,295757785,296548286
turso,concurrent,64,2,54,22531302075,0,0,8385,547013,636214809,636770207
turso,concurrent,64,2,54,23168072612,0,0,6422,525382,41776393,42308197
turso,concurrent,64,2,54,23210381039,0,0,5200,526303,396329270,396860773
turso,concurrent,64,2,54,23607242103,0,0,6392,516544,559648718,560171654
turso,concurrent,64,2,54,24167414038,0,0,6342,458084,409948904,410413330
turso,concurrent,64,2,54,24577827579,0,0,6101,487240,51784571,52277912
turso,concurrent,64,2,54,24630105801,0,0,8266,603730,996459326,997071322
turso,concurrent,64,2,54,25627177434,0,0,6542,469727,226583894,227060163
turso,concurrent,64,2,54,25854237838,0,0,5781,536111,460326610,460868502
turso,concurrent,64,2,54,26315106521,0,0,5250,476489,202617333,203099072
turso,concurrent,64,2,54,26518205814,0,0,7474,17655050,1045089134,1062751658
turso,concurrent,64,2,54,27580957812,0,0,6592,457223,166734963,167198778
turso,concurrent,64,2,54,27748156902,0,0,8867,8980238,245049445,254038550
turso,concurrent,64,2,54,28002195732,0,0,5621,430973,908290588,908727182
turso,concurrent,64,2,54,28910923325,0,0,8997,20052184,1497272987,1517334168
turso,concurrent,64,2,54,30428257653,0,0,6532,26298392,467868875,494173799
turso,concurrent,64,2,54,30922431842,0,0,6342,516495,991114760,991637597
turso,concurrent,64,2,54,31914069770,0,0,7264,550409,153251646,153809319
turso,concurrent,64,2,54,32067879330,0,0,6412,588671,950169144,950764227
turso,concurrent,64,2,55,808717,1,0,87543608,505364,1335919990,1423968962
turso,concurrent,64,2,55,1424777990,1,0,48060,8819996,67619817,76487873
turso,concurrent,64,2,55,1501266143,1,0,6222,454678,1518836633,1519297533
turso,concurrent,64,2,55,3020563866,0,0,8045,17479719,797380080,814867844
turso,concurrent,64,2,55,3835432062,0,0,6893,441723,170111226,170559842
turso,concurrent,64,2,55,4005992545,0,0,7615,661067,25830109,26498791
turso,concurrent,64,2,55,4032491656,0,0,6843,547994,2964200694,2964755531
turso,concurrent,64,2,55,6997247527,0,0,8716,15262665,550063197,565334578
turso,concurrent,64,2,55,7562582447,0,0,7754,17580409,1128803696,1146391859
turso,concurrent,64,2,55,8708975038,0,0,6782,14842963,1405972448,1420822193
turso,concurrent,64,2,55,10129797842,0,0,11231,12080680,251170506,263262417
turso,concurrent,64,2,55,10393060650,0,0,7224,493151,878069082,878569457
turso,concurrent,64,2,55,11271630557,0,0,6552,13335227,232912949,246254728
turso,concurrent,64,2,55,11517885687,0,0,6442,481188,1593905799,1594393429
turso,concurrent,64,2,55,13112279377,0,0,6652,13166830,141636636,154810118
turso,concurrent,64,2,55,13267089716,0,0,5791,470718,1542667017,1543143526
turso,concurrent,64,2,55,14810233633,0,0,7113,11824166,518189733,530021012
turso,concurrent,64,2,55,15340255717,0,0,6793,466911,590515361,590989065
turso,concurrent,64,2,55,15931245053,0,0,6532,483012,2942848045,2943337589
turso,concurrent,64,2,55,18874582963,0,0,7053,499192,1803391695,1803897940
turso,concurrent,64,2,55,20678481294,0,0,8265,26050114,828352233,854410612
turso,concurrent,64,2,55,21532892287,0,0,8266,43638707,3372198095,3415845068
turso,concurrent,64,2,55,24948737665,0,0,6513,455509,296501268,296963290
turso,concurrent,64,2,55,25245701195,0,0,7214,578392,397829180,398414786
turso,concurrent,64,2,55,25644116232,0,0,6272,500023,65382454,65888749
turso,concurrent,64,2,55,25710005352,0,0,5871,507699,930019506,930533076
turso,concurrent,64,2,55,26640538819,0,0,8797,15059190,205441985,220509972
turso,concurrent,64,2,55,26861049091,0,0,6231,449489,455184655,455640375
turso,concurrent,64,2,55,27316689858,0,0,7073,442806,76431527,76881406
turso,concurrent,64,2,55,27393571624,0,0,6743,482250,1761076265,1761565258
turso,concurrent,64,2,55,29155137603,0,0,8266,6184983,978653101,984846350
turso,concurrent,64,2,55,30139984203,0,0,7253,32081837,650570662,682659752
turso,concurrent,64,2,55,30822644216,0,0,6533,469716,1319294464,1319770713
turso,concurrent,64,2,55,32142426100,0,0,7514,523117,1322182184,1322712815
turso,concurrent,64,2,56,217230,1,0,15623146,858289,1105706616,1122188051
turso,concurrent,64,2,56,1122405541,1,0,50546,8839863,1006099971,1014990380
turso,concurrent,64,2,56,2137396142,1,0,7073,14622106,2562232121,2576861300
turso,concurrent,64,2,56,4714257652,0,0,6713,408060,2692760443,2693175216
turso,concurrent,64,2,56,7407433128,0,0,7885,15976672,423760250,439744807
turso,concurrent,64,2,56,7847178496,0,0,6141,456432,55775984,56238557
turso,concurrent,64,2,56,7903417314,0,0,5089,480297,293526944,294012330
turso,concurrent,64,2,56,8197430045,0,0,8556,732983,118840915,119582454
turso,concurrent,64,2,56,8317012689,0,0,5962,582268,561679471,562267701
turso,concurrent,64,2,56,8879281181,0,0,6973,3271905,413904719,417183597
turso,concurrent,64,2,56,9296465139,0,0,7735,520432,150149322,150677489
turso,concurrent,64,2,56,9447142939,0,0,5541,499552,1689884938,1690390031
turso,concurrent,64,2,56,11137533610,0,0,7714,42026696,1248497781,1290532191
turso,concurrent,64,2,56,12428066102,0,0,6623,17513282,494509082,512028987
turso,concurrent,64,2,56,12940095339,0,0,6733,536392,693772646,694315771
turso,concurrent,64,2,56,13634411410,0,0,6442,477271,880796340,881280053
turso,concurrent,64,2,56,14515691884,0,0,7744,13396563,622318994,635723301
turso,concurrent,64,2,56,15151415946,0,0,6112,472561,795532474,796011147
turso,concurrent,64,2,56,15947427343,0,0,5270,536713,722643623,723185606
turso,concurrent,64,2,56,16670613159,0,0,5020,428869,487420614,487854503
turso,concurrent,64,2,56,17158467872,0,0,5871,529099,108418785,108953755
turso,concurrent,64,2,56,17267421958,0,0,6422,460669,74290777,74757868
turso,concurrent,64,2,56,17342180207,0,0,6863,577931,532483629,533068423
turso,concurrent,64,2,56,17875248860,0,0,5681,536683,335628401,336170765
turso,concurrent,64,2,56,18211419876,0,0,5681,554095,1184128198,1184687974
turso,concurrent,64,2,56,19396108171,0,0,11331,527696,1836338926,1836877953
turso,concurrent,64,2,56,21232986504,0,0,8236,14142971,205874250,220025457
turso,concurrent,64,2,56,21453012352,0,0,6853,517136,207590058,208114047
turso,concurrent,64,2,56,21661126790,0,0,7083,510714,166721829,167239626
turso,concurrent,64,2,56,21828366697,0,0,5560,513239,494344130,494862929
turso,concurrent,64,2,56,22323229957,0,0,7123,555298,550121788,550684209
turso,concurrent,64,2,56,22873914436,0,0,6372,576378,1371648880,1372231630
turso,concurrent,64,2,56,24246146387,0,0,6362,504301,596147762,596658425
turso,concurrent,64,2,56,24842815001,0,0,7364,657952,586547673,587212989
turso,concurrent,64,2,56,25430028291,0,0,6662,625340,93766944,94398946
turso,concurrent,64,2,56,25524427537,0,0,6703,568353,242708816,243283872
turso,concurrent,64,2,56,25767711730,0,0,7283,591888,65830039,66429210
turso,concurrent,64,2,56,25834141240,0,0,5350,556541,530085243,530647134
turso,concurrent,64,2,56,26364788594,0,0,5371,464697,809782927,810252995
turso,concurrent,64,2,56,27175041930,0,0,9037,20215512,48079569,68304118
turso,concurrent,64,2,56,27243346299,0,0,6272,549707,163976999,164532978
turso,concurrent,64,2,56,27407879658,0,0,7755,593109,1562859636,1563460500
turso,concurrent,64,2,56,28971340869,0,0,8096,40182054,335856491,376046641
turso,concurrent,64,2,56,29347387921,0,0,12113,556620,3144791698,3145360431
turso,concurrent,64,2,56,32492748743,0,0,9578,60378480,831145264,891533322
turso,concurrent,64,2,57,125056,1,0,48413610,483342,1366975831,1415872783
turso,concurrent,64,2,57,1415998350,1,0,51678,3799500,139060916,142912094
turso,concurrent,64,2,57,1558910694,1,0,5550,428950,423951050,424385550
turso,concurrent,64,2,57,1983296484,1,0,6583,515523,533037104,533559210
turso,concurrent,64,2,57,2516855954,1,0,6823,3297954,402309256,405614033
turso,concurrent,64,2,57,2922470438,1,0,5901,426375,223850506,224282782
turso,concurrent,64,2,57,3146753570,0,0,7393,518439,71135682,71661514
turso,concurrent,64,2,57,3218415415,0,0,7294,464327,772974350,773445971
turso,concurrent,64,2,57,3991861687,0,0,7634,425503,271514140,271947277
turso,concurrent,64,2,57,4263809876,0,0,7294,470899,41711260,42189453
turso,concurrent,64,2,57,4305999549,0,0,5350,443207,181966209,182414766
turso,concurrent,64,2,57,4488414585,0,0,5230,479886,320691611,321176727
turso,concurrent,64,2,57,4809591553,0,0,6141,519581,416301543,416827265
turso,concurrent,64,2,57,5226419108,0,0,6633,14659877,740979728,755646238
turso,concurrent,64,2,57,5982065606,0,0,6271,540080,1671374603,1671920954
turso,concurrent,64,2,57,7653986821,0,0,7705,8985197,142447838,151440740
turso,concurrent,64,2,57,7805427791,0,0,6723,684261,410206851,410897835
turso,concurrent,64,2,57,8216326367,0,0,5881,458335,218325489,218789705
turso,concurrent,64,2,57,8435116463,0,0,8576,14900722,273072661,287981959
turso,concurrent,64,2,57,8723098683,0,0,5901,740528,194845255,195591684
turso,concurrent,64,2,57,8918690717,0,0,7454,503210,826678545,827189209
turso,concurrent,64,2,57,9745880226,0,0,8176,13593234,261635787,275237197
turso,concurrent,64,2,57,10021117683,0,0,7665,628526,2021497780,2022133971
turso,concurrent,64,2,57,12043252075,0,0,7685,15084528,934775763,949867976
turso,concurrent,64,2,57,12993120482,0,0,6562,457494,1515456043,1515920099
turso,concurrent,64,2,57,14509040951,0,0,9297,17355765,598031526,615396588
turso,concurrent,64,2,57,15124437940,0,0,7404,495294,365393336,365896034
turso,concurrent,64,2,57,15490334276,0,0,7384,495936,2220295454,2220798774
turso,concurrent,64,2,57,17711133431,0,0,7063,462022,579000069,579469154
turso,concurrent,64,2,57,18290602896,0,0,6993,463905,293522857,293993755
turso,concurrent,64,2,57,18584596901,0,0,5310,446513,846218712,846670535
turso,concurrent,64,2,57,19431267616,0,0,6151,472141,165139192,165617484
turso,concurrent,64,2,57,19596885412,0,0,7263,23226605,50437008,73670876
turso,concurrent,64,2,57,19670566147,0,0,6512,18898076,214956040,233860628
turso,concurrent,64,2,57,19904427065,0,0,8596,496427,539979537,540484560
turso,concurrent,64,2,57,20444912026,0,0,7174,465909,196450134,196923217
turso,concurrent,64,2,57,20641835563,0,0,6693,479525,91757932,92244150
turso,concurrent,64,2,57,20734080454,0,0,14899,489764,492574991,493079654
turso,concurrent,64,2,57,21227160469,0,0,9277,3402091,1048371459,1051782827
turso,concurrent,64,2,57,22278943667,0,0,6572,487600,769990319,770484491
turso,concurrent,64,2,57,23049428538,0,0,7354,434631,361067842,361509827
turso,concurrent,64,2,57,23410938716,0,0,6382,548485,602924921,603479788
turso,concurrent,64,2,57,24014418895,0,0,7334,551471,571100239,571659044
turso,concurrent,64,2,57,24586078250,0,0,7213,508991,505836319,506352523
turso,concurrent,64,2,57,25092431004,0,0,7284,913744,937755086,938676114
turso,concurrent,64,2,57,26031107679,0,0,5631,515873,449476894,449998398
turso,concurrent,64,2,57,26481106327,0,0,8256,20684818,1364154246,1384847320
turso,concurrent,64,2,57,27865954047,0,0,10009,4125246,1311889117,1316024372
turso,concurrent,64,2,57,29181978830,0,0,7895,7110509,792160470,799278874
turso,concurrent,64,2,57,29981258064,0,0,6513,450299,66692938,67149750
turso,concurrent,64,2,57,30048408035,0,0,5480,466450,2135187273,2135659203
turso,concurrent,64,2,57,32184067548,0,0,7585,19404511,1359279967,1378692063
turso,concurrent,64,2,58,2846,1,0,73643876,416616,459369123,533429615
turso,concurrent,64,2,58,533432892,1,0,5901,357895,1478525415,1478889211
turso,concurrent,64,2,58,2012322404,1,0,62869,4589561,463233156,467885586
turso,concurrent,64,2,58,2480208240,1,0,10280,6400730,110708136,117119146
turso,concurrent,64,2,58,2597327736,1,0,6883,511716,818582335,819100934
turso,concurrent,64,2,58,3416429181,0,0,5971,479936,2625283826,2625769733
turso,concurrent,64,2,58,6042199215,0,0,7484,24200733,851346159,875554376
turso,concurrent,64,2,58,6917753841,0,0,6782,17661332,1567289186,1584957300
turso,concurrent,64,2,58,8502711353,0,0,7263,11260161,460118918,471386342
turso,concurrent,64,2,58,8974098677,0,0,7645,456421,131696817,132160883
turso,concurrent,64,2,58,9106259711,0,0,5270,494483,1434128576,1434628329
turso,concurrent,64,2,58,10540888491,0,0,8886,15045696,1122882812,1137937394
turso,concurrent,64,2,58,11678826285,0,0,9538,20235049,690714174,710958761
turso,concurrent,64,2,58,12389785396,0,0,8527,3328190,132773059,136109776
turso,concurrent,64,2,58,12525895553,0,0,6502,524390,247499197,248030089
turso,concurrent,64,2,58,12773925963,0,0,6582,471420,56687725,57165727
turso,concurrent,64,2,58,12831091920,0,0,5220,531814,680391552,680928586
turso,concurrent,64,2,58,13512021528,0,0,6282,463645,1525707810,1526177737
turso,concurrent,64,2,58,15038199676,0,0,8657,6045860,3235047714,3241102231
turso,concurrent,64,2,58,18279302268,0,0,6522,461551,313331561,313799634
turso,concurrent,64,2,58,18593102303,0,0,6903,470999,3649711016,3650188918
turso,concurrent,64,2,58,22243291612,0,0,8776,18374618,209396628,227780022
turso,concurrent,64,2,58,22471072014,0,0,7845,561390,1736791362,1737360597
turso,concurrent,64,2,58,24208433322,0,0,15991,490726,472124034,472630751
turso,concurrent,64,2,58,24681064354,0,0,6402,537024,1103220143,1103763569
turso,concurrent,64,2,58,25784828283,0,0,6352,503511,1013160666,1013670529
turso,concurrent,64,2,58,26798499183,0,0,9047,34690600,1200250596,1234950243
turso,concurrent,64,2,58,28033449797,0,0,8456,22662730,778802780,801473966
turso,concurrent,64,2,58,28834924024,0,0,6943,538957,97489389,98035289
turso,concurrent,64,2,58,28932959623,0,0,7044,16955429,1795665865,1812628338
turso,concurrent,64,2,58,30745588271,0,0,6943,4254450,461888006,466149399
turso,concurrent,64,2,58,31211738051,0,0,6472,502488,1971999073,1972508033
turso,concurrent,64,2,59,58511,1,0,4357554,557021,1351618538,1356533113
turso,concurrent,64,2,59,1356591914,1,0,50135,3650329,691447227,695147691
turso,concurrent,64,2,59,2051739885,1,0,5941,435062,221711278,222152281
turso,concurrent,64,2,59,2273892417,1,0,6372,6129097,448495782,454631251
turso,concurrent,64,2,59,2728523908,1,0,6311,528588,1396909013,1397443912
turso,concurrent,64,2,59,4125968522,0,0,5992,443627,148831986,149281605
turso,concurrent,64,2,59,4275250417,0,0,5140,444759,418373193,418823092
turso,concurrent,64,2,59,4694073820,0,0,7624,565548,358218153,358791325
turso,concurrent,64,2,59,5052865376,0,0,5691,434129,152422673,152862493
turso,concurrent,64,2,59,5205728660,0,0,8717,11925295,2273707939,2285641951
turso,concurrent,64,2,59,7491371022,0,0,8406,6198067,212377233,218583706
turso,concurrent,64,2,59,7709955078,0,0,6643,463365,1510688995,1511159003
turso,concurrent,64,2,59,9221114492,0,0,10550,9033729,701777143,710821422
turso,concurrent,64,2,59,9931936394,0,0,8816,17534342,1384988375,1402531533
turso,concurrent,64,2,59,11334468139,0,0,7504,29386129,622192405,651586038
turso,concurrent,64,2,59,11986054568,0,0,8997,27019253,463690528,490718778
turso,concurrent,64,2,59,12476773726,0,0,5741,489865,695140537,695636143
turso,concurrent,64,2,59,13172410881,0,0,6643,451632,111231684,111689959
turso,concurrent,64,2,59,13284101070,0,0,5361,458094,268214102,268677557
turso,concurrent,64,2,59,13552778858,0,0,5831,603789,192977871,193587491
turso,concurrent,64,2,59,13746366720,0,0,7184,712214,607246467,607965865
turso,concurrent,64,2,59,14354332896,0,0,7133,11525492,1292066036,1303598661
turso,concurrent,64,2,59,15657931837,0,0,6452,506256,249969910,250482618
turso,concurrent,64,2,59,15908414896,0,0,7033,496868,727825553,728329454
turso,concurrent,64,2,59,16636744590,0,0,6973,541572,58706986,59255531
turso,concurrent,64,2,59,16696000512,0,0,6552,509001,1031617089,1032132642
turso,concurrent,64,2,59,17728133535,0,0,5741,455920,249449969,249911630
turso,concurrent,64,2,59,17978045395,0,0,5220,516806,215656141,216178167
turso,concurrent,64,2,59,18194223822,0,0,6943,516375,1094481701,1095005019
turso,concurrent,64,2,59,19289229111,0,0,5941,649095,32954976,33610012
turso,concurrent,64,2,59,19322839383,0,0,4609,473503,960579292,961057404
turso,concurrent,64,2,59,20283897157,0,0,7704,24504958,702027624,726540286
turso,concurrent,64,2,59,21010437875,0,0,9237,20365606,573876710,594251553
turso,concurrent,64,2,59,21604699106,0,0,6532,546301,148679669,149232502
turso,concurrent,64,2,59,21753931868,0,0,5030,438247,963707845,964151122
turso,concurrent,64,2,59,22718083251,0,0,9378,581066,438096727,438687171
turso,concurrent,64,2,59,23156770852,0,0,14186,522186,89034652,89571024
turso,concurrent,64,2,59,23246342168,0,0,7394,613387,2142462623,2143083404
turso,concurrent,64,2,59,25389425852,0,0,6722,519651,2982494198,2983020571
turso,concurrent,64,2,59,28372446614,0,0,8646,10132152,2325163439,2335304237
turso,concurrent,64,2,59,30707751312,0,0,11141,22758662,1246915544,1269685347
turso,concurrent,64,2,59,31977437111,0,0,6231,447195,44936006,45389432
turso,concurrent,64,2,59,32022826934,0,0,7775,544818,909415962,909968555
turso,concurrent,64,2,59,32932795790,0,0,5500,467282,551207858,551680640
turso,concurrent,64,2,60,85101,1,0,85352763,426856,764840650,850620269
turso,concurrent,64,2,60,850705811,1,0,6953,451643,2829249564,2829708160
turso,concurrent,64,2,60,3680414232,0,0,57308,18426345,690917778,709401431
turso,concurrent,64,2,60,4389815893,0,0,5801,462723,278144153,278612677
turso,concurrent,64,2,60,4668428811,0,0,6362,514971,3128786562,3129307895
turso,concurrent,64,2,60,7797737137,0,0,7263,8393421,307957759,316358443
turso,concurrent,64,2,60,8114095861,0,0,7083,550389,1931910244,1932467716
turso,concurrent,64,2,60,10046563948,0,0,8446,8440890,270414214,278863550
turso,concurrent,64,2,60,10325427909,0,0,7394,470338,739506286,739984018
turso,concurrent,64,2,60,11065413270,0,0,8306,19921898,1142183387,1162113591
turso,concurrent,64,2,60,12227527251,0,0,7845,6495108,283346291,289849244
turso,concurrent,64,2,60,12517376726,0,0,5951,469776,247574580,248050307
turso,concurrent,64,2,60,12765427434,0,0,6783,492319,413990061,414489163
turso,concurrent,64,2,60,13179916987,0,0,6583,444338,460366726,460817647
turso,concurrent,64,2,60,13640734914,0,0,5671,471881,1436201047,1436678599
turso,concurrent,64,2,60,15077413763,0,0,7394,17560160,171594596,189162150
turso,concurrent,64,2,60,15266576244,0,0,7024,444919,542610943,543062886
turso,concurrent,64,2,60,15809640182,0,0,7273,459157,1071319267,1071785697
turso,concurrent,64,2,60,16881426280,0,0,7464,460840,1084840155,1085308459
turso,concurrent,64,2,60,17966735350,0,0,6593,448356,822933938,823388887
turso,concurrent,64,2,60,18790124417,0,0,6582,457684,2748079054,2748543320
turso,concurrent,64,2,60,21538668058,0,0,8957,23721368,2026496934,2050227259
turso,concurrent,64,2,60,23588895728,0,0,7374,482070,3364819299,3365308743
turso,concurrent,64,2,60,26954204861,0,0,9037,23022390,1115174364,1138205791
turso,concurrent,64,2,60,28092410872,0,0,8747,5995154,1362031369,1368035270
turso,concurrent,64,2,60,29460446443,0,0,8836,17603994,1838559195,1856172025
turso,concurrent,64,2,60,31316618709,0,0,6632,71857295,22286200,94150127
turso,concurrent,64,2,60,31410769076,0,0,5521,545930,114332476,114883927
turso,concurrent,64,2,60,31525653223,0,0,5400,434770,1694329495,1694769665
turso,concurrent,64,2,61,118734,1,0,12314130,425663,1258992106,1271731899
turso,concurrent,64,2,61,1271851035,1,0,53351,17579046,92569554,110201951
turso,concurrent,64,2,61,1382053256,1,0,6061,637303,832005037,832648401
turso,concurrent,64,2,61,2214701878,1,0,6292,12318458,442545843,454870593
turso,concurrent,64,2,61,2669572712,1,0,5430,453456,17496881,17955767
turso,concurrent,64,2,61,2687528900,1,0,5571,455730,1207815983,1208277284
turso,concurrent,64,2,61,3895806535,0,0,5981,426645,1523746750,1524179376
turso,concurrent,64,2,61,5419986232,0,0,9237,16898111,759592626,776499974
turso,concurrent,64,2,61,6196486626,0,0,7164,512497,817334009,817853670
turso,concurrent,64,2,61,7014341358,0,0,7034,14643706,836134521,850785261
turso,concurrent,64,2,61,7865127009,0,0,6792,17613351,1271430782,1289050925
turso,concurrent,64,2,61,9154178206,0,0,6091,16380094,971137397,987523582
turso,concurrent,64,2,61,10141702219,0,0,9648,20337653,821625398,841972699
turso,concurrent,64,2,61,10983675269,0,0,9908,567381,907565150,908142439
turso,concurrent,64,2,61,11891818088,0,0,8186,6043616,47501858,53553660
turso,concurrent,64,2,61,11945372129,0,0,6973,499583,896549890,897056446
turso,concurrent,64,2,61,12842428886,0,0,6102,579253,64192078,64777433
turso,concurrent,64,2,61,12907207250,0,0,6954,467472,137050912,137525338
turso,concurrent,64,2,61,13044732828,0,0,5370,463896,183251254,183720520
turso,concurrent,64,2,61,13228453739,0,0,6412,465378,1203038357,1203510147
turso,concurrent,64,2,61,14431964437,0,0,8406,6135980,141771802,147916188
turso,concurrent,64,2,61,14579880895,0,0,6483,442134,992097404,992546021
turso,concurrent,64,2,61,15572427197,0,0,6131,463545,272844191,273313867
turso,concurrent,64,2,61,15845741374,0,0,6673,493371,396630960,397131004
turso,concurrent,64,2,61,16242872638,0,0,4929,430663,1386875837,1387311429
turso,concurrent,64,2,61,17630184378,0,0,6622,533638,627895207,628435467
turso,concurrent,64,2,61,18258620115,0,0,5831,528888,226729901,227264620
turso,concurrent,64,2,61,18485885025,0,0,7444,699921,156792370,157499735
turso,concurrent,64,2,61,18643385070,0,0,10730,487400,281448469,281946599
turso,concurrent,64,2,61,18925331949,0,0,6473,499062,242285467,242791002
turso,concurrent,64,2,61,19168123352,0,0,5721,484765,654799252,655289738
turso,concurrent,64,2,61,19823413291,0,0,8295,28864074,10170084,39042453
turso,concurrent,64,2,61,19862455984,0,0,4539,445030,22575917,23025486
turso,concurrent,64,2,61,19885492010,0,0,7113,565618,121393502,121966233
turso,concurrent,64,2,61,20007458473,0,0,5190,461180,319164099,319630469
turso,concurrent,64,2,61,20327089323,0,0,7043,538777,439422418,439968238
turso,concurrent,64,2,61,20767058052,0,0,12093,466400,593999697,594478190
turso,concurrent,64,2,61,21361536563,0,0,8035,39183019,1975247693,2014438747
turso,concurrent,64,2,61,23375975931,0,0,7104,498901,827468966,827974971
turso,concurrent,64,2,61,24203951313,0,0,6442,513049,437228808,437748299
turso,concurrent,64,2,61,24641699933,0,0,6752,478844,1117025869,1117511465
turso,concurrent,64,2,61,25759211778,0,0,7264,530020,658974622,659511906
turso,concurrent,64,2,61,26418724115,0,0,8115,20982430,167117205,188107750
turso,concurrent,64,2,61,26606832256,0,0,6813,565968,293913544,294486325
turso,concurrent,64,2,61,26901318972,0,0,6552,476660,226287855,226771067
turso,concurrent,64,2,61,27128090360,0,0,6492,491498,472968599,473466589
turso,concurrent,64,2,61,27601557189,0,0,5821,542234,129557279,130105334
turso,concurrent,64,2,61,27731662954,0,0,14657,19209905,394860688,414085250
turso,concurrent,64,2,61,28145748575,0,0,7845,725519,143935485,144668849
turso,concurrent,64,2,61,28290417814,0,0,6071,515483,285236618,285758172
turso,concurrent,64,2,61,28576176398,0,0,8005,593369,303066880,303668254
turso,concurrent,64,2,61,28879844872,0,0,5390,503651,872707002,873216043
turso,concurrent,64,2,61,29753061416,0,0,8947,20815124,176207190,197031261
turso,concurrent,64,2,61,29950092958,0,0,6312,609009,558408086,559023407
turso,concurrent,64,2,61,30509116755,0,0,8265,17524183,618804190,636336638
turso,concurrent,64,2,61,31145453795,0,0,6472,550178,1313403626,1313960276
turso,concurrent,64,2,61,32459414281,0,0,6231,513299,1095863930,1096383460
turso,concurrent,64,2,62,98116,1,0,2668947,455740,1076511567,1079636254
turso,concurrent,64,2,62,1079734630,1,0,49564,1308349,2209990125,2211348038
turso,concurrent,64,2,62,3291082899,0,0,8275,9700658,1345335860,1355044793
turso,concurrent,64,2,62,4646128043,0,0,7023,600474,2623349936,2623957433
turso,concurrent,64,2,62,7270085666,0,0,8356,32765628,140458052,173232036
turso,concurrent,64,2,62,7443318193,0,0,8005,16076220,1124958339,1141042564
turso,concurrent,64,2,62,8584361047,0,0,6331,4682147,761932912,766621390
turso,concurrent,64,2,62,9350982698,0,0,6742,468645,219163721,219639108
turso,concurrent,64,2,62,9570622107,0,0,7875,9361388,2080434048,2089803311
turso,concurrent,64,2,62,11660426280,0,0,8195,11984689,4117450265,4129443149
turso,concurrent,64,2,62,15789869729,0,0,7825,4967435,629540232,634515492
turso,concurrent,64,2,62,16424385491,0,0,11612,603259,937952037,938566908
turso,concurrent,64,2,62,17362952660,0,0,6122,485145,315215046,315706313
turso,concurrent,64,2,62,17678659283,0,0,5260,453276,221954918,222413454
turso,concurrent,64,2,62,17901073008,0,0,5440,556090,192624814,193186344
turso,concurrent,64,2,62,18094259733,0,0,6943,454097,410498562,410959602
turso,concurrent,64,2,62,18505219705,0,0,8396,487360,70365869,70861625
turso,concurrent,64,2,62,18576082322,0,0,7364,472742,172200859,172680965
turso,concurrent,64,2,62,18748763528,0,0,4879,464567,201525973,201995419
turso,concurrent,64,2,62,18950759198,0,0,5049,430212,118144681,118579942
turso,concurrent,64,2,62,19069339431,0,0,7414,502057,286277713,286787184
turso,concurrent,64,2,62,19356126905,0,0,5651,465479,1821342002,1821813132
turso,concurrent,64,2,62,21177940357,0,0,8336,27093713,1254254075,1281356124
turso,concurrent,64,2,62,22459296731,0,0,6583,531653,969694875,970233111
turso,concurrent,64,2,62,23429530233,0,0,6713,587188,1372657944,1373251845
turso,concurrent,64,2,62,24802782378,0,0,7865,730740,1897434569,1898173174
turso,concurrent,64,2,62,26700955842,0,0,9127,23656727,1189329314,1212995168
turso,concurrent,64,2,62,27913951411,0,0,15249,17416980,32511007,49943236
turso,concurrent,64,2,62,27963895038,0,0,6402,556050,776932110,777494562
turso,concurrent,64,2,62,28741389990,0,0,12113,477491,202410112,202899716
turso,concurrent,64,2,62,28944289947,0,0,7213,24677503,121917322,146602038
turso,concurrent,64,2,62,29090892215,0,0,6472,470488,1037680552,1038157512
turso,concurrent,64,2,62,30129049968,0,0,7113,14279279,290643031,304929423
turso,concurrent,64,2,62,30433989030,0,0,5720,416356,83231841,83653917
turso,concurrent,64,2,62,30517643208,0,0,5360,427687,314171606,314604653
turso,concurrent,64,2,62,30832248141,0,0,6973,490726,995621816,996119515
turso,concurrent,64,2,62,31828367857,0,0,6592,471200,1462404120,1462881912
turso,concurrent,64,2,63,177175,1,0,40348508,366452,321122354,361837314
turso,concurrent,64,2,63,362014910,1,0,7755,384726,464511548,464904029
turso,concurrent,64,2,63,826919219,1,0,7805,515042,1362342577,1362865424
turso,concurrent,64,2,63,2189784823,1,0,57118,6078522,435837172,441972812
turso,concurrent,64,2,63,2631757925,1,0,5561,515122,1145856349,1146377032
turso,concurrent,64,2,63,3778135408,0,0,5410,489694,1863701927,1864197031
turso,concurrent,64,2,63,5642332749,0,0,7134,48467561,1357094632,1405569327
turso,concurrent,64,2,63,7047902327,0,0,7033,14850056,573657917,588515006
turso,concurrent,64,2,63,7636417684,0,0,8656,20847575,696892503,717748734
turso,concurrent,64,2,63,8354167731,0,0,8676,7620793,868625850,876255319
turso,concurrent,64,2,63,9230423330,0,0,6483,511435,37296669,37814587
turso,concurrent,64,2,63,9268238328,0,0,6552,494944,447349769,447851265
turso,concurrent,64,2,63,9716089884,0,0,7825,8959259,382101818,391068902
turso,concurrent,64,2,63,10107159157,0,0,7674,627635,1099628835,1100264144
turso,concurrent,64,2,63,11207423632,0,0,7845,9177771,272786711,281972327
turso,concurrent,64,2,63,11489396230,0,0,5320,496437,257924954,258426711
turso,concurrent,64,2,63,11747823201,0,0,5410,468815,926087706,926561931
turso,concurrent,64,2,63,12674386154,0,0,14137,9815665,318057390,327887192
turso,concurrent,64,2,63,13002273716,0,0,7134,499182,96768668,97274984
turso,concurrent,64,2,63,13099548951,0,0,7193,714579,190791806,191513578
turso,concurrent,64,2,63,13291062950,0,0,7424,567310,313525136,314099870
turso,concurrent,64,2,63,13605163061,0,0,5340,450851,866161569,866617760
turso,concurrent,64,2,63,14471781172,0,0,8286,17396792,122586725,139991803
turso,concurrent,64,2,63,14611773265,0,0,7965,529018,558892120,559429103
turso,concurrent,64,2,63,15171202548,0,0,4910,570236,2869117626,2869692772
turso,concurrent,64,2,63,18040895691,0,0,6692,471540,1503847084,1504325316
turso,concurrent,64,2,63,19545221688,0,0,15329,524300,885025420,885565049
turso,concurrent,64,2,63,20430787158,0,0,8516,15947718,660979686,676935920
turso,concurrent,64,2,63,21107723459,0,0,9338,19768879,1297732720,1317510937
turso,concurrent,64,2,63,22425234677,0,0,5991,482361,688611204,689099556
turso,concurrent,64,2,63,23114334504,0,0,6933,559255,3163852801,3164418989
turso,concurrent,64,2,63,26278753763,0,0,6843,608889,1736983325,1737599057
turso,concurrent,64,2,63,28016353251,0,0,8225,24464571,2249889958,2274362754
turso,concurrent,64,2,63,30290728919,0,0,13115,12110456,854382689,866506260
turso,concurrent,64,2,63,31157235570,0,0,11993,709719,552854816,553576528
turso,concurrent,64,2,63,31710812408,0,0,8155,551150,342119972,342679277
turso,concurrent,64,2,63,32053491917,0,0,6372,484895,1451289253,1451780520
