engine,mode,connections,run,connection,started_ns,warmup,restarts,begin_ns,work_ns,commit_ns,total_ns
turso,concurrent,32,1,0,6072,1,0,2525602,386599,716562700,719474901
turso,concurrent,32,1,0,719481494,1,0,7825,442915,225343555,225794295
turso,concurrent,32,1,0,945276010,1,0,6422,519620,155676454,156202496
turso,concurrent,32,1,0,1101478907,1,0,40456,13793579,52954768,66788803
turso,concurrent,32,1,0,1168267940,1,0,6052,596424,111670360,112272836
turso,concurrent,32,1,0,1280541257,1,0,6382,581426,189715026,190302834
turso,concurrent,32,1,0,1470844432,1,0,5951,446682,352478554,352931187
turso,concurrent,32,1,0,1823775949,1,0,7895,505954,33640200,34154049
turso,concurrent,32,1,0,1857930239,1,0,6071,438026,85247588,85691685
turso,concurrent,32,1,0,1943622595,1,0,5450,411677,37956408,38373535
turso,concurrent,32,1,0,1981996421,1,0,7023,609189,254532973,255149185
turso,concurrent,32,1,0,2237145866,1,0,7254,11614039,47942267,59563560
turso,concurrent,32,1,0,2296709726,1,0,5771,432055,81682646,82120472
turso,concurrent,32,1,0,2378830428,1,0,5491,487178,139802905,140295574
turso,concurrent,32,1,0,2519126292,1,0,6252,482430,22933772,23422454
turso,concurrent,32,1,0,2542548957,1,0,5300,469225,112695261,113169786
turso,concurrent,32,1,0,2655719074,1,0,7264,499391,227565906,228072561
turso,concurrent,32,1,0,2883792356,1,0,5831,439849,49173990,49619670
turso,concurrent,32,1,0,2933412236,1,0,5861,474615,379016713,379497189
turso,concurrent,32,1,0,3312909705,0,0,8275,3609215,68575262,72192752
turso,concurrent,32,1,0,3385102668,0,0,5561,402920,95812348,96220829
turso,concurrent,32,1,0,3481323697,0,0,5761,518638,231117522,231641921
turso,concurrent,32,1,0,3712965878,0,0,5270,471309,111686961,112163540
turso,concurrent,32,1,0,3825129668,0,0,6152,443406,41672746,42122304
turso,concurrent,32,1,0,3867252212,0,0,5030,468723,146986500,147460253
turso,concurrent,32,1,0,4014712745,0,0,6242,503820,164003807,164513869
turso,concurrent,32,1,0,4179226874,0,0,7033,503900,222246476,222757409
turso,concurrent,32,1,0,4401984533,0,0,8376,6189651,77499188,83697215
turso,concurrent,32,1,0,4485681948,0,0,6673,724165,304738077,305468915
turso,concurrent,32,1,0,4791151174,0,0,6743,527484,169027559,169561786
turso,concurrent,32,1,0,4960713200,0,0,5871,462532,62423974,62892377
turso,concurrent,32,1,0,5023605807,0,0,5290,409162,110231065,110645517
turso,concurrent,32,1,0,5134251584,0,0,6112,547112,144339177,144892401
turso,concurrent,32,1,0,5279145378,0,0,5631,508579,301491745,302005955
turso,concurrent,32,1,0,5581151664,0,0,7644,6970714,102529403,109507761
turso,concurrent,32,1,0,5690659706,0,0,5580,727643,54078958,54812181
turso,concurrent,32,1,0,5745472227,0,0,6072,467601,259339977,259813650
turso,concurrent,32,1,0,6005286118,0,0,5871,438176,48993369,49437416
turso,concurrent,32,1,0,6054723805,0,0,5510,441232,56971492,57418234
turso,concurrent,32,1,0,6112142330,0,0,5530,449798,153547521,154002849
turso,concurrent,32,1,0,6266145529,0,0,6383,457783,76698728,77162894
turso,concurrent,32,1,0,6343308764,0,0,5881,440150,33216371,33662402
turso,concurrent,32,1,0,6376971426,0,0,5310,468823,23696291,24170424
turso,concurrent,32,1,0,6401142091,0,0,5861,471670,107407341,107884872
turso,concurrent,32,1,0,6509027233,0,0,7925,3599638,63161113,66768676
turso,concurrent,32,1,0,6575796239,0,0,5290,463284,45606012,46074586
turso,concurrent,32,1,0,6621871075,0,0,5420,728705,10156791,10890916
turso,concurrent,32,1,0,6632762201,0,0,5370,435021,145698370,146138761
turso,concurrent,32,1,0,6778901293,0,0,5500,440080,134610764,135056344
turso,concurrent,32,1,0,6913957908,0,0,6332,574483,141399665,141980480
turso,concurrent,32,1,0,7055938638,0,0,5811,430571,67772078,68208460
turso,concurrent,32,1,0,7124147369,0,0,5480,473784,37365354,37844618
turso,concurrent,32,1,0,7161992257,0,0,5180,411917,454569801,454986898
turso,concurrent,32,1,0,7616979495,0,0,8807,10066070,157491848,167566725
turso,concurrent,32,1,0,7784546490,0,0,6182,513448,418318077,418837707
turso,concurrent,32,1,0,8203384437,0,0,6793,584662,139422197,140013652
turso,concurrent,32,1,0,8343398379,0,0,6432,534948,10238105,10779485
turso,concurrent,32,1,0,8354178095,0,0,4449,496115,194983730,195484294
turso,concurrent,32,1,0,8549662640,0,0,7855,571938,310695570,311275363
turso,concurrent,32,1,0,8860938334,0,0,8195,2548686,56939402,59496283
turso,concurrent,32,1,0,8920434877,0,0,5500,427516,117645105,118078121
turso,concurrent,32,1,0,9038513349,0,0,5370,392851,427324719,427722940
turso,concurrent,32,1,0,9466237021,0,0,5640,424070,110726870,111156580
turso,concurrent,32,1,0,9577393882,0,0,6662,601725,196556926,197165313
turso,concurrent,32,1,0,9774559917,0,0,8115,6221130,148363847,154593092
turso,concurrent,32,1,0,9929155373,0,0,7184,498039,373177693,373682916
turso,concurrent,32,1,0,10302838499,0,0,6963,546050,33418913,33971926
turso,concurrent,32,1,0,10336810645,0,0,5210,456450,113611310,114072970
turso,concurrent,32,1,0,10450883815,0,0,7053,548524,353197099,353752676
turso,concurrent,32,1,0,10804636811,0,0,9178,581576,291827644,292418398
turso,concurrent,32,1,0,11097055529,0,0,8066,2024778,20884558,22917402
turso,concurrent,32,1,0,11119973162,0,0,5240,384545,251906671,252296456
turso,concurrent,32,1,0,11372269918,0,0,5571,494041,58486279,58985891
turso,concurrent,32,1,0,11431256109,0,0,6633,552591,96443559,97002783
turso,concurrent,32,1,0,11528259162,0,0,5330,584151,105104349,105693830
turso,concurrent,32,1,0,11633953193,0,0,5982,463644,68180998,68650624
turso,concurrent,32,1,0,11702604198,0,0,6402,499542,103115549,103621493
turso,concurrent,32,1,0,11806225931,0,0,6051,512106,108541590,109059747
turso,concurrent,32,1,0,11915286149,0,0,14587,588039,28783222,29385848
turso,concurrent,32,1,0,11944672288,0,0,7454,577038,81647830,82232322
turso,concurrent,32,1,0,12026904861,0,0,8215,16121248,267560126,283689589
turso,concurrent,32,1,0,12310594820,0,0,6392,412017,356481752,356900161
turso,concurrent,32,1,0,12667495201,0,0,5720,524319,240736990,241267029
turso,concurrent,32,1,0,12908762551,0,0,6201,436353,50574741,51017295
turso,concurrent,32,1,0,12959780057,0,0,5581,545308,85934052,86484941
turso,concurrent,32,1,0,13046265389,0,0,8236,448074,88100989,88557299
turso,concurrent,32,1,0,13134823088,0,0,8416,4670767,376389339,381068522
turso,concurrent,32,1,0,13515891880,0,0,7324,663150,41853066,42523540
turso,concurrent,32,1,0,13558415711,0,0,6863,569123,322742334,323318320
turso,concurrent,32,1,0,13881734292,0,0,5430,459667,217417800,217882897
turso,concurrent,32,1,0,14099617420,0,0,6532,657630,127575620,128239782
turso,concurrent,32,1,0,14227857522,0,0,6553,488962,367139106,367634621
turso,concurrent,32,1,0,14595492424,0,0,7824,3399580,140893341,144300745
turso,concurrent,32,1,0,14739793480,0,0,6873,511734,217352097,217870704
turso,concurrent,32,1,0,14957664465,0,0,6452,547432,388850575,389404459
turso,concurrent,32,1,0,15347069164,0,0,7535,835354,67727945,68570834
turso,concurrent,32,1,0,15415640258,0,0,7023,9921818,712309330,722238171
turso,concurrent,32,1,0,16137878720,0,0,7855,9465868,593571625,603045348
turso,concurrent,32,1,0,16740924338,0,0,8697,3743258,85140185,88892140
turso,concurrent,32,1,0,16829816829,0,0,7624,640899,14666564,15315087
turso,concurrent,32,1,0,16845132157,0,0,5049,471259,112362765,112839073
turso,concurrent,32,1,0,16957971561,0,0,6071,491948,222272955,222770974
turso,concurrent,32,1,0,17180742825,0,0,5962,539898,155842698,156388558
turso,concurrent,32,1,0,17337131643,0,0,6272,527645,432078884,432612801
turso,concurrent,32,1,0,17769744674,0,0,7835,5926274,366306146,372240255
turso,concurrent,32,1,0,18141985210,0,0,6151,424300,85794079,86224530
turso,concurrent,32,1,0,18228210020,0,0,5551,446331,109703000,110154882
turso,concurrent,32,1,0,18338365112,0,0,5300,500915,203020223,203526438
turso,concurrent,32,1,0,18541891861,0,0,5921,603418,126939890,127549229
turso,concurrent,32,1,0,18669441361,0,0,5540,460589,458950621,459416750
turso,concurrent,32,1,0,19128858362,0,0,8265,3390583,177697867,181096715
turso,concurrent,32,1,0,19309955288,0,0,6252,678689,18586275,19271216
turso,concurrent,32,1,0,19329226775,0,0,4789,467221,66199793,66671803
turso,concurrent,32,1,0,19395898828,0,0,6382,527755,395020108,395554245
turso,concurrent,32,1,0,19791453353,0,0,7334,498480,379665666,380171480
turso,concurrent,32,1,0,20171625093,0,0,8667,3443833,87763102,91215602
turso,concurrent,32,1,0,20262840935,0,0,6502,809286,88100137,88915925
turso,concurrent,32,1,0,20351757080,0,0,5691,435671,176572495,177013857
turso,concurrent,32,1,0,20528771168,0,0,6322,628304,99298713,99933339
turso,concurrent,32,1,0,20628704767,0,0,6102,461971,363218403,363686476
turso,concurrent,32,1,0,20992391504,0,0,6432,435040,283340722,283782194
turso,concurrent,32,1,0,21276174148,0,0,17994,29170683,91545453,120734130
turso,concurrent,32,1,0,21396908619,0,0,5901,466720,177631542,178104163
turso,concurrent,32,1,0,21575013022,0,0,7434,874880,738312800,739195114
turso,concurrent,32,1,0,22314208427,0,0,6803,456521,571837314,572300638
turso,concurrent,32,1,0,22886509395,0,0,9999,11637493,498841547,510489039
turso,concurrent,32,1,0,23396998695,0,0,6873,592447,965468222,966067542
turso,concurrent,32,1,0,24363066468,0,0,8085,8105062,24781908,32895055
turso,concurrent,32,1,0,24395961893,0,0,5651,521574,30928246,31455471
turso,concurrent,32,1,0,24427418897,0,0,5901,588830,188973127,189567858
turso,concurrent,32,1,0,24616987056,0,0,7033,562671,399267176,399836880
turso,concurrent,32,1,0,25016824226,0,0,8707,3732237,120127325,123868269
turso,concurrent,32,1,0,25140692746,0,0,7744,1199332,22629088,23836164
turso,concurrent,32,1,0,25164529140,0,0,6763,804898,191799135,192610796
turso,concurrent,32,1,0,25357140197,0,0,5821,437084,176045652,176488557
turso,concurrent,32,1,0,25533629004,0,0,6532,503440,245674289,246184261
turso,concurrent,32,1,0,25779813485,0,0,5500,449498,155236414,155691412
turso,concurrent,32,1,0,25935505179,0,0,9418,9090029,109923977,119023424
turso,concurrent,32,1,0,26054528873,0,0,7785,5418878,43040945,48467608
turso,concurrent,32,1,0,26102996671,0,0,5259,721972,482419302,483146533
turso,concurrent,32,1,0,26586143576,0,0,8145,739144,20522296,21269585
turso,concurrent,32,1,0,26607413401,0,0,5290,485856,45545168,46036314
turso,concurrent,32,1,0,26653449985,0,0,6152,540689,80866427,81413268
turso,concurrent,32,1,0,26734863514,0,0,6532,529969,134587180,135123681
turso,concurrent,32,1,0,26869987476,0,0,6021,514500,158174325,158694846
turso,concurrent,32,1,0,27028683214,0,0,15399,462572,169644341,170122312
turso,concurrent,32,1,0,27198805807,0,0,7714,3124321,289746480,292878515
turso,concurrent,32,1,0,27491684572,0,0,6592,555648,249729806,250292046
turso,concurrent,32,1,0,27741976870,0,0,6131,484614,344182270,344673015
turso,concurrent,32,1,0,28086650136,0,0,6703,512386,98107225,98626314
turso,concurrent,32,1,0,28185277001,0,0,15820,554756,290034362,290604938
turso,concurrent,32,1,0,28475882190,0,0,7785,5692413,517535105,523235303
turso,concurrent,32,1,0,28999117733,0,0,7174,489422,36113354,36609950
turso,concurrent,32,1,0,29035727983,0,0,5020,520261,28400941,28926222
turso,concurrent,32,1,0,29064654465,0,0,5561,467020,195356724,195829305
turso,concurrent,32,1,0,29260484051,0,0,7273,673200,28781068,29461541
turso,concurrent,32,1,0,29289945822,0,0,6823,962615,94921188,95890626
turso,concurrent,32,1,0,29385836658,0,0,6162,470638,63755954,64232754
turso,concurrent,32,1,0,29450069652,0,0,5571,517135,536352576,536875282
turso,concurrent,32,1,0,29986945295,0,0,7965,5672926,188979900,194660791
turso,concurrent,32,1,0,30181606337,0,0,6592,515733,54669401,55191726
turso,concurrent,32,1,0,30236798414,0,0,6893,568311,131379552,131954756
turso,concurrent,32,1,0,30368753380,0,0,6853,676526,66805034,67488413
turso,concurrent,32,1,0,30436241993,0,0,5400,445891,134396560,134847851
turso,concurrent,32,1,0,30571090175,0,0,6232,562981,258166575,258735788
turso,concurrent,32,1,0,30829826213,0,0,9308,2625060,142255408,144889776
turso,concurrent,32,1,0,30974716250,0,0,6873,452583,81945011,82404467
turso,concurrent,32,1,0,31057120917,0,0,5671,505223,131271137,131782031
turso,concurrent,32,1,0,31188903179,0,0,6171,506365,348380526,348893062
turso,concurrent,32,1,0,31537796452,0,0,6161,505474,240650727,241162362
turso,concurrent,32,1,0,31778959225,0,0,9237,550258,85890680,86450175
turso,concurrent,32,1,0,31865409901,0,0,12875,778517,90558943,91350335
turso,concurrent,32,1,0,31956760797,0,0,15570,7942616,127735611,135693797
turso,concurrent,32,1,0,32092454844,0,0,6322,462993,38758912,39228227
turso,concurrent,32,1,0,32131683321,0,0,5841,433297,193396538,193835676
turso,concurrent,32,1,0,32325519287,0,0,6092,471138,188139966,188617196
turso,concurrent,32,1,0,32514136673,0,0,5491,673550,111458500,112137541
turso,concurrent,32,1,0,32626274424,0,0,5561,538866,64027957,64572384
turso,concurrent,32,1,0,32690847028,0,0,5461,444578,352445321,352895360
turso,concurrent,32,1,1,31710,1,0,11260713,415453,1222988108,1234664274
turso,concurrent,32,1,1,1234696344,1,0,44695,7911717,81170190,89126602
turso,concurrent,32,1,1,1323823247,1,0,6953,468123,140838056,141313132
turso,concurrent,32,1,1,1465136579,1,0,5691,488471,105287063,105781225
turso,concurrent,32,1,1,1570918075,1,0,5951,477911,84368962,84852824
turso,concurrent,32,1,1,1655771560,1,0,6332,462241,418127508,418596081
turso,concurrent,32,1,1,2074367891,1,0,7314,1287728,57492154,58787196
turso,concurrent,32,1,1,2133155417,1,0,7835,6275403,56353697,62636935
turso,concurrent,32,1,1,2195792593,1,0,6201,468574,249760244,250235019
turso,concurrent,32,1,1,2446028483,1,0,6663,572620,12091438,12670721
turso,concurrent,32,1,1,2458699495,1,0,6051,529809,205666223,206202083
turso,concurrent,32,1,1,2664901858,1,0,5491,487248,22197475,22690214
turso,concurrent,32,1,1,2687592312,1,0,5821,539938,147993909,148539668
turso,concurrent,32,1,1,2836132241,1,0,5861,468433,159803006,160277300
turso,concurrent,32,1,1,2996409781,1,0,6683,666977,212887148,213560808
turso,concurrent,32,1,1,3209970810,0,0,7434,3386675,271484136,274878245
turso,concurrent,32,1,1,3484849325,0,0,7294,522796,144592375,145122465
turso,concurrent,32,1,1,3629972761,0,0,6693,486998,3658849,4152540
turso,concurrent,32,1,1,3634125512,0,0,4448,455198,13557143,14016789
turso,concurrent,32,1,1,3648142521,0,0,5219,508840,332575866,333089925
turso,concurrent,32,1,1,3981232787,0,0,6683,449307,60500076,60956066
turso,concurrent,32,1,1,4042189073,0,0,5320,387320,53394468,53787108
turso,concurrent,32,1,1,4095976442,0,0,5971,383082,112308984,112698037
turso,concurrent,32,1,1,4208674689,0,0,5340,397820,59956561,60359721
turso,concurrent,32,1,1,4269034711,0,0,8846,567941,181537507,182114294
turso,concurrent,32,1,1,4451149255,0,0,7164,5810235,56918352,62735751
turso,concurrent,32,1,1,4513885237,0,0,5901,609389,18268055,18883345
turso,concurrent,32,1,1,4532768803,0,0,5460,424601,72098364,72528425
turso,concurrent,32,1,1,4605297428,0,0,5721,556770,253837842,254400333
turso,concurrent,32,1,1,4859698042,0,0,5500,424911,238490865,238921276
turso,concurrent,32,1,1,5098619549,0,0,6472,584372,124456307,125047151
turso,concurrent,32,1,1,5223666861,0,0,6632,554947,259693353,260254932
turso,concurrent,32,1,1,5483922103,0,0,8085,2448277,168476680,170933042
turso,concurrent,32,1,1,5654856698,0,0,5811,472541,80002718,80481070
turso,concurrent,32,1,1,5735338069,0,0,6843,500213,97451730,97958786
turso,concurrent,32,1,1,5833297175,0,0,5881,697686,287897633,288601200
turso,concurrent,32,1,1,6121898686,0,0,7243,460659,133789967,134257869
turso,concurrent,32,1,1,6256156825,0,0,5881,480276,154143985,154630142
turso,concurrent,32,1,1,6410787218,0,0,7564,514129,317085298,317606991
turso,concurrent,32,1,1,6728394520,0,0,8326,7085199,234263234,241356759
turso,concurrent,32,1,1,6969751579,0,0,7314,479013,33428421,33914748
turso,concurrent,32,1,1,7003666607,0,0,7284,478212,199987655,200473151
turso,concurrent,32,1,1,7204139979,0,0,6191,481007,230241611,230728809
turso,concurrent,32,1,1,7434869078,0,0,6513,665404,161781496,162453413
turso,concurrent,32,1,1,7597322732,0,0,7253,3450757,45777666,49235676
turso,concurrent,32,1,1,7646558678,0,0,7374,697866,64548770,65254010
turso,concurrent,32,1,1,7711812988,0,0,6252,513809,140628140,141148201
turso,concurrent,32,1,1,7852961480,0,0,7283,512557,141530892,142050732
turso,concurrent,32,1,1,7995012513,0,0,6592,489634,36902280,37398506
turso,concurrent,32,1,1,8032411270,0,0,5470,500364,119399292,119905126
turso,concurrent,32,1,1,8152316727,0,0,7514,558603,89256888,89823005
turso,concurrent,32,1,1,8242139982,0,0,6291,538736,49186564,49731591
turso,concurrent,32,1,1,8291871844,0,0,6072,535209,120067532,120608813
turso,concurrent,32,1,1,8412480898,0,0,5510,471399,6819278,7296187
turso,concurrent,32,1,1,8419777305,0,0,6092,621301,216959607,217587000
turso,concurrent,32,1,1,8637364726,0,0,8256,2221318,194238756,196468330
turso,concurrent,32,1,1,8833833376,0,0,5481,521343,82479538,83006362
turso,concurrent,32,1,1,8916840019,0,0,6582,668390,127294680,127969652
turso,concurrent,32,1,1,9044809951,0,0,6372,428918,304800505,305235795
turso,concurrent,32,1,1,9350046098,0,0,6602,566508,54081954,54655064
turso,concurrent,32,1,1,9404701483,0,0,6402,552962,135224212,135783576
turso,concurrent,32,1,1,9540485359,0,0,5851,412688,468837223,469255762
turso,concurrent,32,1,1,10009741502,0,0,7734,4881895,244040990,248930619
turso,concurrent,32,1,1,10258672382,0,0,6422,725999,95279183,96011604
turso,concurrent,32,1,1,10354684276,0,0,6362,567100,45970950,46544412
turso,concurrent,32,1,1,10401231183,0,0,5690,529899,186776055,187311644
turso,concurrent,32,1,1,10588543137,0,0,6443,577078,309221310,309804831
turso,concurrent,32,1,1,10898348218,0,0,7224,6184291,164797763,170989278
turso,concurrent,32,1,1,11069337716,0,0,6553,644625,225766924,226418102
turso,concurrent,32,1,1,11295756058,0,0,5971,479014,95494709,95979694
turso,concurrent,32,1,1,11391736032,0,0,6472,602246,34577417,35186135
turso,concurrent,32,1,1,11426922498,0,0,7494,539167,96669795,97216456
turso,concurrent,32,1,1,11524139184,0,0,6693,617754,156150649,156775096
turso,concurrent,32,1,1,11680914581,0,0,7855,521333,518545179,519074367
turso,concurrent,32,1,1,12199989209,0,0,8616,3623372,222910277,226542265
turso,concurrent,32,1,1,12426531764,0,0,5871,486247,49292703,49784821
turso,concurrent,32,1,1,12476316816,0,0,5531,436723,69371102,69813356
turso,concurrent,32,1,1,12546130463,0,0,5380,544016,373179736,373729132
turso,concurrent,32,1,1,12919859886,0,0,8887,656267,176995613,177660767
turso,concurrent,32,1,1,13097520914,0,0,10059,1699153,58898346,60607558
turso,concurrent,32,1,1,13158128722,0,0,6623,733252,245815005,246554880
turso,concurrent,32,1,1,13404683873,0,0,5751,567059,348541820,349114630
turso,concurrent,32,1,1,13753798944,0,0,7154,647350,364516873,365171377
turso,concurrent,32,1,1,14118970912,0,0,6051,519650,109197717,109723418
turso,concurrent,32,1,1,14228694571,0,0,5881,555367,8961637,9522885
turso,concurrent,32,1,1,14238217687,0,0,5721,528626,23378862,23913209
turso,concurrent,32,1,1,14262131127,0,0,6191,3404329,41364705,44775225
turso,concurrent,32,1,1,14306906633,0,0,7454,6904809,121871043,128783306
turso,concurrent,32,1,1,14435690190,0,0,6051,481658,86824862,87312571
turso,concurrent,32,1,1,14523003052,0,0,5711,430291,91474609,91910611
turso,concurrent,32,1,1,14614913924,0,0,5350,522816,364067635,364595801
turso,concurrent,32,1,1,14979510006,0,0,7364,498409,72126227,72632000
turso,concurrent,32,1,1,15052142237,0,0,6512,695952,92822251,93524715
turso,concurrent,32,1,1,15145667212,0,0,5901,454377,359618326,360078604
turso,concurrent,32,1,1,15505746096,0,0,1850981,2983124,239124710,243958815
turso,concurrent,32,1,1,15749705172,0,0,6432,647461,133242785,133896678
turso,concurrent,32,1,1,15883602080,0,0,5450,532765,73788622,74326837
turso,concurrent,32,1,1,15957929167,0,0,5911,497899,754830576,755334386
turso,concurrent,32,1,1,16713263763,0,0,8506,4452125,160310743,164771374
turso,concurrent,32,1,1,16878035347,0,0,5401,500674,72828170,73334245
turso,concurrent,32,1,1,16951369843,0,0,5620,464707,450085345,450555672
turso,concurrent,32,1,1,17401925755,0,0,6292,509892,93279041,93795225
turso,concurrent,32,1,1,17495721191,0,0,4528,453796,9622463,10080787
turso,concurrent,32,1,1,17505802229,0,0,4609,446291,186480537,186931437
turso,concurrent,32,1,1,17692733917,0,0,7203,521935,110312108,110841246
turso,concurrent,32,1,1,17803575433,0,0,7805,1174364,24616035,25798204
turso,concurrent,32,1,1,17829373897,0,0,7765,1310902,92457803,93776470
turso,concurrent,32,1,1,17923150667,0,0,6682,506846,170617116,171130644
turso,concurrent,32,1,1,18094281512,0,0,5891,482019,24349161,24837071
turso,concurrent,32,1,1,18119118834,0,0,4909,451642,69430203,69886754
turso,concurrent,32,1,1,18189005849,0,0,6632,680463,121641862,122328957
turso,concurrent,32,1,1,18311335116,0,0,7074,621221,255420526,256048821
turso,concurrent,32,1,1,18567384208,0,0,6812,606945,293069996,293683753
turso,concurrent,32,1,1,18861068212,0,0,8165,535259,133173495,133716919
turso,concurrent,32,1,1,18994785581,0,0,19247,633665,67355812,68008724
turso,concurrent,32,1,1,19062794565,0,0,6753,416776,307561831,307985360
turso,concurrent,32,1,1,19370780146,0,0,5891,478652,400179556,400664099
turso,concurrent,32,1,1,19771444536,0,0,5861,440430,57868263,58314554
turso,concurrent,32,1,1,19829759331,0,0,5750,462913,629101248,629569911
turso,concurrent,32,1,1,20459329503,0,0,8776,4352317,313977117,318338210
turso,concurrent,32,1,1,20777667983,0,0,6433,451721,129070308,129528462
turso,concurrent,32,1,1,20907196746,0,0,5300,438516,67142290,67586106
turso,concurrent,32,1,1,20974783123,0,0,5761,634967,116051079,116691807
turso,concurrent,32,1,1,21091475150,0,0,5460,466239,57010566,57482265
turso,concurrent,32,1,1,21148957696,0,0,5721,583600,88251913,88841234
turso,concurrent,32,1,1,21237799201,0,0,7704,5167103,135726669,140901476
turso,concurrent,32,1,1,21378700947,0,0,6653,730808,138715524,139452985
turso,concurrent,32,1,1,21518154242,0,0,6483,578731,160797561,161382775
turso,concurrent,32,1,1,21679537247,0,0,5851,538045,45971160,46515056
turso,concurrent,32,1,1,21726053876,0,0,5992,562811,94141147,94709950
turso,concurrent,32,1,1,21820764056,0,0,5761,468343,141903606,142377710
turso,concurrent,32,1,1,21963141946,0,0,4639,518277,283654192,284177108
turso,concurrent,32,1,1,22247319385,0,0,7033,471179,98923384,99401596
turso,concurrent,32,1,1,22346721572,0,0,18114,479114,82936781,83434009
turso,concurrent,32,1,1,22430156182,0,0,12954,11231417,196380083,207624454
turso,concurrent,32,1,1,22637780907,0,0,6021,480887,222877154,223364062
turso,concurrent,32,1,1,22861145210,0,0,6612,561900,82190624,82759136
turso,concurrent,32,1,1,22943904616,0,0,6062,462261,173418799,173887122
turso,concurrent,32,1,1,23117791999,0,0,6051,568202,198501573,199075826
turso,concurrent,32,1,1,23316868055,0,0,6532,632293,28362559,29001384
turso,concurrent,32,1,1,23345869709,0,0,6362,481789,125210489,125698640
turso,concurrent,32,1,1,23471568570,0,0,5210,445049,116108718,116558977
turso,concurrent,32,1,1,23588127767,0,0,6783,5453773,35952210,41412766
turso,concurrent,32,1,1,23629540813,0,0,8126,961022,173644785,174613933
turso,concurrent,32,1,1,23804154986,0,0,6753,567009,315524345,316098107
turso,concurrent,32,1,1,24120253383,0,0,6552,482540,55486903,55975995
turso,concurrent,32,1,1,24176229619,0,0,5701,533936,58372153,58911790
turso,concurrent,32,1,1,24235141610,0,0,4137,399384,319156463,319559984
turso,concurrent,32,1,1,24554701945,0,0,6502,2671257,168286972,170964731
turso,concurrent,32,1,1,24725666947,0,0,5931,467551,313758365,314231847
turso,concurrent,32,1,1,25039899195,0,0,7454,5850021,79384793,85242268
turso,concurrent,32,1,1,25125141683,0,0,5730,454067,235746860,236206657
turso,concurrent,32,1,1,25361348632,0,0,5811,722532,565269831,565998174
turso,concurrent,32,1,1,25927347137,0,0,5861,478392,182815566,183299819
turso,concurrent,32,1,1,26110647227,0,0,7274,4078650,205929760,210015684
turso,concurrent,32,1,1,26320663191,0,0,6943,464706,50776922,51248571
turso,concurrent,32,1,1,26371912043,0,0,5390,635929,188568695,189210014
turso,concurrent,32,1,1,26561122367,0,0,7054,459466,147647335,148113855
turso,concurrent,32,1,1,26709236533,0,0,6172,569133,12735232,13310537
turso,concurrent,32,1,1,26722547391,0,0,5070,485204,125443319,125933593
turso,concurrent,32,1,1,26848481215,0,0,5360,444959,194528712,194979031
turso,concurrent,32,1,1,27043460487,0,0,6472,447584,64709903,65163959
turso,concurrent,32,1,1,27108624647,0,0,8436,12042426,98371554,110422416
turso,concurrent,32,1,1,27219047323,0,0,7054,777185,35075136,35859375
turso,concurrent,32,1,1,27254906958,0,0,5651,562290,223625015,224192956
turso,concurrent,32,1,1,27479100164,0,0,7344,425031,125270073,125702448
turso,concurrent,32,1,1,27604802992,0,0,6633,650586,99318310,99975529
turso,concurrent,32,1,1,27704778821,0,0,6072,423268,415465548,415894888
turso,concurrent,32,1,1,28120673969,0,0,6643,486457,52651497,53144597
turso,concurrent,32,1,1,28173818826,0,0,5701,494923,373260619,373761243
turso,concurrent,32,1,1,28547580410,0,0,9017,971712,26175165,27155894
turso,concurrent,32,1,1,28574736544,0,0,5490,521905,546432672,546960067
turso,concurrent,32,1,1,29121696861,0,0,6232,542904,663596309,664145445
turso,concurrent,32,1,1,29785842567,0,0,7805,1861750,48203650,50073205
turso,concurrent,32,1,1,29835916023,0,0,5690,509140,73404227,73919057
turso,concurrent,32,1,1,29909835411,0,0,6011,481468,296497519,296984998
turso,concurrent,32,1,1,30206820639,0,0,6172,463854,136845799,137315825
turso,concurrent,32,1,1,30344136714,0,0,6732,783488,183257339,184047559
turso,concurrent,32,1,1,30528184575,0,0,5440,496286,67298374,67800100
turso,concurrent,32,1,1,30595984995,0,0,6813,661247,925695559,926363619
turso,concurrent,32,1,1,31522349235,0,0,8526,7963215,75331672,83303413
turso,concurrent,32,1,1,31605652878,0,0,5751,551540,306646094,307203385
turso,concurrent,32,1,1,31912856564,0,0,9378,12352882,50635665,62997925
turso,concurrent,32,1,1,31975854850,0,0,8656,18424661,657319184,675752501
turso,concurrent,32,1,1,32651607541,0,0,6342,510553,155017472,155534367
turso,concurrent,32,1,1,32807142158,0,0,5781,412698,57414848,57833327
turso,concurrent,32,1,1,32864975676,0,0,4849,429329,134132092,134566270
turso,concurrent,32,1,1,32999542166,0,0,5982,479213,62127234,62612429
turso,concurrent,32,1,2,18616,1,0,5213851,451892,430467875,436133618
turso,concurrent,32,1,2,436152765,1,0,6473,364687,419782549,420153709
turso,concurrent,32,1,2,856306674,1,0,5761,438827,315257923,315702511
turso,concurrent,32,1,2,1172009575,1,0,49113,3219430,50909232,54177775
turso,concurrent,32,1,2,1226187560,1,0,5921,467482,35167700,35641103
turso,concurrent,32,1,2,1261829435,1,0,7163,579242,38233872,38820277
turso,concurrent,32,1,2,1300649982,1,0,6382,605472,94480076,95091930
turso,concurrent,32,1,2,1395742133,1,0,6131,455610,428271935,428733676
turso,concurrent,32,1,2,1824476139,1,0,7273,560056,22928453,23495782
turso,concurrent,32,1,2,1847972443,1,0,4799,390947,219663114,220058860
turso,concurrent,32,1,2,2068032045,1,0,7704,457733,107472574,107938011
turso,concurrent,32,1,2,2175970297,1,0,7634,1725504,125443960,127177098
turso,concurrent,32,1,2,2303147655,1,0,6352,525641,180625748,181157741
turso,concurrent,32,1,2,2484305717,1,0,7203,494292,157034035,157535530
turso,concurrent,32,1,2,2641841487,1,0,6062,490374,199490969,199987405
turso,concurrent,32,1,2,2841829123,1,0,6021,602696,647123490,647732207
turso,concurrent,32,1,2,3489561911,0,0,9157,6554339,248285873,254849369
turso,concurrent,32,1,2,3744412011,0,0,6111,451852,578482654,578940617
turso,concurrent,32,1,2,4323352880,0,0,8776,9885059,41549083,51442918
turso,concurrent,32,1,2,4374796038,0,0,6172,508539,343627674,344142385
turso,concurrent,32,1,2,4718938664,0,0,7143,769040,36412488,37188671
turso,concurrent,32,1,2,4756127545,0,0,6502,442164,359126098,359574764
turso,concurrent,32,1,2,5115702619,0,0,5892,442805,54232687,54681384
turso,concurrent,32,1,2,5170384254,0,0,7143,437265,58529660,58974068
turso,concurrent,32,1,2,5229358563,0,0,5710,514190,164391928,164911828
turso,concurrent,32,1,2,5394270642,0,0,8386,11359879,119801010,131169275
turso,concurrent,32,1,2,5525440167,0,0,6322,761426,441331640,442099388
turso,concurrent,32,1,2,5967539845,0,0,8957,574834,30737657,31321448
turso,concurrent,32,1,2,5998861494,0,0,4488,453485,143114048,143572021
turso,concurrent,32,1,2,6142433735,0,0,5972,493270,659102576,659601818
turso,concurrent,32,1,2,6802035824,0,0,8145,6234987,317864547,324107679
turso,concurrent,32,1,2,7126143753,0,0,6332,455169,249408300,249869801
turso,concurrent,32,1,2,7376013804,0,0,5851,496837,33306842,33809530
turso,concurrent,32,1,2,7409825357,0,0,7184,535109,97452010,97994303
turso,concurrent,32,1,2,7507819890,0,0,5751,465057,24117995,24588803
turso,concurrent,32,1,2,7532408944,0,0,5721,613967,137754963,138374651
turso,concurrent,32,1,2,7670783886,0,0,8516,7460868,13795502,21264886
turso,concurrent,32,1,2,7692049062,0,0,8015,500775,240341013,240849803
turso,concurrent,32,1,2,7932899146,0,0,6682,477541,315966007,316450230
turso,concurrent,32,1,2,8249349647,0,0,7624,687286,287791193,288486103
turso,concurrent,32,1,2,8537836030,0,0,5891,488011,19659789,20153691
turso,concurrent,32,1,2,8557989931,0,0,4539,507637,182031458,182543634
turso,concurrent,32,1,2,8740533826,0,0,7564,8986164,64343422,73337150
turso,concurrent,32,1,2,8813871206,0,0,4299,432896,155559163,155996358
turso,concurrent,32,1,2,8969867805,0,0,6202,454547,144809805,145270554
turso,concurrent,32,1,2,9115138649,0,0,4990,513678,527277685,527796353
turso,concurrent,32,1,2,9642935253,0,0,7003,516694,22774563,23298260
turso,concurrent,32,1,2,9666233803,0,0,6462,446052,63386167,63838681
turso,concurrent,32,1,2,9730072824,0,0,8677,6496359,84468669,90973705
turso,concurrent,32,1,2,9821046779,0,0,6852,807583,57108812,57923247
turso,concurrent,32,1,2,9878970347,0,0,6192,467892,66001409,66475493
turso,concurrent,32,1,2,9945446170,0,0,5801,561058,83708987,84275846
turso,concurrent,32,1,2,10029722366,0,0,6623,654955,351061451,351723029
turso,concurrent,32,1,2,10381445656,0,0,6101,478643,39840200,40324944
turso,concurrent,32,1,2,10421770861,0,0,6272,592968,50391044,50990284
turso,concurrent,32,1,2,10472761346,0,0,5210,454757,15640791,16100758
turso,concurrent,32,1,2,10488862405,0,0,5530,439720,137478090,137923340
turso,concurrent,32,1,2,10626786026,0,0,5751,496366,81483100,81985217
turso,concurrent,32,1,2,10708771503,0,0,6192,469475,51892856,52368523
turso,concurrent,32,1,2,10761140277,0,0,6442,445380,17748565,18200387
turso,concurrent,32,1,2,10779341075,0,0,10189,432806,401372225,401815220
turso,concurrent,32,1,2,11181156566,0,0,8906,3715637,237087128,240811671
turso,concurrent,32,1,2,11421968517,0,0,5781,466990,127522570,127995341
turso,concurrent,32,1,2,11549964168,0,0,6533,453815,167096839,167557187
turso,concurrent,32,1,2,11717521615,0,0,6502,544266,17190454,17741222
turso,concurrent,32,1,2,11735264771,0,0,5129,470227,208149535,208624891
turso,concurrent,32,1,2,11943890023,0,0,10860,548504,104359064,104918428
turso,concurrent,32,1,2,12048808882,0,0,13425,14747697,224764434,239525556
turso,concurrent,32,1,2,12288334718,0,0,5390,453495,181102377,181561262
turso,concurrent,32,1,2,12469896180,0,0,6783,579903,236285086,236871772
turso,concurrent,32,1,2,12706768223,0,0,7404,726259,11883356,12617019
turso,concurrent,32,1,2,12719385463,0,0,5230,517576,25837948,26360754
turso,concurrent,32,1,2,12745746458,0,0,4789,478803,122781018,123264610
turso,concurrent,32,1,2,12869011389,0,0,5901,433177,245173896,245612974
turso,concurrent,32,1,2,13114624623,0,0,9388,7338367,70695149,78042904
turso,concurrent,32,1,2,13192667817,0,0,6082,558924,70082293,70647299
turso,concurrent,32,1,2,13263315416,0,0,5581,437595,9217370,9660546
turso,concurrent,32,1,2,13272976272,0,0,7294,502177,108017782,108527253
turso,concurrent,32,1,2,13381503775,0,0,6032,495073,122522492,123023597
turso,concurrent,32,1,2,13504527592,0,0,6442,571508,417924274,418502224
turso,concurrent,32,1,2,13923030077,0,0,6011,548494,260295158,260849663
turso,concurrent,32,1,2,14183880071,0,0,7193,483211,256995106,257485510
turso,concurrent,32,1,2,14441365831,0,0,9968,6384208,241085928,247480104
turso,concurrent,32,1,2,14688846206,0,0,6643,622814,90316215,90945672
turso,concurrent,32,1,2,14779792159,0,0,5600,440852,100744307,101190759
turso,concurrent,32,1,2,14880983199,0,0,5550,451121,115932676,116389347
turso,concurrent,32,1,2,14997372797,0,0,5961,512236,96633546,97151743
turso,concurrent,32,1,2,15094524761,0,0,5410,460208,91374160,91839778
turso,concurrent,32,1,2,15186364799,0,0,5671,461270,39154677,39621618
turso,concurrent,32,1,2,15225986628,0,0,5240,451180,201370132,201826552
turso,concurrent,32,1,2,15427813431,0,0,6833,6900060,178427954,185334847
turso,concurrent,32,1,2,15613148498,0,0,5591,512456,216013804,216531851
turso,concurrent,32,1,2,15829680549,0,0,7164,595492,512858016,513460672
turso,concurrent,32,1,2,16343141552,0,0,6522,513909,68598876,69119307
turso,concurrent,32,1,2,16412261080,0,0,5981,509921,18185560,18701462
turso,concurrent,32,1,2,16430962883,0,0,5751,513408,208665558,209184717
turso,concurrent,32,1,2,16640147840,0,0,6482,555538,119483692,120045712
turso,concurrent,32,1,2,16760193892,0,0,5200,477220,30572956,31055376
turso,concurrent,32,1,2,16791249539,0,0,6242,707644,123018597,123732483
turso,concurrent,32,1,2,16914982252,0,0,5932,488671,50125343,50619946
turso,concurrent,32,1,2,16965602439,0,0,5720,495615,488303568,488804903
turso,concurrent,32,1,2,17454407632,0,0,7925,504501,234247845,234760271
turso,concurrent,32,1,2,17689168183,0,0,6332,599912,15040810,15647054
turso,concurrent,32,1,2,17704815457,0,0,5490,478372,95392437,95876299
turso,concurrent,32,1,2,17800692307,0,0,18825,9729276,164599349,174347450
turso,concurrent,32,1,2,17975040077,0,0,6883,536642,152413102,152956627
turso,concurrent,32,1,2,18127996994,0,0,6051,466660,50345680,50818391
turso,concurrent,32,1,2,18178815595,0,0,5601,538765,195160714,195705080
turso,concurrent,32,1,2,18374520926,0,0,5420,473222,474260770,474739412
turso,concurrent,32,1,2,18849260678,0,0,11392,551539,185396323,185959254
turso,concurrent,32,1,2,19035220183,0,0,7855,9105017,90274096,99386968
turso,concurrent,32,1,2,19134607432,0,0,6282,667959,22214266,22888507
turso,concurrent,32,1,2,19157496129,0,0,5070,651228,44750208,45406506
turso,concurrent,32,1,2,19202902855,0,0,6151,556610,343675725,344238486
turso,concurrent,32,1,2,19547141603,0,0,6162,458845,180367440,180832447
turso,concurrent,32,1,2,19727974261,0,0,5530,464596,198466758,198936884
turso,concurrent,32,1,2,19926911455,0,0,5681,517005,203769286,204291972
turso,concurrent,32,1,2,20131203687,0,0,7565,4256545,470164636,474428746
turso,concurrent,32,1,2,20605632743,0,0,6462,600943,12612371,13219776
turso,concurrent,32,1,2,20618852751,0,0,5440,489413,138112096,138606949
turso,concurrent,32,1,2,20757459940,0,0,5471,665665,23376587,24047723
turso,concurrent,32,1,2,20781507864,0,0,4719,417547,52686914,53109180
turso,concurrent,32,1,2,20834617354,0,0,6372,563483,59405170,59975025
turso,concurrent,32,1,2,20894592550,0,0,6753,683078,29463815,30153646
turso,concurrent,32,1,2,20924746446,0,0,5461,598899,11380869,11985229
turso,concurrent,32,1,2,20936731935,0,0,5130,557401,216437242,216999773
turso,concurrent,32,1,2,21153731968,0,0,6442,505172,7366129,7877743
turso,concurrent,32,1,2,21161609912,0,0,6752,625891,167095926,167728569
turso,concurrent,32,1,2,21329338813,0,0,8255,13352377,104446849,117807481
turso,concurrent,32,1,2,21447147796,0,0,6382,681034,220025678,220713094
turso,concurrent,32,1,2,21667861191,0,0,7103,475096,117277561,117759760
turso,concurrent,32,1,2,21785621173,0,0,5500,457934,82051391,82514825
turso,concurrent,32,1,2,21868136198,0,0,5661,434760,126566667,127007088
turso,concurrent,32,1,2,21995143536,0,0,5391,440640,105038175,105484206
turso,concurrent,32,1,2,22100627982,0,0,5430,426124,173006731,173438285
turso,concurrent,32,1,2,22274066528,0,0,6833,524499,83463343,83994675
turso,concurrent,32,1,2,22358061504,0,0,7544,707404,17389529,18104477
turso,concurrent,32,1,2,22376166221,0,0,5971,6282777,555706609,561995357
turso,concurrent,32,1,2,22938161828,0,0,8897,3474862,107336688,110820447
turso,concurrent,32,1,2,23048982505,0,0,6312,609449,12294733,12910494
turso,concurrent,32,1,2,23061893369,0,0,6763,474815,442599481,443081059
turso,concurrent,32,1,2,23504974759,0,0,6752,431404,213029596,213467752
turso,concurrent,32,1,2,23718442912,0,0,8696,4326729,72543113,76878538
turso,concurrent,32,1,2,23795321770,0,0,6722,484464,65003376,65494562
turso,concurrent,32,1,2,23860816564,0,0,5500,633084,126375967,127014551
turso,concurrent,32,1,2,23987831386,0,0,5720,475207,48844097,49325024
turso,concurrent,32,1,2,24037156651,0,0,6201,590985,59287088,59884274
turso,concurrent,32,1,2,24097041135,0,0,5571,469806,53494857,53970234
turso,concurrent,32,1,2,24151011609,0,0,6122,573120,156202777,156782019
turso,concurrent,32,1,2,24307793879,0,0,5450,515622,645775799,646296871
turso,concurrent,32,1,2,24954090940,0,0,8105,6261657,9534838,15804600
turso,concurrent,32,1,2,24969895730,0,0,5491,622023,18862716,19490230
turso,concurrent,32,1,2,24989386180,0,0,5780,559826,297203169,297768775
turso,concurrent,32,1,2,25287155237,0,0,7113,477551,180818882,181303546
turso,concurrent,32,1,2,25468459043,0,0,6011,543335,146772877,147322223
turso,concurrent,32,1,2,25615781466,0,0,5781,513498,77339507,77858786
turso,concurrent,32,1,2,25693640523,0,0,7083,639035,37618151,38264269
turso,concurrent,32,1,2,25731905102,0,0,5451,534848,157787295,158327594
turso,concurrent,32,1,2,25890233217,0,0,14136,500304,399830728,400345168
turso,concurrent,32,1,2,26290578675,0,0,7103,18889367,37525545,56422015
turso,concurrent,32,1,2,26347000912,0,0,6021,974227,21750382,22730630
turso,concurrent,32,1,2,26369731922,0,0,6963,597006,90489241,91093210
turso,concurrent,32,1,2,26460825423,0,0,5550,456902,33092197,33554649
turso,concurrent,32,1,2,26494380302,0,0,8025,579633,47871554,48459212
turso,concurrent,32,1,2,26542839725,0,0,5951,469365,401529902,402005218
turso,concurrent,32,1,2,26944845203,0,0,5711,473022,79287790,79766523
turso,concurrent,32,1,2,27024612277,0,0,13695,651850,74733303,75398848
turso,concurrent,32,1,2,27100011376,0,0,8606,3671333,195784369,199464308
turso,concurrent,32,1,2,27299475925,0,0,6452,467171,128569313,129042936
turso,concurrent,32,1,2,27428519071,0,0,5571,481237,86031837,86518645
turso,concurrent,32,1,2,27515037906,0,0,6452,418920,40881263,41306635
turso,concurrent,32,1,2,27556344782,0,0,5841,713005,12575872,13294718
turso,concurrent,32,1,2,27569639730,0,0,4708,448466,89733316,90186490
turso,concurrent,32,1,2,27659826481,0,0,5992,506605,82401031,82913628
turso,concurrent,32,1,2,27742740369,0,0,6532,471650,12868855,13347037
turso,concurrent,32,1,2,27756087596,0,0,4589,466730,12751363,13222682
turso,concurrent,32,1,2,27769310518,0,0,6281,655476,40627766,41289523
turso,concurrent,32,1,2,27810600482,0,0,5591,466209,231730338,232202138
turso,concurrent,32,1,2,28042802900,0,0,5511,464756,72864639,73334906
turso,concurrent,32,1,2,28116138037,0,0,5340,498380,549509233,550012953
turso,concurrent,32,1,2,28666151290,0,0,8036,6454159,167377939,173840134
turso,concurrent,32,1,2,28839991694,0,0,6342,515362,112161004,112682708
turso,concurrent,32,1,2,28952674593,0,0,5791,448435,117207049,117661275
turso,concurrent,32,1,2,29070336128,0,0,6502,526563,132118124,132651189
turso,concurrent,32,1,2,29202987538,0,0,6152,659994,45293814,45959960
turso,concurrent,32,1,2,29248947758,0,0,5180,573902,196954016,197533098
turso,concurrent,32,1,2,29446481076,0,0,6021,454397,274202361,274662779
turso,concurrent,32,1,2,29721144065,0,0,7965,13031401,264439783,277479149
turso,concurrent,32,1,2,29998623474,0,0,7394,558203,260169972,260735569
turso,concurrent,32,1,2,30259359393,0,0,7244,493380,28180916,28681540
turso,concurrent,32,1,2,30288041204,0,0,6001,496837,134405207,134908045
turso,concurrent,32,1,2,30422949610,0,0,6382,433998,137266773,137707153
turso,concurrent,32,1,2,30560657003,0,0,6402,499452,31845366,32351220
turso,concurrent,32,1,2,30593008503,0,0,5590,697565,170038515,170741670
turso,concurrent,32,1,2,30763750665,0,0,8526,4887936,148486729,153383191
turso,concurrent,32,1,2,30917134106,0,0,6332,826729,32742647,33575708
turso,concurrent,32,1,2,30950710035,0,0,6472,922269,193354448,194283189
turso,concurrent,32,1,2,31144993485,0,0,8205,703186,120110413,120821804
turso,concurrent,32,1,2,31265815530,0,0,5640,560397,216645284,217211321
turso,concurrent,32,1,2,31483027092,0,0,5881,519099,72022291,72547271
turso,concurrent,32,1,2,31555574583,0,0,5290,529338,242022254,242556882
turso,concurrent,32,1,2,31798131725,0,0,6442,476558,555390152,555873152
turso,concurrent,32,1,2,32354005178,0,0,8235,6174142,99687525,105869902
turso,concurrent,32,1,2,32459875331,0,0,7614,653763,18668360,19329737
turso,concurrent,32,1,2,32479205299,0,0,5591,478282,16437092,16920965
turso,concurrent,32,1,2,32496126504,0,0,5029,471750,332234743,332711522
turso,concurrent,32,1,2,32828838347,0,0,6773,481939,226523119,227011831
turso,concurrent,32,1,3,26050,1,0,5001591,517565,511614381,517133537
turso,concurrent,32,1,3,517159968,1,0,5621,360429,146983013,147349063
turso,concurrent,32,1,3,664509282,1,0,4949,322117,22978467,23305533
turso,concurrent,32,1,3,687815035,1,0,4498,342736,116418733,116765967
turso,concurrent,32,1,3,804581333,1,0,7404,480555,98079183,98567142
turso,concurrent,32,1,3,903149178,1,0,7875,684530,142266249,142958654
turso,concurrent,32,1,3,1046108113,1,0,77346,606674,96353789,97037809
turso,concurrent,32,1,3,1143146182,1,0,5991,441713,37004945,37452649
turso,concurrent,32,1,3,1180599211,1,0,7895,634547,134769023,135411465
turso,concurrent,32,1,3,1316011457,1,0,5771,416836,232271027,232693634
turso,concurrent,32,1,3,1548705402,1,0,6973,464676,120582884,121054533
turso,concurrent,32,1,3,1669760196,1,0,6051,471179,216262763,216739993
turso,concurrent,32,1,3,1886500509,1,0,7374,702995,67613679,68324048
turso,concurrent,32,1,3,1954824797,1,0,5330,423719,183693673,184122722
turso,concurrent,32,1,3,2138947809,1,0,9789,5757325,107761349,113528463
turso,concurrent,32,1,3,2252476503,1,0,5670,420964,116858802,117285436
turso,concurrent,32,1,3,2369762260,1,0,5470,473854,16764109,17243433
turso,concurrent,32,1,3,2387006334,1,0,5310,479403,31634759,32119472
turso,concurrent,32,1,3,2419126057,1,0,5821,578491,139413230,139997542
turso,concurrent,32,1,3,2559123960,1,0,6582,452914,35244315,35703811
turso,concurrent,32,1,3,2594827991,1,0,5080,503419,75546706,76055205
turso,concurrent,32,1,3,2670883557,1,0,7905,473222,91262941,91744068
turso,concurrent,32,1,3,2762627945,1,0,5821,472561,220527324,221005706
turso,concurrent,32,1,3,2983633882,1,0,7334,416395,96069102,96492831
turso,concurrent,32,1,3,3080126973,0,0,5150,415614,168517326,168938090
turso,concurrent,32,1,3,3249065334,0,0,10209,3511852,39281096,42803157
turso,concurrent,32,1,3,3291868792,0,0,8055,728954,299176781,299913790
turso,concurrent,32,1,3,3591782863,0,0,6322,496797,25979705,26482824
turso,concurrent,32,1,3,3618265928,0,0,4929,436934,16638242,17080105
turso,concurrent,32,1,3,3635346263,0,0,5591,496616,71399918,71902125
turso,concurrent,32,1,3,3707248638,0,0,5120,459707,379100380,379565207
turso,concurrent,32,1,3,4086814086,0,0,5490,443015,20498050,20946555
turso,concurrent,32,1,3,4107760852,0,0,5169,489654,112245533,112740356
turso,concurrent,32,1,3,4220502701,0,0,5450,454427,33639399,34099276
turso,concurrent,32,1,3,4254602237,0,0,5851,465147,54073368,54544366
turso,concurrent,32,1,3,4309146864,0,0,7835,2694220,289126620,291828675
turso,concurrent,32,1,3,4600975810,0,0,6041,455589,127375743,127837373
turso,concurrent,32,1,3,4728813423,0,0,5420,354960,127646192,128006572
turso,concurrent,32,1,3,4856820235,0,0,5620,415874,65840005,66261499
turso,concurrent,32,1,3,4923082065,0,0,7174,470998,224580206,225058378
turso,concurrent,32,1,3,5148140693,0,0,5751,445991,42385389,42837131
turso,concurrent,32,1,3,5190978205,0,0,7194,555447,236860951,237423592
turso,concurrent,32,1,3,5428402108,0,0,8296,8967108,34163606,43139010
turso,concurrent,32,1,3,5471541349,0,0,4288,442424,305819707,306266419
turso,concurrent,32,1,3,5777808048,0,0,6021,409753,11757109,12172883
turso,concurrent,32,1,3,5789981161,0,0,4739,481618,82604124,83090481
turso,concurrent,32,1,3,5873071912,0,0,8616,769241,15283658,16061515
turso,concurrent,32,1,3,5889133737,0,0,5851,434068,23199504,23639423
turso,concurrent,32,1,3,5912773381,0,0,5510,463184,292902520,293371214
turso,concurrent,32,1,3,6206144845,0,0,6382,471960,79387459,79865801
turso,concurrent,32,1,3,6286010906,0,0,5881,517356,169922436,170445673
turso,concurrent,32,1,3,6456456850,0,0,7865,422927,78048183,78478975
turso,concurrent,32,1,3,6534936035,0,0,6252,519440,70327946,70853638
turso,concurrent,32,1,3,6605790264,0,0,5481,467070,8337882,8810433
turso,concurrent,32,1,3,6614600897,0,0,4799,461841,65189297,65655937
turso,concurrent,32,1,3,6680257125,0,0,6382,442063,570705230,571153675
turso,concurrent,32,1,3,7251411070,0,0,6683,484413,100534402,101025498
turso,concurrent,32,1,3,7352436789,0,0,5971,585674,64278770,64870415
turso,concurrent,32,1,3,7417307485,0,0,5360,465438,256787654,257258452
turso,concurrent,32,1,3,7674566208,0,0,8345,3057065,122353422,125418832
turso,concurrent,32,1,3,7799985311,0,0,6783,942036,66057674,67006493
turso,concurrent,32,1,3,7866992045,0,0,5190,437304,86564531,87007025
turso,concurrent,32,1,3,7953999491,0,0,7154,546560,146345721,146899435
turso,concurrent,32,1,3,8100899347,0,0,6222,481418,214142134,214629774
turso,concurrent,32,1,3,8315529401,0,0,5631,502077,324027778,324535486
turso,concurrent,32,1,3,8640070849,0,0,17933,5480093,77040473,82538499
turso,concurrent,32,1,3,8722609749,0,0,6452,435692,119979476,120421620
turso,concurrent,32,1,3,8843031650,0,0,5761,553734,116558306,117117801
turso,concurrent,32,1,3,8960149721,0,0,6402,391448,181094452,181492302
turso,concurrent,32,1,3,9141642333,0,0,5841,434349,31069052,31509242
turso,concurrent,32,1,3,9173151836,0,0,6081,457623,324902077,325365781
turso,concurrent,32,1,3,9498517958,0,0,5741,441632,202161093,202608466
turso,concurrent,32,1,3,9701126825,0,0,15890,12206697,77417834,89640421
turso,concurrent,32,1,3,9790767567,0,0,7795,4600785,160263894,164872474
turso,concurrent,32,1,3,9955640632,0,0,16331,765944,54043642,54825917
turso,concurrent,32,1,3,10010466950,0,0,7203,441643,141098998,141547844
turso,concurrent,32,1,3,10152015155,0,0,6252,515041,71131982,71653275
turso,concurrent,32,1,3,10223668831,0,0,16090,558453,50134291,50708834
turso,concurrent,32,1,3,10274377955,0,0,6222,542553,152561171,153109946
turso,concurrent,32,1,3,10427488171,0,0,6412,653823,113000377,113660612
turso,concurrent,32,1,3,10541149074,0,0,5470,539427,188464548,189009445
turso,concurrent,32,1,3,10730158790,0,0,6001,477270,52325081,52808352
turso,concurrent,32,1,3,10782967453,0,0,5230,420493,154751200,155176923
turso,concurrent,32,1,3,10938144646,0,0,7644,736579,122842024,123586247
turso,concurrent,32,1,3,11061731174,0,0,5310,510012,178379863,178895185
turso,concurrent,32,1,3,11240626890,0,0,6742,555708,104120113,104682563
turso,concurrent,32,1,3,11345309744,0,0,5801,473442,133926524,134405767
turso,concurrent,32,1,3,11479715762,0,0,7224,639425,126373022,127019671
turso,concurrent,32,1,3,11606735723,0,0,5691,444568,104661474,105111733
turso,concurrent,32,1,3,11711847847,0,0,6703,528185,35461976,35996864
turso,concurrent,32,1,3,11747844921,0,0,5290,545318,31576359,32126967
turso,concurrent,32,1,3,11779972138,0,0,5070,496987,33231670,33733727
turso,concurrent,32,1,3,11813706095,0,0,5440,455539,7601463,8062442
turso,concurrent,32,1,3,11821768758,0,0,4799,475967,16161213,16641979
turso,concurrent,32,1,3,11838410967,0,0,4959,476719,309923965,310405643
turso,concurrent,32,1,3,12148816891,0,0,9027,6135839,620641637,626786503
turso,concurrent,32,1,3,12775604075,0,0,6712,420864,189445608,189873184
turso,concurrent,32,1,3,12965477590,0,0,6543,587467,253931549,254525559
turso,concurrent,32,1,3,13220003540,0,0,9428,12145891,58741350,70896669
turso,concurrent,32,1,3,13290900529,0,0,5601,545448,37168193,37719242
turso,concurrent,32,1,3,13328619971,0,0,5160,548995,272985235,273539390
turso,concurrent,32,1,3,13602159641,0,0,6041,444388,47422517,47872946
turso,concurrent,32,1,3,13650032869,0,0,4929,447374,31331256,31783559
turso,concurrent,32,1,3,13681816638,0,0,5451,466088,104355598,104827137
turso,concurrent,32,1,3,13786644105,0,0,6292,485505,144535027,145026824
turso,concurrent,32,1,3,13931671290,0,0,7043,506015,223297858,223810916
turso,concurrent,32,1,3,14155482476,0,0,6442,483091,203486923,203976456
turso,concurrent,32,1,3,14359459213,0,0,8035,13342087,189189225,202539347
turso,concurrent,32,1,3,14561998830,0,0,5721,481778,373154640,373642139
turso,concurrent,32,1,3,14935641199,0,0,6252,751968,105741390,106499610
turso,concurrent,32,1,3,15042140999,0,0,5661,484032,21615297,22104990
turso,concurrent,32,1,3,15064246229,0,0,5500,651138,148883005,149539643
turso,concurrent,32,1,3,15213786233,0,0,5972,501606,244729387,245236965
turso,concurrent,32,1,3,15459023529,0,0,8586,12623913,333519706,346152205
turso,concurrent,32,1,3,15805176095,0,0,7284,709778,295405420,296122482
turso,concurrent,32,1,3,16101298877,0,0,5841,440060,14418437,14864338
turso,concurrent,32,1,3,16116163415,0,0,5029,420433,37251289,37676751
turso,concurrent,32,1,3,16153840386,0,0,5841,458274,307835568,308299683
turso,concurrent,32,1,3,16462140359,0,0,7224,643704,73794563,74445491
turso,concurrent,32,1,3,16536586180,0,0,6202,488170,180150101,180644473
turso,concurrent,32,1,3,16717230923,0,0,7193,6921862,305819876,312748931
turso,concurrent,32,1,3,17029980226,0,0,5891,484323,170684814,171175028
turso,concurrent,32,1,3,17201155595,0,0,6121,518508,82182448,82707077
turso,concurrent,32,1,3,17283862913,0,0,6362,521132,74479765,75007259
turso,concurrent,32,1,3,17358870443,0,0,6452,599290,20864501,21470243
turso,concurrent,32,1,3,17380340946,0,0,6993,635679,167546236,168188908
turso,concurrent,32,1,3,17548530144,0,0,5280,415293,45471108,45891681
turso,concurrent,32,1,3,17594422056,0,0,5811,494151,21215273,21715235
turso,concurrent,32,1,3,17616137541,0,0,5971,530210,293824900,294361081
turso,concurrent,32,1,3,17910500535,0,0,8136,3990945,106101448,110100529
turso,concurrent,32,1,3,18020601275,0,0,5791,478011,209052708,209536510
turso,concurrent,32,1,3,18230138156,0,0,6732,515653,96313122,96835507
turso,concurrent,32,1,3,18326973944,0,0,7003,485054,52758138,53250195
turso,concurrent,32,1,3,18380224480,0,0,7264,488741,46416621,46912626
turso,concurrent,32,1,3,18427137366,0,0,5972,536301,32131174,32673447
turso,concurrent,32,1,3,18459811134,0,0,6332,617154,260251956,260875442
turso,concurrent,32,1,3,18720686806,0,0,5650,471710,422718133,423195493
turso,concurrent,32,1,3,19143882600,0,0,8576,11347466,83738472,95094514
turso,concurrent,32,1,3,19238977356,0,0,6212,517465,116364621,116888298
turso,concurrent,32,1,3,19355865874,0,0,6553,478592,399988095,400473240
turso,concurrent,32,1,3,19756339374,0,0,7174,568311,60292374,60867859
turso,concurrent,32,1,3,19817207544,0,0,7013,726921,463072774,463806708
turso,concurrent,32,1,3,20281014572,0,0,7995,5642459,34125696,39776150
turso,concurrent,32,1,3,20320790912,0,0,5480,517937,160550896,161074313
turso,concurrent,32,1,3,20481865455,0,0,5530,435762,51659566,52100858
turso,concurrent,32,1,3,20533966544,0,0,6332,738252,201413454,202158038
turso,concurrent,32,1,3,20736124922,0,0,5651,581386,126249759,126836796
turso,concurrent,32,1,3,20862962079,0,0,6913,698758,104945269,105650940
turso,concurrent,32,1,3,20968613299,0,0,6913,895278,98054907,98957098
turso,concurrent,32,1,3,21067570708,0,0,5400,482660,18080151,18568211
turso,concurrent,32,1,3,21086139179,0,0,5060,436713,513418583,513860356
turso,concurrent,32,1,3,21599999826,0,0,9257,3532491,142222597,145764345
turso,concurrent,32,1,3,21745764531,0,0,7273,541351,34823040,35371664
turso,concurrent,32,1,3,21781136457,0,0,5661,473492,37802048,38281201
turso,concurrent,32,1,3,21819417968,0,0,6392,484634,112239022,112730048
turso,concurrent,32,1,3,21932148336,0,0,5240,489754,10864575,11359569
turso,concurrent,32,1,3,21943508106,0,0,6201,846617,10512912,11365730
turso,concurrent,32,1,3,21954874087,0,0,4578,531603,190231710,190767891
turso,concurrent,32,1,3,22145642348,0,0,6793,509391,78993826,79510010
turso,concurrent,32,1,3,22225152668,0,0,7334,602056,548371799,548981189
turso,concurrent,32,1,3,22774134077,0,0,7534,6767070,181123075,187897679
turso,concurrent,32,1,3,22962032037,0,0,7354,557571,41366328,41931253
turso,concurrent,32,1,3,23003963580,0,0,6483,511925,265341873,265860281
turso,concurrent,32,1,3,23269824062,0,0,6191,537674,92974508,93518373
turso,concurrent,32,1,3,23363342675,0,0,6462,515532,101276842,101798836
turso,concurrent,32,1,3,23465141772,0,0,5891,530731,246223184,246759806
turso,concurrent,32,1,3,23711901869,0,0,7193,10875857,87070565,97953615
turso,concurrent,32,1,3,23809855735,0,0,5871,452123,156828346,157286340
turso,concurrent,32,1,3,23967142316,0,0,6131,479715,32264255,32750101
turso,concurrent,32,1,3,23999892668,0,0,6171,606755,48807268,49420194
turso,concurrent,32,1,3,24049313152,0,0,6482,560377,83250613,83817472
turso,concurrent,32,1,3,24133130964,0,0,5811,516584,430324656,430847051
turso,concurrent,32,1,3,24563978255,0,0,6613,589972,93426670,94023255
turso,concurrent,32,1,3,24658001831,0,0,6422,521233,46181137,46708792
turso,concurrent,32,1,3,24704710913,0,0,6182,435962,60723166,61165310
turso,concurrent,32,1,3,24765876684,0,0,5440,515282,80030060,80550782
turso,concurrent,32,1,3,24846427696,0,0,6943,790070,327607368,328404381
turso,concurrent,32,1,3,25174832337,0,0,6703,430151,176710575,177147429
turso,concurrent,32,1,3,25351980037,0,0,6753,447584,59088985,59543322
turso,concurrent,32,1,3,25411523589,0,0,5430,462212,46191726,46659368
turso,concurrent,32,1,3,25458183148,0,0,5680,487319,129188250,129681249
turso,concurrent,32,1,3,25587864658,0,0,7093,604650,256056897,256668640
turso,concurrent,32,1,3,25844533568,0,0,5611,453244,410868551,411327406
turso,concurrent,32,1,3,26255861194,0,0,8035,7808524,66965286,74781845
turso,concurrent,32,1,3,26330643339,0,0,5521,483892,150327900,150817313
turso,concurrent,32,1,3,26481460992,0,0,5461,436232,154166608,154608301
turso,concurrent,32,1,3,26636069533,0,0,5410,498320,63076925,63580655
turso,concurrent,32,1,3,26699650388,0,0,5941,626682,291585968,292218591
turso,concurrent,32,1,3,26991869299,0,0,6673,503119,9464144,9973936
turso,concurrent,32,1,3,27001843466,0,0,4438,437094,92362073,92803605
turso,concurrent,32,1,3,27094647372,0,0,10670,9117341,137212731,146340742
turso,concurrent,32,1,3,27240988354,0,0,6773,553554,412599975,413160302
turso,concurrent,32,1,3,27654148926,0,0,6863,471579,105789731,106268173
turso,concurrent,32,1,3,27760417370,0,0,6202,561127,16316326,16883655
turso,concurrent,32,1,3,27777301285,0,0,4899,462633,98812816,99280348
turso,concurrent,32,1,3,27876581883,0,0,6543,466058,57734732,58207333
turso,concurrent,32,1,3,27934789446,0,0,6031,487209,160813621,161306861
turso,concurrent,32,1,3,28096096578,0,0,6111,512156,208288848,208807115
turso,concurrent,32,1,3,28304903953,0,0,7895,10736474,68450977,79195346
turso,concurrent,32,1,3,28384099490,0,0,5410,512286,73022787,73540483
turso,concurrent,32,1,3,28457640294,0,0,7464,447053,141363697,141818214
turso,concurrent,32,1,3,28599458769,0,0,6131,558383,71844416,72408930
turso,concurrent,32,1,3,28671868039,0,0,5680,648273,84268031,84921984
turso,concurrent,32,1,3,28756790254,0,0,5901,668982,526790917,527465800
turso,concurrent,32,1,3,29284256374,0,0,6753,512386,70254518,70773657
turso,concurrent,32,1,3,29355030372,0,0,5911,482149,231383043,231871103
turso,concurrent,32,1,3,29586901846,0,0,10129,3440036,110495604,113945769
turso,concurrent,32,1,3,29700847825,0,0,6973,1215672,146078658,147301303
turso,concurrent,32,1,3,29848149399,0,0,7715,576727,19043878,19628320
turso,concurrent,32,1,3,29867777949,0,0,4629,497488,123740388,124242505
turso,concurrent,32,1,3,29992020714,0,0,6192,579523,228412492,228998207
turso,concurrent,32,1,3,30221019261,0,0,7023,572510,259006358,259585891
turso,concurrent,32,1,3,30480605412,0,0,5531,535540,117627572,118168643
turso,concurrent,32,1,3,30598774305,0,0,5941,547703,93812948,94366592
turso,concurrent,32,1,3,30693141097,0,0,9107,12555204,81265840,93830151
turso,concurrent,32,1,3,30786971489,0,0,7684,9051017,128980288,138038989
turso,concurrent,32,1,3,30925010778,0,0,7164,563813,365563816,366134793
turso,concurrent,32,1,3,31291145801,0,0,5861,480436,82336299,82822596
turso,concurrent,32,1,3,31373968608,0,0,5350,509220,185251529,185766099
turso,concurrent,32,1,3,31559734927,0,0,6642,621352,83194737,83822731
turso,concurrent,32,1,3,31643557910,0,0,6442,542914,174864073,175413429
turso,concurrent,32,1,3,31818971740,0,0,6763,593779,390567182,391167724
turso,concurrent,32,1,3,32210139694,0,0,6833,13812344,789119128,802938305
turso,concurrent,32,1,4,12163,1,0,2744454,492258,168154092,171390804
turso,concurrent,32,1,4,171403770,1,0,7284,433527,147804201,148245012
turso,concurrent,32,1,4,319648993,1,0,5831,352534,391969185,392327550
turso,concurrent,32,1,4,711976784,1,0,6081,466199,59294613,59766893
turso,concurrent,32,1,4,771743927,1,0,6062,489262,143392904,143888228
turso,concurrent,32,1,4,915632626,1,0,5310,333749,143652683,143991742
turso,concurrent,32,1,4,1059624639,1,0,44093,10690026,531432750,542166869
turso,concurrent,32,1,4,1601791788,1,0,6923,484093,106800607,107291623
turso,concurrent,32,1,4,1709083632,1,0,7524,485576,105197254,105690354
turso,concurrent,32,1,4,1814774547,1,0,5831,501155,160851131,161358117
turso,concurrent,32,1,4,1976132935,1,0,5871,440280,86074758,86520909
turso,concurrent,32,1,4,2062654124,1,0,8897,3025525,95299952,98334374
turso,concurrent,32,1,4,2160988728,1,0,6473,7251122,254587566,261845161
turso,concurrent,32,1,4,2422834179,1,0,7154,657309,18192423,18856886
turso,concurrent,32,1,4,2441691255,1,0,4769,394775,176503695,176903239
turso,concurrent,32,1,4,2618594734,1,0,5490,485084,49347427,49838001
turso,concurrent,32,1,4,2668433006,1,0,5590,501365,39664860,40171815
turso,concurrent,32,1,4,2708605524,1,0,6452,620750,104918689,105545891
turso,concurrent,32,1,4,2814151645,1,0,6271,640729,252369864,253016864
turso,concurrent,32,1,4,3067168800,0,0,7705,467752,11679001,12154458
turso,concurrent,32,1,4,3079323458,0,0,4980,675754,165271847,165952581
turso,concurrent,32,1,4,3245276300,0,0,7474,3351469,36149572,39508515
turso,concurrent,32,1,4,3284785105,0,0,7685,591225,25245471,25844381
turso,concurrent,32,1,4,3310629696,0,0,6322,881913,368094067,368982302
turso,concurrent,32,1,4,3679612269,0,0,5971,489072,152441405,152936448
turso,concurrent,32,1,4,3832548958,0,0,5761,545859,516881202,517432822
turso,concurrent,32,1,4,4349982150,0,0,9899,10863223,10172320,21045442
turso,concurrent,32,1,4,4371027853,0,0,6302,509460,24117295,24633057
turso,concurrent,32,1,4,4395661200,0,0,6162,641309,38775052,39422523
turso,concurrent,32,1,4,4435083964,0,0,5139,439850,29661237,30106226
turso,concurrent,32,1,4,4465190461,0,0,5300,484142,35269533,35758975
turso,concurrent,32,1,4,4500949806,0,0,6693,519740,550843980,551370413
turso,concurrent,32,1,4,5052320470,0,0,6933,478322,16030265,16515520
turso,concurrent,32,1,4,5068837523,0,0,5431,451070,112575146,113031647
turso,concurrent,32,1,4,5181869400,0,0,5881,513508,152349111,152868500
turso,concurrent,32,1,4,5334738160,0,0,6161,757248,35533380,36296789
turso,concurrent,32,1,4,5371035230,0,0,6863,16096531,148216539,164319933
turso,concurrent,32,1,4,5535355433,0,0,6713,491577,282300149,282798439
turso,concurrent,32,1,4,5818154152,0,0,5731,478693,20348808,20833232
turso,concurrent,32,1,4,5838987635,0,0,6161,654144,340249725,340910030
turso,concurrent,32,1,4,6179897936,0,0,5791,425392,543664152,544095335
turso,concurrent,32,1,4,6723993562,0,0,7895,5003053,91471093,96482041
turso,concurrent,32,1,4,6820475843,0,0,4869,415965,467308290,467729124
turso,concurrent,32,1,4,7288205257,0,0,6422,636611,262995920,263638953
turso,concurrent,32,1,4,7551844471,0,0,6843,6224416,173432544,179663803
turso,concurrent,32,1,4,7731508565,0,0,9658,6676419,182720878,189406955
turso,concurrent,32,1,4,7920915781,0,0,5891,512205,478240544,478758640
turso,concurrent,32,1,4,8399674691,0,0,7184,538695,223599106,224144985
turso,concurrent,32,1,4,8623819967,0,0,8896,9782275,147346499,157137670
turso,concurrent,32,1,4,8780957887,0,0,6142,498580,571675118,572179840
turso,concurrent,32,1,4,9353138068,0,0,6261,671526,15158032,15835819
turso,concurrent,32,1,4,9368974137,0,0,5000,583921,12694445,13283366
turso,concurrent,32,1,4,9382257824,0,0,7404,538886,73223396,73769686
turso,concurrent,32,1,4,9456027800,0,0,5310,446301,266329265,266780876
turso,concurrent,32,1,4,9722809028,0,0,8797,5013683,57190405,62212885
turso,concurrent,32,1,4,9785022144,0,0,6201,535700,9287352,9829253
turso,concurrent,32,1,4,9794851618,0,0,5119,526042,254627191,255158352
turso,concurrent,32,1,4,10050010591,0,0,5961,458815,158417583,158882359
turso,concurrent,32,1,4,10208893351,0,0,8075,509762,178554181,179072018
turso,concurrent,32,1,4,10387965750,0,0,6532,551691,58464818,59023041
turso,concurrent,32,1,4,10446989021,0,0,7083,628165,38694480,39329728
turso,concurrent,32,1,4,10486319009,0,0,5300,476639,177684021,178165960
turso,concurrent,32,1,4,10664485239,0,0,6282,558704,37293318,37858304
turso,concurrent,32,1,4,10702343763,0,0,5100,456811,427693325,428155236
turso,concurrent,32,1,4,11130499319,0,0,8917,7159550,73157030,80325497
turso,concurrent,32,1,4,11210826760,0,0,7013,563723,410987906,411558642
turso,concurrent,32,1,4,11622385662,0,0,7675,595392,37987898,38590965
turso,concurrent,32,1,4,11660976847,0,0,5079,442705,102723559,103171343
turso,concurrent,32,1,4,11764148522,0,0,8145,670014,323001303,323679462
turso,concurrent,32,1,4,12087828234,0,0,8206,12568047,72442494,85018747
turso,concurrent,32,1,4,12172847221,0,0,5220,464255,343895170,344364645
turso,concurrent,32,1,4,12517212106,0,0,7504,642963,290923018,291573485
turso,concurrent,32,1,4,12808785861,0,0,6572,493130,7500162,7999864
turso,concurrent,32,1,4,12816786056,0,0,8215,753591,176192509,176954315
turso,concurrent,32,1,4,12993740661,0,0,5491,590363,157980890,158576744
turso,concurrent,32,1,4,13152317655,0,0,6112,7095128,279575361,286676601
turso,concurrent,32,1,4,13438994547,0,0,6592,683529,26098841,26788962
turso,concurrent,32,1,4,13465783799,0,0,7154,488932,569736072,570232158
turso,concurrent,32,1,4,14036016237,0,0,7083,460559,319478080,319945722
turso,concurrent,32,1,4,14355962209,0,0,7725,6280191,133137156,139425072
turso,concurrent,32,1,4,14495387492,0,0,6121,470167,173283343,173759631
turso,concurrent,32,1,4,14669147403,0,0,7134,547302,206188577,206743013
turso,concurrent,32,1,4,14875890717,0,0,5991,448175,653461620,653915786
turso,concurrent,32,1,4,15529806824,0,0,7194,6761929,136187047,142956170
turso,concurrent,32,1,4,15672763204,0,0,5760,573422,12350297,12929479
turso,concurrent,32,1,4,15685692904,0,0,5290,531312,113279102,113815704
turso,concurrent,32,1,4,15799508979,0,0,8055,566448,110323660,110898163
turso,concurrent,32,1,4,15910407363,0,0,6462,734144,167386575,168127181
turso,concurrent,32,1,4,16078534814,0,0,5902,645847,6595466,7247215
turso,concurrent,32,1,4,16085782320,0,0,7614,687907,289665457,290360978
turso,concurrent,32,1,4,16376143579,0,0,8325,951985,272315663,273275973
turso,concurrent,32,1,4,16649419993,0,0,8095,5241443,47682508,52932046
turso,concurrent,32,1,4,16702352339,0,0,7454,876143,65912290,66795887
turso,concurrent,32,1,4,16769148526,0,0,6392,570616,157416616,157993624
turso,concurrent,32,1,4,16927142511,0,0,6011,489674,305176653,305672338
turso,concurrent,32,1,4,17232815150,0,0,5901,502257,16213652,16721810
turso,concurrent,32,1,4,17249537160,0,0,5781,458675,586141134,586605590
turso,concurrent,32,1,4,17836142991,0,0,7814,20790862,50658940,71457616
turso,concurrent,32,1,4,17907600868,0,0,6712,548515,23832447,24387674
turso,concurrent,32,1,4,17931988862,0,0,5250,710700,61265519,61981469
turso,concurrent,32,1,4,17993970531,0,0,6472,820867,74496757,75324096
turso,concurrent,32,1,4,18069294929,0,0,7263,631631,130442245,131081139
turso,concurrent,32,1,4,18200376328,0,0,5410,436873,188562513,189004796
turso,concurrent,32,1,4,18389381305,0,0,5450,462131,78489756,78957337
turso,concurrent,32,1,4,18468338954,0,0,7344,575625,117653671,118236640
turso,concurrent,32,1,4,18586575824,0,0,6903,970410,26538039,27515352
turso,concurrent,32,1,4,18614091456,0,0,5410,466360,36320504,36792274
turso,concurrent,32,1,4,18650883970,0,0,5020,431393,19290253,19726666
turso,concurrent,32,1,4,18670610866,0,0,4999,569133,166644356,167218488
turso,concurrent,32,1,4,18837829744,0,0,6833,372673,105641842,106021348
turso,concurrent,32,1,4,18943851473,0,0,10560,469185,33815030,34294775
turso,concurrent,32,1,4,18978146538,0,0,7524,2848992,16769249,19625765
turso,concurrent,32,1,4,18997772503,0,0,5481,549897,457660669,458216047
turso,concurrent,32,1,4,19455988820,0,0,5821,470157,32383570,32859548
turso,concurrent,32,1,4,19488848679,0,0,5440,673470,479864535,480543445
turso,concurrent,32,1,4,19969392395,0,0,7574,750856,72198383,72956813
turso,concurrent,32,1,4,20042349448,0,0,7164,501916,80012467,80521547
turso,concurrent,32,1,4,20122871266,0,0,8867,9959118,87152480,97120465
turso,concurrent,32,1,4,20219991981,0,0,7605,764802,234988962,235761369
turso,concurrent,32,1,4,20455753640,0,0,6502,693147,699463309,700162958
turso,concurrent,32,1,4,21155916888,0,0,7174,525471,137271140,137803785
turso,concurrent,32,1,4,21293720904,0,0,7534,4243842,202315925,206567301
turso,concurrent,32,1,4,21500288476,0,0,6843,485926,75744469,76237238
turso,concurrent,32,1,4,21576525945,0,0,5761,525961,433666407,434198129
turso,concurrent,32,1,4,22010724325,0,0,5620,502889,56750906,57259415
turso,concurrent,32,1,4,22067983980,0,0,5110,433116,22473435,22911661
turso,concurrent,32,1,4,22090895861,0,0,4749,472070,584893572,585370391
turso,concurrent,32,1,4,22676266513,0,0,8336,4460781,147230710,151699827
turso,concurrent,32,1,4,22827966580,0,0,6022,584662,125674254,126264938
turso,concurrent,32,1,4,22954232961,0,0,5701,516925,286894902,287417528
turso,concurrent,32,1,4,23241650760,0,0,5671,516894,67361603,67884168
turso,concurrent,32,1,4,23309535249,0,0,5821,493781,141575557,142075159
turso,concurrent,32,1,4,23451610638,0,0,6563,615891,804544654,805167108
turso,concurrent,32,1,4,24256778056,0,0,8126,6691817,475403975,482103918
turso,concurrent,32,1,4,24738882205,0,0,6151,509250,13747562,14262963
turso,concurrent,32,1,4,24753145468,0,0,6422,478402,41157073,41641897
turso,concurrent,32,1,4,24794787576,0,0,7114,20595854,9747259,30350227
turso,concurrent,32,1,4,24825138324,0,0,14648,1672403,109282447,110969498
turso,concurrent,32,1,4,24936108092,0,0,15520,659553,57198130,57873203
turso,concurrent,32,1,4,24993981646,0,0,6923,851044,140154347,141012314
turso,concurrent,32,1,4,25134994171,0,0,5941,661317,189003524,189670782
turso,concurrent,32,1,4,25324665214,0,0,5911,469716,177767528,178243155
turso,concurrent,32,1,4,25502908649,0,0,6272,567991,201661932,202236195
turso,concurrent,32,1,4,25705145125,0,0,5951,492749,20907693,21406393
turso,concurrent,32,1,4,25726551708,0,0,5120,544957,10762474,11312551
turso,concurrent,32,1,4,25737864589,0,0,6412,442895,55116956,55566263
turso,concurrent,32,1,4,25793431102,0,0,5601,482880,430855978,431344459
turso,concurrent,32,1,4,26224775801,0,0,8787,771224,297805926,298585937
turso,concurrent,32,1,4,26523362028,0,0,6763,592397,118494898,119094058
turso,concurrent,32,1,4,26642456286,0,0,5651,545668,16788716,17340035
turso,concurrent,32,1,4,26659796672,0,0,5891,480907,33693731,34180529
turso,concurrent,32,1,4,26693977431,0,0,5320,559095,20436493,21000908
turso,concurrent,32,1,4,26714978540,0,0,4749,508008,189275006,189787763
turso,concurrent,32,1,4,26904766563,0,0,6893,755846,426812874,427575613
turso,concurrent,32,1,4,27332342396,0,0,7905,11063160,138574318,149645383
turso,concurrent,32,1,4,27481988009,0,0,5851,435672,123257357,123698880
turso,concurrent,32,1,4,27605687209,0,0,6453,1002350,106572036,107580839
turso,concurrent,32,1,4,27713268298,0,0,5441,446451,34423658,34875550
turso,concurrent,32,1,4,27748144078,0,0,5491,503890,85491648,86001029
turso,concurrent,32,1,4,27834145327,0,0,5701,445841,66430788,66882330
turso,concurrent,32,1,4,27901027887,0,0,6012,766625,72181561,72954198
turso,concurrent,32,1,4,27973982326,0,0,5380,482319,185680830,186168529
turso,concurrent,32,1,4,28160151115,0,0,5791,477661,170436114,170919566
turso,concurrent,32,1,4,28331070912,0,0,8306,10630364,187297026,197935696
turso,concurrent,32,1,4,28529006889,0,0,5891,482650,685488989,685977530
turso,concurrent,32,1,4,29214984690,0,0,8275,870111,23429437,24307823
turso,concurrent,32,1,4,29239292764,0,0,5430,669061,5448504,6122995
turso,concurrent,32,1,4,29245415929,0,0,4479,488811,143511798,144005088
turso,concurrent,32,1,4,29389421538,0,0,16080,421826,272515970,272953876
turso,concurrent,32,1,4,29662375815,0,0,8266,3621188,90932126,94561580
turso,concurrent,32,1,4,29756937635,0,0,6422,520722,63463644,63990788
turso,concurrent,32,1,4,29820928823,0,0,6342,519320,354518299,355043961
turso,concurrent,32,1,4,30175973065,0,0,5901,523457,239493665,240023023
turso,concurrent,32,1,4,30415996329,0,0,7714,909265,257047765,257964744
turso,concurrent,32,1,4,30673961403,0,0,9047,670153,172260424,172939624
turso,concurrent,32,1,4,30846901449,0,0,8596,6329044,221534723,227872363
turso,concurrent,32,1,4,31074774043,0,0,5240,424039,7693176,8122455
turso,concurrent,32,1,4,31082896699,0,0,4638,492669,102577394,103074701
turso,concurrent,32,1,4,31185971611,0,0,5089,500855,203658216,204164160
turso,concurrent,32,1,4,31390136022,0,0,5891,477500,41511161,41994552
turso,concurrent,32,1,4,31432130764,0,0,5130,509260,184323520,184837910
turso,concurrent,32,1,4,31616969005,0,0,5771,476158,32342513,32824442
turso,concurrent,32,1,4,31649793658,0,0,6712,544667,152395428,152946807
turso,concurrent,32,1,4,31802740686,0,0,6612,550538,45840544,46397694
turso,concurrent,32,1,4,31849138570,0,0,5420,554876,454264395,454824691
turso,concurrent,32,1,4,32303963533,0,0,7875,6457726,32902419,39368020
turso,concurrent,32,1,4,32343331804,0,0,5430,470086,68279384,68754900
turso,concurrent,32,1,4,32412086924,0,0,5390,515632,286758064,287279086
turso,concurrent,32,1,4,32699366252,0,0,6973,536602,142528043,143071618
turso,concurrent,32,1,4,32842438301,0,0,6943,456030,52848277,53311250
turso,concurrent,32,1,4,32895749852,0,0,6722,489002,81515131,82010855
turso,concurrent,32,1,4,32977760947,0,0,5701,449277,28933856,29388834
turso,concurrent,32,1,5,76745,1,0,1803711,536362,501734241,504074314
turso,concurrent,32,1,5,504151430,1,0,6242,248558,307295129,307549929
turso,concurrent,32,1,5,811701729,1,0,7605,515722,217342679,217866006
turso,concurrent,32,1,5,1029568076,1,0,54943,1948675,89154464,91158082
turso,concurrent,32,1,5,1120726549,1,0,6292,439288,27782375,28227955
turso,concurrent,32,1,5,1148955306,1,0,5881,443636,226359761,226809278
turso,concurrent,32,1,5,1375764965,1,0,7414,601544,21765731,22374689
turso,concurrent,32,1,5,1398139974,1,0,4910,411796,48114803,48531509
turso,concurrent,32,1,5,1446671773,1,0,7113,470758,135649773,136127644
turso,concurrent,32,1,5,1582800079,1,0,6372,581837,629453451,630041660
turso,concurrent,32,1,5,2212841990,1,0,8486,6210189,395939051,402157726
turso,concurrent,32,1,5,2614999966,1,0,7885,786844,142419929,143214658
turso,concurrent,32,1,5,2758214914,1,0,5972,440450,42307913,42754335
turso,concurrent,32,1,5,2800969470,1,0,5320,482219,137662298,138149837
turso,concurrent,32,1,5,2939119608,1,0,6843,481267,71535744,72023854
turso,concurrent,32,1,5,3011143682,0,0,7223,776224,126533825,127317272
turso,concurrent,32,1,5,3138461185,0,0,6091,460389,38430031,38896511
turso,concurrent,32,1,5,3177358648,0,0,8616,12950148,74650888,87609652
turso,concurrent,32,1,5,3264968500,0,0,8065,6782168,177392221,184182454
turso,concurrent,32,1,5,3449151204,0,0,6423,735216,153281248,154022887
turso,concurrent,32,1,5,3603174332,0,0,6121,481929,94459087,94947137
turso,concurrent,32,1,5,3698121779,0,0,6102,483151,86532120,87021373
turso,concurrent,32,1,5,3785143402,0,0,5962,457352,76667851,77131165
turso,concurrent,32,1,5,3862274767,0,0,6572,462773,79705358,80174703
turso,concurrent,32,1,5,3942449710,0,0,5811,444769,17050860,17501440
turso,concurrent,32,1,5,3959951400,0,0,4339,399784,211676485,212080608
turso,concurrent,32,1,5,4172032288,0,0,5801,480596,77093283,77579680
turso,concurrent,32,1,5,4249612198,0,0,6362,479333,157516835,158002530
turso,concurrent,32,1,5,4407614990,0,0,8506,1865347,149627128,151500981
turso,concurrent,32,1,5,4559116192,0,0,7554,541301,74161144,74709999
turso,concurrent,32,1,5,4633826471,0,0,5330,409482,197103137,197517949
turso,concurrent,32,1,5,4831344650,0,0,5891,464476,180604788,181075155
turso,concurrent,32,1,5,5012420036,0,0,6001,380648,57334306,57720955
turso,concurrent,32,1,5,5070142504,0,0,6602,540239,186876414,187423255
turso,concurrent,32,1,5,5257566029,0,0,7785,533887,143686086,144227758
turso,concurrent,32,1,5,5401794037,0,0,7655,5995364,591797740,597800759
turso,concurrent,32,1,5,5999595037,0,0,7704,735397,30711919,31455020
turso,concurrent,32,1,5,6031050317,0,0,5781,475326,298991832,299472939
turso,concurrent,32,1,5,6330523577,0,0,6873,453375,17978179,18438427
turso,concurrent,32,1,5,6348962595,0,0,4959,446642,281735745,282187346
turso,concurrent,32,1,5,6631150191,0,0,8446,6657123,80332731,86998300
turso,concurrent,32,1,5,6718148741,0,0,6252,665405,21156681,21828338
turso,concurrent,32,1,5,6739977270,0,0,5220,620059,86236011,86861290
turso,concurrent,32,1,5,6826838871,0,0,5370,513669,54305175,54824214
turso,concurrent,32,1,5,6881663405,0,0,6793,614248,62770226,63391267
turso,concurrent,32,1,5,6945054932,0,0,5321,471619,298771006,299247946
turso,concurrent,32,1,5,7244303168,0,0,6823,436483,202118022,202561328
turso,concurrent,32,1,5,7446864737,0,0,6632,714377,132696986,133417995
turso,concurrent,32,1,5,7580283283,0,0,20729,2162257,78361103,80544089
turso,concurrent,32,1,5,7660827703,0,0,5941,442455,146010920,146459316
turso,concurrent,32,1,5,7807287299,0,0,8005,630559,246855577,247494141
turso,concurrent,32,1,5,8054781700,0,0,6242,443827,43920194,44370263
turso,concurrent,32,1,5,8099152193,0,0,4839,422096,6640641,7067576
turso,concurrent,32,1,5,8106220009,0,0,4509,453355,71995310,72453174
turso,concurrent,32,1,5,8178673424,0,0,4328,413269,12073155,12490752
turso,concurrent,32,1,5,8191164486,0,0,5521,456570,165184072,165646163
turso,concurrent,32,1,5,8356810930,0,0,6352,598528,23420240,24025120
turso,concurrent,32,1,5,8380836310,0,0,5070,464115,263716770,264185955
turso,concurrent,32,1,5,8645022545,0,0,7604,7275008,48121675,55404287
turso,concurrent,32,1,5,8700427093,0,0,5751,514119,277436148,277956018
turso,concurrent,32,1,5,8978383662,0,0,6562,457643,195105741,195569946
turso,concurrent,32,1,5,9173953888,0,0,6823,555157,227629345,228191325
turso,concurrent,32,1,5,9402145503,0,0,7014,518437,68467989,68993440
turso,concurrent,32,1,5,9471139214,0,0,4879,389524,98615174,99009577
turso,concurrent,32,1,5,9570149071,0,0,6713,495965,42039627,42542305
turso,concurrent,32,1,5,9612693270,0,0,6342,316357,147681580,148004279
turso,concurrent,32,1,5,9760697879,0,0,7925,6551453,499348654,505908032
turso,concurrent,32,1,5,10266606171,0,0,6432,473223,283053449,283533104
turso,concurrent,32,1,5,10550139586,0,0,6712,618977,545487501,546113190
turso,concurrent,32,1,5,11096253167,0,0,8836,776785,61247465,62033086
turso,concurrent,32,1,5,11158286613,0,0,8076,632672,57930431,58571179
turso,concurrent,32,1,5,11216858032,0,0,6002,689329,66765029,67460360
turso,concurrent,32,1,5,11284318642,0,0,5891,716441,83482089,84204421
turso,concurrent,32,1,5,11368523304,0,0,5911,453906,66773684,67233501
turso,concurrent,32,1,5,11435757046,0,0,5470,807533,60258279,61071282
turso,concurrent,32,1,5,11496828559,0,0,5661,493109,158653238,159152008
turso,concurrent,32,1,5,11655980827,0,0,6822,543665,95624104,96174591
turso,concurrent,32,1,5,11752155699,0,0,5280,409252,181029298,181443830
turso,concurrent,32,1,5,11933599760,0,0,7173,499091,75551396,76057660
turso,concurrent,32,1,5,12009657770,0,0,8425,12387718,238559474,250955617
turso,concurrent,32,1,5,12260613709,0,0,6743,536401,25654983,26198127
turso,concurrent,32,1,5,12286812127,0,0,5250,439408,495883751,496328409
turso,concurrent,32,1,5,12783140776,0,0,6362,456271,17203838,17666471
turso,concurrent,32,1,5,12800807477,0,0,5070,447885,42066167,42519122
turso,concurrent,32,1,5,12843326910,0,0,5670,459166,47433198,47898034
turso,concurrent,32,1,5,12891225244,0,0,7915,579292,55688694,56275901
turso,concurrent,32,1,5,12947501335,0,0,5420,528557,193819134,194353111
turso,concurrent,32,1,5,13141854867,0,0,7404,8278881,199889349,208175634
turso,concurrent,32,1,5,13350030712,0,0,6662,546441,14555976,15109079
turso,concurrent,32,1,5,13365140011,0,0,5601,455939,164320694,164782234
turso,concurrent,32,1,5,13529922465,0,0,6493,709177,147583164,148298834
turso,concurrent,32,1,5,13678221690,0,0,6392,504421,19983921,20494734
turso,concurrent,32,1,5,13698716634,0,0,5010,486437,111926682,112418129
turso,concurrent,32,1,5,13811135024,0,0,5420,474214,255526506,256006140
turso,concurrent,32,1,5,14067141425,0,0,5039,478282,274522565,275005886
turso,concurrent,32,1,5,14342147852,0,0,9147,8220219,67771116,76000482
turso,concurrent,32,1,5,14418148765,0,0,8195,730187,309103287,309841669
turso,concurrent,32,1,5,14727990715,0,0,7254,544166,767430323,767981743
turso,concurrent,32,1,5,15495972808,0,0,8877,5429698,105947389,111385964
turso,concurrent,32,1,5,15607359132,0,0,6543,650717,33680446,34337706
turso,concurrent,32,1,5,15641697168,0,0,6342,517546,81774710,82298598
turso,concurrent,32,1,5,15723996026,0,0,6903,683349,69119948,69810200
turso,concurrent,32,1,5,15793806507,0,0,5460,535870,495103159,495644489
turso,concurrent,32,1,5,16289451266,0,0,6763,663341,19852864,20522968
turso,concurrent,32,1,5,16309974474,0,0,5470,547733,13093709,13646912
turso,concurrent,32,1,5,16323621586,0,0,5551,501014,134003750,134510315
turso,concurrent,32,1,5,16458132121,0,0,5922,444828,206717415,207168165
turso,concurrent,32,1,5,16665300687,0,0,13786,8127675,485783616,493925077
turso,concurrent,32,1,5,17159226024,0,0,5781,445530,606471940,606923251
turso,concurrent,32,1,5,17766149906,0,0,8366,632592,276344290,276985248
turso,concurrent,32,1,5,18043135444,0,0,5841,435231,166194376,166635448
turso,concurrent,32,1,5,18209771143,0,0,6131,612305,189122499,189740935
turso,concurrent,32,1,5,18399512458,0,0,6753,578020,111308317,111893090
turso,concurrent,32,1,5,18511405808,0,0,7003,898985,353131124,354037112
turso,concurrent,32,1,5,18865443431,0,0,17513,547543,181305740,181870796
turso,concurrent,32,1,5,19047314587,0,0,9057,6961857,24754326,31725240
turso,concurrent,32,1,5,19079040077,0,0,5430,452814,165956789,166415033
turso,concurrent,32,1,5,19245455320,0,0,7214,742359,7755263,8504836
turso,concurrent,32,1,5,19253960497,0,0,6873,632884,208541824,209181581
turso,concurrent,32,1,5,19463142399,0,0,7434,699308,58187245,58893987
turso,concurrent,32,1,5,19522036696,0,0,5670,487349,36610641,37103660
turso,concurrent,32,1,5,19559140638,0,0,4729,427806,106572667,107005202
turso,concurrent,32,1,5,19666146121,0,0,5601,483651,23381668,23870920
turso,concurrent,32,1,5,19690017441,0,0,7084,602616,248791627,249401327
turso,concurrent,32,1,5,19939419119,0,0,7003,512296,302082259,302601558
turso,concurrent,32,1,5,20242020968,0,0,7694,4156387,135651237,139815318
turso,concurrent,32,1,5,20381836556,0,0,5390,552713,176602792,177160895
turso,concurrent,32,1,5,20558997701,0,0,5791,508980,132295028,132809799
turso,concurrent,32,1,5,20691807790,0,0,6372,522345,138300873,138829590
turso,concurrent,32,1,5,20830639684,0,0,7634,587939,60395258,60990831
turso,concurrent,32,1,5,20891630745,0,0,5841,512747,428229315,428747903
turso,concurrent,32,1,5,21320378949,0,0,8826,9041669,180205395,189255890
turso,concurrent,32,1,5,21509635139,0,0,6973,481769,70045313,70534055
turso,concurrent,32,1,5,21580169445,0,0,5440,480817,57626076,58112333
turso,concurrent,32,1,5,21638282099,0,0,5961,463915,186389254,186859130
turso,concurrent,32,1,5,21825141540,0,0,7274,710570,11138522,11856366
turso,concurrent,32,1,5,21836998106,0,0,5300,529428,426476409,427011137
turso,concurrent,32,1,5,22264009535,0,0,7564,527194,126258356,126793114
turso,concurrent,32,1,5,22390802989,0,0,7454,10100355,179045769,189153578
turso,concurrent,32,1,5,22579956967,0,0,8546,2008757,7165100,9182403
turso,concurrent,32,1,5,22589139562,0,0,4859,670564,54386578,55062001
turso,concurrent,32,1,5,22644201824,0,0,6442,527465,68545575,69079482
turso,concurrent,32,1,5,22713281557,0,0,5330,482850,51688040,52176220
turso,concurrent,32,1,5,22765458098,0,0,4939,446532,289854634,290306105
turso,concurrent,32,1,5,23055764453,0,0,6582,481007,318246568,318734157
turso,concurrent,32,1,5,23374498871,0,0,7253,691885,48190235,48889373
turso,concurrent,32,1,5,23423388444,0,0,6212,499722,21313928,21819862
turso,concurrent,32,1,5,23445208537,0,0,5841,410033,742787488,743203362
turso,concurrent,32,1,5,24188412209,0,0,8666,9087415,374228995,383325076
turso,concurrent,32,1,5,24571737536,0,0,6232,547723,71536805,72090760
turso,concurrent,32,1,5,24643828537,0,0,5099,569394,7654533,8229026
turso,concurrent,32,1,5,24652057833,0,0,5750,753371,493594714,494353835
turso,concurrent,32,1,5,25146411959,0,0,7804,10250678,216470385,226728867
turso,concurrent,32,1,5,25373141167,0,0,5581,429680,16215635,16650896
turso,concurrent,32,1,5,25389792314,0,0,5440,376610,168654275,169036325
turso,concurrent,32,1,5,25558828849,0,0,5700,474765,311836902,312317367
turso,concurrent,32,1,5,25871146478,0,0,6031,609069,189037719,189652819
turso,concurrent,32,1,5,26060799607,0,0,8326,6213646,501439305,507661277
turso,concurrent,32,1,5,26568461205,0,0,6582,477481,78830208,79314271
turso,concurrent,32,1,5,26647775716,0,0,6222,549265,285621292,286176779
turso,concurrent,32,1,5,26933952735,0,0,7234,961453,51230186,52198873
turso,concurrent,32,1,5,26986152009,0,0,7324,534327,162858507,163400158
turso,concurrent,32,1,5,27149552468,0,0,8826,8882348,94288896,103180070
turso,concurrent,32,1,5,27252732889,0,0,5801,502908,321740005,322248714
turso,concurrent,32,1,5,27574981913,0,0,6493,502607,207192150,207701250
turso,concurrent,32,1,5,27782683454,0,0,5861,511534,5940932,6458327
turso,concurrent,32,1,5,27789141991,0,0,4849,480867,607153605,607639321
turso,concurrent,32,1,5,28396781632,0,0,8026,3706538,156631807,160346371
turso,concurrent,32,1,5,28557128243,0,0,5771,463213,26456014,26924998
turso,concurrent,32,1,5,28584053492,0,0,6462,674201,50865940,51546603
turso,concurrent,32,1,5,28635600305,0,0,5861,523588,223860228,224389677
turso,concurrent,32,1,5,28859990212,0,0,5501,498159,158741834,159245494
turso,concurrent,32,1,5,29019235927,0,0,5981,691764,157952236,158649981
turso,concurrent,32,1,5,29177886109,0,0,6432,558453,277692351,278257236
turso,concurrent,32,1,5,29456143645,0,0,6723,523447,13075434,13605604
turso,concurrent,32,1,5,29469749640,0,0,5981,522115,570602054,571130150
turso,concurrent,32,1,5,30040880021,0,0,7103,2416898,38517546,40941547
turso,concurrent,32,1,5,30081821849,0,0,5650,532515,780244965,780783130
turso,concurrent,32,1,5,30862605240,0,0,7804,2867457,130503330,133378591
turso,concurrent,32,1,5,30995984081,0,0,6302,437936,37557135,38001373
turso,concurrent,32,1,5,31033985675,0,0,5520,779570,178074187,178859277
turso,concurrent,32,1,5,31212845342,0,0,6622,571438,119104085,119682145
turso,concurrent,32,1,5,31332527808,0,0,5981,613617,233995899,234615497
turso,concurrent,32,1,5,31567143547,0,0,6222,578821,707785009,708370052
turso,concurrent,32,1,5,32275513950,0,0,7925,5054490,208017476,213079891
turso,concurrent,32,1,5,32488594172,0,0,6763,554525,278450130,279011418
turso,concurrent,32,1,5,32767605821,0,0,5901,533416,69989718,70529035
turso,concurrent,32,1,5,32838135127,0,0,6963,545118,45617564,46169645
turso,concurrent,32,1,5,32884305012,0,0,5851,431644,110854581,111292076
turso,concurrent,32,1,5,32995597429,0,0,5911,442615,15717155,16165681
turso,concurrent,32,1,6,100790,1,0,2408451,645246,700005501,703059198
turso,concurrent,32,1,6,703160300,1,0,5621,313501,34619035,34938157
turso,concurrent,32,1,6,738098688,1,0,5500,392520,576681679,577079699
turso,concurrent,32,1,6,1315178807,1,0,49554,4870684,35875705,40795943
turso,concurrent,32,1,6,1355974970,1,0,5360,406457,36351001,36762818
turso,concurrent,32,1,6,1392738289,1,0,5140,401376,9624658,10031174
turso,concurrent,32,1,6,1402769744,1,0,4929,480686,29991721,30477336
turso,concurrent,32,1,6,1433247421,1,0,6813,420172,20104648,20531633
turso,concurrent,32,1,6,1453779284,1,0,5320,406827,102067343,102479490
turso,concurrent,32,1,6,1556259375,1,0,6462,531733,386068519,386606714
turso,concurrent,32,1,6,1942866339,1,0,7354,756627,176902347,177666328
turso,concurrent,32,1,6,2120533017,1,0,9247,716611,197637264,198363122
turso,concurrent,32,1,6,2318896370,1,0,5380,412879,107307563,107725822
turso,concurrent,32,1,6,2426622432,1,0,7635,978114,51023347,52009096
turso,concurrent,32,1,6,2478631808,1,0,6823,471660,145855536,146334019
turso,concurrent,32,1,6,2624966088,1,0,6171,446562,90562911,91015644
turso,concurrent,32,1,6,2715982022,1,0,6433,447924,235292815,235747172
turso,concurrent,32,1,6,2951729875,1,0,5981,668771,18830917,19505669
turso,concurrent,32,1,6,2971235834,1,0,6692,636620,322934978,323578290
turso,concurrent,32,1,6,3294814386,0,0,7875,12890585,122315672,135214132
turso,concurrent,32,1,6,3430028738,0,0,5861,396989,38299525,38702375
turso,concurrent,32,1,6,3468731374,0,0,5681,433778,41468149,41907608
turso,concurrent,32,1,6,3510639233,0,0,5079,429941,249679291,250114311
turso,concurrent,32,1,6,3760753815,0,0,6803,456771,248929177,249392751
turso,concurrent,32,1,6,4010146816,0,0,5661,475035,211768640,212249336
turso,concurrent,32,1,6,4222396442,0,0,6923,470137,199991592,200468652
turso,concurrent,32,1,6,4422865435,0,0,7684,3395282,115868656,119271622
turso,concurrent,32,1,6,4542137297,0,0,5531,452703,59202599,59660833
turso,concurrent,32,1,6,4601798471,0,0,5550,502117,64783913,65291580
turso,concurrent,32,1,6,4667090301,0,0,5069,411927,106621269,107038265
turso,concurrent,32,1,6,4774128817,0,0,5751,518658,127145589,127669998
turso,concurrent,32,1,6,4901799165,0,0,6002,438647,29113234,29557883
turso,concurrent,32,1,6,4931357278,0,0,5140,516484,21045232,21566856
turso,concurrent,32,1,6,4952925486,0,0,5120,453395,224145456,224603971
turso,concurrent,32,1,6,5177529717,0,0,5551,426163,88867864,89299578
turso,concurrent,32,1,6,5266829596,0,0,6572,696263,147324407,148027242
turso,concurrent,32,1,6,5414857108,0,0,8486,11423880,117839001,129271367
turso,concurrent,32,1,6,5544128936,0,0,5961,467221,401576740,402049922
turso,concurrent,32,1,6,5946179169,0,0,7043,621512,5505241,6133796
turso,concurrent,32,1,6,5952313275,0,0,5601,461380,112251935,112718916
turso,concurrent,32,1,6,6065032702,0,0,5681,508589,144442232,144956502
turso,concurrent,32,1,6,6209989465,0,0,7714,501225,14962833,15471772
turso,concurrent,32,1,6,6225461518,0,0,6041,617254,678300465,678923760
turso,concurrent,32,1,6,6904385518,0,0,7845,3884725,213078649,216971219
turso,concurrent,32,1,6,7121356978,0,0,5881,503329,18747379,19256589
turso,concurrent,32,1,6,7140613837,0,0,5000,437404,106741596,107184000
turso,concurrent,32,1,6,7247798128,0,0,6272,434509,176370013,176810794
turso,concurrent,32,1,6,7424609183,0,0,6302,587578,104644802,105238682
turso,concurrent,32,1,6,7529848095,0,0,7004,588259,95917536,96512799
turso,concurrent,32,1,6,7626361245,0,0,6873,10071620,373588378,383666871
turso,concurrent,32,1,6,8010028416,0,0,6322,504762,80260024,80771108
turso,concurrent,32,1,6,8090799854,0,0,6522,616262,187962151,188584935
turso,concurrent,32,1,6,8279385120,0,0,8686,591135,83833011,84432832
turso,concurrent,32,1,6,8363818212,0,0,6001,606644,451487369,452100014
turso,concurrent,32,1,6,8815918527,0,0,8275,7075512,25746175,32829962
turso,concurrent,32,1,6,8848748760,0,0,5741,502076,441902527,442410344
turso,concurrent,32,1,6,9291159354,0,0,6162,500503,82974352,83481017
turso,concurrent,32,1,6,9374640682,0,0,6352,730537,447469974,448206863
turso,concurrent,32,1,6,9822847856,0,0,9317,2699450,45043001,47751768
turso,concurrent,32,1,6,9870599854,0,0,5300,496757,287205909,287707966
turso,concurrent,32,1,6,10158308161,0,0,7293,698658,89639599,90345550
turso,concurrent,32,1,6,10248653952,0,0,5420,434930,13174852,13615202
turso,concurrent,32,1,6,10262269444,0,0,4649,476799,264391071,264872519
turso,concurrent,32,1,6,10527142233,0,0,6863,521834,52370377,52899074
turso,concurrent,32,1,6,10580041597,0,0,5079,476158,26273500,26754737
turso,concurrent,32,1,6,10606798288,0,0,5771,521714,249206670,249734155
turso,concurrent,32,1,6,10856532683,0,0,8697,2028344,69418902,71455943
turso,concurrent,32,1,6,10927988947,0,0,5951,550017,38260142,38816110
turso,concurrent,32,1,6,10966805277,0,0,5520,698497,132629198,133333215
turso,concurrent,32,1,6,11100138843,0,0,6512,531342,7059020,7596874
turso,concurrent,32,1,6,11107735938,0,0,4829,510873,162706821,163222523
turso,concurrent,32,1,6,11270958671,0,0,5991,533666,305685653,306225310
turso,concurrent,32,1,6,11577184313,0,0,7454,599771,65384515,65991740
turso,concurrent,32,1,6,11643176344,0,0,5390,506766,203679897,204192053
turso,concurrent,32,1,6,11847368657,0,0,6903,591556,234070580,234669039
turso,concurrent,32,1,6,12082037966,0,0,8115,11686866,700801031,712496012
turso,concurrent,32,1,6,12794534229,0,0,6422,475226,66114081,66595729
turso,concurrent,32,1,6,12861130209,0,0,5550,415033,172591128,173011711
turso,concurrent,32,1,6,13034142150,0,0,4889,504021,37493505,38002415
turso,concurrent,32,1,6,13072144786,0,0,6251,517386,418819582,419343219
turso,concurrent,32,1,6,13491488647,0,0,7624,6217924,13264221,19489769
turso,concurrent,32,1,6,13510978776,0,0,6553,503579,54167135,54677267
turso,concurrent,32,1,6,13565656263,0,0,5791,444528,95044050,95494369
turso,concurrent,32,1,6,13661150922,0,0,5200,517626,529657192,530180018
turso,concurrent,32,1,6,14191331310,0,0,6201,437004,100972679,101415884
turso,concurrent,32,1,6,14292747605,0,0,19287,9000300,297228828,306248415
turso,concurrent,32,1,6,14598996431,0,0,6522,590704,59291256,59888482
turso,concurrent,32,1,6,14658885113,0,0,5861,499121,94527505,95032487
turso,concurrent,32,1,6,14753917892,0,0,5761,428718,89740840,90175319
turso,concurrent,32,1,6,14844093472,0,0,5660,535620,106097803,106639083
turso,concurrent,32,1,6,14950732835,0,0,5480,491657,126055994,126553131
turso,concurrent,32,1,6,15077286197,0,0,5891,578160,502523730,503107781
turso,concurrent,32,1,6,15580394239,0,0,8145,6727746,673940303,680676194
turso,concurrent,32,1,6,16261070794,0,0,6532,455439,105339823,105801794
turso,concurrent,32,1,6,16366872768,0,0,6212,529839,148333840,148869891
turso,concurrent,32,1,6,16515742879,0,0,5891,513288,47606244,48125423
turso,concurrent,32,1,6,16563868512,0,0,5841,538756,286408075,286952672
turso,concurrent,32,1,6,16850821484,0,0,7554,3616499,17048606,20672659
turso,concurrent,32,1,6,16871494354,0,0,5130,465868,130173928,130644926
turso,concurrent,32,1,6,17002139611,0,0,6302,542573,35447588,35996463
turso,concurrent,32,1,6,17038136355,0,0,5440,441362,533655561,534102363
turso,concurrent,32,1,6,17572239028,0,0,6292,452273,219440665,219899230
turso,concurrent,32,1,6,17792138598,0,0,8416,5892731,227105828,233006975
turso,concurrent,32,1,6,18025145744,0,0,6152,479614,10067192,10552958
turso,concurrent,32,1,6,18035698932,0,0,5110,335843,37528712,37869665
turso,concurrent,32,1,6,18073568918,0,0,4969,421775,195821170,196247914
turso,concurrent,32,1,6,18269817172,0,0,5280,424120,51044346,51473746
turso,concurrent,32,1,6,18321291269,0,0,6121,568031,95879255,96453407
turso,concurrent,32,1,6,18417744936,0,0,5431,462352,172708118,173175901
turso,concurrent,32,1,6,18590921158,0,0,5630,442144,265510842,265958616
turso,concurrent,32,1,6,18856880075,0,0,6462,465087,32679248,33150797
turso,concurrent,32,1,6,18890031052,0,0,4779,629247,550042599,550676625
turso,concurrent,32,1,6,19440708128,0,0,8416,8092028,86688915,94789359
turso,concurrent,32,1,6,19535497808,0,0,6161,629147,133627050,134262358
turso,concurrent,32,1,6,19669760436,0,0,6482,549837,9817852,10374171
turso,concurrent,32,1,6,19680134797,0,0,5080,435271,200728923,201169274
turso,concurrent,32,1,6,19881304351,0,0,5661,465898,51359821,51831380
turso,concurrent,32,1,6,19933135962,0,0,5049,439589,53315509,53760147
turso,concurrent,32,1,6,19986896379,0,0,5731,494392,77750482,78250605
turso,concurrent,32,1,6,20065147505,0,0,14167,419181,117114554,117547902
turso,concurrent,32,1,6,20182695918,0,0,15179,814485,29442015,30271679
turso,concurrent,32,1,6,20212967867,0,0,5220,535139,164373583,164913942
turso,concurrent,32,1,6,20377882090,0,0,6182,470767,198815145,199292094
turso,concurrent,32,1,6,20577174564,0,0,6603,566779,168223693,168797075
turso,concurrent,32,1,6,20745971859,0,0,6101,507397,26655821,27169319
turso,concurrent,32,1,6,20773141429,0,0,4869,427716,29253749,29686334
turso,concurrent,32,1,6,20802828024,0,0,5089,453886,238677768,239136743
turso,concurrent,32,1,6,21041964967,0,0,7524,469295,302030151,302506970
turso,concurrent,32,1,6,21344472207,0,0,8025,3316463,123357486,126681974
turso,concurrent,32,1,6,21471155845,0,0,6292,497929,146368384,146872605
turso,concurrent,32,1,6,21618028720,0,0,6022,484363,95425038,95915423
turso,concurrent,32,1,6,21713944413,0,0,6683,944020,247040385,247991088
turso,concurrent,32,1,6,21961935842,0,0,6993,575435,24202415,24784843
turso,concurrent,32,1,6,21986720935,0,0,6172,452313,194864054,195322539
turso,concurrent,32,1,6,22182043765,0,0,6021,456230,32634925,33097176
turso,concurrent,32,1,6,22215141142,0,0,5430,574563,220724947,221304940
turso,concurrent,32,1,6,22436446342,0,0,8576,9068970,10904531,19982077
turso,concurrent,32,1,6,22456428820,0,0,6121,621142,8397093,9024356
turso,concurrent,32,1,6,22465453426,0,0,6132,936375,138742495,139685002
turso,concurrent,32,1,6,22605138669,0,0,6121,655646,61330752,61992519
turso,concurrent,32,1,6,22667131419,0,0,5230,495634,182070572,182571436
turso,concurrent,32,1,6,22849703115,0,0,6613,534448,201599544,202140605
turso,concurrent,32,1,6,23051844111,0,0,32101,835034,96431496,97298631
turso,concurrent,32,1,6,23149142952,0,0,5671,661217,11332848,11999736
turso,concurrent,32,1,6,23161143079,0,0,6673,511985,23757556,24276214
turso,concurrent,32,1,6,23185419553,0,0,5361,587507,10847524,11440392
turso,concurrent,32,1,6,23196860185,0,0,5260,512056,326106578,326623894
turso,concurrent,32,1,6,23523484419,0,0,6262,477521,25378141,25861924
turso,concurrent,32,1,6,23549346554,0,0,5360,504020,73958843,74468223
turso,concurrent,32,1,6,23623815027,0,0,7534,6405187,95336922,101749643
turso,concurrent,32,1,6,23725564971,0,0,7083,519089,157396057,157922229
turso,concurrent,32,1,6,23883487531,0,0,6482,555127,48988680,49550289
turso,concurrent,32,1,6,23933038101,0,0,8295,676295,27634306,28318896
turso,concurrent,32,1,6,23961357348,0,0,6041,627864,31555108,32189013
turso,concurrent,32,1,6,23993546612,0,0,6262,681154,407754218,408441634
turso,concurrent,32,1,6,24401988537,0,0,6522,609469,138727397,139343388
turso,concurrent,32,1,6,24541332175,0,0,6753,717673,25937687,26662113
turso,concurrent,32,1,6,24567994598,0,0,6222,550538,120090616,120647376
turso,concurrent,32,1,6,24688642255,0,0,7384,542914,507209255,507759553
turso,concurrent,32,1,6,25196402198,0,0,7875,10582704,105050648,115641227
turso,concurrent,32,1,6,25312043635,0,0,5641,475657,319443384,319924682
turso,concurrent,32,1,6,25631968577,0,0,6833,475657,52688757,53171247
turso,concurrent,32,1,6,25685140185,0,0,7184,508759,405134589,405650532
turso,concurrent,32,1,6,26090791037,0,0,8777,13287143,133174997,146470917
turso,concurrent,32,1,6,26237262225,0,0,7133,485265,253078040,253570438
turso,concurrent,32,1,6,26490832903,0,0,5770,476399,55543539,56025708
turso,concurrent,32,1,6,26546858883,0,0,6382,498079,242451813,242956274
turso,concurrent,32,1,6,26789815398,0,0,5981,571698,70418577,70996256
turso,concurrent,32,1,6,26860811905,0,0,6081,527495,462376341,462909917
turso,concurrent,32,1,6,27323722142,0,0,8055,6668594,30369093,37045742
turso,concurrent,32,1,6,27360768224,0,0,6422,473012,277764557,278243991
turso,concurrent,32,1,6,27639012476,0,0,6462,450600,155371269,155828331
turso,concurrent,32,1,6,27794841057,0,0,7885,665214,101933320,102606419
turso,concurrent,32,1,6,27897447706,0,0,5289,451642,158055781,158512712
turso,concurrent,32,1,6,28055960690,0,0,7274,600131,281735905,282343310
turso,concurrent,32,1,6,28338304341,0,0,8576,5211747,181191064,186411387
turso,concurrent,32,1,6,28524715988,0,0,6021,467352,229156183,229629556
turso,concurrent,32,1,6,28754345795,0,0,6232,554555,45633374,46194161
turso,concurrent,32,1,6,28800540187,0,0,5230,336314,71109129,71450673
turso,concurrent,32,1,6,28871991070,0,0,5951,695692,27841867,28543510
turso,concurrent,32,1,6,28900534781,0,0,4729,412437,69547926,69965092
turso,concurrent,32,1,6,28970500093,0,0,4890,443386,54008495,54456771
turso,concurrent,32,1,6,29024957094,0,0,5631,471399,138255146,138732176
turso,concurrent,32,1,6,29163689650,0,0,8907,592678,66479780,67081365
turso,concurrent,32,1,6,29230771186,0,0,5751,580604,204447555,205033910
turso,concurrent,32,1,6,29435805787,0,0,15490,503489,239554781,240073760
turso,concurrent,32,1,6,29675879858,0,0,9217,9166083,354845937,364021237
turso,concurrent,32,1,6,30039901326,0,0,7003,525430,60271004,60803437
turso,concurrent,32,1,6,30100705014,0,0,5620,462022,44192797,44660439
turso,concurrent,32,1,6,30145365693,0,0,5270,540740,51767480,52313490
turso,concurrent,32,1,6,30197679463,0,0,6943,633455,336435062,337075460
turso,concurrent,32,1,6,30534755254,0,0,6192,490184,90268084,90764460
turso,concurrent,32,1,6,30625519935,0,0,6412,855152,609833207,610694771
turso,concurrent,32,1,6,31236214957,0,0,8496,9171202,75250208,84429906
turso,concurrent,32,1,6,31320645073,0,0,5701,633174,93681561,94320436
turso,concurrent,32,1,6,31414965739,0,0,5891,480627,258209435,258695953
turso,concurrent,32,1,6,31673661942,0,0,6162,512015,71316170,71834347
turso,concurrent,32,1,6,31745496579,0,0,6723,482650,82520646,83010019
turso,concurrent,32,1,6,31828506849,0,0,6222,486106,10940168,11432496
turso,concurrent,32,1,6,31839939666,0,0,5240,560357,142627059,143192656
turso,concurrent,32,1,6,31983132572,0,0,8617,8342029,196659349,205009995
turso,concurrent,32,1,6,32188142848,0,0,5590,452564,149036475,149494629
turso,concurrent,32,1,6,32337637727,0,0,7114,587107,535061251,535655472
turso,concurrent,32,1,6,32873293479,0,0,6913,586325,74900658,75493896
turso,concurrent,32,1,6,32948787636,0,0,7023,486928,29153781,29647732
turso,concurrent,32,1,6,32978435740,0,0,5540,519910,82441647,82967097
turso,concurrent,32,1,7,36880,1,0,1451918,282322,420259528,421993768
turso,concurrent,32,1,7,422031028,1,0,6473,316957,298015602,298339032
turso,concurrent,32,1,7,720370310,1,0,7184,407829,238372722,238787735
turso,concurrent,32,1,7,959158275,1,0,6302,338879,14077303,14422484
turso,concurrent,32,1,7,973581000,1,0,4939,415143,206897664,207317746
turso,concurrent,32,1,7,1180899397,1,0,43642,5683606,105401610,111128858
turso,concurrent,32,1,7,1292028546,1,0,6913,618457,232023480,232648850
turso,concurrent,32,1,7,1524677847,1,0,7564,475386,62281465,62764415
turso,concurrent,32,1,7,1587442572,1,0,7284,539848,487931386,488478518
turso,concurrent,32,1,7,2075921851,1,0,7825,8473407,36872565,45353797
turso,concurrent,32,1,7,2121275888,1,0,7003,11096654,32382508,43486165
turso,concurrent,32,1,7,2164762384,1,0,5771,411937,188134235,188551943
turso,concurrent,32,1,7,2353314567,1,0,5431,436513,161017685,161459629
turso,concurrent,32,1,7,2514774517,1,0,5280,467171,668624911,669097362
turso,concurrent,32,1,7,3183872220,0,0,7454,6479868,10244656,16731978
turso,concurrent,32,1,7,3200604499,0,0,8215,6171307,378639681,384819203
turso,concurrent,32,1,7,3585423963,0,0,7003,458384,100082029,100547416
turso,concurrent,32,1,7,3685972040,0,0,6752,667188,39496292,40170232
turso,concurrent,32,1,7,3726142484,0,0,5209,509421,191484643,191999273
turso,concurrent,32,1,7,3918142007,0,0,6062,478331,103348318,103832711
turso,concurrent,32,1,7,4021974969,0,0,5781,475616,137314743,137796140
turso,concurrent,32,1,7,4159771410,0,0,7053,555287,42652123,43214463
turso,concurrent,32,1,7,4202986123,0,0,6051,447444,324557317,325010812
turso,concurrent,32,1,7,4527997235,0,0,9508,7182263,175948438,183140209
turso,concurrent,32,1,7,4711137775,0,0,7093,467041,152537726,153011860
turso,concurrent,32,1,7,4864149926,0,0,7153,449759,171974765,172431677
turso,concurrent,32,1,7,5036581874,0,0,6081,422066,92441292,92869439
turso,concurrent,32,1,7,5129451544,0,0,5951,431393,345147561,345584905
turso,concurrent,32,1,7,5475036699,0,0,8767,6450212,125301041,131760020
turso,concurrent,32,1,7,5606796969,0,0,5891,549045,59473050,60027986
turso,concurrent,32,1,7,5666825225,0,0,7324,534067,583118986,583660377
turso,concurrent,32,1,7,6250485862,0,0,5451,424360,787231770,787661581
turso,concurrent,32,1,7,7038147693,0,0,7805,7915204,63907450,71830459
turso,concurrent,32,1,7,7109979625,0,0,5981,412929,115595030,116013940
turso,concurrent,32,1,7,7225993815,0,0,6342,426424,115448363,115881129
turso,concurrent,32,1,7,7341875244,0,0,6623,673941,21334637,22015201
turso,concurrent,32,1,7,7363890685,0,0,6071,557110,406208634,406771815
turso,concurrent,32,1,7,7770662762,0,0,7674,9387511,141689592,151084777
turso,concurrent,32,1,7,7921747789,0,0,6312,478342,23491384,23976038
turso,concurrent,32,1,7,7945724137,0,0,5941,559755,139944161,140509857
turso,concurrent,32,1,7,8086234246,0,0,5801,531091,735700595,736237487
turso,concurrent,32,1,7,8822472003,0,0,8265,3444385,28533511,31986161
turso,concurrent,32,1,7,8854458405,0,0,5651,666387,128231556,128903594
turso,concurrent,32,1,7,8983362259,0,0,5992,469675,1114531057,1115006724
turso,concurrent,32,1,7,10098369333,0,0,7454,3032148,92357544,95397146
turso,concurrent,32,1,7,10193766679,0,0,6562,397761,46978730,47383053
turso,concurrent,32,1,7,10241150013,0,0,7704,614949,29035548,29658201
turso,concurrent,32,1,7,10270808475,0,0,5721,514951,223891106,224411778
turso,concurrent,32,1,7,10495220624,0,0,7063,731369,119912370,120650802
turso,concurrent,32,1,7,10615871787,0,0,7223,566408,293438131,294011762
turso,concurrent,32,1,7,10909883779,0,0,7214,3430237,23834351,27271802
turso,concurrent,32,1,7,10937155761,0,0,4509,487299,473357315,473849123
turso,concurrent,32,1,7,11411005155,0,0,7594,647912,77300464,77955970
turso,concurrent,32,1,7,11488961555,0,0,5671,487109,32301876,32794656
turso,concurrent,32,1,7,11521756411,0,0,5370,440631,207770881,208216882
turso,concurrent,32,1,7,11729973544,0,0,5881,456350,69520715,69982946
turso,concurrent,32,1,7,11799956750,0,0,5240,449458,332742099,333196797
turso,concurrent,32,1,7,12133153958,0,0,7744,9130787,78837822,87976353
turso,concurrent,32,1,7,12221130582,0,0,6001,477200,56677377,57160578
turso,concurrent,32,1,7,12278291531,0,0,6943,439669,360215512,360662124
turso,concurrent,32,1,7,12638953966,0,0,7073,514049,76409935,76931057
turso,concurrent,32,1,7,12715885333,0,0,5731,448005,98804089,99257825
turso,concurrent,32,1,7,12815143348,0,0,5471,564644,154430386,155000501
turso,concurrent,32,1,7,12970144129,0,0,6322,547042,158447669,159001033
turso,concurrent,32,1,7,13129145543,0,0,9318,6347949,12062414,18419681
turso,concurrent,32,1,7,13147567619,0,0,5520,496306,253075164,253576990
turso,concurrent,32,1,7,13401144860,0,0,6292,509881,93350486,93866659
turso,concurrent,32,1,7,13495011740,0,0,6161,458124,252618824,253083109
turso,concurrent,32,1,7,13748095129,0,0,7074,500624,127624521,128132219
turso,concurrent,32,1,7,13876227609,0,0,5230,428387,217212895,217646512
turso,concurrent,32,1,7,14093874381,0,0,6352,565146,473497530,474069028
turso,concurrent,32,1,7,14567943729,0,0,9068,12324097,723694938,736028103
turso,concurrent,32,1,7,15303972093,0,0,6652,500945,77580371,78087968
turso,concurrent,32,1,7,15382060532,0,0,14257,486858,85599481,86100596
turso,concurrent,32,1,7,15468161689,0,0,17784,12740813,146673940,159432537
turso,concurrent,32,1,7,15627594537,0,0,7093,612705,293285894,293905692
turso,concurrent,32,1,7,15921500449,0,0,6873,556670,10717478,11281021
turso,concurrent,32,1,7,15932781771,0,0,5510,469656,224482631,224957797
turso,concurrent,32,1,7,16157739879,0,0,7434,548314,29184378,29740126
turso,concurrent,32,1,7,16187480286,0,0,6482,600853,21762314,22369649
turso,concurrent,32,1,7,16209850165,0,0,5971,482711,69805441,70294123
turso,concurrent,32,1,7,16280144538,0,0,5701,459096,68222105,68686902
turso,concurrent,32,1,7,16348831701,0,0,6472,459777,16848859,17315108
turso,concurrent,32,1,7,16366147029,0,0,6502,501175,515489648,515997325
turso,concurrent,32,1,7,16882144685,0,0,8216,1350737,57164115,58523068
turso,concurrent,32,1,7,16940668084,0,0,6182,688979,58434490,59129651
turso,concurrent,32,1,7,16999798016,0,0,5931,497498,170991242,171494671
turso,concurrent,32,1,7,17171292937,0,0,5510,453445,381506658,381965613
turso,concurrent,32,1,7,17553258770,0,0,5751,428027,64454011,64887789
turso,concurrent,32,1,7,17618146779,0,0,5781,536041,308286778,308828600
turso,concurrent,32,1,7,17926975690,0,0,8256,566307,324266168,324840731
turso,concurrent,32,1,7,18251816692,0,0,7253,463985,10930109,11401347
turso,concurrent,32,1,7,18263218260,0,0,4728,474034,142663529,143142291
turso,concurrent,32,1,7,18406360811,0,0,6833,732832,143726392,144466057
turso,concurrent,32,1,7,18550827079,0,0,6692,644395,501554222,502205309
turso,concurrent,32,1,7,19053032999,0,0,10440,9074020,86399650,95484110
turso,concurrent,32,1,7,19148517329,0,0,6503,553944,69805702,70366149
turso,concurrent,32,1,7,19218883718,0,0,5841,586546,75839719,76432106
turso,concurrent,32,1,7,19295316055,0,0,6111,449989,155796871,156252971
turso,concurrent,32,1,7,19451569297,0,0,6302,512396,399119307,399638005
turso,concurrent,32,1,7,19851207532,0,0,6122,477290,23868986,24352398
turso,concurrent,32,1,7,19875560190,0,0,5901,511635,136530604,137048140
turso,concurrent,32,1,7,20012608631,0,0,5490,463244,30713772,31182506
turso,concurrent,32,1,7,20043791528,0,0,5731,462932,136518672,136987335
turso,concurrent,32,1,7,20180779074,0,0,7614,7629125,124429828,132066567
turso,concurrent,32,1,7,20312845931,0,0,6092,539878,44745299,45291269
turso,concurrent,32,1,7,20358137481,0,0,5109,460969,89967949,90434027
turso,concurrent,32,1,7,20448571758,0,0,6162,520191,422888644,423414997
turso,concurrent,32,1,7,20871987026,0,0,6823,537774,224473875,225018472
turso,concurrent,32,1,7,21097005769,0,0,5640,491176,88459795,88956611
turso,concurrent,32,1,7,21185962641,0,0,6131,557511,97148819,97712461
turso,concurrent,32,1,7,21283675332,0,0,7645,3646505,50705919,54360069
turso,concurrent,32,1,7,21338035611,0,0,5520,539668,197568133,198113321
turso,concurrent,32,1,7,21536149202,0,0,6973,490625,254742538,255240136
turso,concurrent,32,1,7,21791389730,0,0,5530,497578,91712889,92215997
turso,concurrent,32,1,7,21883606008,0,0,5730,534739,287104117,287644586
turso,concurrent,32,1,7,22171250814,0,0,6903,774481,553109361,553890745
turso,concurrent,32,1,7,22725141850,0,0,7063,488201,341942517,342437781
turso,concurrent,32,1,7,23067579891,0,0,5511,509731,213041068,213556310
turso,concurrent,32,1,7,23281136522,0,0,6362,697806,53136381,53840549
turso,concurrent,32,1,7,23334977281,0,0,5480,527916,257640151,258173547
turso,concurrent,32,1,7,23593151119,0,0,7494,12451027,304686590,317145111
turso,concurrent,32,1,7,23910296500,0,0,8136,11157568,272674389,283840093
turso,concurrent,32,1,7,24194136803,0,0,6051,433487,20553224,20992762
turso,concurrent,32,1,7,24215129837,0,0,5831,523647,504312834,504842312
turso,concurrent,32,1,7,24719972379,0,0,7765,779389,231230195,232017349
turso,concurrent,32,1,7,24951989998,0,0,8717,8694955,404207350,412911022
turso,concurrent,32,1,7,25364901361,0,0,7243,438457,36466219,36911919
turso,concurrent,32,1,7,25401813470,0,0,5781,452223,62540372,62998376
turso,concurrent,32,1,7,25464813700,0,0,5660,528557,99197171,99731388
turso,concurrent,32,1,7,25564545338,0,0,5621,447514,1030145484,1030598619
turso,concurrent,32,1,7,26595144157,0,0,8336,6615724,173215475,179839535
turso,concurrent,32,1,7,26774983902,0,0,5891,489463,65369307,65864661
turso,concurrent,32,1,7,26840848844,0,0,6031,468503,295683645,296158179
turso,concurrent,32,1,7,27137007253,0,0,7424,7308831,418406734,425722989
turso,concurrent,32,1,7,27562730513,0,0,6031,465568,102353532,102825131
turso,concurrent,32,1,7,27665555874,0,0,7104,693608,207232486,207933198
turso,concurrent,32,1,7,27873489272,0,0,6242,466499,42598682,43071423
turso,concurrent,32,1,7,27916560885,0,0,6032,570215,522474138,523050385
turso,concurrent,32,1,7,28439611500,0,0,9568,3627139,52120896,55757603
turso,concurrent,32,1,7,28495369384,0,0,5791,481387,311057803,311544981
turso,concurrent,32,1,7,28806914606,0,0,6542,605061,133717731,134329334
turso,concurrent,32,1,7,28941244240,0,0,5511,435290,49708337,50149138
turso,concurrent,32,1,7,28991393709,0,0,5911,423058,61007643,61436612
turso,concurrent,32,1,7,29052830581,0,0,5891,435311,318755888,319197090
turso,concurrent,32,1,7,29372027941,0,0,7625,525130,396425938,396958693
turso,concurrent,32,1,7,29768987015,0,0,7835,1641615,203726235,205375685
turso,concurrent,32,1,7,29974362950,0,0,6281,413670,161363157,161783108
turso,concurrent,32,1,7,30136146360,0,0,7053,577098,94108757,94692908
turso,concurrent,32,1,7,30230839528,0,0,5821,557190,162476036,163039047
turso,concurrent,32,1,7,30393878835,0,0,6311,690452,594117314,594814077
turso,concurrent,32,1,7,30988693214,0,0,7955,13398223,169885566,183291744
turso,concurrent,32,1,7,31171985399,0,0,6713,564574,9934272,10505559
turso,concurrent,32,1,7,31182491209,0,0,5560,528958,386768128,387302646
turso,concurrent,32,1,7,31569794125,0,0,6803,459657,30974644,31441104
turso,concurrent,32,1,7,31601235559,0,0,5380,475958,24137803,24619141
turso,concurrent,32,1,7,31625854920,0,0,5791,630970,163700774,164337535
turso,concurrent,32,1,7,31790192716,0,0,7163,525852,526259675,526792690
turso,concurrent,32,1,7,32316985657,0,0,8856,9004519,727480716,736494091
turso,concurrent,32,1,8,42280,1,0,19909922,387149,396964264,417261335
turso,concurrent,32,1,8,417304015,1,0,5239,303863,430118617,430427719
turso,concurrent,32,1,8,847731996,1,0,7614,573852,30335650,30917116
turso,concurrent,32,1,8,878649412,1,0,5060,420422,662706963,663132445
turso,concurrent,32,1,8,1541782158,1,0,75693,2651429,266076198,268803320
turso,concurrent,32,1,8,1810586239,1,0,6482,548805,59720005,60275292
turso,concurrent,32,1,8,1870861872,1,0,7173,502428,122452249,122961850
turso,concurrent,32,1,8,1993823982,1,0,5471,473542,131271018,131750031
turso,concurrent,32,1,8,2125574283,1,0,7083,3335149,113925401,117267633
turso,concurrent,32,1,8,2242842778,1,0,7274,439007,230987227,231433508
turso,concurrent,32,1,8,2474276616,1,0,6873,437736,163661751,164106360
turso,concurrent,32,1,8,2638383307,1,0,6642,494392,190258521,190759555
turso,concurrent,32,1,8,2829143122,1,0,6271,485296,231833422,232324989
turso,concurrent,32,1,8,3061468482,0,0,6192,483321,33714610,34204123
turso,concurrent,32,1,8,3095672816,0,0,5199,489003,576391821,576886023
turso,concurrent,32,1,8,3672559120,0,0,8015,7534567,244579545,252122127
turso,concurrent,32,1,8,3924681578,0,0,7504,736368,155715499,156459371
turso,concurrent,32,1,8,4081141840,0,0,6643,477430,68180978,68665051
turso,concurrent,32,1,8,4149807142,0,0,6863,547211,191541090,192095164
turso,concurrent,32,1,8,4341902616,0,0,8476,11557853,104304651,115870980
turso,concurrent,32,1,8,4457773916,0,0,6823,564224,65377362,65948409
turso,concurrent,32,1,8,4523722586,0,0,6372,662669,259414938,260083979
turso,concurrent,32,1,8,4783806825,0,0,6261,453826,25338186,25798273
turso,concurrent,32,1,8,4809605290,0,0,5220,554505,991534652,992094377
turso,concurrent,32,1,8,5801700047,0,0,7675,8997926,134723156,143728757
turso,concurrent,32,1,8,5945429064,0,0,6311,446432,39243846,39696589
turso,concurrent,32,1,8,5985125935,0,0,5680,571578,250671542,251248800
turso,concurrent,32,1,8,6236375006,0,0,7013,692335,262735289,263434637
turso,concurrent,32,1,8,6499809904,0,0,8195,9462723,101767877,111238795
turso,concurrent,32,1,8,6611048960,0,0,6232,473552,71344463,71824247
turso,concurrent,32,1,8,6682873448,0,0,5801,481989,86313868,86801658
turso,concurrent,32,1,8,6769675337,0,0,5410,823002,221012899,221841311
turso,concurrent,32,1,8,6991516939,0,0,5520,447263,137659073,138111856
turso,concurrent,32,1,8,7129630758,0,0,6593,565736,575523525,576095854
turso,concurrent,32,1,8,7705726912,0,0,8276,12391986,38697976,51098238
turso,concurrent,32,1,8,7756825411,0,0,7194,747770,183562494,184317458
turso,concurrent,32,1,8,7941143150,0,0,6622,503530,127400779,127910931
turso,concurrent,32,1,8,8069054332,0,0,5590,471189,198351841,198828620
turso,concurrent,32,1,8,8267883263,0,0,6322,554395,207854789,208415506
turso,concurrent,32,1,8,8476299080,0,0,6342,502217,249469716,249978275
turso,concurrent,32,1,8,8726277605,0,0,8125,3327705,109893990,113229820
turso,concurrent,32,1,8,8839507685,0,0,6843,483873,236152415,236643131
turso,concurrent,32,1,8,9076151317,0,0,5350,439709,82784073,83229132
turso,concurrent,32,1,8,9159380710,0,0,5350,413299,30185136,30603785
turso,concurrent,32,1,8,9189984715,0,0,4779,417607,300521507,300943893
turso,concurrent,32,1,8,9490929149,0,0,6101,555918,287658222,288220241
turso,concurrent,32,1,8,9779149711,0,0,7985,3531539,51040349,54579873
turso,concurrent,32,1,8,9833729874,0,0,7695,507266,70832889,71347850
turso,concurrent,32,1,8,9905078124,0,0,8116,529548,164938679,165476343
turso,concurrent,32,1,8,10070554808,0,0,6502,592537,14362892,14961931
turso,concurrent,32,1,8,10085516950,0,0,4588,420243,34037669,34462500
turso,concurrent,32,1,8,10119979731,0,0,7624,745095,41998811,42751530
turso,concurrent,32,1,8,10162731591,0,0,6412,547372,274229041,274782825
turso,concurrent,32,1,8,10437514767,0,0,7744,701814,120562836,121272394
turso,concurrent,32,1,8,10558787512,0,0,7374,665284,272541559,273214217
turso,concurrent,32,1,8,10832002000,0,0,9277,6509264,352477581,358996122
turso,concurrent,32,1,8,11190998563,0,0,8707,14725726,24025591,38760024
turso,concurrent,32,1,8,11229758947,0,0,5982,530470,12612862,13149314
turso,concurrent,32,1,8,11242908522,0,0,6141,499432,223357731,223863304
turso,concurrent,32,1,8,11466772076,0,0,6172,447183,100479408,100932763
turso,concurrent,32,1,8,11567705150,0,0,6562,476118,235955043,236437723
turso,concurrent,32,1,8,11804143144,0,0,7213,477380,66429106,66913699
turso,concurrent,32,1,8,11871057073,0,0,5781,500383,170986833,171492997
turso,concurrent,32,1,8,12042550301,0,0,7424,3365736,374933463,378306623
turso,concurrent,32,1,8,12420857225,0,0,6172,439278,291191865,291637315
turso,concurrent,32,1,8,12712496513,0,0,7244,480095,15678282,16165621
turso,concurrent,32,1,8,12728662355,0,0,6211,646760,222505784,223158755
turso,concurrent,32,1,8,12951821361,0,0,7334,575545,50752496,51335375
turso,concurrent,32,1,8,13003156956,0,0,5330,454036,160827067,161286433
turso,concurrent,32,1,8,13164443719,0,0,7814,3711749,91533590,95253153
turso,concurrent,32,1,8,13259697124,0,0,5380,443556,94989668,95438604
turso,concurrent,32,1,8,13355135978,0,0,5921,446622,269947698,270400241
turso,concurrent,32,1,8,13625536480,0,0,6121,536051,154895292,155437464
turso,concurrent,32,1,8,13780974174,0,0,7034,585894,222572030,223164958
turso,concurrent,32,1,8,14004139482,0,0,5701,757889,138403716,139167306
turso,concurrent,32,1,8,14143307108,0,0,5981,493601,647989181,648488763
turso,concurrent,32,1,8,14791796223,0,0,7985,4218755,251819697,256046437
turso,concurrent,32,1,8,15047842920,0,0,6052,537814,64570320,65114186
turso,concurrent,32,1,8,15112957386,0,0,7655,676696,66277629,66961980
turso,concurrent,32,1,8,15179919707,0,0,5500,567330,229463162,230035992
turso,concurrent,32,1,8,15409955940,0,0,7624,20700442,90487618,111195684
turso,concurrent,32,1,8,15521151915,0,0,8115,6761369,55795064,62564548
turso,concurrent,32,1,8,15583716744,0,0,5560,672338,416550995,417228893
turso,concurrent,32,1,8,16000945887,0,0,6282,482219,298711574,299200075
turso,concurrent,32,1,8,16300146222,0,0,6793,516143,35605516,36128452
turso,concurrent,32,1,8,16336274884,0,0,5190,525541,49966775,50497506
turso,concurrent,32,1,8,16386772640,0,0,5110,464485,36371801,36841396
turso,concurrent,32,1,8,16423614307,0,0,7534,550608,204418951,204977093
turso,concurrent,32,1,8,16628591640,0,0,8847,3760050,37223336,40992233
turso,concurrent,32,1,8,16669584153,0,0,6392,633534,25845864,26485790
turso,concurrent,32,1,8,16696070244,0,0,8126,633013,52432684,53073823
turso,concurrent,32,1,8,16749144278,0,0,4839,440540,56407359,56852738
turso,concurrent,32,1,8,16805997226,0,0,5501,579522,60286102,60871125
turso,concurrent,32,1,8,16866868582,0,0,4859,480015,194239537,194724411
turso,concurrent,32,1,8,17061593183,0,0,4368,488100,258765544,259258012
turso,concurrent,32,1,8,17320851456,0,0,5381,467431,72515481,72988293
turso,concurrent,32,1,8,17393839969,0,0,5521,501065,97752306,98258892
turso,concurrent,32,1,8,17492099101,0,0,5631,551941,9506014,10063586
turso,concurrent,32,1,8,17502162957,0,0,4839,440982,86295804,86741625
turso,concurrent,32,1,8,17588904872,0,0,6833,472050,18302881,18781764
turso,concurrent,32,1,8,17607686887,0,0,4819,487920,118811895,119304634
turso,concurrent,32,1,8,17726991902,0,0,5600,490806,97667236,98163642
turso,concurrent,32,1,8,17825155814,0,0,9027,5328858,132500846,137838731
turso,concurrent,32,1,8,17962994815,0,0,5872,700139,167949988,168655999
turso,concurrent,32,1,8,18131651114,0,0,7154,430301,90432905,90870360
turso,concurrent,32,1,8,18222521745,0,0,6151,466921,52152656,52625728
turso,concurrent,32,1,8,18275147713,0,0,5791,431163,28000025,28436979
turso,concurrent,32,1,8,18303584913,0,0,4979,436994,180959106,181401079
turso,concurrent,32,1,8,18484986243,0,0,6913,552462,31435152,31994527
turso,concurrent,32,1,8,18516981061,0,0,7894,780963,298185802,298974659
turso,concurrent,32,1,8,18815955980,0,0,5130,457773,163731413,164194316
turso,concurrent,32,1,8,18980150536,0,0,9357,939913,302871597,303820867
turso,concurrent,32,1,8,19283971694,0,0,5982,487148,74935024,75428154
turso,concurrent,32,1,8,19359400098,0,0,5791,531362,16198843,16735996
turso,concurrent,32,1,8,19376136295,0,0,5460,521233,62748064,63274757
turso,concurrent,32,1,8,19439411263,0,0,5740,528046,7979897,8513683
turso,concurrent,32,1,8,19447925186,0,0,5370,780091,119703226,120488687
turso,concurrent,32,1,8,19568414093,0,0,6432,437365,171883904,172327701
turso,concurrent,32,1,8,19740742105,0,0,5771,479153,230737005,231221929
turso,concurrent,32,1,8,19971964304,0,0,5521,420442,77104254,77530217
turso,concurrent,32,1,8,20049494791,0,0,6242,535109,205943135,206484486
turso,concurrent,32,1,8,20255979547,0,0,7465,7672667,316394495,324074627
turso,concurrent,32,1,8,20580054444,0,0,6443,541290,247536241,248083974
turso,concurrent,32,1,8,20828138708,0,0,6392,528216,818701938,819236546
turso,concurrent,32,1,8,21647375495,0,0,8486,8353300,15649228,24011014
turso,concurrent,32,1,8,21671386749,0,0,5801,489643,348590823,349086267
turso,concurrent,32,1,8,22020473437,0,0,6342,486017,429880167,430372526
turso,concurrent,32,1,8,22450846244,0,0,9367,701333,115280997,115991697
turso,concurrent,32,1,8,22566838191,0,0,6122,618366,241158344,241782832
turso,concurrent,32,1,8,22808622186,0,0,5680,542734,138558738,139107152
turso,concurrent,32,1,8,22947729649,0,0,6271,506576,252319649,252832496
turso,concurrent,32,1,8,23200562466,0,0,6352,478432,177675795,178160579
turso,concurrent,32,1,8,23378723306,0,0,6482,497308,78114418,78618208
turso,concurrent,32,1,8,23457342085,0,0,6442,470868,257731905,258209215
turso,concurrent,32,1,8,23715551761,0,0,17032,3421591,40744897,44183520
turso,concurrent,32,1,8,23759735711,0,0,11823,549636,27913292,28474751
turso,concurrent,32,1,8,23788210692,0,0,5891,462673,119456270,119924834
turso,concurrent,32,1,8,23908135836,0,0,5360,433828,9580345,10019533
turso,concurrent,32,1,8,23918155629,0,0,5250,436593,168534179,168976022
turso,concurrent,32,1,8,24087131871,0,0,5380,493571,120511810,121010761
turso,concurrent,32,1,8,24208142862,0,0,5250,460649,647766512,648232411
turso,concurrent,32,1,8,24856375623,0,0,8627,3688615,187928277,191625519
turso,concurrent,32,1,8,25048001382,0,0,7554,909115,23834661,24751330
turso,concurrent,32,1,8,25072753002,0,0,6863,599811,112846157,113452831
turso,concurrent,32,1,8,25186206083,0,0,5771,445179,95749771,96200721
turso,concurrent,32,1,8,25282407044,0,0,5521,453966,124638831,125098318
turso,concurrent,32,1,8,25407505593,0,0,5590,482370,101736639,102224599
turso,concurrent,32,1,8,25509730412,0,0,6312,734846,35251969,35993127
turso,concurrent,32,1,8,25545723789,0,0,6723,599641,170930767,171537131
turso,concurrent,32,1,8,25717261190,0,0,6853,536642,163121994,163665489
turso,concurrent,32,1,8,25880927110,0,0,19797,634957,62223776,62878530
turso,concurrent,32,1,8,25943805920,0,0,8786,6252700,376083411,382344897
turso,concurrent,32,1,8,26326151399,0,0,6633,445740,100226562,100678935
turso,concurrent,32,1,8,26426830604,0,0,6062,578080,540443740,541027882
turso,concurrent,32,1,8,26967858746,0,0,5911,445500,260464878,260916289
turso,concurrent,32,1,8,27228775286,0,0,7604,3342102,44574577,47924283
turso,concurrent,32,1,8,27276699849,0,0,5510,556600,111413855,111975965
turso,concurrent,32,1,8,27388676066,0,0,6763,681114,299781871,300469748
turso,concurrent,32,1,8,27689146075,0,0,6833,475406,33356836,33839075
turso,concurrent,32,1,8,27722985400,0,0,6222,613166,488071079,488690467
turso,concurrent,32,1,8,28211676098,0,0,6352,453174,163395830,163855356
turso,concurrent,32,1,8,28375531905,0,0,14888,11983405,230097409,242095702
turso,concurrent,32,1,8,28617627968,0,0,7213,549937,13912252,14469402
turso,concurrent,32,1,8,28632097631,0,0,5099,494493,468434023,468933615
turso,concurrent,32,1,8,29101031496,0,0,6643,556158,25543303,26106104
turso,concurrent,32,1,8,29127137891,0,0,7223,596746,97235090,97839059
turso,concurrent,32,1,8,29224977211,0,0,5811,558743,272789958,273354512
turso,concurrent,32,1,8,29498332063,0,0,9288,16122810,19475883,35607981
turso,concurrent,32,1,8,29533940294,0,0,5431,434098,329340335,329779864
turso,concurrent,32,1,8,29863720509,0,0,5961,490405,35396852,35893218
turso,concurrent,32,1,8,29899613978,0,0,5110,422526,77904663,78332299
turso,concurrent,32,1,8,29977946547,0,0,6633,476768,248649720,249133121
turso,concurrent,32,1,8,30227079959,0,0,8596,505143,169823609,170337348
turso,concurrent,32,1,8,30397417648,0,0,6502,729646,63904425,64640573
turso,concurrent,32,1,8,30462058491,0,0,6302,441683,339847277,340295262
turso,concurrent,32,1,8,30802354074,0,0,7774,5123210,393787964,398918948
turso,concurrent,32,1,8,31201273393,0,0,7655,530249,78516096,79054000
turso,concurrent,32,1,8,31280327653,0,0,5972,567410,781775371,782348753
turso,concurrent,32,1,8,32062676656,0,0,8767,6614522,52889475,59512764
turso,concurrent,32,1,8,32122189620,0,0,5610,559936,31383545,31949091
turso,concurrent,32,1,8,32154138972,0,0,4999,462382,95197939,95665320
turso,concurrent,32,1,8,32249804604,0,0,5470,426955,270735293,271167718
turso,concurrent,32,1,8,32520972623,0,0,7975,681255,126315653,127004883
turso,concurrent,32,1,8,32647977826,0,0,5770,443266,98709982,99159018
turso,concurrent,32,1,8,32747137036,0,0,4989,430903,55256288,55692180
turso,concurrent,32,1,8,32802829596,0,0,6342,724206,135219813,135950361
turso,concurrent,32,1,8,32938780267,0,0,8186,513839,25559724,26081749
turso,concurrent,32,1,8,32964862346,0,0,5821,531954,80746360,81284135
turso,concurrent,32,1,9,69221,1,0,1858535,508719,175718925,178086179
turso,concurrent,32,1,9,178155791,1,0,6703,423709,258774691,259205103
turso,concurrent,32,1,9,437361284,1,0,7264,367673,244404335,244779272
turso,concurrent,32,1,9,682140796,1,0,6964,384284,79362402,79753650
turso,concurrent,32,1,9,761894696,1,0,6502,370679,46521839,46899020
turso,concurrent,32,1,9,808794207,1,0,5731,469916,41337003,41812650
turso,concurrent,32,1,9,850607137,1,0,5190,374867,56156004,56536061
turso,concurrent,32,1,9,907143529,1,0,5049,285789,406183096,406473934
turso,concurrent,32,1,9,1313617724,1,0,48922,2278005,144678888,147005815
turso,concurrent,32,1,9,1460624171,1,0,5490,401547,68721548,69128585
turso,concurrent,32,1,9,1529753016,1,0,6503,593929,114535722,115136154
turso,concurrent,32,1,9,1644889411,1,0,5881,415854,48701509,49123244
turso,concurrent,32,1,9,1694012865,1,0,4919,395366,154391352,154791637
turso,concurrent,32,1,9,1848804722,1,0,5370,411186,165577944,165994500
turso,concurrent,32,1,9,2014799492,1,0,6493,485906,232868724,233361123
turso,concurrent,32,1,9,2248160895,1,0,7745,643774,59228698,59880217
turso,concurrent,32,1,9,2308041352,1,0,6553,408240,228802016,229216809
turso,concurrent,32,1,9,2537258992,1,0,6613,559224,503859309,504425146
turso,concurrent,32,1,9,3041684539,0,0,6702,535941,209923590,210466233
turso,concurrent,32,1,9,3252150992,0,0,8386,6862660,281748729,288619775
turso,concurrent,32,1,9,3540771028,0,0,6161,458835,18391218,18856214
turso,concurrent,32,1,9,3559627522,0,0,5640,410795,345300008,345716443
turso,concurrent,32,1,9,3905344276,0,0,6012,421414,213374627,213802053
turso,concurrent,32,1,9,4119146640,0,0,7133,482861,72024976,72514970
turso,concurrent,32,1,9,4191661831,0,0,6191,600302,194876879,195483372
turso,concurrent,32,1,9,4387145463,0,0,6873,3416362,162242976,165666211
turso,concurrent,32,1,9,4552811945,0,0,6622,483011,96320887,96810520
turso,concurrent,32,1,9,4649622796,0,0,5801,449688,342711417,343166906
turso,concurrent,32,1,9,4992789932,0,0,6773,565927,311773663,312346363
turso,concurrent,32,1,9,5305136586,0,0,6362,459165,223371387,223836914
turso,concurrent,32,1,9,5528973790,0,0,7044,3357881,261166931,264531856
turso,concurrent,32,1,9,5793505867,0,0,5631,387560,176022989,176416180
turso,concurrent,32,1,9,5969922258,0,0,5730,462983,184741298,185210011
turso,concurrent,32,1,9,6155133762,0,0,5981,468063,617523938,617997982
turso,concurrent,32,1,9,6773132004,0,0,8617,3814923,58192825,62016365
turso,concurrent,32,1,9,6835148629,0,0,6101,643243,237344683,237994027
turso,concurrent,32,1,9,7073142948,0,0,6161,509682,72673940,73189783
turso,concurrent,32,1,9,7146332971,0,0,5571,466910,235963860,236436341
turso,concurrent,32,1,9,7382769603,0,0,6572,467922,123764774,124239268
turso,concurrent,32,1,9,7507009171,0,0,5750,442765,125533309,125981824
turso,concurrent,32,1,9,7632991316,0,0,7965,3600760,50268844,53877569
turso,concurrent,32,1,9,7686869135,0,0,4890,428347,42299297,42732534
turso,concurrent,32,1,9,7729602200,0,0,5621,510883,336049686,336566190
turso,concurrent,32,1,9,8066168641,0,0,5891,495023,119294024,119794938
turso,concurrent,32,1,9,8185963840,0,0,5069,445811,241578587,242029467
turso,concurrent,32,1,9,8427993568,0,0,5470,443967,8345776,8795213
turso,concurrent,32,1,9,8436789012,0,0,5180,505523,23328456,23839159
turso,concurrent,32,1,9,8460628482,0,0,5821,502979,434841622,435350422
turso,concurrent,32,1,9,8895979235,0,0,8145,2428690,284862310,287299145
turso,concurrent,32,1,9,9183278630,0,0,7054,624337,13333000,13964391
turso,concurrent,32,1,9,9197243351,0,0,5210,444107,136447568,136896885
turso,concurrent,32,1,9,9334140497,0,0,5731,497037,89283388,89786156
turso,concurrent,32,1,9,9423926933,0,0,6352,520491,60801064,61327907
turso,concurrent,32,1,9,9485255100,0,0,6081,463865,162905125,163375071
turso,concurrent,32,1,9,9648630461,0,0,6042,518227,427822017,428346286
turso,concurrent,32,1,9,10076977027,0,0,8466,3276488,28953503,32238457
turso,concurrent,32,1,9,10109215745,0,0,5230,507797,95006950,95519977
turso,concurrent,32,1,9,10204736012,0,0,7584,665785,11730639,12404008
turso,concurrent,32,1,9,10217140301,0,0,6152,564304,72145133,72715589
turso,concurrent,32,1,9,10289856240,0,0,6513,430191,78619290,79055994
turso,concurrent,32,1,9,10368912604,0,0,6984,526442,9697024,10230450
turso,concurrent,32,1,9,10379143345,0,0,5520,476809,105967266,106449595
turso,concurrent,32,1,9,10485593271,0,0,6242,554365,186972775,187533382
turso,concurrent,32,1,9,10673126954,0,0,5540,436203,51572251,52013994
turso,concurrent,32,1,9,10725141199,0,0,6492,504992,94631762,95143246
turso,concurrent,32,1,9,10820286569,0,0,8987,761837,98798178,99569002
turso,concurrent,32,1,9,10919855792,0,0,8015,3393629,97241452,100643096
turso,concurrent,32,1,9,11020499089,0,0,5901,481718,373772184,374259803
turso,concurrent,32,1,9,11394759283,0,0,6792,615782,62209819,62832393
turso,concurrent,32,1,9,11457592077,0,0,5731,532083,24755507,25293321
turso,concurrent,32,1,9,11482885699,0,0,5631,429289,88839912,89274832
turso,concurrent,32,1,9,11572160821,0,0,5661,471359,326831875,327308895
turso,concurrent,32,1,9,11899469946,0,0,6723,497909,438174537,438679169
turso,concurrent,32,1,9,12338149476,0,0,8797,11961544,212022146,223992487
turso,concurrent,32,1,9,12562142214,0,0,7003,672107,70424048,71103158
turso,concurrent,32,1,9,12633245632,0,0,5991,610501,540160025,540776517
turso,concurrent,32,1,9,13174022591,0,0,8676,11925296,99312137,111246109
turso,concurrent,32,1,9,13285268921,0,0,5500,436683,581360150,581802333
turso,concurrent,32,1,9,13867071615,0,0,7263,653643,42196062,42856968
turso,concurrent,32,1,9,13909928804,0,0,5841,546320,27300636,27852797
turso,concurrent,32,1,9,13937781862,0,0,5140,493410,132503501,133002051
turso,concurrent,32,1,9,14070784324,0,0,7133,532645,34702052,35241830
turso,concurrent,32,1,9,14106026485,0,0,6562,543365,180080379,180630306
turso,concurrent,32,1,9,14286657392,0,0,8386,9504170,190978619,200491175
turso,concurrent,32,1,9,14487148807,0,0,6392,688128,188567472,189261992
turso,concurrent,32,1,9,14676411119,0,0,7945,594341,146345912,146948198
turso,concurrent,32,1,9,14823359627,0,0,5360,412709,108211086,108629155
turso,concurrent,32,1,9,14931989003,0,0,6282,568351,122449444,123024077
turso,concurrent,32,1,9,15055013310,0,0,5541,440440,73110794,73556775
turso,concurrent,32,1,9,15128570385,0,0,7454,666417,42188899,42862770
turso,concurrent,32,1,9,15171433536,0,0,6402,508859,10822827,11338088
turso,concurrent,32,1,9,15182771814,0,0,5751,519750,10934007,11459508
turso,concurrent,32,1,9,15194231592,0,0,6502,571557,202910317,203488376
turso,concurrent,32,1,9,15397720369,0,0,8677,7776964,420649613,428435254
turso,concurrent,32,1,9,15826155923,0,0,8837,6362597,965178606,971550040
turso,concurrent,32,1,9,16797706233,0,0,8516,5009967,121651569,126670052
turso,concurrent,32,1,9,16924376586,0,0,5400,467692,34991458,35464550
turso,concurrent,32,1,9,16959841396,0,0,5130,530580,48121806,48657516
turso,concurrent,32,1,9,17008499162,0,0,5551,401447,552688728,553095726
turso,concurrent,32,1,9,17561595139,0,0,5681,460107,15532347,15998135
turso,concurrent,32,1,9,17577593574,0,0,5159,443016,314700822,315148997
turso,concurrent,32,1,9,17892743023,0,0,8396,8096405,280880152,288984953
turso,concurrent,32,1,9,18181728367,0,0,7274,579262,172096205,172682741
turso,concurrent,32,1,9,18354411428,0,0,6272,449568,9272624,9728464
turso,concurrent,32,1,9,18364140102,0,0,4559,465247,69481300,69951106
turso,concurrent,32,1,9,18434091489,0,0,5610,469946,460189027,460664583
turso,concurrent,32,1,9,18894756462,0,0,7074,448746,490760119,491215939
turso,concurrent,32,1,9,19385972642,0,0,9217,9269198,237563997,246842412
turso,concurrent,32,1,9,19632815455,0,0,7694,726350,50171991,50906035
turso,concurrent,32,1,9,19683721790,0,0,5730,335673,33651071,33992474
turso,concurrent,32,1,9,19717714525,0,0,6162,713976,166378985,167099123
turso,concurrent,32,1,9,19884813869,0,0,6041,628174,174534042,175168257
turso,concurrent,32,1,9,20059982607,0,0,12073,388252,30537419,30937744
turso,concurrent,32,1,9,20090921123,0,0,13104,604340,64447308,65064752
turso,concurrent,32,1,9,20155986276,0,0,21069,6534361,138137174,144692604
turso,concurrent,32,1,9,20300679271,0,0,7193,511735,60674765,61193693
turso,concurrent,32,1,9,20361873164,0,0,5120,469565,128836297,129310982
turso,concurrent,32,1,9,20491184637,0,0,13104,527154,211578851,212119109
turso,concurrent,32,1,9,20703304077,0,0,6683,577899,45705310,46289892
turso,concurrent,32,1,9,20749594229,0,0,7184,542312,137852597,138402093
turso,concurrent,32,1,9,20887996563,0,0,5731,516854,136856379,137378964
turso,concurrent,32,1,9,21025375767,0,0,6152,508669,9810478,10325299
turso,concurrent,32,1,9,21035701316,0,0,6092,558693,327491600,328056385
turso,concurrent,32,1,9,21363757971,0,0,8586,2870823,187177191,190056600
turso,concurrent,32,1,9,21553814862,0,0,6272,497067,184204766,184708105
turso,concurrent,32,1,9,21738523408,0,0,6853,473713,70363604,70844170
turso,concurrent,32,1,9,21809367928,0,0,6542,515171,148475317,148997030
turso,concurrent,32,1,9,21958365319,0,0,6493,514330,8054917,8575740
turso,concurrent,32,1,9,21966941380,0,0,6552,680564,272428866,273115982
turso,concurrent,32,1,9,22240058985,0,0,7123,622053,173668260,174297436
turso,concurrent,32,1,9,22414356681,0,0,8616,3423195,104598725,108030536
turso,concurrent,32,1,9,22522387458,0,0,6953,512025,35739970,36258948
turso,concurrent,32,1,9,22558646646,0,0,5460,559576,126415571,126980607
turso,concurrent,32,1,9,22685627554,0,0,5280,473422,44804992,45283694
turso,concurrent,32,1,9,22730911529,0,0,5390,490525,39760139,40256054
turso,concurrent,32,1,9,22771167904,0,0,5190,476959,42645811,43127960
turso,concurrent,32,1,9,22814296084,0,0,5120,502106,105181394,105688620
turso,concurrent,32,1,9,22919985045,0,0,6943,705601,34280006,34992550
turso,concurrent,32,1,9,22954977866,0,0,5520,522596,137733742,138261858
turso,concurrent,32,1,9,23093239945,0,0,5079,487329,342242503,342734911
turso,concurrent,32,1,9,23435975137,0,0,6993,537754,587249043,587793790
turso,concurrent,32,1,9,24023769148,0,0,8496,4902173,96310548,101221217
turso,concurrent,32,1,9,24124990625,0,0,7314,595373,28011767,28614454
turso,concurrent,32,1,9,24153605299,0,0,6352,458033,149745662,150210047
turso,concurrent,32,1,9,24303815507,0,0,5671,542373,62547546,63095590
turso,concurrent,32,1,9,24366911337,0,0,6011,655716,37937964,38599691
turso,concurrent,32,1,9,24405511289,0,0,6793,678279,43944129,44629201
turso,concurrent,32,1,9,24450140690,0,0,6462,692937,242968567,243667966
turso,concurrent,32,1,9,24693808897,0,0,6161,699559,266209861,266915581
turso,concurrent,32,1,9,24960724718,0,0,8015,13943822,84466174,98418011
turso,concurrent,32,1,9,25059143010,0,0,5961,640708,41197841,41844510
turso,concurrent,32,1,9,25100987740,0,0,5411,642481,149630575,150278467
turso,concurrent,32,1,9,25251266447,0,0,6282,505523,69222783,69734588
turso,concurrent,32,1,9,25321001305,0,0,7414,555908,20639818,21203140
turso,concurrent,32,1,9,25342204705,0,0,4989,686224,241351399,242042612
turso,concurrent,32,1,9,25584247648,0,0,6602,463284,12262962,12732848
turso,concurrent,32,1,9,25596980686,0,0,5360,542734,220802803,221350897
turso,concurrent,32,1,9,25818331904,0,0,7213,799969,159396900,160204082
turso,concurrent,32,1,9,25978536346,0,0,14297,9981781,261570823,271566901
turso,concurrent,32,1,9,26250103568,0,0,12544,500093,204530160,205042797
turso,concurrent,32,1,9,26455146575,0,0,5440,434169,17258321,17697930
turso,concurrent,32,1,9,26472844756,0,0,5099,443336,310837298,311285733
turso,concurrent,32,1,9,26784130749,0,0,6001,563663,44263521,44833185
turso,concurrent,32,1,9,26828964225,0,0,6232,454647,217674024,218134903
turso,concurrent,32,1,9,27047099388,0,0,7023,517215,168400166,168924404
turso,concurrent,32,1,9,27216024073,0,0,7755,660064,103452845,104120664
turso,concurrent,32,1,9,27320144997,0,0,6733,568953,16248687,16824373
turso,concurrent,32,1,9,27336969611,0,0,5680,595233,62565901,63166814
turso,concurrent,32,1,9,27400136635,0,0,5601,434419,346374243,346814263
turso,concurrent,32,1,9,27746951279,0,0,6602,478062,237707408,238192072
turso,concurrent,32,1,9,27985143581,0,0,6102,543765,35108068,35657935
turso,concurrent,32,1,9,28020801766,0,0,5260,442935,221423784,221871979
turso,concurrent,32,1,9,28242673936,0,0,6302,516534,136100453,136623289
turso,concurrent,32,1,9,28379297485,0,0,8516,4312953,61773306,66094775
turso,concurrent,32,1,9,28445392480,0,0,5210,402619,23611090,24018919
turso,concurrent,32,1,9,28469411820,0,0,6782,558223,221800655,222365660
turso,concurrent,32,1,9,28691777700,0,0,4990,520271,155827649,156352910
turso,concurrent,32,1,9,28848130831,0,0,6242,577288,474627380,475210910
turso,concurrent,32,1,9,29323342142,0,0,6462,444408,286353402,286804272
turso,concurrent,32,1,9,29610146785,0,0,8125,6563987,476223269,482795381
turso,concurrent,32,1,9,30092942357,0,0,5681,605131,213730768,214341580
turso,concurrent,32,1,9,30307284228,0,0,6532,547552,48152153,48706237
turso,concurrent,32,1,9,30355990786,0,0,5661,595122,133239719,133840502
turso,concurrent,32,1,9,30489831508,0,0,6082,491797,412532288,413030167
turso,concurrent,32,1,9,30902861945,0,0,8065,2571259,193241284,195820608
turso,concurrent,32,1,9,31098682774,0,0,6111,462853,162455547,162924511
turso,concurrent,32,1,9,31261607506,0,0,5530,490415,285595883,286091828
turso,concurrent,32,1,9,31547699524,0,0,4829,439319,557227467,557671615
turso,concurrent,32,1,9,32105371710,0,0,9007,3697872,52051516,55758395
turso,concurrent,32,1,9,32161130435,0,0,4940,439158,130758410,131202508
turso,concurrent,32,1,9,32292333233,0,0,5982,583610,324104052,324693644
turso,concurrent,32,1,9,32617027057,0,0,6172,508779,48869937,49384888
turso,concurrent,32,1,9,32666412196,0,0,6732,566498,93438964,94012194
turso,concurrent,32,1,9,32760424650,0,0,5911,456541,162741226,163203678
turso,concurrent,32,1,9,32923628588,0,0,5852,458243,18978585,19442680
turso,concurrent,32,1,9,32943071468,0,0,4990,513198,15246839,15765027
turso,concurrent,32,1,9,32958837035,0,0,7524,759612,99158387,99925523
turso,concurrent,32,1,10,131,1,0,2181634,598618,331855879,334636131
turso,concurrent,32,1,10,334636813,1,0,6823,396738,63100959,63504520
turso,concurrent,32,1,10,398141544,1,0,5140,404001,389902037,390311178
turso,concurrent,32,1,10,788452963,1,0,7143,396889,29285859,29689891
turso,concurrent,32,1,10,818143075,1,0,6612,455589,93796428,94258629
turso,concurrent,32,1,10,912402124,1,0,4940,322858,17676180,18003978
turso,concurrent,32,1,10,930406382,1,0,5901,359859,155686443,156052203
turso,concurrent,32,1,10,1086458836,1,0,46407,1914390,474337304,476298101
turso,concurrent,32,1,10,1562757217,1,0,7404,472912,176942813,177423129
turso,concurrent,32,1,10,1740181137,1,0,7384,402519,45719216,46129119
turso,concurrent,32,1,10,1786310486,1,0,5481,435922,288479630,288921033
turso,concurrent,32,1,10,2075231710,1,0,7404,6605254,292037389,298650047
turso,concurrent,32,1,10,2373882008,1,0,7173,584262,16225714,16817149
turso,concurrent,32,1,10,2390699358,1,0,5280,500894,99438646,99944820
turso,concurrent,32,1,10,2490644428,1,0,6241,477060,406687617,407170918
turso,concurrent,32,1,10,2897815788,1,0,7424,540740,11464877,12013041
turso,concurrent,32,1,10,2909829140,1,0,5791,422326,238670904,239099021
turso,concurrent,32,1,10,3148928993,0,0,6271,408030,56953498,57367799
turso,concurrent,32,1,10,3206297012,0,0,7154,1392456,16791741,18191351
turso,concurrent,32,1,10,3224488643,0,0,6783,515142,93959555,94481480
turso,concurrent,32,1,10,3318970383,0,0,6202,448746,91720994,92175942
turso,concurrent,32,1,10,3411146605,0,0,6683,515903,112371431,112894017
turso,concurrent,32,1,10,3524040872,0,0,5661,452593,117275058,117733312
turso,concurrent,32,1,10,3641774404,0,0,5971,556400,113978360,114540731
turso,concurrent,32,1,10,3756315396,0,0,5881,434950,124701460,125142291
turso,concurrent,32,1,10,3881457958,0,0,5280,436673,261466957,261908910
turso,concurrent,32,1,10,4143367119,0,0,6412,501776,828129995,828638183
turso,concurrent,32,1,10,4972005683,0,0,7414,6410337,188727954,195145705
turso,concurrent,32,1,10,5167151629,0,0,6181,440260,70539265,70985706
turso,concurrent,32,1,10,5238137676,0,0,5580,441363,247212720,247659663
turso,concurrent,32,1,10,5485797640,0,0,6722,3387648,60811002,64205372
turso,concurrent,32,1,10,5550003252,0,0,5651,467181,188467383,188940215
turso,concurrent,32,1,10,5738943667,0,0,5892,462972,11355432,11824296
turso,concurrent,32,1,10,5750769345,0,0,5230,491336,206185492,206682058
turso,concurrent,32,1,10,5957451664,0,0,7935,683408,157984667,158676010
turso,concurrent,32,1,10,6116127925,0,0,5671,573260,180114875,180693806
turso,concurrent,32,1,10,6296821981,0,0,6312,439539,153489541,153935392
turso,concurrent,32,1,10,6450757714,0,0,8636,6405698,213749053,220163387
turso,concurrent,32,1,10,6670921432,0,0,7674,4195251,332019246,336222171
turso,concurrent,32,1,10,7007143944,0,0,6282,491867,184256755,184754904
turso,concurrent,32,1,10,7191899088,0,0,6412,503610,245358223,245868245
turso,concurrent,32,1,10,7437767674,0,0,6843,571828,78803628,79382299
turso,concurrent,32,1,10,7517150243,0,0,6011,455780,48122637,48584428
turso,concurrent,32,1,10,7565734921,0,0,6703,4795783,544248844,549051330
turso,concurrent,32,1,10,8114786522,0,0,7584,554666,17076509,17638759
turso,concurrent,32,1,10,8132425491,0,0,5811,455980,34360959,34822750
turso,concurrent,32,1,10,8167248492,0,0,6231,598909,39104203,39709343
turso,concurrent,32,1,10,8206958056,0,0,4568,442755,121374206,121821529
turso,concurrent,32,1,10,8328779826,0,0,6512,561419,191459224,192027155
turso,concurrent,32,1,10,8520807302,0,0,5520,485476,336131390,336622386
turso,concurrent,32,1,10,8857429958,0,0,7695,6079293,228770366,234857354
turso,concurrent,32,1,10,9092287613,0,0,6662,502668,31007386,31516716
turso,concurrent,32,1,10,9123804569,0,0,5080,477550,89359091,89841721
turso,concurrent,32,1,10,9213646881,0,0,5681,488952,778440272,778934905
turso,concurrent,32,1,10,9992582478,0,0,7624,4961665,235159073,240128362
turso,concurrent,32,1,10,10232711231,0,0,7123,602997,129442850,130052970
turso,concurrent,32,1,10,10362764622,0,0,5701,544757,381052501,381602959
turso,concurrent,32,1,10,10744367882,0,0,6151,517436,138799122,139322709
turso,concurrent,32,1,10,10883690871,0,0,7214,1750791,117358074,119116079
turso,concurrent,32,1,10,11002807220,0,0,5891,481188,35570229,36057308
turso,concurrent,32,1,10,11038864748,0,0,4719,498380,50596973,51100072
turso,concurrent,32,1,10,11089965020,0,0,6212,470577,36000911,36477700
turso,concurrent,32,1,10,11126442931,0,0,5480,568612,407932414,408506506
turso,concurrent,32,1,10,11534949798,0,0,7314,560898,221892708,222460920
turso,concurrent,32,1,10,11757410998,0,0,6643,507817,256821018,257335478
turso,concurrent,32,1,10,12014752206,0,0,13125,9224012,38739455,47976592
turso,concurrent,32,1,10,12062729139,0,0,6372,914414,32504288,33425074
turso,concurrent,32,1,10,12096154454,0,0,5801,563833,139076194,139645828
turso,concurrent,32,1,10,12235800552,0,0,4869,467281,195963968,196436118
turso,concurrent,32,1,10,12432236932,0,0,6061,490305,30092350,30588716
turso,concurrent,32,1,10,12462825879,0,0,5400,494532,78232731,78732663
turso,concurrent,32,1,10,12541558813,0,0,6222,594230,380975416,381575868
turso,concurrent,32,1,10,12923135051,0,0,6332,460589,32529726,32996647
turso,concurrent,32,1,10,12956131939,0,0,5460,506264,60780655,61292379
turso,concurrent,32,1,10,13017424739,0,0,6973,676195,19647025,20330193
turso,concurrent,32,1,10,13037755163,0,0,6362,628425,276323920,276958707
turso,concurrent,32,1,10,13314714231,0,0,7164,13574715,114597799,128179678
turso,concurrent,32,1,10,13442894210,0,0,6662,655747,109325848,109988257
turso,concurrent,32,1,10,13552882748,0,0,6492,590634,65672849,66269975
turso,concurrent,32,1,10,13619153003,0,0,5961,476308,295504617,295986886
turso,concurrent,32,1,10,13915140260,0,0,6913,563212,219427430,219997555
turso,concurrent,32,1,10,14135138106,0,0,5570,535881,262295810,262837261
turso,concurrent,32,1,10,14397975667,0,0,7965,6873199,62619241,69500405
turso,concurrent,32,1,10,14467476354,0,0,5721,506525,14983582,15495828
turso,concurrent,32,1,10,14482972593,0,0,6352,615030,385867890,386489272
turso,concurrent,32,1,10,14869462236,0,0,7524,558583,95955508,96521615
turso,concurrent,32,1,10,14965984122,0,0,6502,651298,56335573,56993373
turso,concurrent,32,1,10,15022977756,0,0,6632,618647,811786438,812411717
turso,concurrent,32,1,10,15835389744,0,0,8476,4201302,219545793,223755571
turso,concurrent,32,1,10,16059145665,0,0,5531,438406,22633838,23077775
turso,concurrent,32,1,10,16082223680,0,0,5009,407248,171190087,171602344
turso,concurrent,32,1,10,16253826314,0,0,6082,414461,61719295,62139838
turso,concurrent,32,1,10,16315966362,0,0,6292,713786,15948641,16668719
turso,concurrent,32,1,10,16332635352,0,0,5130,519760,155405554,155930444
turso,concurrent,32,1,10,16488566066,0,0,6032,437514,101758380,102201926
turso,concurrent,32,1,10,16590768403,0,0,17062,554927,77471035,78043024
turso,concurrent,32,1,10,16668811817,0,0,7204,7138440,604188223,611333867
turso,concurrent,32,1,10,17280145964,0,0,6302,485165,104348123,104839590
turso,concurrent,32,1,10,17384985854,0,0,6052,523758,239459781,239989591
turso,concurrent,32,1,10,17624975726,0,0,5420,491607,91863783,92360810
turso,concurrent,32,1,10,17717336927,0,0,7113,672649,64546274,65226036
turso,concurrent,32,1,10,17782563374,0,0,6552,15501860,49088338,64596750
turso,concurrent,32,1,10,17847160495,0,0,5410,427847,130969007,131402264
turso,concurrent,32,1,10,17978563010,0,0,6262,526803,120141362,120674427
turso,concurrent,32,1,10,18099237697,0,0,5020,494893,94966854,95466767
turso,concurrent,32,1,10,18194704654,0,0,5060,431974,125467705,125904739
turso,concurrent,32,1,10,18320609684,0,0,6061,426494,71943283,72375838
turso,concurrent,32,1,10,18392985732,0,0,4889,462903,459419656,459887448
turso,concurrent,32,1,10,18852873510,0,0,6152,446682,22520794,22973628
turso,concurrent,32,1,10,18875847368,0,0,5030,416175,15870584,16291789
turso,concurrent,32,1,10,18892139378,0,0,5540,429710,22568975,23004225
turso,concurrent,32,1,10,18915143833,0,0,5750,663922,498157438,498827110
turso,concurrent,32,1,10,19413971334,0,0,9588,3508826,39380944,42899358
turso,concurrent,32,1,10,19456870903,0,0,5902,482900,256397579,256886381
turso,concurrent,32,1,10,19713757494,0,0,5641,467141,194570781,195043563
turso,concurrent,32,1,10,19908801298,0,0,7153,728514,122228046,122963713
turso,concurrent,32,1,10,20031765442,0,0,7003,464396,132653393,133124792
turso,concurrent,32,1,10,20164890535,0,0,9979,8742865,124290776,133043620
turso,concurrent,32,1,10,20297934555,0,0,7855,743342,106436009,107187206
turso,concurrent,32,1,10,20405121962,0,0,5751,491466,37522881,38020098
turso,concurrent,32,1,10,20443142351,0,0,5721,525521,348131256,348662498
turso,concurrent,32,1,10,20791805250,0,0,6943,480997,324470794,324958734
turso,concurrent,32,1,10,21116764284,0,0,6322,490976,27288584,27785882
turso,concurrent,32,1,10,21144550476,0,0,7133,475247,346667646,347150026
turso,concurrent,32,1,10,21491701154,0,0,9007,6348931,84920000,91277938
turso,concurrent,32,1,10,21582979463,0,0,5921,472742,32180808,32659471
turso,concurrent,32,1,10,21615639144,0,0,5210,474755,514582468,515062433
turso,concurrent,32,1,10,22130701857,0,0,6623,489082,138536928,139032633
turso,concurrent,32,1,10,22269734820,0,0,6943,531012,65676004,66213959
turso,concurrent,32,1,10,22335950893,0,0,6573,523477,6392774,6922824
turso,concurrent,32,1,10,22342873957,0,0,5541,581987,135679199,136266727
turso,concurrent,32,1,10,22479140935,0,0,7644,6976454,303160382,310144480
turso,concurrent,32,1,10,22789285766,0,0,7454,631812,98215679,98854945
turso,concurrent,32,1,10,22888140972,0,0,6021,531091,110188376,110725488
turso,concurrent,32,1,10,22998866740,0,0,6643,472290,141626142,142105075
turso,concurrent,32,1,10,23140972056,0,0,7384,640617,38088448,38736449
turso,concurrent,32,1,10,23179708745,0,0,4738,491006,211643644,212139388
turso,concurrent,32,1,10,23391848514,0,0,8055,532555,34626649,35167259
turso,concurrent,32,1,10,23427016064,0,0,6733,545198,89414465,89966396
turso,concurrent,32,1,10,23516982680,0,0,6192,464636,28376655,28847483
turso,concurrent,32,1,10,23545830384,0,0,5891,657720,275934146,276597757
turso,concurrent,32,1,10,23822428391,0,0,8416,4152189,297559291,301719896
turso,concurrent,32,1,10,24124148558,0,0,6412,516223,121309975,121832610
turso,concurrent,32,1,10,24245981389,0,0,5971,486678,237393776,237886425
turso,concurrent,32,1,10,24483868114,0,0,8637,936415,570095490,571040542
turso,concurrent,32,1,10,25054908917,0,0,8065,4904908,129990172,134903145
turso,concurrent,32,1,10,25189812333,0,0,7173,614459,106707492,107329124
turso,concurrent,32,1,10,25297141757,0,0,6202,497207,49494124,49997533
turso,concurrent,32,1,10,25347139470,0,0,4609,464195,90120025,90588829
turso,concurrent,32,1,10,25437728539,0,0,5882,494171,52568791,53068844
turso,concurrent,32,1,10,25490797644,0,0,5771,463964,347775236,348244971
turso,concurrent,32,1,10,25839042935,0,0,7074,750575,46817596,47575245
turso,concurrent,32,1,10,25886618371,0,0,5360,444137,207245160,207694657
turso,concurrent,32,1,10,26094313399,0,0,8877,9640868,196603344,206253089
turso,concurrent,32,1,10,26300566828,0,0,5080,436012,274700189,275141281
turso,concurrent,32,1,10,26575708370,0,0,6372,485325,14553411,15045108
turso,concurrent,32,1,10,26590753688,0,0,4759,570025,155809095,156383879
turso,concurrent,32,1,10,26747137807,0,0,5921,577600,225831395,226414916
turso,concurrent,32,1,10,26973552983,0,0,6082,464686,20425894,20896662
turso,concurrent,32,1,10,26994449855,0,0,4879,476659,16193984,16675522
turso,concurrent,32,1,10,27011125598,0,0,4548,419802,132220457,132644807
turso,concurrent,32,1,10,27143770656,0,0,8596,6494946,59959096,66462638
turso,concurrent,32,1,10,27210233595,0,0,7374,579632,167325991,167912997
turso,concurrent,32,1,10,27378146792,0,0,5400,466811,172017095,172489306
turso,concurrent,32,1,10,27550636359,0,0,5410,459496,272617743,273082649
turso,concurrent,32,1,10,27823719258,0,0,6843,752088,92788347,93547278
turso,concurrent,32,1,10,27917266826,0,0,6022,541350,132192936,132740308
turso,concurrent,32,1,10,28050007354,0,0,5521,442234,205942904,206390659
turso,concurrent,32,1,10,28256398243,0,0,8136,12476244,83111510,95595890
turso,concurrent,32,1,10,28351994614,0,0,8056,12576082,69115330,81699468
turso,concurrent,32,1,10,28433694363,0,0,5891,494533,191777484,192277908
turso,concurrent,32,1,10,28625972822,0,0,6643,510883,113157022,113674548
turso,concurrent,32,1,10,28739647651,0,0,6663,473763,267645006,268125432
turso,concurrent,32,1,10,29007773454,0,0,7734,596275,163794962,164398971
turso,concurrent,32,1,10,29172172726,0,0,7574,567550,120842153,121417277
turso,concurrent,32,1,10,29293590214,0,0,5680,467222,13494774,13967676
turso,concurrent,32,1,10,29307558121,0,0,4929,522676,205820463,206348068
turso,concurrent,32,1,10,29513906730,0,0,13706,3448071,38722413,42184190
turso,concurrent,32,1,10,29556091461,0,0,12304,525941,59227386,59765631
turso,concurrent,32,1,10,29615857322,0,0,7625,837529,186381941,187227095
turso,concurrent,32,1,10,29803084708,0,0,6512,474044,71969832,72450388
turso,concurrent,32,1,10,29875535457,0,0,7985,595432,607363090,607966507
turso,concurrent,32,1,10,30483502244,0,0,7274,526513,130109827,130643614
turso,concurrent,32,1,10,30614146169,0,0,6232,511164,118203297,118720693
turso,concurrent,32,1,10,30732867083,0,0,6742,4224125,333059228,337290095
turso,concurrent,32,1,10,31070157508,0,0,6162,420974,177707475,178134611
turso,concurrent,32,1,10,31248292359,0,0,5531,428898,53210571,53645000
turso,concurrent,32,1,10,31301937589,0,0,5621,456641,47548746,48011008
turso,concurrent,32,1,10,31349948797,0,0,5961,503479,43335461,43844901
turso,concurrent,32,1,10,31393793929,0,0,6392,488310,203043297,203537999
turso,concurrent,32,1,10,31597332179,0,0,6322,583259,34231276,34820857
turso,concurrent,32,1,10,31632153236,0,0,5641,502577,64947050,65455268
turso,concurrent,32,1,10,31697608725,0,0,5941,427626,156865527,157299094
turso,concurrent,32,1,10,31854908239,0,0,18534,717574,42944543,43680651
turso,concurrent,32,1,10,31898589142,0,0,6522,473393,46458820,46938735
turso,concurrent,32,1,10,31945528268,0,0,17192,3119472,68161582,71298246
turso,concurrent,32,1,10,32016826884,0,0,15249,510363,190677190,191202802
turso,concurrent,32,1,10,32208029936,0,0,5791,493941,179428200,179927932
turso,concurrent,32,1,10,32387958169,0,0,6472,469054,77835102,78310628
turso,concurrent,32,1,10,32466269027,0,0,5881,500334,206015310,206521525
turso,concurrent,32,1,10,32672790873,0,0,6903,603027,103731800,104341730
turso,concurrent,32,1,10,32777132874,0,0,4949,427847,68913710,69346506
turso,concurrent,32,1,10,32846479660,0,0,6041,446863,57308127,57761031
turso,concurrent,32,1,10,32904241072,0,0,6633,565396,159475698,160047727
turso,concurrent,32,1,11,47861,1,0,5404801,375217,321872615,327652633
turso,concurrent,32,1,11,327701356,1,0,8346,394824,342705266,343108436
turso,concurrent,32,1,11,670810172,1,0,6452,417618,27324702,27748772
turso,concurrent,32,1,11,698559164,1,0,5050,409312,45813523,46227885
turso,concurrent,32,1,11,744787289,1,0,5651,362353,8252811,8620815
turso,concurrent,32,1,11,753408535,1,0,4889,387050,288760671,289152610
turso,concurrent,32,1,11,1042561495,1,0,41308,484113,1085964543,1086489964
turso,concurrent,32,1,11,2129051800,1,0,8246,6086175,277568828,283663249
turso,concurrent,32,1,11,2412715290,1,0,6943,632512,21980335,22619790
turso,concurrent,32,1,11,2435335762,1,0,4989,387992,246116533,246509514
turso,concurrent,32,1,11,2681845537,1,0,5981,465568,235773751,236245300
turso,concurrent,32,1,11,2918091098,1,0,5961,529729,202763429,203299119
turso,concurrent,32,1,11,3121390608,0,0,11321,513699,322095545,322620565
turso,concurrent,32,1,11,3444011433,0,0,7875,5860430,113256240,119124545
turso,concurrent,32,1,11,3563136238,0,0,5921,475407,158031986,158513314
turso,concurrent,32,1,11,3721649822,0,0,7084,481788,123764654,124253526
turso,concurrent,32,1,11,3845903558,0,0,6372,461250,62583234,63050856
turso,concurrent,32,1,11,3908955105,0,0,5681,464165,5712381,6182227
turso,concurrent,32,1,11,3915137592,0,0,4930,431092,56452514,56888536
turso,concurrent,32,1,11,3972026368,0,0,4869,502989,341499873,342007731
turso,concurrent,32,1,11,4314034960,0,0,17894,3487075,64805263,68310232
turso,concurrent,32,1,11,4382345493,0,0,8015,595002,260972305,261575322
turso,concurrent,32,1,11,4643921075,0,0,6132,433788,194776048,195215968
turso,concurrent,32,1,11,4839137364,0,0,5740,447064,319016268,319469072
turso,concurrent,32,1,11,5158606707,0,0,5460,480566,84880105,85366131
turso,concurrent,32,1,11,5243973149,0,0,5060,436994,38197823,38639877
turso,concurrent,32,1,11,5282613347,0,0,4549,411916,94969149,95385614
turso,concurrent,32,1,11,5377999632,0,0,15950,12550525,71066278,83632753
turso,concurrent,32,1,11,5461632645,0,0,5831,423318,164650666,165079815
turso,concurrent,32,1,11,5626712701,0,0,6202,570936,196655553,197232691
turso,concurrent,32,1,11,5823945652,0,0,5861,478902,31707907,32192670
turso,concurrent,32,1,11,5856138573,0,0,6132,674131,58846408,59526671
turso,concurrent,32,1,11,5915665474,0,0,5340,484344,177684621,178174305
turso,concurrent,32,1,11,6093841553,0,0,7444,550047,96225628,96783119
turso,concurrent,32,1,11,6190624922,0,0,5881,417828,448789402,449213111
turso,concurrent,32,1,11,6639838383,0,0,7684,5838819,620659321,626505824
turso,concurrent,32,1,11,7266344488,0,0,6462,492038,105547845,106046345
turso,concurrent,32,1,11,7372391063,0,0,6593,679842,95643520,96329955
turso,concurrent,32,1,11,7468721318,0,0,5781,468433,233021643,233495857
turso,concurrent,32,1,11,7702217585,0,0,8365,4107986,70022731,74139082
turso,concurrent,32,1,11,7776356918,0,0,5741,487229,591133077,591626047
turso,concurrent,32,1,11,8367983255,0,0,6653,547663,208118055,208672371
turso,concurrent,32,1,11,8576655967,0,0,6071,557522,126660764,127224357
turso,concurrent,32,1,11,8703880594,0,0,7183,6995821,195707685,202710689
turso,concurrent,32,1,11,8906591595,0,0,6021,525221,240204856,240736098
turso,concurrent,32,1,11,9147328014,0,0,5510,450720,530206036,530662266
turso,concurrent,32,1,11,9677990611,0,0,6272,493140,28656643,29156055
turso,concurrent,32,1,11,9707146997,0,0,9498,6194670,114650689,120854857
turso,concurrent,32,1,11,9828002144,0,0,7504,8821844,49164462,57993810
turso,concurrent,32,1,11,9885996275,0,0,5891,540980,63373994,63920865
turso,concurrent,32,1,11,9949917451,0,0,7273,561820,250658427,251227520
turso,concurrent,32,1,11,10201145252,0,0,6913,734896,42892876,43634685
turso,concurrent,32,1,11,10244780187,0,0,8435,974578,272373452,273356465
turso,concurrent,32,1,11,10518136974,0,0,6382,529969,360221383,360757734
turso,concurrent,32,1,11,10878895048,0,0,7945,11353097,142888513,154249555
turso,concurrent,32,1,11,11033144883,0,0,6021,449779,286534413,286990213
turso,concurrent,32,1,11,11320135386,0,0,5941,454537,63356943,63817421
turso,concurrent,32,1,11,11383953197,0,0,7464,602597,180275337,180885398
turso,concurrent,32,1,11,11564838895,0,0,6452,572600,224055256,224634308
turso,concurrent,32,1,11,11789473493,0,0,6473,451812,73999729,74458014
turso,concurrent,32,1,11,11863931778,0,0,5861,520481,105712886,106239228
turso,concurrent,32,1,11,11970171287,0,0,5971,547473,156866208,157419652
turso,concurrent,32,1,11,12127591329,0,0,9268,7056054,166939101,174004423
turso,concurrent,32,1,11,12301596043,0,0,7624,720288,200662107,201390019
turso,concurrent,32,1,11,12502986393,0,0,6612,583130,522375772,522965514
turso,concurrent,32,1,11,13025954031,0,0,6963,523167,29882805,30412935
turso,concurrent,32,1,11,13056367216,0,0,5851,499241,21591943,22097035
turso,concurrent,32,1,11,13078464542,0,0,7234,549666,130704469,131261369
turso,concurrent,32,1,11,13209726191,0,0,7555,6210620,132191473,138409648
turso,concurrent,32,1,11,13348136119,0,0,6663,436904,39564931,40008498
turso,concurrent,32,1,11,13388144928,0,0,6762,556991,430934025,431497778
turso,concurrent,32,1,11,13819643016,0,0,6342,429710,20063441,20499493
turso,concurrent,32,1,11,13840142709,0,0,4629,469826,118164554,118639009
turso,concurrent,32,1,11,13958781999,0,0,8395,692987,290191449,290892831
turso,concurrent,32,1,11,14249675180,0,0,8827,9011712,366457341,375477880
turso,concurrent,32,1,11,14625153551,0,0,8486,560256,1040253373,1040822115
turso,concurrent,32,1,11,15665975947,0,0,7925,3433333,25844131,29285389
turso,concurrent,32,1,11,15695261576,0,0,5420,495845,14204874,14706139
turso,concurrent,32,1,11,15709967906,0,0,4859,508338,160580161,161093358
turso,concurrent,32,1,11,15871061484,0,0,5531,401046,579864470,580271047
turso,concurrent,32,1,11,16451332801,0,0,7184,652440,45083367,45742991
turso,concurrent,32,1,11,16497076052,0,0,5681,458354,58836339,59300374
turso,concurrent,32,1,11,16556377027,0,0,6151,454758,177265962,177726871
turso,concurrent,32,1,11,16734104169,0,0,22543,7239510,150840035,158102088
turso,concurrent,32,1,11,16892206588,0,0,6923,534678,132620582,133162183
turso,concurrent,32,1,11,17025369031,0,0,5731,529509,284815862,285351102
turso,concurrent,32,1,11,17310720374,0,0,5400,459586,411677065,412142051
turso,concurrent,32,1,11,17722862696,0,0,7063,484744,322725213,323217020
turso,concurrent,32,1,11,18046079976,0,0,10610,900959,13777157,14688726
turso,concurrent,32,1,11,18060768983,0,0,5701,546460,545642522,546194683
turso,concurrent,32,1,11,18606963957,0,0,5791,463564,143916471,144385826
turso,concurrent,32,1,11,18751350103,0,0,5661,437144,346227638,346670443
turso,concurrent,32,1,11,19098020846,0,0,9288,780451,95210173,95999912
turso,concurrent,32,1,11,19194021008,0,0,5992,589862,152512239,153108093
turso,concurrent,32,1,11,19347129321,0,0,6122,453224,17497953,17957299
turso,concurrent,32,1,11,19365086821,0,0,5089,466349,564679679,565151117
turso,concurrent,32,1,11,19930238178,0,0,5681,427015,139727302,140159998
turso,concurrent,32,1,11,20070398456,0,0,6673,412608,680951934,681371215
turso,concurrent,32,1,11,20751769862,0,0,8385,6566652,251799469,258374506
turso,concurrent,32,1,11,21010144628,0,0,6162,554275,426441714,427002151
turso,concurrent,32,1,11,21437147030,0,0,8646,10830672,117813442,128652760
turso,concurrent,32,1,11,21565800041,0,0,5981,573521,58767720,59347222
turso,concurrent,32,1,11,21625147583,0,0,6182,416806,301087523,301510511
turso,concurrent,32,1,11,21926658355,0,0,6742,468894,13007897,13483533
turso,concurrent,32,1,11,21940142169,0,0,5741,495654,42393876,42895271
turso,concurrent,32,1,11,21983037630,0,0,4509,417156,379680875,380102540
turso,concurrent,32,1,11,22363140440,0,0,6783,570877,105352306,105929966
turso,concurrent,32,1,11,22469070687,0,0,7233,3354656,553175716,556537605
turso,concurrent,32,1,11,23025608583,0,0,7234,504000,15620503,16131737
turso,concurrent,32,1,11,23041740560,0,0,4909,531242,79040784,79576935
turso,concurrent,32,1,11,23121317777,0,0,6512,537103,8689935,9233550
turso,concurrent,32,1,11,23130551527,0,0,4769,673620,13232310,13910699
turso,concurrent,32,1,11,23144462457,0,0,4759,617965,726342100,726964824
turso,concurrent,32,1,11,23871427551,0,0,8306,3453201,110051377,113512884
turso,concurrent,32,1,11,23984940685,0,0,6332,457342,115261641,115725315
turso,concurrent,32,1,11,24100666311,0,0,6983,545979,246603632,247156594
turso,concurrent,32,1,11,24347823176,0,0,8837,569864,68581934,69160635
turso,concurrent,32,1,11,24416984061,0,0,5540,517576,417542033,418065149
turso,concurrent,32,1,11,24835049402,0,0,8716,9287813,90989755,100286284
turso,concurrent,32,1,11,24935335967,0,0,5179,477671,169202508,169685358
turso,concurrent,32,1,11,25105021536,0,0,5831,555858,63562049,64123738
turso,concurrent,32,1,11,25169145545,0,0,7634,1109141,366922499,368039274
turso,concurrent,32,1,11,25537185039,0,0,6262,515041,593790287,594311590
turso,concurrent,32,1,11,26131496890,0,0,8376,3536528,56933260,60478164
turso,concurrent,32,1,11,26191975294,0,0,5350,525000,7340951,7871301
turso,concurrent,32,1,11,26199846826,0,0,5590,509210,76717474,77232274
turso,concurrent,32,1,11,26277079382,0,0,5681,589671,6787919,7383271
turso,concurrent,32,1,11,26284462844,0,0,5140,744012,31926239,32675391
turso,concurrent,32,1,11,26317138455,0,0,5911,678339,64325429,65009679
turso,concurrent,32,1,11,26382150448,0,0,7835,582198,23779597,24369630
turso,concurrent,32,1,11,26406520358,0,0,6372,545599,218073016,218624987
turso,concurrent,32,1,11,26625145626,0,0,7023,548825,137098375,137654223
turso,concurrent,32,1,11,26762800129,0,0,5952,562230,145347569,145915751
turso,concurrent,32,1,11,26908716130,0,0,7404,589352,166621612,167218368
turso,concurrent,32,1,11,27075935039,0,0,18615,10839268,185236522,196094405
turso,concurrent,32,1,11,27272029834,0,0,6563,462842,56898385,57367790
turso,concurrent,32,1,11,27329397854,0,0,5530,950092,230441367,231396989
turso,concurrent,32,1,11,27560795084,0,0,5430,438938,155528285,155972653
turso,concurrent,32,1,11,27716768047,0,0,7304,477160,34527292,35011756
turso,concurrent,32,1,11,27751780034,0,0,5160,452964,48318035,48776159
turso,concurrent,32,1,11,27800556604,0,0,6202,473002,225440427,225919631
turso,concurrent,32,1,11,28026476486,0,0,5330,417778,199493924,199917032
turso,concurrent,32,1,11,28226393809,0,0,6712,513869,10942823,11463404
turso,concurrent,32,1,11,28237857414,0,0,4809,508789,850079512,850593110
turso,concurrent,32,1,11,29088450885,0,0,9177,6986724,123837921,130833822
turso,concurrent,32,1,11,29219284978,0,0,8857,1098671,138202838,139310366
turso,concurrent,32,1,11,29358595604,0,0,7454,493751,403554961,404056166
turso,concurrent,32,1,11,29762652030,0,0,8446,6971746,265687515,272667707
turso,concurrent,32,1,11,30035320087,0,0,5420,459277,132558665,133023362
turso,concurrent,32,1,11,30168343730,0,0,5841,504481,144655844,145166166
turso,concurrent,32,1,11,30313510237,0,0,7935,475236,61887692,62370863
turso,concurrent,32,1,11,30375881320,0,0,5991,661257,328792211,329459459
turso,concurrent,32,1,11,30705341111,0,0,10119,10183221,94332187,104525527
turso,concurrent,32,1,11,30809866979,0,0,6863,487990,32886620,33381473
turso,concurrent,32,1,11,30843248732,0,0,6953,760224,157328579,158095756
turso,concurrent,32,1,11,31001344729,0,0,6362,674692,268110945,268791999
turso,concurrent,32,1,11,31270136948,0,0,6072,482439,282510115,282998626
turso,concurrent,32,1,11,31553135835,0,0,6763,714246,176112789,176833798
turso,concurrent,32,1,11,31729969953,0,0,5550,439078,309394797,309839425
turso,concurrent,32,1,11,32039809679,0,0,10901,6389708,126584240,132984849
turso,concurrent,32,1,11,32172794809,0,0,6873,463945,93620785,94091603
turso,concurrent,32,1,11,32266886733,0,0,5911,461911,171620798,172088620
turso,concurrent,32,1,11,32438975684,0,0,5931,506375,62333442,62845748
turso,concurrent,32,1,11,32501821723,0,0,6923,550268,66522430,67079621
turso,concurrent,32,1,11,32568901565,0,0,5671,522224,134220289,134748184
turso,concurrent,32,1,11,32703649979,0,0,6382,502638,275087640,275596660
turso,concurrent,32,1,11,32979246859,0,0,6602,509862,85902052,86418516
turso,concurrent,32,1,12,62498,1,0,1125533,294485,15523390,16943408
turso,concurrent,32,1,12,17007098,1,0,7825,370108,471446463,471824396
turso,concurrent,32,1,12,488831884,1,0,6753,367032,372795532,373169317
turso,concurrent,32,1,12,862001472,1,0,29726,494623,136288077,136812426
turso,concurrent,32,1,12,998814428,1,0,8106,354017,83641270,84003393
turso,concurrent,32,1,12,1082818371,1,0,40636,538325,322930530,323509491
turso,concurrent,32,1,12,1406328123,1,0,6673,588299,173949840,174544812
turso,concurrent,32,1,12,1580873195,1,0,6623,486578,60619400,61112601
turso,concurrent,32,1,12,1641986036,1,0,8126,875671,71896263,72780060
turso,concurrent,32,1,12,1714766647,1,0,5591,611934,308669750,309287275
turso,concurrent,32,1,12,2024054182,1,0,6432,505934,541289464,541801830
turso,concurrent,32,1,12,2565856374,1,0,8125,3438243,10387296,13833664
turso,concurrent,32,1,12,2579690308,1,0,6042,526633,30230220,30762895
turso,concurrent,32,1,12,2610453454,1,0,5640,546411,91223185,91775236
turso,concurrent,32,1,12,2702229030,1,0,7074,927358,120928276,121862708
turso,concurrent,32,1,12,2824092089,1,0,5941,489262,175465979,175961182
turso,concurrent,32,1,12,3000053481,0,0,6282,782846,46187819,46976947
turso,concurrent,32,1,12,3047031090,0,0,6161,508800,68159457,68674418
turso,concurrent,32,1,12,3115705919,0,0,9508,444869,273457906,273912283
turso,concurrent,32,1,12,3389618483,0,0,8005,6914338,29902231,36824574
turso,concurrent,32,1,12,3426443348,0,0,6392,471459,124061263,124539114
turso,concurrent,32,1,12,3550982722,0,0,5451,506465,124615497,125127413
turso,concurrent,32,1,12,3676110386,0,0,11011,505162,162956281,163472454
turso,concurrent,32,1,12,3839583061,0,0,6051,536331,291083501,291625883
turso,concurrent,32,1,12,4131209144,0,0,5410,449849,558932431,559387690
turso,concurrent,32,1,12,4690597165,0,0,8396,6555450,81330903,87894749
turso,concurrent,32,1,12,4778492245,0,0,5580,452864,382431712,382890156
turso,concurrent,32,1,12,5161382661,0,0,6903,573832,525188786,525769521
turso,concurrent,32,1,12,5687152573,0,0,8035,3309230,9439759,12757024
turso,concurrent,32,1,12,5699909867,0,0,6092,461280,41464934,41932306
turso,concurrent,32,1,12,5741842433,0,0,5480,567701,458115326,458688507
turso,concurrent,32,1,12,6200531251,0,0,6863,561468,273227873,273796204
turso,concurrent,32,1,12,6474327996,0,0,17363,6296613,277253924,283567900
turso,concurrent,32,1,12,6757906125,0,0,7925,816620,106247073,107071618
turso,concurrent,32,1,12,6864977974,0,0,5731,499391,91799332,92304454
turso,concurrent,32,1,12,6957282638,0,0,5681,615561,14233708,14854950
turso,concurrent,32,1,12,6972137788,0,0,4599,464386,40208164,40677149
turso,concurrent,32,1,12,7012815167,0,0,4689,497568,15542466,16044723
turso,concurrent,32,1,12,7028860091,0,0,4839,514720,161778992,162298551
turso,concurrent,32,1,12,7191158892,0,0,6012,478131,264275333,264759476
turso,concurrent,32,1,12,7455918638,0,0,6593,463353,278960042,279429988
turso,concurrent,32,1,12,7735348906,0,0,9358,17596969,105832011,123438338
turso,concurrent,32,1,12,7858787555,0,0,6232,454377,35522138,35982747
turso,concurrent,32,1,12,7894770582,0,0,5841,492750,165202256,165700847
turso,concurrent,32,1,12,8060471669,0,0,6803,461420,63126879,63595102
turso,concurrent,32,1,12,8124067051,0,0,5200,475536,90427746,90908482
turso,concurrent,32,1,12,8214975803,0,0,6643,504952,134489416,135001011
turso,concurrent,32,1,12,8349977094,0,0,6182,512406,362707571,363226159
turso,concurrent,32,1,12,8713203523,0,0,8436,3356950,416574930,419940316
turso,concurrent,32,1,12,9133144119,0,0,6863,753531,85379407,86139801
turso,concurrent,32,1,12,9219284160,0,0,5551,511654,432665049,433182254
turso,concurrent,32,1,12,9652466785,0,0,11411,766676,239267699,240045786
turso,concurrent,32,1,12,9892512942,0,0,11532,10632047,889333657,899977236
turso,concurrent,32,1,12,10792490599,0,0,8576,505854,70758709,71273139
turso,concurrent,32,1,12,10863764138,0,0,11302,6450713,222543706,229005721
turso,concurrent,32,1,12,11092770229,0,0,6803,541141,195325063,195873007
turso,concurrent,32,1,12,11288643497,0,0,6472,493571,252183823,252683866
turso,concurrent,32,1,12,11541327644,0,0,5941,433087,145617427,146056455
turso,concurrent,32,1,12,11687384460,0,0,6623,525571,268068074,268600268
turso,concurrent,32,1,12,11955984948,0,0,6863,519890,201496541,202023294
turso,concurrent,32,1,12,12158008482,0,0,8366,6210079,277302797,283521242
turso,concurrent,32,1,12,12441529944,0,0,7294,503279,203685207,204195780
turso,concurrent,32,1,12,12645725995,0,0,6392,562380,251173338,251742110
turso,concurrent,32,1,12,12897468326,0,0,5680,449378,145913235,146368293
turso,concurrent,32,1,12,13043836840,0,0,6833,809226,22413321,23229380
turso,concurrent,32,1,12,13067067983,0,0,5651,601684,378722147,379329482
turso,concurrent,32,1,12,13446397946,0,0,8005,3286908,126123231,129418144
turso,concurrent,32,1,12,13575816370,0,0,6974,509831,37202908,37719713
turso,concurrent,32,1,12,13613536313,0,0,5510,529188,78236829,78771527
turso,concurrent,32,1,12,13692308080,0,0,5460,442624,133838569,134286653
turso,concurrent,32,1,12,13826594974,0,0,5911,421705,382689588,383117204
turso,concurrent,32,1,12,14209712559,0,0,7825,495795,362787331,363290951
turso,concurrent,32,1,12,14573003861,0,0,9127,9818002,129825031,139652160
turso,concurrent,32,1,12,14712656381,0,0,7795,644335,175832750,176484880
turso,concurrent,32,1,12,14889141522,0,0,6883,571317,373090919,373669119
turso,concurrent,32,1,12,15262810861,0,0,6692,512787,636299550,636819029
turso,concurrent,32,1,12,15899630152,0,0,8446,11528177,58712134,70248757
turso,concurrent,32,1,12,15969879179,0,0,6563,691223,56640338,57338124
turso,concurrent,32,1,12,16027217614,0,0,5811,455508,145462817,145924136
turso,concurrent,32,1,12,16173142010,0,0,5120,472711,110151225,110629056
turso,concurrent,32,1,12,16283771407,0,0,7484,603258,158360435,158971177
turso,concurrent,32,1,12,16442743105,0,0,9598,883566,85885942,86779106
turso,concurrent,32,1,12,16529522531,0,0,6332,567871,379627234,380201437
turso,concurrent,32,1,12,16909724198,0,0,8506,9074160,12395362,21478028
turso,concurrent,32,1,12,16931202627,0,0,5720,490746,174557455,175053921
turso,concurrent,32,1,12,17106256859,0,0,6462,510142,9125436,9642040
turso,concurrent,32,1,12,17115899150,0,0,5230,516604,8696988,9218822
turso,concurrent,32,1,12,17125118223,0,0,6071,663782,88860610,89530463
turso,concurrent,32,1,12,17214649007,0,0,7574,550668,74364107,74922349
turso,concurrent,32,1,12,17289571707,0,0,5851,504461,63056977,63567289
turso,concurrent,32,1,12,17353139296,0,0,5992,567740,392908266,393481998
turso,concurrent,32,1,12,17746621684,0,0,9649,3214851,123836409,127060909
turso,concurrent,32,1,12,17873682954,0,0,8636,3338686,67733304,71080626
turso,concurrent,32,1,12,17944763880,0,0,5140,488431,127502591,127996162
turso,concurrent,32,1,12,18072760333,0,0,6813,714327,165272318,165993458
turso,concurrent,32,1,12,18238754101,0,0,7605,566879,36816759,37391243
turso,concurrent,32,1,12,18276145555,0,0,5610,469976,253833074,254308660
turso,concurrent,32,1,12,18530454565,0,0,7795,622073,30598284,31228152
turso,concurrent,32,1,12,18561682988,0,0,5721,634145,146349098,146988964
turso,concurrent,32,1,12,18708672202,0,0,6593,468724,229003386,229478703
turso,concurrent,32,1,12,18938151165,0,0,6282,598709,16398890,17003881
turso,concurrent,32,1,12,18955155307,0,0,7765,23771402,91018800,114797967
turso,concurrent,32,1,12,19069953614,0,0,7074,6244544,95422493,101674111
turso,concurrent,32,1,12,19171628006,0,0,5600,543205,562892828,563441633
turso,concurrent,32,1,12,19735069980,0,0,6452,469585,130380138,130856175
turso,concurrent,32,1,12,19865926546,0,0,6812,3473680,90219453,93699945
turso,concurrent,32,1,12,19959626791,0,0,5631,526342,545824196,546356169
turso,concurrent,32,1,12,20505983240,0,0,8316,3998138,76380590,80387044
turso,concurrent,32,1,12,20586370514,0,0,5791,542382,78215469,78763642
turso,concurrent,32,1,12,20665134437,0,0,6041,446903,46560141,47013085
turso,concurrent,32,1,12,20712147913,0,0,5711,489983,246763894,247259588
turso,concurrent,32,1,12,20959407742,0,0,6542,606884,41110576,41724002
turso,concurrent,32,1,12,21001132005,0,0,5500,428799,195279568,195713867
turso,concurrent,32,1,12,21196846443,0,0,20338,760183,212841973,213622494
turso,concurrent,32,1,12,21410469217,0,0,7764,7318570,67716152,75042486
turso,concurrent,32,1,12,21485512054,0,0,6062,491076,89824788,90321926
turso,concurrent,32,1,12,21575834300,0,0,7353,699259,270569370,271275982
turso,concurrent,32,1,12,21847110574,0,0,11111,497848,52192662,52701621
turso,concurrent,32,1,12,21899812375,0,0,5240,478843,179495036,179979119
turso,concurrent,32,1,12,22079791774,0,0,6061,456601,511300118,511762780
turso,concurrent,32,1,12,22591554836,0,0,8155,3387708,84986736,88382599
turso,concurrent,32,1,12,22679937675,0,0,5551,614198,10779315,11399064
turso,concurrent,32,1,12,22691336939,0,0,5160,527184,112274689,112807033
turso,concurrent,32,1,12,22804144182,0,0,5821,498250,29003727,29507798
turso,concurrent,32,1,12,22833652241,0,0,5290,499271,23831075,24335636
turso,concurrent,32,1,12,22857988107,0,0,5951,559986,219629772,220195709
turso,concurrent,32,1,12,23078184207,0,0,6933,537794,20208393,20753120
turso,concurrent,32,1,12,23098937518,0,0,5280,498440,177504993,178008713
turso,concurrent,32,1,12,23276946481,0,0,6342,647742,106815224,107469308
turso,concurrent,32,1,12,23384417933,0,0,5411,490825,165833727,166329963
turso,concurrent,32,1,12,23550748246,0,0,7575,521042,170738445,171267062
turso,concurrent,32,1,12,23722015668,0,0,8547,7813442,24151870,31973859
turso,concurrent,32,1,12,23753989767,0,0,5380,702876,137954308,138662564
turso,concurrent,32,1,12,23892652562,0,0,7204,714827,150265472,150987503
turso,concurrent,32,1,12,24043640316,0,0,6252,458905,181023758,181488915
turso,concurrent,32,1,12,24225129532,0,0,6843,573190,185517151,186097184
turso,concurrent,32,1,12,24411226966,0,0,8156,658832,65507467,66174455
turso,concurrent,32,1,12,24477401672,0,0,6101,669773,67987814,68663688
turso,concurrent,32,1,12,24546065610,0,0,5661,1710175,33284750,35000586
turso,concurrent,32,1,12,24581066456,0,0,5661,533606,497206414,497745681
turso,concurrent,32,1,12,25078812367,0,0,8175,8766139,215220908,223995222
turso,concurrent,32,1,12,25302807841,0,0,7624,495845,463833699,464337168
turso,concurrent,32,1,12,25767145319,0,0,6843,430572,281222747,281660162
turso,concurrent,32,1,12,26048805682,0,0,8666,3976708,274169970,278155344
turso,concurrent,32,1,12,26326961266,0,0,6372,479004,73344153,73829529
turso,concurrent,32,1,12,26400791026,0,0,6151,580375,215265883,215852409
turso,concurrent,32,1,12,26616643695,0,0,6462,490335,139932679,140429476
turso,concurrent,32,1,12,26757073431,0,0,6162,543795,87361705,87911662
turso,concurrent,32,1,12,26844985323,0,0,5130,447814,340548660,341001604
turso,concurrent,32,1,12,27185987187,0,0,7825,954810,186872406,187835041
turso,concurrent,32,1,12,27373822559,0,0,6352,674662,97459123,98140137
turso,concurrent,32,1,12,27471963027,0,0,5671,413579,411030917,411450167
turso,concurrent,32,1,12,27883413554,0,0,6883,489813,148981361,149478057
turso,concurrent,32,1,12,28032891942,0,0,6652,539768,240706352,241252772
turso,concurrent,32,1,12,28274144966,0,0,7344,5288291,408097856,413393491
turso,concurrent,32,1,12,28687538707,0,0,5831,505934,787539671,788051436
turso,concurrent,32,1,12,29475590383,0,0,9007,5954187,58056909,64020103
turso,concurrent,32,1,12,29539610736,0,0,7274,9527444,164599259,174133977
turso,concurrent,32,1,12,29713745174,0,0,6122,472190,438603055,439081367
turso,concurrent,32,1,12,30152826791,0,0,6152,465017,394190473,394661642
turso,concurrent,32,1,12,30547488683,0,0,7013,551069,591106838,591664920
turso,concurrent,32,1,12,31139153944,0,0,8196,10495860,147175105,157679161
turso,concurrent,32,1,12,31296833335,0,0,6272,542924,45286580,45835776
turso,concurrent,32,1,12,31342669381,0,0,6131,469746,85374146,85850023
turso,concurrent,32,1,12,31428519626,0,0,5671,496586,502196653,502698910
turso,concurrent,32,1,12,31931218827,0,0,7955,6278739,162145232,168431926
turso,concurrent,32,1,12,32099651033,0,0,8105,623997,198533904,199166006
turso,concurrent,32,1,12,32298817299,0,0,7234,592107,315734912,316334253
turso,concurrent,32,1,12,32615151842,0,0,6513,651488,62185934,62843935
turso,concurrent,32,1,12,32677996027,0,0,5911,457953,78425054,78888918
turso,concurrent,32,1,12,32756885207,0,0,6211,472191,231055545,231533947
turso,concurrent,32,1,12,32988419404,0,0,6953,729025,63569223,64305201
turso,concurrent,32,1,13,92234,1,0,4243041,358015,711455370,716056426
turso,concurrent,32,1,13,716149040,1,0,6752,482360,63147928,63637040
turso,concurrent,32,1,13,779786442,1,0,7574,453906,85892725,86354205
turso,concurrent,32,1,13,866140877,1,0,7003,618276,56038713,56663992
turso,concurrent,32,1,13,922805170,1,0,5360,339330,406687366,407032056
turso,concurrent,32,1,13,1329837828,1,0,42319,6583003,201785525,208410847
turso,concurrent,32,1,13,1538248956,1,0,7334,698376,80099341,80805051
turso,concurrent,32,1,13,1619054268,1,0,7354,703686,16424439,17135479
turso,concurrent,32,1,13,1636190008,1,0,6111,549146,24698810,25254067
turso,concurrent,32,1,13,1661444626,1,0,5239,431724,10990273,11427236
turso,concurrent,32,1,13,1672872053,1,0,5080,497047,28610477,29112604
turso,concurrent,32,1,13,1701984867,1,0,6031,435371,43429478,43870880
turso,concurrent,32,1,13,1745855978,1,0,5290,399854,157073749,157478893
turso,concurrent,32,1,13,1903335121,1,0,6342,797524,38005832,38809698
turso,concurrent,32,1,13,1942145039,1,0,5591,425342,104980315,105411248
turso,concurrent,32,1,13,2047556517,1,0,6142,463223,181599013,182068378
turso,concurrent,32,1,13,2229625145,1,0,7064,7916527,180835323,188758914
turso,concurrent,32,1,13,2418384760,1,0,6843,640487,136427050,137074380
turso,concurrent,32,1,13,2555459460,1,0,5531,442614,189073707,189521852
turso,concurrent,32,1,13,2744981602,1,0,6863,498320,23464674,23969857
turso,concurrent,32,1,13,2768951679,1,0,5861,430782,13247679,13684322
turso,concurrent,32,1,13,2782636242,1,0,5580,316838,81807171,82129589
turso,concurrent,32,1,13,2864766071,1,0,6332,598388,172668965,173273685
turso,concurrent,32,1,13,3038040107,0,0,6422,511665,124579950,125098037
turso,concurrent,32,1,13,3163138445,0,0,7424,464376,23148117,23619917
turso,concurrent,32,1,13,3186758562,0,0,6252,3681211,130482610,134170073
turso,concurrent,32,1,13,3320928856,0,0,6853,3251691,703463080,706721624
turso,concurrent,32,1,13,4027650770,0,0,7213,594191,552719506,553320910
turso,concurrent,32,1,13,4580971901,0,0,8185,6227542,172547456,178783183
turso,concurrent,32,1,13,4759755355,0,0,6432,418970,332770984,333196386
turso,concurrent,32,1,13,5092952042,0,0,8206,824855,468521828,469354889
turso,concurrent,32,1,13,5562307192,0,0,7965,572209,108257784,108837958
turso,concurrent,32,1,13,5671145391,0,0,5460,509541,389868053,390383054
turso,concurrent,32,1,13,6061530659,0,0,7044,444287,43834903,44286234
turso,concurrent,32,1,13,6105817123,0,0,5791,442495,88149249,88597535
turso,concurrent,32,1,13,6194414928,0,0,5380,562611,73901905,74469896
turso,concurrent,32,1,13,6268885095,0,0,5280,485195,93183521,93673996
turso,concurrent,32,1,13,6362559332,0,0,5550,442835,383405819,383854204
turso,concurrent,32,1,13,6746413856,0,0,8065,7024645,100693693,107726403
turso,concurrent,32,1,13,6854140560,0,0,5390,513718,281599809,282118917
turso,concurrent,32,1,13,7136259737,0,0,6512,641079,37198299,37845890
turso,concurrent,32,1,13,7174106129,0,0,17843,559645,134987305,135564793
turso,concurrent,32,1,13,7309671242,0,0,6252,540860,22874301,23421413
turso,concurrent,32,1,13,7333092955,0,0,6583,714116,26561252,27281951
turso,concurrent,32,1,13,7360375107,0,0,5460,559806,98602799,99168065
turso,concurrent,32,1,13,7459543373,0,0,6302,538956,117239079,117784337
turso,concurrent,32,1,13,7577327970,0,0,7684,3582625,74228692,77819001
turso,concurrent,32,1,13,7655147232,0,0,8466,903895,132523599,133435960
turso,concurrent,32,1,13,7788583542,0,0,6683,574272,462745016,463325971
turso,concurrent,32,1,13,8251909764,0,0,6322,458044,165802838,166267204
turso,concurrent,32,1,13,8418177268,0,0,6201,509481,241062043,241577725
turso,concurrent,32,1,13,8659755274,0,0,7665,14507374,390555319,405070358
turso,concurrent,32,1,13,9064825882,0,0,6022,534888,372771657,373312567
turso,concurrent,32,1,13,9438138700,0,0,6252,543645,596714100,597263997
turso,concurrent,32,1,13,10035403038,0,0,8416,10189542,55078273,65276231
turso,concurrent,32,1,13,10100679569,0,0,5310,627624,123588541,124221475
turso,concurrent,32,1,13,10224901385,0,0,7013,547142,188710261,189264416
turso,concurrent,32,1,13,10414166062,0,0,5971,547763,26446746,27000480
turso,concurrent,32,1,13,10441166763,0,0,6672,642051,37023369,37672092
turso,concurrent,32,1,13,10478839085,0,0,4629,414712,133203351,133622692
turso,concurrent,32,1,13,10612462017,0,0,6683,590714,72398260,72995657
turso,concurrent,32,1,13,10685457944,0,0,5300,453916,49965963,50425179
turso,concurrent,32,1,13,10735883354,0,0,4739,488220,317555084,318048043
turso,concurrent,32,1,13,11053931637,0,0,7434,677197,50234530,50919161
turso,concurrent,32,1,13,11104851048,0,0,5611,519099,7314181,7838891
turso,concurrent,32,1,13,11112691522,0,0,5019,475627,59335480,59816126
turso,concurrent,32,1,13,11172508079,0,0,10139,584993,215759513,216354645
turso,concurrent,32,1,13,11388862975,0,0,6312,579022,172266556,172851890
turso,concurrent,32,1,13,11561715155,0,0,6102,488160,145727546,146221808
turso,concurrent,32,1,13,11707937193,0,0,7154,718565,142489159,143214878
turso,concurrent,32,1,13,11851152332,0,0,6382,433227,373546728,373986337
turso,concurrent,32,1,13,12225139030,0,0,8235,3052927,153853537,156914699
turso,concurrent,32,1,13,12382053979,0,0,5790,498230,78444811,78948831
turso,concurrent,32,1,13,12461003082,0,0,6452,488551,21641836,22136839
turso,concurrent,32,1,13,12483140162,0,0,5250,612385,41184946,41802581
turso,concurrent,32,1,13,12524942983,0,0,6272,591586,474180798,474778656
turso,concurrent,32,1,13,12999721999,0,0,6383,482960,251478444,251967787
turso,concurrent,32,1,13,13251690016,0,0,8055,11482882,344676743,356167680
turso,concurrent,32,1,13,13607858056,0,0,7133,512086,214156571,214675790
turso,concurrent,32,1,13,13822534107,0,0,6052,429019,217842361,218277432
turso,concurrent,32,1,13,14040811789,0,0,7193,637472,95532440,96177105
turso,concurrent,32,1,13,14136989156,0,0,5811,479895,84431770,84917476
turso,concurrent,32,1,13,14221906932,0,0,6132,486768,10132224,10625124
turso,concurrent,32,1,13,14232532257,0,0,5771,606884,19828848,20441503
turso,concurrent,32,1,13,14252974091,0,0,6231,6543729,41629384,48179344
turso,concurrent,32,1,13,14301153745,0,0,7855,12625136,97180487,109813478
turso,concurrent,32,1,13,14410967484,0,0,6232,530089,80219798,80756119
turso,concurrent,32,1,13,14491723823,0,0,7093,546380,146846936,147400409
turso,concurrent,32,1,13,14639124594,0,0,7504,485396,84439714,84932614
turso,concurrent,32,1,13,14724057478,0,0,5410,502878,170266916,170775204
turso,concurrent,32,1,13,14894832953,0,0,5851,520933,295360815,295887599
turso,concurrent,32,1,13,15190720813,0,0,7003,593229,12450155,13050387
turso,concurrent,32,1,13,15203771420,0,0,4849,428668,15779143,16212660
turso,concurrent,32,1,13,15219984350,0,0,6002,518608,280316428,280841038
turso,concurrent,32,1,13,15500825649,0,0,8516,1938415,71194721,73141652
turso,concurrent,32,1,13,15573967531,0,0,5450,489103,107514813,108009366
turso,concurrent,32,1,13,15681977268,0,0,7885,772206,76153170,76933261
turso,concurrent,32,1,13,15758910810,0,0,5730,505984,87424162,87935876
turso,concurrent,32,1,13,15846846957,0,0,6763,684320,104708442,105399525
turso,concurrent,32,1,13,15952246693,0,0,5911,512236,228302164,228820311
turso,concurrent,32,1,13,16181067274,0,0,5841,470637,40391901,40868379
turso,concurrent,32,1,13,16221935903,0,0,5350,510313,42922792,43438455
turso,concurrent,32,1,13,16265374609,0,0,6432,577770,478871332,479455534
turso,concurrent,32,1,13,16744830353,0,0,7824,7891871,592825889,600725584
turso,concurrent,32,1,13,17345556228,0,0,7364,494292,79793384,80295040
turso,concurrent,32,1,13,17425851508,0,0,5330,457683,91665730,92128743
turso,concurrent,32,1,13,17517980492,0,0,5701,584401,20705081,21295183
turso,concurrent,32,1,13,17539275875,0,0,4979,484714,138780257,139269950
turso,concurrent,32,1,13,17678546045,0,0,5811,468213,203737966,204211990
turso,concurrent,32,1,13,17882758266,0,0,7734,4742613,9909865,14660212
turso,concurrent,32,1,13,17897418749,0,0,5811,451812,758698949,759156572
turso,concurrent,32,1,13,18656575642,0,0,5901,586576,88496745,89089222
turso,concurrent,32,1,13,18745665074,0,0,5330,411927,338627016,339044273
turso,concurrent,32,1,13,19084709597,0,0,8717,7723062,122970526,130702305
turso,concurrent,32,1,13,19215412203,0,0,7905,592396,34299634,34899935
turso,concurrent,32,1,13,19250312368,0,0,6773,541762,47031129,47579664
turso,concurrent,32,1,13,19297892262,0,0,5550,480666,93288239,93774455
turso,concurrent,32,1,13,19391666918,0,0,5922,519589,123479436,124004947
turso,concurrent,32,1,13,19515672186,0,0,6552,463384,129009042,129478978
turso,concurrent,32,1,13,19645151485,0,0,7434,499121,149211314,149717869
turso,concurrent,32,1,13,19794869605,0,0,5440,492469,125102706,125600615
turso,concurrent,32,1,13,19920470490,0,0,5580,488401,173622463,174116444
turso,concurrent,32,1,13,20094587215,0,0,5831,380457,171590251,171976539
turso,concurrent,32,1,13,20266564005,0,0,7935,3480643,72091541,75580119
turso,concurrent,32,1,13,20342144415,0,0,6913,620530,739024964,739652407
turso,concurrent,32,1,13,21081797212,0,0,7344,586416,122969404,123563164
turso,concurrent,32,1,13,21205360957,0,0,16161,523467,225243717,225783345
turso,concurrent,32,1,13,21431144542,0,0,7995,12247173,76385448,88640616
turso,concurrent,32,1,13,21519785428,0,0,6132,510011,215262988,215779131
turso,concurrent,32,1,13,21735566142,0,0,6162,565055,77559392,78130609
turso,concurrent,32,1,13,21813696991,0,0,5891,483973,151851523,152341387
turso,concurrent,32,1,13,21966038598,0,0,5420,576026,64027667,64609113
turso,concurrent,32,1,13,22030647911,0,0,4509,434389,93907687,94346585
turso,concurrent,32,1,13,22124994716,0,0,5962,489242,30812498,31307702
turso,concurrent,32,1,13,22156302629,0,0,5851,531973,405580530,406118354
turso,concurrent,32,1,13,22562421273,0,0,9278,8289831,74183897,82483006
turso,concurrent,32,1,13,22644904569,0,0,6572,463855,149601019,150071446
turso,concurrent,32,1,13,22794976286,0,0,5811,475837,241234348,241715996
turso,concurrent,32,1,13,23036692582,0,0,6893,541281,115408187,115956361
turso,concurrent,32,1,13,23152649263,0,0,6953,808043,20549367,21364363
turso,concurrent,32,1,13,23174013868,0,0,6281,771635,85192515,85970431
turso,concurrent,32,1,13,23259984559,0,0,6743,511584,149460044,149978371
turso,concurrent,32,1,13,23409963290,0,0,7014,502116,119389364,119898494
turso,concurrent,32,1,13,23529862055,0,0,6211,531673,35394668,35932552
turso,concurrent,32,1,13,23565794867,0,0,5872,456140,167897447,168359459
turso,concurrent,32,1,13,23734154587,0,0,6652,3321193,101510402,104838247
turso,concurrent,32,1,13,23838993185,0,0,6402,644766,319682976,320334144
turso,concurrent,32,1,13,24159327569,0,0,5651,467772,153693205,154166628
turso,concurrent,32,1,13,24313494417,0,0,6152,686224,40408652,41101028
turso,concurrent,32,1,13,24354595696,0,0,5670,625369,35204139,35835178
turso,concurrent,32,1,13,24390431185,0,0,6232,484233,123053312,123543777
turso,concurrent,32,1,13,24513975303,0,0,6292,505894,76286010,76798196
turso,concurrent,32,1,13,24590773730,0,0,5851,623095,105985319,106614265
turso,concurrent,32,1,13,24697388316,0,0,6322,584141,131203570,131794033
turso,concurrent,32,1,13,24829182710,0,0,12674,3661033,87973698,91647405
turso,concurrent,32,1,13,24920830396,0,0,6352,511344,113522662,114040358
turso,concurrent,32,1,13,25034871074,0,0,7204,749513,144904524,145661241
turso,concurrent,32,1,13,25180532696,0,0,7023,428919,111852723,112288665
turso,concurrent,32,1,13,25292821621,0,0,5631,449287,84669528,85124446
turso,concurrent,32,1,13,25377946298,0,0,5710,467742,108585733,109059185
turso,concurrent,32,1,13,25487005724,0,0,6732,664954,158722559,159394245
turso,concurrent,32,1,13,25646400239,0,0,6212,673089,352478113,353157414
turso,concurrent,32,1,13,25999558053,0,0,14277,819916,17580178,18414371
turso,concurrent,32,1,13,26017972635,0,0,5089,475096,95755301,96235486
turso,concurrent,32,1,13,26114208401,0,0,5981,510252,146849822,147366055
turso,concurrent,32,1,13,26261574777,0,0,6643,498219,161452486,161957348
turso,concurrent,32,1,13,26423532506,0,0,7514,712503,530565104,531285121
turso,concurrent,32,1,13,26954817877,0,0,5611,462091,65572800,66040502
turso,concurrent,32,1,13,27020858950,0,0,19617,522005,16367812,16909434
turso,concurrent,32,1,13,27037768644,0,0,5670,471489,78899559,79376718
turso,concurrent,32,1,13,27117145623,0,0,7815,7525520,444287042,451820377
turso,concurrent,32,1,13,27568966240,0,0,6702,456431,25288913,25752046
turso,concurrent,32,1,13,27594718517,0,0,6052,536772,222549487,223092311
turso,concurrent,32,1,13,27817811138,0,0,7174,526613,25794927,26328714
turso,concurrent,32,1,13,27844140062,0,0,5270,445440,135089588,135540298
turso,concurrent,32,1,13,27979680580,0,0,6122,521653,365659768,366187543
turso,concurrent,32,1,13,28345868664,0,0,18865,6900411,344660984,351580260
turso,concurrent,32,1,13,28697449174,0,0,7003,544016,15752301,16303320
turso,concurrent,32,1,13,28713752715,0,0,5230,502046,173403110,173910386
turso,concurrent,32,1,13,28887663321,0,0,7093,526693,76605052,77138838
turso,concurrent,32,1,13,28964802671,0,0,5560,498400,189850651,190354611
turso,concurrent,32,1,13,29155157673,0,0,7043,534017,465869708,466410768
turso,concurrent,32,1,13,29621568811,0,0,10160,6317942,261894935,268223037
turso,concurrent,32,1,13,29889792098,0,0,7013,663181,519157003,519827197
turso,concurrent,32,1,13,30409619485,0,0,6873,614168,55440566,56061607
turso,concurrent,32,1,13,30465681372,0,0,4910,432986,86021828,86459724
turso,concurrent,32,1,13,30552141356,0,0,5751,668791,12328967,13003509
turso,concurrent,32,1,13,30565145075,0,0,5030,566458,42104189,42675677
turso,concurrent,32,1,13,30607821023,0,0,6592,562721,35515606,36084919
turso,concurrent,32,1,13,30643906393,0,0,16111,507136,127228345,127751592
turso,concurrent,32,1,13,30771658455,0,0,17172,6258030,163213185,169488387
turso,concurrent,32,1,13,30941147083,0,0,7203,603849,180270077,180881129
turso,concurrent,32,1,13,31122028413,0,0,4919,451852,31187656,31644427
turso,concurrent,32,1,13,31153673080,0,0,4819,465658,152654257,153124734
turso,concurrent,32,1,13,31306798084,0,0,5441,521292,73472767,73999500
turso,concurrent,32,1,13,31380797814,0,0,5881,699449,98635281,99340611
turso,concurrent,32,1,13,31480138665,0,0,5611,441552,157273066,157720229
turso,concurrent,32,1,13,31637859225,0,0,7093,563493,207207709,207778295
turso,concurrent,32,1,13,31845637820,0,0,7003,558213,37058596,37623812
turso,concurrent,32,1,13,31883261952,0,0,5631,424029,212455414,212885074
turso,concurrent,32,1,13,32096147346,0,0,7304,4192265,38537213,42736782
turso,concurrent,32,1,13,32138884379,0,0,5340,433047,62436046,62874433
turso,concurrent,32,1,13,32201759112,0,0,5631,695571,280281443,280982645
turso,concurrent,32,1,13,32482742027,0,0,6583,511945,472345979,472864507
turso,concurrent,32,1,13,32955606814,0,0,7123,565917,18680713,19253753
turso,concurrent,32,1,13,32974860879,0,0,5089,501266,84309609,84815964
turso,concurrent,32,1,14,261,1,0,25345591,503920,316568293,342417804
turso,concurrent,32,1,14,342418796,1,0,6342,373094,314690803,315070239
turso,concurrent,32,1,14,657489355,1,0,6473,337836,32295906,32640215
turso,concurrent,32,1,14,690129951,1,0,5420,321726,312757077,313084223
turso,concurrent,32,1,14,1003214425,1,0,7694,328169,179253180,179589043
turso,concurrent,32,1,14,1182804009,1,0,46858,7382029,81419550,88848437
turso,concurrent,32,1,14,1271652787,1,0,6182,497718,137613557,138117457
turso,concurrent,32,1,14,1409770464,1,0,6462,412999,272640986,273060447
turso,concurrent,32,1,14,1682831272,1,0,6652,484925,429847857,430339434
turso,concurrent,32,1,14,2113171497,1,0,7164,2712173,314275881,316995218
turso,concurrent,32,1,14,2430167056,1,0,5821,386669,95675060,96067550
turso,concurrent,32,1,14,2526234896,1,0,6573,466118,70139531,70612222
turso,concurrent,32,1,14,2596847379,1,0,5640,507137,349922444,350435221
turso,concurrent,32,1,14,2947282890,1,0,7555,523126,223871018,224401699
turso,concurrent,32,1,14,3171685120,0,0,10380,463594,199355163,199829137
turso,concurrent,32,1,14,3371514647,0,0,8746,2866966,199127543,202003255
turso,concurrent,32,1,14,3573518154,0,0,5941,428759,26328713,26763413
turso,concurrent,32,1,14,3600282239,0,0,6161,516494,8058886,8581541
turso,concurrent,32,1,14,3608863990,0,0,5350,688949,57931583,58625882
turso,concurrent,32,1,14,3667490122,0,0,5440,446071,61680181,62131692
turso,concurrent,32,1,14,3729622044,0,0,5821,516454,64993709,65515984
turso,concurrent,32,1,14,3795138268,0,0,6793,515913,31188136,31710842
turso,concurrent,32,1,14,3826849381,0,0,5069,464697,39245990,39715756
turso,concurrent,32,1,14,3866565387,0,0,6092,829083,89221250,90056425
turso,concurrent,32,1,14,3956622033,0,0,6312,622313,135261882,135890507
turso,concurrent,32,1,14,4092512751,0,0,5380,509471,521455957,521970808
turso,concurrent,32,1,14,4614483810,0,0,7684,3245850,84569029,87822563
turso,concurrent,32,1,14,4702306603,0,0,5321,423949,360398457,360827727
turso,concurrent,32,1,14,5063134590,0,0,6843,425422,259108010,259540275
turso,concurrent,32,1,14,5322675185,0,0,7444,470588,97448383,97926415
turso,concurrent,32,1,14,5420601950,0,0,13997,11315816,198847225,210177038
turso,concurrent,32,1,14,5630779249,0,0,6442,511685,11699099,12217226
turso,concurrent,32,1,14,5642996776,0,0,6532,475116,50779196,51260844
turso,concurrent,32,1,14,5694259163,0,0,5560,441994,119053510,119501064
turso,concurrent,32,1,14,5813760478,0,0,6532,531482,78842311,79380325
turso,concurrent,32,1,14,5893141073,0,0,5611,572570,34892581,35470762
turso,concurrent,32,1,14,5928612096,0,0,5300,400685,19825442,20231427
turso,concurrent,32,1,14,5948843763,0,0,5110,430702,74613727,75049539
turso,concurrent,32,1,14,6023893613,0,0,4579,420182,250644872,251069633
turso,concurrent,32,1,14,6274963536,0,0,5941,568031,79253346,79827318
turso,concurrent,32,1,14,6354791094,0,0,6332,581046,91786618,92373996
turso,concurrent,32,1,14,6447165360,0,0,9979,3460725,513087188,516557892
turso,concurrent,32,1,14,6963723513,0,0,8756,5943187,134162248,140114191
turso,concurrent,32,1,14,7103837955,0,0,5490,420212,125878249,126303951
turso,concurrent,32,1,14,7230142197,0,0,6031,442034,60555510,61003575
turso,concurrent,32,1,14,7291146032,0,0,6302,533075,105332800,105872177
turso,concurrent,32,1,14,7397018449,0,0,8146,772987,222822552,223603685
turso,concurrent,32,1,14,7620622424,0,0,6943,10007961,238861463,248876367
turso,concurrent,32,1,14,7869499052,0,0,7384,707514,327485859,328200757
turso,concurrent,32,1,14,8197700079,0,0,7414,516424,26186686,26710524
turso,concurrent,32,1,14,8224410884,0,0,6071,444639,224048573,224499283
turso,concurrent,32,1,14,8448910798,0,0,5791,505433,132904667,133415891
turso,concurrent,32,1,14,8582326950,0,0,5921,494532,34785861,35286314
turso,concurrent,32,1,14,8617613514,0,0,7534,5973534,122557918,128538986
turso,concurrent,32,1,14,8746152820,0,0,7614,6286684,137792924,144087222
turso,concurrent,32,1,14,8890240384,0,0,5901,451091,142100096,142557088
turso,concurrent,32,1,14,9032797702,0,0,6332,588790,48447290,49042412
turso,concurrent,32,1,14,9081840384,0,0,5931,436974,153286108,153729013
turso,concurrent,32,1,14,9235569637,0,0,5741,470247,45056225,45532213
turso,concurrent,32,1,14,9281102060,0,0,5189,443266,23633322,24081777
turso,concurrent,32,1,14,9305184178,0,0,5811,471399,34148358,34625568
turso,concurrent,32,1,14,9339809997,0,0,6081,506035,103217390,103729506
turso,concurrent,32,1,14,9443539754,0,0,6783,775863,74983053,75765699
turso,concurrent,32,1,14,9519305724,0,0,5851,512296,649345188,649863335
turso,concurrent,32,1,14,10169169400,0,0,9007,10002430,391645344,401656781
turso,concurrent,32,1,14,10570842642,0,0,7825,475256,196653459,197136540
turso,concurrent,32,1,14,10767979572,0,0,6302,472271,225780819,226259392
turso,concurrent,32,1,14,10994239295,0,0,7043,18224443,72565776,90797262
turso,concurrent,32,1,14,11085036848,0,0,5650,469786,582246622,582722058
turso,concurrent,32,1,14,11667759296,0,0,6673,600262,157029255,157636190
turso,concurrent,32,1,14,11825395777,0,0,7233,694750,147656102,148358085
turso,concurrent,32,1,14,11973754143,0,0,7083,564715,204662961,205234759
turso,concurrent,32,1,14,12178989152,0,0,7264,6492842,81486747,87986853
turso,concurrent,32,1,14,12266976276,0,0,7063,611894,243892229,244511186
turso,concurrent,32,1,14,12511487773,0,0,6402,525931,69699081,70231414
turso,concurrent,32,1,14,12581719417,0,0,5049,470948,32378622,32854619
turso,concurrent,32,1,14,12614574277,0,0,4589,417206,51810100,52231895
turso,concurrent,32,1,14,12666806383,0,0,4709,409372,70589459,71003540
turso,concurrent,32,1,14,12737810184,0,0,5179,464887,259074546,259544612
turso,concurrent,32,1,14,12997355076,0,0,6483,496827,63861443,64364753
turso,concurrent,32,1,14,13061720119,0,0,6772,466640,65370139,65843551
turso,concurrent,32,1,14,13127563961,0,0,5591,1134248,396386645,397526484
turso,concurrent,32,1,14,13525090765,0,0,6553,769951,110175411,110951915
turso,concurrent,32,1,14,13636042950,0,0,6342,709478,241420960,242136780
turso,concurrent,32,1,14,13878180010,0,0,6623,536311,232022679,232565613
turso,concurrent,32,1,14,14110745883,0,0,6001,539458,359804336,360349795
turso,concurrent,32,1,14,14471095999,0,0,12093,574363,39288430,39874886
turso,concurrent,32,1,14,14510971095,0,0,5761,597737,76700502,77304000
turso,concurrent,32,1,14,14588275296,0,0,4929,534978,106320002,106859909
turso,concurrent,32,1,14,14695135425,0,0,6192,697866,22503621,23207679
turso,concurrent,32,1,14,14718343304,0,0,5671,527114,24883459,25416244
turso,concurrent,32,1,14,14743759778,0,0,5881,558824,84730523,85295228
turso,concurrent,32,1,14,14829055226,0,0,5992,503309,21233797,21743098
turso,concurrent,32,1,14,14850798564,0,0,5451,499972,61685000,62190423
turso,concurrent,32,1,14,14912989388,0,0,6813,565576,62434693,63007082
turso,concurrent,32,1,14,14975996681,0,0,5751,468132,311481032,311954915
turso,concurrent,32,1,14,15287951816,0,0,6242,540920,53892947,54440109
turso,concurrent,32,1,14,15342392085,0,0,5671,498280,193079710,193583661
turso,concurrent,32,1,14,15535975986,0,0,7504,21790056,36375438,58172998
turso,concurrent,32,1,14,15594149404,0,0,6682,571378,185417773,185995833
turso,concurrent,32,1,14,15780145478,0,0,6513,638373,353033410,353678296
turso,concurrent,32,1,14,16133824055,0,0,6412,693187,100291293,100990892
turso,concurrent,32,1,14,16234815208,0,0,5460,501606,124893462,125400528
turso,concurrent,32,1,14,16360215936,0,0,5721,811911,9486658,10304290
turso,concurrent,32,1,14,16370520436,0,0,5490,646129,96736340,97387959
turso,concurrent,32,1,14,16467908736,0,0,7193,483702,39944007,40434902
turso,concurrent,32,1,14,16508343898,0,0,5681,564404,166490225,167060310
turso,concurrent,32,1,14,16675404488,0,0,10600,8256007,118354352,126620959
turso,concurrent,32,1,14,16802025768,0,0,5931,899436,191757768,192663135
turso,concurrent,32,1,14,16994689183,0,0,5330,489373,153960439,154455142
turso,concurrent,32,1,14,17149144596,0,0,6943,914163,493972758,494893864
turso,concurrent,32,1,14,17644038760,0,0,6713,688428,91606408,92301549
turso,concurrent,32,1,14,17736340519,0,0,8937,2557973,36241505,38808415
turso,concurrent,32,1,14,17775149144,0,0,6943,5573509,305041419,310621871
turso,concurrent,32,1,14,18085771426,0,0,6723,484894,132667300,133158917
turso,concurrent,32,1,14,18218930593,0,0,6301,516544,705355929,705878774
turso,concurrent,32,1,14,18924809659,0,0,7604,480827,62490378,62978809
turso,concurrent,32,1,14,18987788819,0,0,8245,6172449,419175473,425356167
turso,concurrent,32,1,14,19413145267,0,0,7544,653152,53330236,53990932
turso,concurrent,32,1,14,19467136410,0,0,5540,497889,183041062,183544491
turso,concurrent,32,1,14,19650681101,0,0,5951,545379,80313274,80864604
turso,concurrent,32,1,14,19731545945,0,0,5110,444728,160912808,161362646
turso,concurrent,32,1,14,19892908892,0,0,5851,487930,9694740,10188521
turso,concurrent,32,1,14,19903097623,0,0,5210,485065,94239001,94729276
turso,concurrent,32,1,14,19997827120,0,0,6342,584843,110483671,111074856
turso,concurrent,32,1,14,20108902207,0,0,7724,14576866,161648364,176232954
turso,concurrent,32,1,14,20285135582,0,0,7574,2737252,149085798,151830624
turso,concurrent,32,1,14,20436966436,0,0,5841,511855,220962585,221480281
turso,concurrent,32,1,14,20658447077,0,0,6342,451712,110640067,111098121
turso,concurrent,32,1,14,20769546711,0,0,7915,814666,37650952,38473533
turso,concurrent,32,1,14,20808020454,0,0,6322,660015,13746950,14413287
turso,concurrent,32,1,14,20822433982,0,0,5440,554165,349597802,350157407
turso,concurrent,32,1,14,21172591820,0,0,7504,534207,285347014,285888725
turso,concurrent,32,1,14,21458480796,0,0,7494,6110942,83038904,89157340
turso,concurrent,32,1,14,21547638426,0,0,5471,605892,506564860,507176223
turso,concurrent,32,1,14,22054814939,0,0,6442,429029,242554316,242989787
turso,concurrent,32,1,14,22297804928,0,0,5921,547592,449353015,449906528
turso,concurrent,32,1,14,22747711826,0,0,8776,9113494,136970484,146092754
turso,concurrent,32,1,14,22893804841,0,0,5160,689971,31152249,31847380
turso,concurrent,32,1,14,22925652431,0,0,5801,480015,95828739,96314555
turso,concurrent,32,1,14,23021967227,0,0,6272,513698,85292743,85812713
turso,concurrent,32,1,14,23107780221,0,0,6472,542964,131974794,132524230
turso,concurrent,32,1,14,23240304712,0,0,6873,607265,456069028,456683166
turso,concurrent,32,1,14,23696988309,0,0,14577,3586573,64563908,68165058
turso,concurrent,32,1,14,23765153787,0,0,6613,628705,102028520,102663838
turso,concurrent,32,1,14,23867817855,0,0,5841,530540,105558776,106095157
turso,concurrent,32,1,14,23973913232,0,0,6092,469295,130523017,130998404
turso,concurrent,32,1,14,24104911866,0,0,5430,497599,186520712,187023741
turso,concurrent,32,1,14,24291935858,0,0,5801,498630,128195889,128700320
turso,concurrent,32,1,14,24420636518,0,0,6202,588440,44465311,45059953
turso,concurrent,32,1,14,24465696681,0,0,6252,659834,27602766,28268852
turso,concurrent,32,1,14,24493965824,0,0,7214,591685,145619462,146218361
turso,concurrent,32,1,14,24640184446,0,0,6061,584672,51388816,51979549
turso,concurrent,32,1,14,24692164246,0,0,5911,581016,51815360,52402287
turso,concurrent,32,1,14,24744566733,0,0,5420,432115,117818943,118256478
turso,concurrent,32,1,14,24862823421,0,0,8266,5752005,115120245,120880516
turso,concurrent,32,1,14,24983704207,0,0,7324,653011,293295471,293955806
turso,concurrent,32,1,14,25277660354,0,0,6422,622514,313082310,313711246
turso,concurrent,32,1,14,25591371941,0,0,6171,459857,68444806,68910834
turso,concurrent,32,1,14,25660283056,0,0,5781,482790,145427740,145916311
turso,concurrent,32,1,14,25806199627,0,0,6111,464336,333424456,333894903
turso,concurrent,32,1,14,26140094872,0,0,7203,2482772,161721392,164211367
turso,concurrent,32,1,14,26304306500,0,0,6552,465007,38190670,38662229
turso,concurrent,32,1,14,26342969020,0,0,6232,566858,132198567,132771657
turso,concurrent,32,1,14,26475740917,0,0,5721,466469,406769361,407241551
turso,concurrent,32,1,14,26882982729,0,0,6863,527745,200348606,200883214
turso,concurrent,32,1,14,27083866424,0,0,20068,14118881,25526472,39665421
turso,concurrent,32,1,14,27123532245,0,0,13827,489573,31109157,31612557
turso,concurrent,32,1,14,27155145013,0,0,5280,467211,200835313,201307804
turso,concurrent,32,1,14,27356453138,0,0,6352,404342,31138964,31549658
turso,concurrent,32,1,14,27388003157,0,0,6612,520812,35301072,35828496
turso,concurrent,32,1,14,27423831893,0,0,6392,646069,160471526,161123987
turso,concurrent,32,1,14,27584956170,0,0,6933,503710,61319140,61829783
turso,concurrent,32,1,14,27646786214,0,0,6211,481478,125679584,126167273
turso,concurrent,32,1,14,27772953738,0,0,6743,669312,33258580,33934635
turso,concurrent,32,1,14,27806888563,0,0,5370,621722,153269917,153897009
turso,concurrent,32,1,14,27960785923,0,0,6944,538294,29512087,30057325
turso,concurrent,32,1,14,27990843589,0,0,7915,681174,22802375,23491464
turso,concurrent,32,1,14,28014335263,0,0,4769,470177,31574525,32049471
turso,concurrent,32,1,14,28046384994,0,0,6112,552291,20215878,20774281
turso,concurrent,32,1,14,28067159526,0,0,5049,445851,141181954,141632854
turso,concurrent,32,1,14,28208792681,0,0,7594,913833,180266741,181188168
turso,concurrent,32,1,14,28389981170,0,0,8877,10588154,113233216,123830247
turso,concurrent,32,1,14,28513811658,0,0,5961,534117,263466107,264006185
turso,concurrent,32,1,14,28777818093,0,0,5701,558773,50444556,51009030
turso,concurrent,32,1,14,28828827373,0,0,5641,510282,167285574,167801497
turso,concurrent,32,1,14,28996629151,0,0,6492,523567,136555011,137085070
turso,concurrent,32,1,14,29133714481,0,0,6843,577920,225573588,226158351
turso,concurrent,32,1,14,29359873043,0,0,5701,530760,49374819,49911280
turso,concurrent,32,1,14,29409784553,0,0,6703,463694,402164268,402634665
turso,concurrent,32,1,14,29812419499,0,0,7594,19780678,209430319,229218591
turso,concurrent,32,1,14,30041638310,0,0,7033,527384,28463871,28998288
turso,concurrent,32,1,14,30070636829,0,0,5691,509911,428010011,428525613
turso,concurrent,32,1,14,30499162753,0,0,7244,553824,15651742,16212810
turso,concurrent,32,1,14,30515375813,0,0,5180,617885,138530395,139153460
turso,concurrent,32,1,14,30654529784,0,0,12394,686574,33774293,34473261
turso,concurrent,32,1,14,30689003325,0,0,9087,9104216,86296325,95409628
turso,concurrent,32,1,14,30784413225,0,0,7955,3070590,123940064,127018609
turso,concurrent,32,1,14,30911432055,0,0,5941,491186,201752994,202250121
turso,concurrent,32,1,14,31113682396,0,0,5280,485055,105972987,106463322
turso,concurrent,32,1,14,31220146109,0,0,6853,590332,202868408,203465593
turso,concurrent,32,1,14,31423611992,0,0,6933,519550,155999293,156525776
turso,concurrent,32,1,14,31580137978,0,0,6091,478943,161354040,161839074
turso,concurrent,32,1,14,31741977354,0,0,6833,463193,21728440,22198466
turso,concurrent,32,1,14,31764176190,0,0,6262,474054,186295028,186775344
turso,concurrent,32,1,14,31950952105,0,0,12013,3631957,126251834,129895804
turso,concurrent,32,1,14,32080848240,0,0,6572,526373,153588627,154121572
turso,concurrent,32,1,14,32234970023,0,0,6302,430020,211729996,212166318
turso,concurrent,32,1,14,32447136562,0,0,6121,526022,410086616,410618759
turso,concurrent,32,1,14,32857755521,0,0,5560,499121,208848072,209352753
turso,concurrent,32,1,15,1212547,1,0,13109929,346453,710498596,723954978
turso,concurrent,32,1,15,725167846,1,0,7173,377302,18333068,18717543
turso,concurrent,32,1,15,743885649,1,0,5711,353947,123892335,124251993
turso,concurrent,32,1,15,868137892,1,0,5901,403511,263424559,263833971
turso,concurrent,32,1,15,1131972083,1,0,49213,4850335,130708667,135608215
turso,concurrent,32,1,15,1267580749,1,0,6041,482851,170073080,170561972
turso,concurrent,32,1,15,1438143001,1,0,5380,444008,75958433,76407821
turso,concurrent,32,1,15,1514551062,1,0,5821,458665,44135299,44599785
turso,concurrent,32,1,15,1559151107,1,0,5279,426795,41525017,41957091
turso,concurrent,32,1,15,1601108710,1,0,10560,551009,12029513,12591082
turso,concurrent,32,1,15,1613700032,1,0,5360,597146,105559427,106161933
turso,concurrent,32,1,15,1719862275,1,0,8636,965921,31303233,32277790
turso,concurrent,32,1,15,1752140307,1,0,5080,403490,127519404,127927974
turso,concurrent,32,1,15,1880068551,1,0,5761,462272,157616442,158084475
turso,concurrent,32,1,15,2038153347,1,0,7364,718485,108025476,108751325
turso,concurrent,32,1,15,2146904963,1,0,11602,3557057,105671508,109240167
turso,concurrent,32,1,15,2256145440,1,0,6613,447544,144205756,144659913
turso,concurrent,32,1,15,2400806064,1,0,6853,527485,147469189,148003527
turso,concurrent,32,1,15,2548809842,1,0,5991,680734,133060321,133747046
turso,concurrent,32,1,15,2682557138,1,0,7064,489052,134603350,135099466
turso,concurrent,32,1,15,2817656865,1,0,6402,468123,282261376,282735901
turso,concurrent,32,1,15,3100393026,0,0,5621,398401,117244800,117648822
turso,concurrent,32,1,15,3218042218,0,0,16091,4141098,115884756,120041945
turso,concurrent,32,1,15,3338084413,0,0,5911,443747,101866814,102316472
turso,concurrent,32,1,15,3440401116,0,0,6682,870001,140505790,141382473
turso,concurrent,32,1,15,3581783949,0,0,5451,438677,30342632,30786760
turso,concurrent,32,1,15,3612570990,0,0,6472,435842,27966171,28408485
turso,concurrent,32,1,15,3640979786,0,0,6332,597266,17211142,17814740
turso,concurrent,32,1,15,3658794757,0,0,5049,454647,107893719,108353415
turso,concurrent,32,1,15,3767148422,0,0,6142,485054,87481310,87972506
turso,concurrent,32,1,15,3855121259,0,0,5710,485316,10135421,10626447
turso,concurrent,32,1,15,3865747926,0,0,4849,482690,129583014,130070553
turso,concurrent,32,1,15,3995818740,0,0,5480,565146,131266188,131836814
turso,concurrent,32,1,15,4127657518,0,0,7333,511755,28248304,28767392
turso,concurrent,32,1,15,4156425140,0,0,6182,564625,80454821,81025628
turso,concurrent,32,1,15,4237451078,0,0,6382,577569,21107740,21691691
turso,concurrent,32,1,15,4259143049,0,0,7485,502767,6645962,7156214
turso,concurrent,32,1,15,4266299523,0,0,5771,695111,741833198,742534080
turso,concurrent,32,1,15,5008833934,0,0,7785,3255017,20968006,24230808
turso,concurrent,32,1,15,5033065083,0,0,5941,585003,70618635,71209579
turso,concurrent,32,1,15,5104275022,0,0,5431,377992,142835553,143218976
turso,concurrent,32,1,15,5247494318,0,0,5320,424611,69055037,69484968
turso,concurrent,32,1,15,5316979566,0,0,5701,437324,177570237,178013262
turso,concurrent,32,1,15,5494993158,0,0,7254,8672943,254173826,262854023
turso,concurrent,32,1,15,5757847511,0,0,8696,718114,234576594,235303404
turso,concurrent,32,1,15,5993151177,0,0,5931,442104,143378706,143826741
turso,concurrent,32,1,15,6136978179,0,0,5370,439559,287972184,288417113
turso,concurrent,32,1,15,6425395572,0,0,6753,529739,200402928,200939420
turso,concurrent,32,1,15,6626335253,0,0,7083,5336532,29003838,34347453
turso,concurrent,32,1,15,6660682967,0,0,6743,549506,154572463,155128712
turso,concurrent,32,1,15,6815812029,0,0,7374,724537,119961252,120693163
turso,concurrent,32,1,15,6936505392,0,0,6292,448826,47640488,48095606
turso,concurrent,32,1,15,6984601259,0,0,5700,427046,332794879,333227625
turso,concurrent,32,1,15,7317829114,0,0,6332,521674,99661125,100189131
turso,concurrent,32,1,15,7418018526,0,0,5200,492368,172339914,172837482
turso,concurrent,32,1,15,7590856359,0,0,8256,10805284,62805322,73618862
turso,concurrent,32,1,15,7664475641,0,0,6693,470056,15469469,15946218
turso,concurrent,32,1,15,7680422079,0,0,4479,458474,391059980,391522933
turso,concurrent,32,1,15,8071945433,0,0,6182,521112,400183905,400711199
turso,concurrent,32,1,15,8472657002,0,0,7565,590854,629876629,630475048
turso,concurrent,32,1,15,9103132702,0,0,7814,657841,183013459,183679114
turso,concurrent,32,1,15,9286812237,0,0,7595,542302,142608966,143158863
turso,concurrent,32,1,15,9429971370,0,0,6162,717252,587051471,587774885
turso,concurrent,32,1,15,10017746636,0,0,8836,5953706,892592833,898555375
turso,concurrent,32,1,15,10916302401,0,0,8496,6967718,66960406,73936620
turso,concurrent,32,1,15,10990240926,0,0,5811,466359,18428688,18900858
turso,concurrent,32,1,15,11009141985,0,0,4759,467491,19374672,19846922
turso,concurrent,32,1,15,11028989167,0,0,5701,603648,278852619,279461968
turso,concurrent,32,1,15,11308451375,0,0,7233,716541,140870678,141594452
turso,concurrent,32,1,15,11450046179,0,0,6442,472962,12615677,13095081
turso,concurrent,32,1,15,11463141440,0,0,4950,411656,165469981,165886587
turso,concurrent,32,1,15,11629028247,0,0,6462,474224,20111481,20592167
turso,concurrent,32,1,15,11649620625,0,0,5721,625429,453964099,454595249
turso,concurrent,32,1,15,12104216245,0,0,8586,12299371,207619646,219927603
turso,concurrent,32,1,15,12324144048,0,0,6131,673360,127006266,127685757
turso,concurrent,32,1,15,12451830056,0,0,6502,460318,83581837,84048657
turso,concurrent,32,1,15,12535878983,0,0,6332,556900,19703963,20267195
turso,concurrent,32,1,15,12556146459,0,0,6722,540339,232154067,232701128
turso,concurrent,32,1,15,12788847837,0,0,7194,500904,15603672,16111770
turso,concurrent,32,1,15,12804959827,0,0,4909,461771,30185466,30652146
turso,concurrent,32,1,15,12835612233,0,0,4538,458164,30758146,31220848
turso,concurrent,32,1,15,12866833342,0,0,5340,445250,13762570,14213160
turso,concurrent,32,1,15,12881046812,0,0,6933,483723,226592389,227083045
turso,concurrent,32,1,15,13108130108,0,0,10209,10244186,98106664,108361059
turso,concurrent,32,1,15,13216491488,0,0,8987,812963,38570706,39392656
turso,concurrent,32,1,15,13255884355,0,0,5470,604350,122401002,123010822
turso,concurrent,32,1,15,13378895427,0,0,6242,533697,293109540,293649479
turso,concurrent,32,1,15,13672545137,0,0,5690,430302,130127771,130563763
turso,concurrent,32,1,15,13803109191,0,0,12744,505623,32202079,32720446
turso,concurrent,32,1,15,13835829867,0,0,5671,452012,171864828,172322511
turso,concurrent,32,1,15,14008152649,0,0,6893,547452,10123509,10677854
turso,concurrent,32,1,15,14018830693,0,0,5220,447714,147336379,147789313
turso,concurrent,32,1,15,14166620227,0,0,7604,776514,461758636,462542754
turso,concurrent,32,1,15,14629163231,0,0,8697,7059501,395282242,402350440
turso,concurrent,32,1,15,15031513931,0,0,7735,639976,252981067,253628778
turso,concurrent,32,1,15,15285142910,0,0,6051,617985,96981162,97605198
turso,concurrent,32,1,15,15382748479,0,0,6963,485315,93544883,94037161
turso,concurrent,32,1,15,15476785931,0,0,7895,12442080,133180898,145630873
turso,concurrent,32,1,15,15622417185,0,0,6843,475406,55572374,56054623
turso,concurrent,32,1,15,15678472059,0,0,6282,509490,54152908,54668680
turso,concurrent,32,1,15,15733140959,0,0,6973,800099,180094446,180901518
turso,concurrent,32,1,15,15914042727,0,0,6062,527725,177404534,177938321
turso,concurrent,32,1,15,16091981358,0,0,6783,434690,20115980,20557453
turso,concurrent,32,1,15,16112539111,0,0,5460,443938,193705720,194155118
turso,concurrent,32,1,15,16306694459,0,0,5611,502407,117547431,118055449
turso,concurrent,32,1,15,16424750108,0,0,5871,515462,92866093,93387426
turso,concurrent,32,1,15,16518137765,0,0,6342,574163,786249266,786829771
turso,concurrent,32,1,15,17304967787,0,0,7815,3379161,504323504,507710480
turso,concurrent,32,1,15,17812678538,0,0,7534,13360030,27584112,40951676
turso,concurrent,32,1,15,17853630524,0,0,5501,435741,494649433,495090675
turso,concurrent,32,1,15,18348721520,0,0,6552,647771,147284311,147938634
turso,concurrent,32,1,15,18496660445,0,0,7965,815888,176746384,177570237
turso,concurrent,32,1,15,18674230932,0,0,6222,420112,102484659,102910993
turso,concurrent,32,1,15,18777142155,0,0,5902,517646,9969538,10493086
turso,concurrent,32,1,15,18787635441,0,0,4408,545950,99095799,99646157
turso,concurrent,32,1,15,18887281818,0,0,5671,447203,12499920,12952794
turso,concurrent,32,1,15,18900234822,0,0,5611,396798,99335291,99737700
turso,concurrent,32,1,15,18999972752,0,0,7454,5149931,147038257,152195642
turso,concurrent,32,1,15,19152168624,0,0,7053,627193,147514896,148149142
turso,concurrent,32,1,15,19300318046,0,0,6452,572560,144056866,144635878
turso,concurrent,32,1,15,19444954104,0,0,5761,514139,50364124,50884024
turso,concurrent,32,1,15,19495838368,0,0,4869,430973,46876909,47312751
turso,concurrent,32,1,15,19543151339,0,0,6282,414872,66433764,66854918
turso,concurrent,32,1,15,19610006477,0,0,5911,611113,193662419,194279443
turso,concurrent,32,1,15,19804286150,0,0,6152,525581,471025749,471557482
turso,concurrent,32,1,15,20275843912,0,0,8887,6323353,196191017,202523257
turso,concurrent,32,1,15,20478367439,0,0,6012,569534,463482987,464058533
turso,concurrent,32,1,15,20942426322,0,0,6792,594922,221958021,222559735
turso,concurrent,32,1,15,21164986309,0,0,6232,514089,239239887,239760208
turso,concurrent,32,1,15,21404747820,0,0,7604,6202445,309405427,315615476
turso,concurrent,32,1,15,21720363567,0,0,6923,577028,46392675,46976626
turso,concurrent,32,1,15,21767340394,0,0,5700,450470,35849496,36305666
turso,concurrent,32,1,15,21803646290,0,0,5611,477710,280763131,281246452
turso,concurrent,32,1,15,22084893083,0,0,6132,552832,406240454,406799418
turso,concurrent,32,1,15,22491693072,0,0,15089,4876394,406165593,411057076
turso,concurrent,32,1,15,22902750469,0,0,6883,477941,92748722,93233546
turso,concurrent,32,1,15,22995984285,0,0,6663,559254,114958339,115524256
turso,concurrent,32,1,15,23111508771,0,0,6473,644765,49660277,50311515
turso,concurrent,32,1,15,23161820537,0,0,5400,483421,72289966,72778787
turso,concurrent,32,1,15,23234599534,0,0,6082,573682,784684897,785264661
turso,concurrent,32,1,15,24019864405,0,0,7825,7263055,193717442,200988322
turso,concurrent,32,1,15,24220853008,0,0,6182,463213,27555447,28024842
turso,concurrent,32,1,15,24248878080,0,0,5560,497889,31756729,32260178
turso,concurrent,32,1,15,24281138489,0,0,5811,400275,98256196,98662282
turso,concurrent,32,1,15,24379801061,0,0,5902,455819,197340494,197802215
turso,concurrent,32,1,15,24577603526,0,0,6382,518618,202466088,202991088
turso,concurrent,32,1,15,24780594966,0,0,6031,607155,40305368,40918554
turso,concurrent,32,1,15,24821513740,0,0,6743,4457114,151986848,156450705
turso,concurrent,32,1,15,24977964735,0,0,6372,596014,542403054,543005440
turso,concurrent,32,1,15,25520970446,0,0,5921,507878,46619112,47132911
turso,concurrent,32,1,15,25568103688,0,0,7163,491387,41501873,42000423
turso,concurrent,32,1,15,25610104442,0,0,6272,580905,126439778,127026955
turso,concurrent,32,1,15,25737131627,0,0,5901,421194,49273297,49700392
turso,concurrent,32,1,15,25786832220,0,0,5600,492900,10638589,11137089
turso,concurrent,32,1,15,25797969580,0,0,7774,502618,26973450,27483842
turso,concurrent,32,1,15,25825453762,0,0,6813,489934,38828643,39325390
turso,concurrent,32,1,15,25864779402,0,0,5992,612384,142648150,143266526
turso,concurrent,32,1,15,26008046268,0,0,8667,1544101,1062095397,1063648165
turso,concurrent,32,1,15,27071694704,0,0,8456,7018523,237126863,244153842
turso,concurrent,32,1,15,27315848837,0,0,7394,551860,90891420,91450674
turso,concurrent,32,1,15,27407299751,0,0,6222,496015,103715550,104217787
turso,concurrent,32,1,15,27511517909,0,0,6773,430291,157098867,157535931
turso,concurrent,32,1,15,27669054120,0,0,5481,440611,441480661,441926753
turso,concurrent,32,1,15,28110981173,0,0,7164,492729,312659763,313159656
turso,concurrent,32,1,15,28424141080,0,0,8145,3586853,108434177,112029175
turso,concurrent,32,1,15,28536170536,0,0,5350,427797,35246789,35679936
turso,concurrent,32,1,15,28571850793,0,0,6051,492669,177222601,177721321
turso,concurrent,32,1,15,28749572324,0,0,5911,597046,173968014,174570971
turso,concurrent,32,1,15,28924143636,0,0,5821,531062,122470022,123006905
turso,concurrent,32,1,15,29047150862,0,0,7644,876272,148741349,149625265
turso,concurrent,32,1,15,29196776387,0,0,7174,730968,165895834,166633976
turso,concurrent,32,1,15,29363410613,0,0,5961,532454,77566666,78105081
turso,concurrent,32,1,15,29441515924,0,0,5541,481518,185270595,185757654
turso,concurrent,32,1,15,29627273909,0,0,8105,5364836,227456960,232829901
turso,concurrent,32,1,15,29860104090,0,0,6432,449077,28411070,28866579
turso,concurrent,32,1,15,29888970890,0,0,5701,519269,189719744,190244714
turso,concurrent,32,1,15,30079215865,0,0,5680,493822,106636538,107136040
turso,concurrent,32,1,15,30186352265,0,0,7485,562881,260787956,261358322
turso,concurrent,32,1,15,30447710918,0,0,6993,660696,138761752,139429441
turso,concurrent,32,1,15,30587140720,0,0,7744,673219,347217253,347898216
turso,concurrent,32,1,15,30935039207,0,0,9097,717273,115670341,116396711
turso,concurrent,32,1,15,31051436289,0,0,5550,434169,42032854,42472573
turso,concurrent,32,1,15,31093909103,0,0,5210,492228,33308575,33806013
turso,concurrent,32,1,15,31127715356,0,0,5149,530060,434893700,435428909
turso,concurrent,32,1,15,31563144607,0,0,6061,444308,174536736,174987105
turso,concurrent,32,1,15,31738131963,0,0,5390,449628,133097081,133552099
turso,concurrent,32,1,15,31871684252,0,0,7123,969538,268612912,269589573
turso,concurrent,32,1,15,32141274065,0,0,7715,8349623,252325220,260682558
turso,concurrent,32,1,15,32401956903,0,0,6803,593800,220179889,220780492
turso,concurrent,32,1,15,32622737706,0,0,7674,469726,17755428,18232828
turso,concurrent,32,1,15,32640970865,0,0,7274,554215,403659507,404220996
turso,concurrent,32,1,16,141,1,0,2422989,500724,725852276,728775989
turso,concurrent,32,1,16,728776630,1,0,6192,404753,306089946,306500891
turso,concurrent,32,1,16,1035277772,1,0,61065,3294672,348416935,351772672
turso,concurrent,32,1,16,1387050695,1,0,6823,603367,31993706,32603896
turso,concurrent,32,1,16,1419654801,1,0,6503,613797,60526606,61146906
turso,concurrent,32,1,16,1480802428,1,0,6142,480195,109047624,109533961
turso,concurrent,32,1,16,1590336679,1,0,5761,491898,150130257,150627916
turso,concurrent,32,1,16,1740964835,1,0,5611,477480,257359092,257842183
turso,concurrent,32,1,16,1998807348,1,0,7665,554516,201777389,202339570
turso,concurrent,32,1,16,2201147870,1,0,8136,4577130,262226870,266812136
turso,concurrent,32,1,16,2467960306,1,0,6632,448866,537335991,537791489
turso,concurrent,32,1,16,3005752046,0,0,7985,700521,90336183,91044689
turso,concurrent,32,1,16,3096796975,0,0,5109,461771,180598446,181065326
turso,concurrent,32,1,16,3277862552,0,0,7935,3595109,100050590,103653634
turso,concurrent,32,1,16,3381516396,0,0,5350,401938,95758066,96165354
turso,concurrent,32,1,16,3477681981,0,0,5791,497999,312623495,313127285
turso,concurrent,32,1,16,3790809496,0,0,6392,438467,96876485,97321344
turso,concurrent,32,1,16,3888131511,0,0,5430,452774,413332226,413790430
turso,concurrent,32,1,16,4301922271,0,0,8777,536822,114554868,115100467
turso,concurrent,32,1,16,4417022969,0,0,5280,456611,26010343,26472234
turso,concurrent,32,1,16,4443495474,0,0,5410,470527,54755013,55230950
turso,concurrent,32,1,16,4498726715,0,0,7825,573361,124841674,125422860
turso,concurrent,32,1,16,4624149885,0,0,6081,411105,92252737,92669923
turso,concurrent,32,1,16,4716820189,0,0,6362,511164,230463900,230981426
turso,concurrent,32,1,16,4947801835,0,0,6613,598789,198564151,199169553
turso,concurrent,32,1,16,5146971719,0,0,5771,428758,833168395,833602924
turso,concurrent,32,1,16,5980574904,0,0,7464,2165884,31734557,33907905
turso,concurrent,32,1,16,6014483029,0,0,5100,447644,104063957,104516701
turso,concurrent,32,1,16,6119000010,0,0,6623,459226,42510355,42976204
turso,concurrent,32,1,16,6161976514,0,0,6673,604840,21558480,22169993
turso,concurrent,32,1,16,6184146767,0,0,4188,427737,35561583,35993508
turso,concurrent,32,1,16,6220140475,0,0,5551,495824,295045922,295547297
turso,concurrent,32,1,16,6515688233,0,0,13105,10521248,554348869,564883222
turso,concurrent,32,1,16,7080573579,0,0,7213,516033,394502332,395025578
turso,concurrent,32,1,16,7475599397,0,0,6983,523617,480507118,481037718
turso,concurrent,32,1,16,7956637445,0,0,9047,4502550,7061004,11572601
turso,concurrent,32,1,16,7968210286,0,0,4990,441322,214117888,214564200
turso,concurrent,32,1,16,8182774747,0,0,6322,630699,46696779,47333800
turso,concurrent,32,1,16,8230108747,0,0,9638,434740,830592338,831036716
turso,concurrent,32,1,16,9061145753,0,0,8465,10160899,145898027,156067391
turso,concurrent,32,1,16,9217213386,0,0,6141,512116,129341880,129860137
turso,concurrent,32,1,16,9347073773,0,0,6913,584943,289561441,290153297
turso,concurrent,32,1,16,9637227320,0,0,6132,494953,81406506,81907591
turso,concurrent,32,1,16,9719135261,0,0,8176,14708683,65689220,80406079
turso,concurrent,32,1,16,9799541641,0,0,5791,533526,164536160,165075477
turso,concurrent,32,1,16,9964617479,0,0,7414,750334,207299042,208056790
turso,concurrent,32,1,16,10172674519,0,0,5891,520452,142935611,143461954
turso,concurrent,32,1,16,10316136803,0,0,6773,478102,219140859,219625734
turso,concurrent,32,1,16,10535762828,0,0,6242,516483,40249162,40771887
turso,concurrent,32,1,16,10576534975,0,0,5961,429049,757017799,757452809
turso,concurrent,32,1,16,11333988076,0,0,7945,3343665,36550748,39902358
turso,concurrent,32,1,16,11373890724,0,0,5210,474244,70588808,71068262
turso,concurrent,32,1,16,11444959297,0,0,6081,449258,55655641,56110980
turso,concurrent,32,1,16,11501070637,0,0,7104,499331,189444155,189950590
turso,concurrent,32,1,16,11691021508,0,0,6572,568092,191597846,192172510
turso,concurrent,32,1,16,11883194318,0,0,6132,479283,7286069,7771484
turso,concurrent,32,1,16,11890966022,0,0,4519,482810,108201138,108688467
turso,concurrent,32,1,16,11999654769,0,0,6882,6133275,62349563,68489720
turso,concurrent,32,1,16,12068144810,0,0,5841,465709,264171697,264643247
turso,concurrent,32,1,16,12332788477,0,0,6743,466800,69534401,70007944
turso,concurrent,32,1,16,12402796721,0,0,5801,443967,4500486,4950254
turso,concurrent,32,1,16,12407747175,0,0,4619,430973,341679251,342114843
turso,concurrent,32,1,16,12749862298,0,0,7014,649464,299360527,300017005
turso,concurrent,32,1,16,13049879634,0,0,7775,472020,105444971,105924766
turso,concurrent,32,1,16,13155804650,0,0,8657,3243976,703655463,706908096
turso,concurrent,32,1,16,13862714680,0,0,6752,559225,131172692,131738669
turso,concurrent,32,1,16,13994453569,0,0,6152,458384,95360266,95824802
turso,concurrent,32,1,16,14090278741,0,0,6752,714808,241949827,242671387
turso,concurrent,32,1,16,14332950440,0,0,9888,3574440,93445886,97030214
turso,concurrent,32,1,16,14429980955,0,0,6913,497428,172109079,172613420
turso,concurrent,32,1,16,14602594645,0,0,5711,485876,15866818,16358405
turso,concurrent,32,1,16,14618953260,0,0,4639,453435,341135456,341593530
turso,concurrent,32,1,16,14960547060,0,0,6162,498039,65423068,65927269
turso,concurrent,32,1,16,15026474559,0,0,5360,482029,78902003,79389392
turso,concurrent,32,1,16,15105864252,0,0,6973,811350,204603168,205421491
turso,concurrent,32,1,16,15311286064,0,0,6733,592947,20165213,20764893
turso,concurrent,32,1,16,15332051267,0,0,7154,707925,58474436,59189515
turso,concurrent,32,1,16,15391241002,0,0,6031,496467,122301975,122804473
turso,concurrent,32,1,16,15514045796,0,0,9067,1716426,175516825,177242318
turso,concurrent,32,1,16,15691288354,0,0,5961,496897,225161521,225664379
turso,concurrent,32,1,16,15916953015,0,0,6171,545890,157524108,158076169
turso,concurrent,32,1,16,16075029505,0,0,6162,469275,44925629,45401066
turso,concurrent,32,1,16,16120430831,0,0,5460,440701,81797173,82243334
turso,concurrent,32,1,16,16202674405,0,0,5791,416345,273374790,273796926
turso,concurrent,32,1,16,16476471571,0,0,5229,498180,137870691,138374100
turso,concurrent,32,1,16,16614845942,0,0,8045,10783944,395053781,405845770
turso,concurrent,32,1,16,17020692123,0,0,6793,470537,46101296,46578626
turso,concurrent,32,1,16,17067270959,0,0,5681,510583,6174161,6690425
turso,concurrent,32,1,16,17073961605,0,0,4899,522846,453100120,453627865
turso,concurrent,32,1,16,17527589750,0,0,5130,472320,400703424,401180874
turso,concurrent,32,1,16,17928770965,0,0,7354,4034667,172145087,176187108
turso,concurrent,32,1,16,18104958424,0,0,7184,473923,30315261,30796368
turso,concurrent,32,1,16,18135754992,0,0,5290,479875,39079907,39565072
turso,concurrent,32,1,16,18175320264,0,0,5521,730407,263742919,264478847
turso,concurrent,32,1,16,18439799431,0,0,7635,522335,95869555,96399525
turso,concurrent,32,1,16,18536199167,0,0,6582,657290,43494250,44158122
turso,concurrent,32,1,16,18580357539,0,0,6923,742941,29390096,30139960
turso,concurrent,32,1,16,18610497700,0,0,5520,432195,37037546,37475261
turso,concurrent,32,1,16,18647973182,0,0,5280,489964,162672676,163167920
turso,concurrent,32,1,16,18811141483,0,0,6492,455339,142534905,142996736
turso,concurrent,32,1,16,18954138570,0,0,6181,488682,137265400,137760263
turso,concurrent,32,1,16,19091899194,0,0,7784,6833906,14016458,20858148
turso,concurrent,32,1,16,19112757563,0,0,4729,473302,288157844,288635875
turso,concurrent,32,1,16,19401393729,0,0,6562,515462,15853022,16375046
turso,concurrent,32,1,16,19417768995,0,0,5070,486647,590714738,591206455
turso,concurrent,32,1,16,20008975791,0,0,7364,621181,46385162,47013707
turso,concurrent,32,1,16,20055990048,0,0,19677,836367,394626645,395482689
turso,concurrent,32,1,16,20451473179,0,0,8746,575606,85730619,86314971
turso,concurrent,32,1,16,20537788580,0,0,5942,510432,101369847,101886221
turso,concurrent,32,1,16,20639675062,0,0,6923,525751,314937248,315469922
turso,concurrent,32,1,16,20955145314,0,0,5991,456040,73536446,73998477
turso,concurrent,32,1,16,21029144012,0,0,6332,653883,72912220,73572435
turso,concurrent,32,1,16,21102716687,0,0,6182,624367,198292199,198922748
turso,concurrent,32,1,16,21301639825,0,0,10660,3573839,286246270,289830769
turso,concurrent,32,1,16,21591470974,0,0,7444,564445,295431919,296003808
turso,concurrent,32,1,16,21887474993,0,0,4769,464125,202202521,202671415
turso,concurrent,32,1,16,22090146859,0,0,6282,464336,5632820,6103438
turso,concurrent,32,1,16,22096250508,0,0,5921,704749,100722466,101433136
turso,concurrent,32,1,16,22197683885,0,0,6292,590393,104694466,105291151
turso,concurrent,32,1,16,22302975266,0,0,5731,513188,107344082,107863001
turso,concurrent,32,1,16,22410838477,0,0,7715,3555153,460352455,463915323
turso,concurrent,32,1,16,22874754130,0,0,7164,659754,115314270,115981188
turso,concurrent,32,1,16,22990735558,0,0,5831,460228,177124997,177591056
turso,concurrent,32,1,16,23168326975,0,0,6722,469696,81343907,81820325
turso,concurrent,32,1,16,23250147711,0,0,6913,653162,168964299,169624374
turso,concurrent,32,1,16,23419772426,0,0,5470,449287,77334177,77788934
turso,concurrent,32,1,16,23497561641,0,0,6292,480736,19754117,20241145
turso,concurrent,32,1,16,23517803007,0,0,5420,449057,34084989,34539466
turso,concurrent,32,1,16,23552342733,0,0,5781,664392,95458041,96128214
turso,concurrent,32,1,16,23648473041,0,0,8967,14819262,39444384,54272613
turso,concurrent,32,1,16,23702745885,0,0,5390,441883,71398124,71845397
turso,concurrent,32,1,16,23774591583,0,0,5109,525120,465707052,466237281
turso,concurrent,32,1,16,24240829194,0,0,6392,473283,364033460,364513135
turso,concurrent,32,1,16,24605342600,0,0,6773,675273,166262164,166944210
turso,concurrent,32,1,16,24772287211,0,0,6272,534287,67915207,68455766
turso,concurrent,32,1,16,24840743208,0,0,8346,7054721,461030003,468093070
turso,concurrent,32,1,16,25308836648,0,0,7454,708987,28262210,28978651
turso,concurrent,32,1,16,25337815549,0,0,5360,456090,56210447,56671897
turso,concurrent,32,1,16,25394487747,0,0,5470,442946,337779027,338227443
turso,concurrent,32,1,16,25732715450,0,0,7444,864620,47558063,48430127
turso,concurrent,32,1,16,25781145818,0,0,5811,507306,282031623,282544740
turso,concurrent,32,1,16,26063690869,0,0,9578,874749,384865481,385749808
turso,concurrent,32,1,16,26449440967,0,0,6162,430141,17274662,17710965
turso,concurrent,32,1,16,26467152152,0,0,4869,489974,102491132,102985975
turso,concurrent,32,1,16,26570138357,0,0,4739,529629,177128193,177662561
turso,concurrent,32,1,16,26747801188,0,0,5350,531783,47641230,48178363
turso,concurrent,32,1,16,26795979781,0,0,6442,872816,58590916,59470174
turso,concurrent,32,1,16,26855450165,0,0,5781,569213,390948531,391523525
turso,concurrent,32,1,16,27246973910,0,0,7945,3401233,39071551,42480729
turso,concurrent,32,1,16,27289454970,0,0,5921,483221,20044515,20533657
turso,concurrent,32,1,16,27309988897,0,0,5040,516945,223103120,223625105
turso,concurrent,32,1,16,27533614203,0,0,5170,447323,150900890,151353383
turso,concurrent,32,1,16,27684967846,0,0,5680,435501,60864142,61305323
turso,concurrent,32,1,16,27746273441,0,0,5370,462021,164602365,165069756
turso,concurrent,32,1,16,27911343458,0,0,6432,489663,88304362,88800457
turso,concurrent,32,1,16,28000144115,0,0,6122,454857,298198847,298659826
turso,concurrent,32,1,16,28298804201,0,0,9158,3908039,161259391,165176588
turso,concurrent,32,1,16,28463981170,0,0,6262,505112,88767295,89278669
turso,concurrent,32,1,16,28553260069,0,0,5130,456120,67370690,67831940
turso,concurrent,32,1,16,28621092290,0,0,5601,530930,260289037,260825568
turso,concurrent,32,1,16,28881918148,0,0,5911,539758,254167875,254713544
turso,concurrent,32,1,16,29136632012,0,0,7164,543715,190100974,190651853
turso,concurrent,32,1,16,29327284235,0,0,6733,571798,67257086,67835617
turso,concurrent,32,1,16,29395120073,0,0,6221,466961,29098637,29571819
turso,concurrent,32,1,16,29424692112,0,0,5240,458685,104404419,104868344
turso,concurrent,32,1,16,29529560736,0,0,7875,835496,174741362,175584733
turso,concurrent,32,1,16,29705145799,0,0,6231,496396,126784869,127287496
turso,concurrent,32,1,16,29832433576,0,0,6693,486898,48310231,48803822
turso,concurrent,32,1,16,29881237628,0,0,6022,709037,139860383,140575442
turso,concurrent,32,1,16,30021813310,0,0,6102,697635,31292964,31996701
turso,concurrent,32,1,16,30053810261,0,0,5200,492238,56053672,56551110
turso,concurrent,32,1,16,30110361702,0,0,5961,484814,588927679,589418454
turso,concurrent,32,1,16,30699780496,0,0,9157,21732058,76850815,98592030
turso,concurrent,32,1,16,30798372906,0,0,7965,666147,109513853,110187965
turso,concurrent,32,1,16,30908561141,0,0,6072,542843,109707248,110256163
turso,concurrent,32,1,16,31018817634,0,0,5750,467702,790739084,791212536
turso,concurrent,32,1,16,31810030701,0,0,15419,603828,151809463,152428710
turso,concurrent,32,1,16,31962459963,0,0,16251,4247659,90276180,94540090
turso,concurrent,32,1,16,32057000413,0,0,6633,488220,316919125,317413978
turso,concurrent,32,1,16,32374414682,0,0,6482,445109,52738280,53189871
turso,concurrent,32,1,16,32427604834,0,0,5630,436373,172543358,172985361
turso,concurrent,32,1,16,32600590466,0,0,5610,466230,248895643,249367483
turso,concurrent,32,1,16,32849958149,0,0,5159,446933,30386074,30838166
turso,concurrent,32,1,16,32880796537,0,0,5109,423228,10920932,11349269
turso,concurrent,32,1,16,32892146127,0,0,6953,509280,124035564,124551797
turso,concurrent,32,1,17,756297,1,0,7490483,609850,813149319,821249652
turso,concurrent,32,1,17,822006379,1,0,6933,473433,8850999,9331365
turso,concurrent,32,1,17,831337964,1,0,5300,411326,110025287,110441913
turso,concurrent,32,1,17,941780248,1,0,7174,411105,67320956,67739235
turso,concurrent,32,1,17,1009519754,1,0,7554,407489,142673647,143088690
turso,concurrent,32,1,17,1152609325,1,0,51427,465959,10714373,11231759
turso,concurrent,32,1,17,1163841334,1,0,5160,437535,91858102,92300797
turso,concurrent,32,1,17,1256142392,1,0,6612,489353,259496351,259992316
turso,concurrent,32,1,17,1516134959,1,0,5630,488802,50656365,51150797
turso,concurrent,32,1,17,1567286327,1,0,6142,473813,97376898,97856853
turso,concurrent,32,1,17,1665143461,1,0,6222,399633,104220362,104626217
turso,concurrent,32,1,17,1769769908,1,0,5651,408600,106375296,106789547
turso,concurrent,32,1,17,1876559685,1,0,5491,470827,143448148,143924466
turso,concurrent,32,1,17,2020484361,1,0,5371,482570,335227035,335714976
turso,concurrent,32,1,17,2356199597,1,0,8546,5464854,156628400,162101800
turso,concurrent,32,1,17,2518301697,1,0,6602,636881,56083879,56727362
turso,concurrent,32,1,17,2575029300,1,0,6613,446020,120341710,120794343
turso,concurrent,32,1,17,2695824374,1,0,6843,596475,210513041,211116359
turso,concurrent,32,1,17,2906941004,1,0,5711,449978,35245968,35701657
turso,concurrent,32,1,17,2942642891,1,0,5270,479174,161004451,161488895
turso,concurrent,32,1,17,3104132006,0,0,5340,404583,449367852,449777775
turso,concurrent,32,1,17,3553910032,0,0,7945,3306885,206417339,209732169
turso,concurrent,32,1,17,3763642522,0,0,6472,437335,55048686,55492493
turso,concurrent,32,1,17,3819135296,0,0,6893,570776,53211933,53789602
turso,concurrent,32,1,17,3872925129,0,0,5239,415674,18273285,18694198
turso,concurrent,32,1,17,3891619578,0,0,4629,390566,106825925,107221120
turso,concurrent,32,1,17,3998840948,0,0,4639,419511,153498037,153922187
turso,concurrent,32,1,17,4152763386,0,0,7764,544758,373435218,373987740
turso,concurrent,32,1,17,4526751376,0,0,9688,1269503,101824735,103103926
turso,concurrent,32,1,17,4629855584,0,0,7865,423578,215147150,215578593
turso,concurrent,32,1,17,4845434457,0,0,8877,700080,56390376,57099333
turso,concurrent,32,1,17,4902534081,0,0,7324,471859,293673805,294152988
turso,concurrent,32,1,17,5196687320,0,0,6923,502427,97411864,97921214
turso,concurrent,32,1,17,5294609947,0,0,6021,727913,387216594,387950528
turso,concurrent,32,1,17,5682560725,0,0,7995,5188183,97392287,102588465
turso,concurrent,32,1,17,5785149440,0,0,6082,421755,98297574,98725411
turso,concurrent,32,1,17,5883875052,0,0,5290,426734,331829690,332261714
turso,concurrent,32,1,17,6216137056,0,0,6743,505052,335854038,336365833
turso,concurrent,32,1,17,6552503209,0,0,9047,8530084,138790977,147330108
turso,concurrent,32,1,17,6699833537,0,0,6142,479864,137721841,138207847
turso,concurrent,32,1,17,6838041604,0,0,5972,430812,21383780,21820564
turso,concurrent,32,1,17,6859862368,0,0,6412,455509,172000555,172462476
turso,concurrent,32,1,17,7032325164,0,0,5771,473363,104921844,105400978
turso,concurrent,32,1,17,7137726473,0,0,5791,439268,302489848,302934907
turso,concurrent,32,1,17,7440661630,0,0,7194,566969,396068885,396643048
turso,concurrent,32,1,17,7837304919,0,0,8486,4400387,49066006,53474879
turso,concurrent,32,1,17,7890780078,0,0,6132,444538,17443801,17894471
turso,concurrent,32,1,17,7908674789,0,0,5290,504692,310959077,311469059
turso,concurrent,32,1,17,8220144148,0,0,6463,525961,325288245,325820669
turso,concurrent,32,1,17,8545965128,0,0,7564,536392,326851673,327395629
turso,concurrent,32,1,17,8873361007,0,0,7314,13852830,50319019,64179163
turso,concurrent,32,1,17,8937540450,0,0,7585,552001,257608772,258168358
turso,concurrent,32,1,17,9195709048,0,0,6112,428528,98998075,99432715
turso,concurrent,32,1,17,9295141984,0,0,6021,490324,214301696,214798041
turso,concurrent,32,1,17,9509940285,0,0,6793,523878,39098482,39629153
turso,concurrent,32,1,17,9549569668,0,0,5751,417357,56950442,57373550
turso,concurrent,32,1,17,9606943499,0,0,5730,449979,331518563,331974272
turso,concurrent,32,1,17,9938918071,0,0,8606,7063719,24384078,31456403
turso,concurrent,32,1,17,9970374664,0,0,6492,923482,82838515,83768489
turso,concurrent,32,1,17,10054143434,0,0,6121,531202,1020336990,1020874313
turso,concurrent,32,1,17,11075018057,0,0,7324,514149,62449922,62971395
turso,concurrent,32,1,17,11137989672,0,0,6061,568141,319718954,320293156
turso,concurrent,32,1,17,11458283120,0,0,6202,464185,205374693,205845080
turso,concurrent,32,1,17,11664128400,0,0,5390,457733,82494427,82957550
turso,concurrent,32,1,17,11747086170,0,0,5661,435662,96327309,96768632
turso,concurrent,32,1,17,11843856745,0,0,6853,646600,29547293,30200746
turso,concurrent,32,1,17,11874057761,0,0,6031,467882,94800982,95274895
turso,concurrent,32,1,17,11969332896,0,0,6783,516674,147815823,148339280
turso,concurrent,32,1,17,12117672407,0,0,8205,4921911,205542269,210472385
turso,concurrent,32,1,17,12328145052,0,0,6242,463825,74863678,75333745
turso,concurrent,32,1,17,12403479038,0,0,5440,442815,286216002,286664257
turso,concurrent,32,1,17,12690143526,0,0,6332,498710,318912183,319417225
turso,concurrent,32,1,17,13009560951,0,0,6372,654915,75929659,76590946
turso,concurrent,32,1,17,13086152347,0,0,10950,594331,568676925,569282206
turso,concurrent,32,1,17,13655434904,0,0,8055,3323717,101325303,104657075
turso,concurrent,32,1,17,13760092210,0,0,5330,445030,239029761,239480121
turso,concurrent,32,1,17,13999572581,0,0,6362,483542,151784767,152274671
turso,concurrent,32,1,17,14151847492,0,0,6032,543835,34532412,35082279
turso,concurrent,32,1,17,14186930001,0,0,32070,680964,317232225,317945259
turso,concurrent,32,1,17,14504875612,0,0,8606,591816,23881720,24482142
turso,concurrent,32,1,17,14529358055,0,0,7233,523938,304844277,305375448
turso,concurrent,32,1,17,14834733784,0,0,5821,451841,49415876,49873538
turso,concurrent,32,1,17,14884607583,0,0,5791,429319,356775596,357210706
turso,concurrent,32,1,17,15241818690,0,0,7123,521814,74683489,75212426
turso,concurrent,32,1,17,15317031367,0,0,6913,859130,6219917,7085960
turso,concurrent,32,1,17,15324117598,0,0,5210,571107,277122146,277698463
turso,concurrent,32,1,17,15601816321,0,0,8346,6318834,104842215,111169395
turso,concurrent,32,1,17,15712985976,0,0,6202,1517702,38685924,40209828
turso,concurrent,32,1,17,15753196024,0,0,5571,527414,10888942,11421927
turso,concurrent,32,1,17,15764618191,0,0,5160,496586,248854897,249356643
turso,concurrent,32,1,17,16013975124,0,0,6763,467502,32236733,32710998
turso,concurrent,32,1,17,16046686343,0,0,4869,451000,199434903,199890772
turso,concurrent,32,1,17,16246577366,0,0,5630,426505,45953036,46385171
turso,concurrent,32,1,17,16292962838,0,0,6262,441222,136731973,137179457
turso,concurrent,32,1,17,16430142616,0,0,6111,477311,70506182,70989604
turso,concurrent,32,1,17,16501132540,0,0,6482,508819,117223039,117738340
turso,concurrent,32,1,17,16618871332,0,0,18595,10315621,348773247,359107463
turso,concurrent,32,1,17,16977979075,0,0,6433,504882,89474688,89986003
turso,concurrent,32,1,17,17067965328,0,0,6281,553093,66195274,66754648
turso,concurrent,32,1,17,17134720248,0,0,6452,552161,57432271,57990884
turso,concurrent,32,1,17,17192711352,0,0,5500,473583,254988071,255467154
turso,concurrent,32,1,17,17448178887,0,0,7314,490305,16176812,16674431
turso,concurrent,32,1,17,17464853619,0,0,6582,517546,56486668,57010796
turso,concurrent,32,1,17,17521864625,0,0,5651,633134,109464460,110103245
turso,concurrent,32,1,17,17631968190,0,0,7394,539067,247296077,247842538
turso,concurrent,32,1,17,17879811019,0,0,7885,663701,562869796,563541382
turso,concurrent,32,1,17,18443352671,0,0,7684,501867,63904204,64413755
turso,concurrent,32,1,17,18507766636,0,0,6553,651669,61971920,62630142
turso,concurrent,32,1,17,18570397028,0,0,6142,665966,67726802,68398910
turso,concurrent,32,1,17,18638796208,0,0,6001,512347,47822801,48341149
turso,concurrent,32,1,17,18687137598,0,0,5140,592296,184084800,184682236
turso,concurrent,32,1,17,18871820065,0,0,6221,414071,93993499,94413791
turso,concurrent,32,1,17,18966234107,0,0,6993,5947654,378953864,384908511
turso,concurrent,32,1,17,19351142838,0,0,8036,2385969,147253512,149647517
turso,concurrent,32,1,17,19500790766,0,0,5460,442575,8750510,9198545
turso,concurrent,32,1,17,19509989551,0,0,4839,406988,52268995,52680822
turso,concurrent,32,1,17,19562670633,0,0,8446,724596,40045207,40778249
turso,concurrent,32,1,17,19603449153,0,0,6112,590984,171683487,172280583
turso,concurrent,32,1,17,19775729966,0,0,6893,757368,172643788,173408049
turso,concurrent,32,1,17,19949138265,0,0,6242,544737,42450743,43001722
turso,concurrent,32,1,17,19992140187,0,0,5350,448506,203611768,204065624
turso,concurrent,32,1,17,20196206082,0,0,7273,8153454,21880868,30041595
turso,concurrent,32,1,17,20226247947,0,0,5210,431053,44959132,45395395
turso,concurrent,32,1,17,20271643563,0,0,6041,518137,44317593,44841771
turso,concurrent,32,1,17,20316485574,0,0,6001,510152,9480857,9997010
turso,concurrent,32,1,17,20326482844,0,0,5320,592898,93272520,93870738
turso,concurrent,32,1,17,20420353832,0,0,6673,553343,88227898,88787914
turso,concurrent,32,1,17,20509142016,0,0,6763,747309,302247902,303001974
turso,concurrent,32,1,17,20812144260,0,0,6643,664242,338040370,338711255
turso,concurrent,32,1,17,21150856958,0,0,6552,518648,207449996,207975196
turso,concurrent,32,1,17,21358832404,0,0,8396,11810329,174013690,185832415
turso,concurrent,32,1,17,21544665210,0,0,6001,482250,360656834,361145085
turso,concurrent,32,1,17,21905810625,0,0,6743,516163,100887227,101410133
turso,concurrent,32,1,17,22007221069,0,0,5671,579893,16074249,16659813
turso,concurrent,32,1,17,22023881142,0,0,5159,563733,154715883,155284775
turso,concurrent,32,1,17,22179166139,0,0,5901,438607,100532278,100976786
turso,concurrent,32,1,17,22280143165,0,0,6673,588780,228696898,229292351
turso,concurrent,32,1,17,22509435857,0,0,10149,3473409,203247192,206730750
turso,concurrent,32,1,17,22716166867,0,0,7244,659052,765963919,766630215
turso,concurrent,32,1,17,23482797352,0,0,7234,439719,170932360,171379313
turso,concurrent,32,1,17,23654176885,0,0,7755,4199679,84583115,88790549
turso,concurrent,32,1,17,23742967695,0,0,5781,465778,73279752,73751311
turso,concurrent,32,1,17,23816719236,0,0,5921,474144,155665404,156145469
turso,concurrent,32,1,17,23972865036,0,0,7073,636490,64417032,65060595
turso,concurrent,32,1,17,24037925881,0,0,6813,574112,625919479,626500404
turso,concurrent,32,1,17,24664426545,0,0,7905,670244,65114756,65792905
turso,concurrent,32,1,17,24730219711,0,0,4999,410174,31071276,31486449
turso,concurrent,32,1,17,24761706651,0,0,18324,581196,237388787,237988307
turso,concurrent,32,1,17,24999695209,0,0,8336,2334652,510001810,512344798
turso,concurrent,32,1,17,25512040348,0,0,6712,488011,10395150,10889873
turso,concurrent,32,1,17,25522930492,0,0,5360,517726,146680332,147203418
turso,concurrent,32,1,17,25670134110,0,0,5661,437134,323127541,323570336
turso,concurrent,32,1,17,25993704957,0,0,17994,4809659,38855053,43682706
turso,concurrent,32,1,17,26037387993,0,0,6673,461470,82798600,83266743
turso,concurrent,32,1,17,26120654997,0,0,6262,595102,92789709,93391073
turso,concurrent,32,1,17,26214046270,0,0,6082,680493,300578494,301265069
turso,concurrent,32,1,17,26515311589,0,0,6743,447143,381284779,381738665
turso,concurrent,32,1,17,26897050585,0,0,7864,641841,327029287,327678992
turso,concurrent,32,1,17,27224729838,0,0,8376,527544,232872822,233408742
turso,concurrent,32,1,17,27458138821,0,0,6091,452574,26396030,26854695
turso,concurrent,32,1,17,27484993747,0,0,6091,498360,192801395,193305846
turso,concurrent,32,1,17,27678299884,0,0,5640,445060,276292952,276743652
turso,concurrent,32,1,17,27955043916,0,0,6482,507867,81349849,81864198
turso,concurrent,32,1,17,28036908336,0,0,5590,468904,35141241,35615735
turso,concurrent,32,1,17,28072524371,0,0,6492,535680,52081903,52624075
turso,concurrent,32,1,17,28125148767,0,0,6843,448425,63170471,63625739
turso,concurrent,32,1,17,28188774846,0,0,6191,519129,106492927,107018247
turso,concurrent,32,1,17,28295793324,0,0,8256,3834781,208268790,212111827
turso,concurrent,32,1,17,28507905441,0,0,6202,485205,257624913,258116320
turso,concurrent,32,1,17,28766021991,0,0,6382,578942,238250181,238835505
turso,concurrent,32,1,17,29004857766,0,0,7003,522947,292752948,293282898
turso,concurrent,32,1,17,29298140894,0,0,4559,424741,36211007,36640307
turso,concurrent,32,1,17,29334781411,0,0,5381,525340,125660118,126190839
turso,concurrent,32,1,17,29460972590,0,0,6172,590473,173237397,173834042
turso,concurrent,32,1,17,29634806953,0,0,10219,12866621,399698308,412575148
turso,concurrent,32,1,17,30047382351,0,0,8106,559665,225632450,226200221
turso,concurrent,32,1,17,30273582792,0,0,6653,412207,248443411,248862271
turso,concurrent,32,1,17,30522445353,0,0,5701,502347,96858200,97366248
turso,concurrent,32,1,17,30619811942,0,0,6432,547953,134632035,135186420
turso,concurrent,32,1,17,30754998652,0,0,7635,3432883,131204221,134644739
turso,concurrent,32,1,17,30889643611,0,0,6853,679672,54384143,55070668
turso,concurrent,32,1,17,30944714510,0,0,6582,631521,141442326,142080429
turso,concurrent,32,1,17,31086795199,0,0,6132,438767,145397644,145842543
turso,concurrent,32,1,17,31232637962,0,0,5872,539326,135980196,136525394
turso,concurrent,32,1,17,31369163607,0,0,5520,455840,89021204,89482564
turso,concurrent,32,1,17,31458646451,0,0,5921,504872,129588355,130099148
turso,concurrent,32,1,17,31588745889,0,0,6413,663611,165448811,166118835
turso,concurrent,32,1,17,31754864934,0,0,6462,481799,290211836,290700097
turso,concurrent,32,1,17,32045565312,0,0,6993,11921218,213781925,225710136
turso,concurrent,32,1,17,32271275779,0,0,7504,488391,93609344,94105239
turso,concurrent,32,1,17,32365381389,0,0,6221,447474,103893767,104347462
turso,concurrent,32,1,17,32469729071,0,0,5751,476378,104388960,104871089
turso,concurrent,32,1,17,32574600400,0,0,6172,583330,96895401,97484903
turso,concurrent,32,1,17,32672085613,0,0,5871,479134,78186624,78671629
turso,concurrent,32,1,17,32750757483,0,0,6191,578691,31459007,32043889
turso,concurrent,32,1,17,32782801623,0,0,6101,479945,34848609,35334655
turso,concurrent,32,1,17,32818136479,0,0,5099,409552,209817270,210231921
turso,concurrent,32,1,18,1188862,1,0,17145298,562842,748711297,766419437
turso,concurrent,32,1,18,767608720,1,0,7304,420453,140888050,141315807
turso,concurrent,32,1,18,908924838,1,0,6262,354498,304192037,304552797
turso,concurrent,32,1,18,1213477856,1,0,46187,1298819,106241563,107586569
turso,concurrent,32,1,18,1321064756,1,0,6582,420864,58275350,58702796
turso,concurrent,32,1,18,1379768253,1,0,7224,563583,214372929,214943736
turso,concurrent,32,1,18,1594712260,1,0,4919,472942,593776501,594254362
turso,concurrent,32,1,18,2188966953,1,0,8706,3296416,821421085,824726207
turso,concurrent,32,1,18,3013693440,0,0,7594,838932,41232626,42079152
turso,concurrent,32,1,18,3055773584,0,0,6422,492509,43411294,43910225
turso,concurrent,32,1,18,3099684109,0,0,8096,632773,27487048,28127917
turso,concurrent,32,1,18,3127812336,0,0,7094,421725,127409315,127838134
turso,concurrent,32,1,18,3255650721,0,0,7103,6202786,203099383,209309272
turso,concurrent,32,1,18,3464960203,0,0,5661,476228,308165389,308647278
turso,concurrent,32,1,18,3773607752,0,0,7424,552101,78072929,78632454
turso,concurrent,32,1,18,3852240437,0,0,5280,452894,333265116,333723290
turso,concurrent,32,1,18,4185963997,0,0,5691,479865,29433979,29919535
turso,concurrent,32,1,18,4215884634,0,0,5921,446973,270028370,270481264
turso,concurrent,32,1,18,4486366248,0,0,8045,4107986,129980774,134096805
turso,concurrent,32,1,18,4620463284,0,0,6743,755765,61123741,61886249
turso,concurrent,32,1,18,4682349724,0,0,5811,451130,1087809853,1088266794
turso,concurrent,32,1,18,5770616748,0,0,7765,2510373,235647114,238165252
turso,concurrent,32,1,18,6008782260,0,0,6192,485225,591623120,592114537
turso,concurrent,32,1,18,6600897108,0,0,7955,8195573,414048797,422252325
turso,concurrent,32,1,18,7023149724,0,0,6272,499922,406487159,406993353
turso,concurrent,32,1,18,7430143328,0,0,7173,582388,220096412,220685973
turso,concurrent,32,1,18,7650829631,0,0,7765,5091941,105878358,110978064
turso,concurrent,32,1,18,7761808036,0,0,7434,562661,173414110,173984205
turso,concurrent,32,1,18,7935792491,0,0,6202,490505,76624428,77121135
turso,concurrent,32,1,18,8012913887,0,0,5951,626992,32595310,33228253
turso,concurrent,32,1,18,8046142421,0,0,5330,597567,290938376,291541273
turso,concurrent,32,1,18,8337683965,0,0,7183,744564,35263080,36014827
turso,concurrent,32,1,18,8373699043,0,0,6733,906539,57959695,58872967
turso,concurrent,32,1,18,8432573493,0,0,5410,493411,52918239,53417060
turso,concurrent,32,1,18,8485990794,0,0,5009,515162,77222586,77742757
turso,concurrent,32,1,18,8563733791,0,0,5831,688608,41732559,42426998
turso,concurrent,32,1,18,8606161180,0,0,14077,654624,72480555,73149256
turso,concurrent,32,1,18,8679310917,0,0,13185,5045153,44452587,49510925
turso,concurrent,32,1,18,8728822113,0,0,5230,642411,202358656,203006297
turso,concurrent,32,1,18,8931828711,0,0,6081,552893,11591546,12150520
turso,concurrent,32,1,18,8943979471,0,0,5881,633936,864977612,865617429
turso,concurrent,32,1,18,9809597151,0,0,8676,1025314,28180115,29214105
turso,concurrent,32,1,18,9838811486,0,0,5781,534067,59467949,60007797
turso,concurrent,32,1,18,9898819644,0,0,6181,524570,147025312,147556063
turso,concurrent,32,1,18,10046376358,0,0,6352,480957,146174508,146661817
turso,concurrent,32,1,18,10193038476,0,0,6893,572219,264527107,265106219
turso,concurrent,32,1,18,10458145006,0,0,6773,699298,79283613,79989684
turso,concurrent,32,1,18,10538134970,0,0,5992,613366,105394867,106014225
turso,concurrent,32,1,18,10644149425,0,0,6001,631250,48113690,48750941
turso,concurrent,32,1,18,10692900568,0,0,4438,456160,134015021,134475619
turso,concurrent,32,1,18,10827376448,0,0,7103,601184,64648277,65256564
turso,concurrent,32,1,18,10892633282,0,0,7003,837399,55513082,56357484
turso,concurrent,32,1,18,10948991148,0,0,5310,466720,94336455,94808485
turso,concurrent,32,1,18,11043800064,0,0,7204,554295,106784196,107345695
turso,concurrent,32,1,18,11151146160,0,0,6382,537734,12309971,12854087
turso,concurrent,32,1,18,11164000527,0,0,5741,526373,76754874,77286988
turso,concurrent,32,1,18,11241287796,0,0,6562,751307,81666415,82424284
turso,concurrent,32,1,18,11323712541,0,0,5992,458574,772681234,773145800
turso,concurrent,32,1,18,12096858742,0,0,8385,4740729,8145850,12894964
turso,concurrent,32,1,18,12109754066,0,0,5631,499101,56889658,57394390
turso,concurrent,32,1,18,12167148776,0,0,8125,614539,62794531,63417195
turso,concurrent,32,1,18,12230566253,0,0,5420,442064,215127081,215574565
turso,concurrent,32,1,18,12446141159,0,0,5711,495173,8657715,9158599
turso,concurrent,32,1,18,12455299988,0,0,4759,507066,138268682,138780507
turso,concurrent,32,1,18,12594080745,0,0,5941,503319,57573458,58082718
turso,concurrent,32,1,18,12652176047,0,0,8626,749383,106263003,107021012
turso,concurrent,32,1,18,12759197250,0,0,5240,450259,180591914,181047413
turso,concurrent,32,1,18,12940244883,0,0,6512,532785,328298090,328837387
turso,concurrent,32,1,18,13269082671,0,0,9327,11016763,96975211,108001301
turso,concurrent,32,1,18,13377084222,0,0,5690,504151,52071403,52581244
turso,concurrent,32,1,18,13429665747,0,0,5751,627122,47987543,48620416
turso,concurrent,32,1,18,13478286363,0,0,4990,491837,461879684,462376511
turso,concurrent,32,1,18,13940663245,0,0,8155,597928,89060076,89666159
turso,concurrent,32,1,18,14030329685,0,0,6282,542633,525260642,525809557
turso,concurrent,32,1,18,14556139592,0,0,8226,6872819,43071403,49952448
turso,concurrent,32,1,18,14606092260,0,0,5641,762788,11281492,12049921
turso,concurrent,32,1,18,14618142461,0,0,4819,441463,113060450,113506732
turso,concurrent,32,1,18,14731649404,0,0,6281,508159,42296211,42810651
turso,concurrent,32,1,18,14774460255,0,0,6122,545138,231768830,232320090
turso,concurrent,32,1,18,15006780575,0,0,5751,507247,132685865,133198863
turso,concurrent,32,1,18,15139979758,0,0,5370,454808,116296101,116756279
turso,concurrent,32,1,18,15256736328,0,0,6823,696002,120917295,121620120
turso,concurrent,32,1,18,15378356708,0,0,5891,471419,112661308,113138618
turso,concurrent,32,1,18,15491495947,0,0,16912,13956215,163421659,177394786
turso,concurrent,32,1,18,15668891123,0,0,6563,589772,198080620,198676955
turso,concurrent,32,1,18,15867568348,0,0,5881,435842,400992970,401434693
turso,concurrent,32,1,18,16269003321,0,0,6252,509220,240713075,241228547
turso,concurrent,32,1,18,16510232108,0,0,6392,479675,120779194,121265261
turso,concurrent,32,1,18,16631497680,0,0,7584,3366287,219043016,222416887
turso,concurrent,32,1,18,16853914837,0,0,7324,648112,228998877,229654313
turso,concurrent,32,1,18,17083569411,0,0,6632,619869,99940632,100567133
turso,concurrent,32,1,18,17184136775,0,0,5620,428398,11960833,12394851
turso,concurrent,32,1,18,17196531916,0,0,4910,456009,40141178,40602097
turso,concurrent,32,1,18,17237134274,0,0,6081,673881,38043032,38722994
turso,concurrent,32,1,18,17275857538,0,0,6112,459676,112818595,113284383
turso,concurrent,32,1,18,17389142151,0,0,5801,472190,9384685,9862676
turso,concurrent,32,1,18,17399005078,0,0,5150,490926,19510658,20006734
turso,concurrent,32,1,18,17419012062,0,0,5190,462362,180655243,181122795
turso,concurrent,32,1,18,17600135158,0,0,5360,440130,158328345,158773835
turso,concurrent,32,1,18,17758909353,0,0,8306,3747737,243117057,246873100
turso,concurrent,32,1,18,18005782784,0,0,8045,615801,353694998,354318844
turso,concurrent,32,1,18,18360101918,0,0,5611,496155,568542091,569043857
turso,concurrent,32,1,18,18929146076,0,0,6251,492278,236917308,237415837
turso,concurrent,32,1,18,19166562174,0,0,8425,5184647,11261413,16454485
turso,concurrent,32,1,18,19183016860,0,0,5510,673861,44448098,45127469
turso,concurrent,32,1,18,19228144660,0,0,5921,548404,105156387,105710712
turso,concurrent,32,1,18,19333855773,0,0,6633,500754,93612991,94120378
turso,concurrent,32,1,18,19427976371,0,0,5770,586677,77903039,78495486
turso,concurrent,32,1,18,19506472159,0,0,5390,430041,120228345,120663776
turso,concurrent,32,1,18,19627136226,0,0,6242,479354,158509336,158994932
turso,concurrent,32,1,18,19786131458,0,0,5470,462111,52236615,52704196
turso,concurrent,32,1,18,19838835935,0,0,5310,463354,265607073,266075737
turso,concurrent,32,1,18,20104912153,0,0,8717,14298019,18251464,32558200
turso,concurrent,32,1,18,20137470644,0,0,5831,7866021,146030136,153901988
turso,concurrent,32,1,18,20291372953,0,0,6793,547873,200777555,201332221
turso,concurrent,32,1,18,20492705384,0,0,6172,448796,60661019,61115987
turso,concurrent,32,1,18,20553821621,0,0,5800,667018,185161841,185834659
turso,concurrent,32,1,18,20739656561,0,0,6152,502678,394383146,394891976
turso,concurrent,32,1,18,21134548818,0,0,6452,451271,57799754,58257477
turso,concurrent,32,1,18,21192806625,0,0,7124,712173,38511545,39230842
turso,concurrent,32,1,18,21232037637,0,0,7133,13640120,16013484,29660737
turso,concurrent,32,1,18,21261698664,0,0,6623,6869092,13318793,20194508
turso,concurrent,32,1,18,21281893402,0,0,5871,587248,576236458,576829577
turso,concurrent,32,1,18,21858723380,0,0,6352,486187,473824777,474317316
turso,concurrent,32,1,18,22333041067,0,0,7524,473703,299369905,299851132
turso,concurrent,32,1,18,22632892480,0,0,6813,9004378,934707581,943718772
turso,concurrent,32,1,18,23576611643,0,0,9859,3437251,98602469,102049579
turso,concurrent,32,1,18,23678661723,0,0,18755,6850397,636420528,643289680
turso,concurrent,32,1,18,24321951804,0,0,6803,519860,64390121,64916784
turso,concurrent,32,1,18,24386870321,0,0,5701,485355,93611188,94102244
turso,concurrent,32,1,18,24480972785,0,0,6572,738813,538204899,538950284
turso,concurrent,32,1,18,25019923380,0,0,9177,12634623,192471774,205115574
turso,concurrent,32,1,18,25225039214,0,0,6643,448415,48469622,48924680
turso,concurrent,32,1,18,25273964105,0,0,4899,494603,94300818,94800320
turso,concurrent,32,1,18,25368764645,0,0,5881,461781,13182616,13650278
turso,concurrent,32,1,18,25382415113,0,0,5190,497899,116338932,116842021
turso,concurrent,32,1,18,25499257685,0,0,6252,473483,244724158,245203893
turso,concurrent,32,1,18,25744461768,0,0,5821,428107,87083250,87517178
turso,concurrent,32,1,18,25831979196,0,0,6492,477040,236886800,237370332
turso,concurrent,32,1,18,26069349809,0,0,8837,4642994,60419814,65071645
turso,concurrent,32,1,18,26134421685,0,0,5620,594040,199109109,199708769
turso,concurrent,32,1,18,26334130715,0,0,5540,439759,62006697,62451996
turso,concurrent,32,1,18,26396583001,0,0,6753,552672,87999217,88558642
turso,concurrent,32,1,18,26485141863,0,0,5370,516915,26145308,26667593
turso,concurrent,32,1,18,26511809746,0,0,6573,487268,227098575,227592416
turso,concurrent,32,1,18,26739402452,0,0,6863,522836,60210810,60740509
turso,concurrent,32,1,18,26800143291,0,0,5480,414752,51382905,51803137
turso,concurrent,32,1,18,26851946659,0,0,4709,432255,334664655,335101619
turso,concurrent,32,1,18,27187048598,0,0,7765,20928922,134160846,155097533
turso,concurrent,32,1,18,27342146622,0,0,7535,941825,71714701,72664061
turso,concurrent,32,1,18,27414810964,0,0,8175,643454,35718438,36370067
turso,concurrent,32,1,18,27451181282,0,0,6021,535470,276093586,276635077
turso,concurrent,32,1,18,27727816740,0,0,6743,485966,175620360,176113069
turso,concurrent,32,1,18,27903930079,0,0,5711,432536,405620064,406058311
turso,concurrent,32,1,18,28309988640,0,0,10961,15777389,240370850,256159200
turso,concurrent,32,1,18,28566148100,0,0,6062,507386,27100019,27613467
turso,concurrent,32,1,18,28593761777,0,0,4829,634326,364732659,365371814
turso,concurrent,32,1,18,28959133872,0,0,6262,478131,27049483,27533876
turso,concurrent,32,1,18,28986668049,0,0,6041,493310,70971079,71470430
turso,concurrent,32,1,18,29058138820,0,0,5350,436513,160019985,160461848
turso,concurrent,32,1,18,29218600898,0,0,8025,879408,82377817,83265250
turso,concurrent,32,1,18,29301866509,0,0,6653,452713,419624911,420084277
turso,concurrent,32,1,18,29721951097,0,0,7654,5677976,512647760,518333390
turso,concurrent,32,1,18,30240284717,0,0,6743,547011,41162594,41716348
turso,concurrent,32,1,18,30282001295,0,0,5611,480586,229416355,229902552
turso,concurrent,32,1,18,30511904057,0,0,5591,458394,549469549,549933534
turso,concurrent,32,1,18,31061837831,0,0,9468,4074002,246570660,250654130
turso,concurrent,32,1,18,31312492241,0,0,6733,458113,70828050,71292896
turso,concurrent,32,1,18,31383785367,0,0,5951,487159,20453546,20946656
turso,concurrent,32,1,18,31404732223,0,0,5099,456000,13867978,14329077
turso,concurrent,32,1,18,31419061502,0,0,5390,483011,96305839,96794240
turso,concurrent,32,1,18,31515855972,0,0,5781,684701,145374310,146064792
turso,concurrent,32,1,18,31661920984,0,0,5741,462071,44266417,44734229
turso,concurrent,32,1,18,31706655543,0,0,5210,460528,220726980,221192718
turso,concurrent,32,1,18,31927848592,0,0,6262,2735528,253248371,255990161
turso,concurrent,32,1,18,32183839033,0,0,7264,607025,20800660,21414949
turso,concurrent,32,1,18,32205254222,0,0,6022,666015,300225569,300897606
turso,concurrent,32,1,18,32506152058,0,0,6022,583399,234231244,234820665
turso,concurrent,32,1,18,32740972943,0,0,5080,444117,179313413,179762610
turso,concurrent,32,1,18,32920735774,0,0,6763,586716,119483141,120076620
turso,concurrent,32,1,19,768289,1,0,7552661,686705,565153321,573392687
turso,concurrent,32,1,19,574161397,1,0,7404,518818,175234783,175761005
turso,concurrent,32,1,19,749922682,1,0,6873,437585,537302618,537747076
turso,concurrent,32,1,19,1287670168,1,0,47008,2107704,374465752,376620464
turso,concurrent,32,1,19,1664290903,1,0,6743,431033,299418867,299856643
turso,concurrent,32,1,19,1964148087,1,0,5951,547633,77178964,77732548
turso,concurrent,32,1,19,2041880945,1,0,6161,435251,112904877,113346289
turso,concurrent,32,1,19,2155227465,1,0,7755,2298815,156250407,158556977
turso,concurrent,32,1,19,2313784732,1,0,5931,402950,48627169,49036050
turso,concurrent,32,1,19,2362821413,1,0,4979,458194,331011847,331475020
turso,concurrent,32,1,19,2694296704,1,0,6472,521293,24726312,25254077
turso,concurrent,32,1,19,2719550992,1,0,5160,434849,15849395,16289404
turso,concurrent,32,1,19,2735840657,1,0,5149,406296,60401320,60812765
turso,concurrent,32,1,19,2796653632,1,0,5641,470918,342864255,343340814
turso,concurrent,32,1,19,3139994717,0,0,7414,681495,37410529,38099438
turso,concurrent,32,1,19,3178094415,0,0,7244,3483789,179283847,182774880
turso,concurrent,32,1,19,3360869676,0,0,7524,4546323,169581042,174134889
turso,concurrent,32,1,19,3535005266,0,0,6212,504441,95659831,96170484
turso,concurrent,32,1,19,3631175970,0,0,5651,444638,120334075,120784364
turso,concurrent,32,1,19,3751960595,0,0,7334,599620,57327404,57934358
turso,concurrent,32,1,19,3809895173,0,0,5460,402970,91548769,91957199
turso,concurrent,32,1,19,3901852613,0,0,5400,432415,51388485,51826300
turso,concurrent,32,1,19,3953679184,0,0,5651,413599,471956805,472376055
turso,concurrent,32,1,19,4426055530,0,0,8656,594812,159839013,160442481
turso,concurrent,32,1,19,4586498262,0,0,5901,661858,135264988,135932747
turso,concurrent,32,1,19,4722431239,0,0,5631,423098,277905853,278334582
turso,concurrent,32,1,19,5000766202,0,0,8275,695973,201505177,202209425
turso,concurrent,32,1,19,5202975877,0,0,7444,468373,136988899,137464716
turso,concurrent,32,1,19,5340440883,0,0,6933,453806,49098036,49558775
turso,concurrent,32,1,19,5389999959,0,0,8286,1770448,176359303,178138037
turso,concurrent,32,1,19,5568138236,0,0,6703,678109,27987732,28672544
turso,concurrent,32,1,19,5596811131,0,0,5590,505213,176150789,176661592
turso,concurrent,32,1,19,5773473004,0,0,6332,492218,76478834,76977384
turso,concurrent,32,1,19,5850452031,0,0,6573,535830,381885782,382428185
turso,concurrent,32,1,19,6232880447,0,0,7013,474515,171424077,171905605
turso,concurrent,32,1,19,6404786794,0,0,18134,680262,347311872,348010268
turso,concurrent,32,1,19,6752797322,0,0,8456,17777150,74538826,92324432
turso,concurrent,32,1,19,6845122095,0,0,5310,452293,27546900,28004503
turso,concurrent,32,1,19,6873126899,0,0,4498,480006,194364923,194849427
turso,concurrent,32,1,19,7067976657,0,0,5911,463053,21716758,22185722
turso,concurrent,32,1,19,7090162619,0,0,5701,421565,131553830,131981096
turso,concurrent,32,1,19,7222144026,0,0,7324,706242,321732550,322446116
turso,concurrent,32,1,19,7544590443,0,0,9157,4258620,215835447,220103224
turso,concurrent,32,1,19,7764693947,0,0,8526,3839219,24961867,28809612
turso,concurrent,32,1,19,7793503779,0,0,6101,581256,54055995,54643352
turso,concurrent,32,1,19,7848147432,0,0,6913,647892,25273965,25928770
turso,concurrent,32,1,19,7874076483,0,0,5520,435111,450296543,450737174
turso,concurrent,32,1,19,8324813978,0,0,8175,526002,115078977,115613154
turso,concurrent,32,1,19,8440427352,0,0,5911,537664,232552688,233096263
turso,concurrent,32,1,19,8673523876,0,0,7574,3453121,583701995,587162690
turso,concurrent,32,1,19,9260686817,0,0,6873,470307,54329430,54806610
turso,concurrent,32,1,19,9315493657,0,0,6673,525902,74813854,75346429
turso,concurrent,32,1,19,9390840327,0,0,5610,498109,154330818,154834537
turso,concurrent,32,1,19,9545675094,0,0,5140,418429,27652049,28075618
turso,concurrent,32,1,19,9573750973,0,0,5751,475276,56618216,57099243
turso,concurrent,32,1,19,9630850466,0,0,5340,492900,50659791,51158031
turso,concurrent,32,1,19,9682008778,0,0,6031,596835,567529492,568132358
turso,concurrent,32,1,19,10250141396,0,0,7665,9282562,92361051,101651278
turso,concurrent,32,1,19,10351793025,0,0,7965,680753,91283910,91972628
turso,concurrent,32,1,19,10443765843,0,0,5991,581366,35525876,36113233
turso,concurrent,32,1,19,10479879327,0,0,5220,457513,41285184,41747917
turso,concurrent,32,1,19,10521627465,0,0,5620,587067,130922531,131515218
turso,concurrent,32,1,19,10653142953,0,0,7194,994925,388836559,389838678
turso,concurrent,32,1,19,11042981951,0,0,8056,4315988,368550568,372874612
turso,concurrent,32,1,19,11415856863,0,0,7224,448686,177935625,178391535
turso,concurrent,32,1,19,11594250532,0,0,6042,526432,319612323,320144797
turso,concurrent,32,1,19,11914395710,0,0,6963,513428,239582674,240103065
turso,concurrent,32,1,19,12154499025,0,0,8496,4099820,237367457,241475773
turso,concurrent,32,1,19,12395975058,0,0,6732,760284,208120740,208887756
turso,concurrent,32,1,19,12604863096,0,0,7404,610721,380706970,381325095
turso,concurrent,32,1,19,12986188592,0,0,7033,535430,812117943,812660406
turso,concurrent,32,1,19,13798849389,0,0,8967,3805014,134316770,138130751
turso,concurrent,32,1,19,13936980491,0,0,5951,500664,232656955,233163570
turso,concurrent,32,1,19,14170144332,0,0,6001,412037,155653571,156071609
turso,concurrent,32,1,19,14326216342,0,0,8556,5940321,375745254,381694131
turso,concurrent,32,1,19,14707910844,0,0,7374,556960,46253873,46818207
turso,concurrent,32,1,19,14754729282,0,0,5460,499271,52633563,53138294
turso,concurrent,32,1,19,14807867807,0,0,5370,448135,353807910,354261415
turso,concurrent,32,1,19,15162129422,0,0,5170,452523,271570649,272028342
turso,concurrent,32,1,19,15434158295,0,0,8686,4534320,180137376,184680382
turso,concurrent,32,1,19,15618838928,0,0,5911,582228,156591500,157179639
turso,concurrent,32,1,19,15776018757,0,0,5561,507958,64598833,65112352
turso,concurrent,32,1,19,15841131510,0,0,8697,719877,133119904,133848478
turso,concurrent,32,1,19,15974980328,0,0,5480,463023,195348969,195817472
turso,concurrent,32,1,19,16170798041,0,0,6362,829394,395054492,395890248
turso,concurrent,32,1,19,16566688569,0,0,6543,609018,122680750,123296311
turso,concurrent,32,1,19,16689985170,0,0,7464,6376172,76318843,82702479
turso,concurrent,32,1,19,16772687870,0,0,6562,767728,38844283,39618573
turso,concurrent,32,1,19,16812306683,0,0,5460,455499,281225643,281686602
turso,concurrent,32,1,19,17093993556,0,0,6282,815327,319494481,320316090
turso,concurrent,32,1,19,17414310016,0,0,7805,693818,129978300,130679923
turso,concurrent,32,1,19,17544990260,0,0,7855,768228,184876102,185652185
turso,concurrent,32,1,19,17730642695,0,0,6663,564554,299638722,300209939
turso,concurrent,32,1,19,18030852915,0,0,7895,18420923,64158474,82587292
turso,concurrent,32,1,19,18113440788,0,0,5701,426844,33093169,33525714
turso,concurrent,32,1,19,18146966903,0,0,7374,529749,496466108,497003231
turso,concurrent,32,1,19,18643970424,0,0,6823,563062,69726833,70296718
turso,concurrent,32,1,19,18714267482,0,0,7665,484333,113713051,114205049
turso,concurrent,32,1,19,18828472831,0,0,6893,442744,119198614,119648251
turso,concurrent,32,1,19,18948121334,0,0,8586,436634,58972525,59417745
turso,concurrent,32,1,19,19007539329,0,0,8096,8011165,90874097,98893358
turso,concurrent,32,1,19,19106433038,0,0,6672,449909,274260630,274717211
turso,concurrent,32,1,19,19381150520,0,0,6923,653592,168891111,169551626
turso,concurrent,32,1,19,19550702377,0,0,6452,459136,204375449,204841037
turso,concurrent,32,1,19,19755543714,0,0,7274,480696,86683726,87171696
turso,concurrent,32,1,19,19842715640,0,0,6783,645728,488802698,489455209
turso,concurrent,32,1,19,20332171150,0,0,8276,6447697,61368443,67824416
turso,concurrent,32,1,19,20399995926,0,0,6573,525882,98440383,98972838
turso,concurrent,32,1,19,20498969145,0,0,6542,503830,296839975,297350347
turso,concurrent,32,1,19,20796319782,0,0,5661,504722,735761660,736272043
turso,concurrent,32,1,19,21532592246,0,0,7845,15442507,204389455,219839807
turso,concurrent,32,1,19,21752432334,0,0,7394,866854,167658077,168532325
turso,concurrent,32,1,19,21920964909,0,0,6292,593259,53888499,54488050
turso,concurrent,32,1,19,21975453280,0,0,7213,924603,175125948,176057764
turso,concurrent,32,1,19,22151511415,0,0,6031,510743,251212702,251729476
turso,concurrent,32,1,19,22403241152,0,0,8276,8167991,31726241,39902508
turso,concurrent,32,1,19,22443143900,0,0,5471,811550,436851573,437668594
turso,concurrent,32,1,19,22880812864,0,0,7715,720619,689939480,690667814
turso,concurrent,32,1,19,23571480989,0,0,9187,5632351,83545779,89187317
turso,concurrent,32,1,19,23660668506,0,0,6863,8996263,259845299,268848425
turso,concurrent,32,1,19,23929517172,0,0,5801,468363,130626271,131100435
turso,concurrent,32,1,19,24060617868,0,0,5841,500814,201650731,202157386
turso,concurrent,32,1,19,24262775575,0,0,6382,686274,56514390,57207046
turso,concurrent,32,1,19,24319982842,0,0,5961,583651,204208583,204798195
turso,concurrent,32,1,19,24524781428,0,0,6322,526012,920749734,921282068
turso,concurrent,32,1,19,25446063806,0,0,8747,9775772,97288833,107073352
turso,concurrent,32,1,19,25553137518,0,0,7074,661216,71842993,72511283
turso,concurrent,32,1,19,25625649132,0,0,7975,807643,72149751,72965369
turso,concurrent,32,1,19,25698614722,0,0,6452,518788,73821514,74346754
turso,concurrent,32,1,19,25772963159,0,0,5440,465197,16462962,16933599
turso,concurrent,32,1,19,25789896978,0,0,5179,521894,164333408,164860481
turso,concurrent,32,1,19,25954757690,0,0,7755,14789656,209238529,224035940
turso,concurrent,32,1,19,26178793910,0,0,6092,463053,52319561,52788706
turso,concurrent,32,1,19,26231582936,0,0,5381,476017,1132489428,1132970826
turso,concurrent,32,1,19,27364554022,0,0,8316,3408347,71174472,74591135
turso,concurrent,32,1,19,27439145498,0,0,6312,637161,694469913,695113386
turso,concurrent,32,1,19,28134259215,0,0,7073,516584,184795981,185319638
turso,concurrent,32,1,19,28319579114,0,0,9197,3346380,402585332,405940909
turso,concurrent,32,1,19,28725520283,0,0,5861,439459,65839994,66285314
turso,concurrent,32,1,19,28791805817,0,0,5601,498310,218967092,219471003
turso,concurrent,32,1,19,29011277130,0,0,7154,634065,51899329,52540548
turso,concurrent,32,1,19,29063818008,0,0,5411,465918,42412651,42883980
turso,concurrent,32,1,19,29106702319,0,0,5199,634998,32433354,33073551
turso,concurrent,32,1,19,29139776090,0,0,5370,583119,48454704,49043193
turso,concurrent,32,1,19,29188819484,0,0,6061,631772,16425000,17062833
turso,concurrent,32,1,19,29205882567,0,0,6172,783737,50182933,50972842
turso,concurrent,32,1,19,29256855619,0,0,5601,634396,13779331,14419328
turso,concurrent,32,1,19,29271275318,0,0,7153,533116,48388248,48928517
turso,concurrent,32,1,19,29320204055,0,0,5450,481528,181400038,181887016
turso,concurrent,32,1,19,29502091331,0,0,8556,20840766,345587530,366436852
turso,concurrent,32,1,19,29868528445,0,0,7173,395887,63802753,64205813
turso,concurrent,32,1,19,29932734488,0,0,5230,460037,48447089,48912356
turso,concurrent,32,1,19,29981647105,0,0,5530,489052,24816613,25311195
turso,concurrent,32,1,19,30006958611,0,0,4999,408040,424819115,425232154
turso,concurrent,32,1,19,30432190975,0,0,5801,459727,61875118,62340646
turso,concurrent,32,1,19,30494531841,0,0,6493,520030,109088080,109614603
turso,concurrent,32,1,19,30604146865,0,0,14878,693608,175591084,176299570
turso,concurrent,32,1,19,30780446706,0,0,9959,6340735,33755268,40105962
turso,concurrent,32,1,19,30820552888,0,0,5521,517675,37273120,37796316
turso,concurrent,32,1,19,30858349555,0,0,5961,607776,106088876,106702613
turso,concurrent,32,1,19,30965052438,0,0,5611,477580,12812509,13295700
turso,concurrent,32,1,19,30978348348,0,0,5701,444849,181215329,181665879
turso,concurrent,32,1,19,31160014447,0,0,5841,433137,114158521,114597499
turso,concurrent,32,1,19,31274612137,0,0,5129,485185,8759787,9250101
turso,concurrent,32,1,19,31283862468,0,0,5450,601625,380985474,381592549
turso,concurrent,32,1,19,31665455278,0,0,6833,540659,100687642,101235134
turso,concurrent,32,1,19,31766690632,0,0,5390,494733,110288043,110788166
turso,concurrent,32,1,19,31877479188,0,0,7043,442534,247812391,248261968
turso,concurrent,32,1,19,32125741457,0,0,8777,3378090,263203020,266589887
turso,concurrent,32,1,19,32392331585,0,0,6402,431724,152376372,152814498
turso,concurrent,32,1,19,32545146414,0,0,6612,488882,33504655,34000149
turso,concurrent,32,1,19,32579146893,0,0,6652,469375,81105167,81581194
turso,concurrent,32,1,19,32660728428,0,0,7023,581596,388472983,389061602
turso,concurrent,32,1,20,1165989,1,0,16216738,458754,388114036,404789528
turso,concurrent,32,1,20,405955908,1,0,6643,553493,394336589,394896725
turso,concurrent,32,1,20,800852893,1,0,7313,454898,30695618,31157829
turso,concurrent,32,1,20,832010943,1,0,5841,475746,102227184,102708771
turso,concurrent,32,1,20,934719975,1,0,6131,346624,275954854,276307609
turso,concurrent,32,1,20,1211028156,1,0,44524,3769227,92977723,96791474
turso,concurrent,32,1,20,1307819992,1,0,7965,665835,235235377,235909177
turso,concurrent,32,1,20,1543729509,1,0,7413,655276,185039560,185702249
turso,concurrent,32,1,20,1729432040,1,0,5630,395266,75057684,75458580
turso,concurrent,32,1,20,1804891351,1,0,5821,504462,56145775,56656058
turso,concurrent,32,1,20,1861547659,1,0,5521,482069,73563487,74051077
turso,concurrent,32,1,20,1935599006,1,0,6523,430191,329397663,329834377
turso,concurrent,32,1,20,2265434004,1,0,8476,1307526,352965341,354281343
turso,concurrent,32,1,20,2619715628,1,0,6672,539698,266882599,267428969
turso,concurrent,32,1,20,2887144857,1,0,6543,422617,157013836,157442996
turso,concurrent,32,1,20,3044588153,0,0,7383,560778,38467903,39036064
turso,concurrent,32,1,20,3083624428,0,0,5210,446211,152077269,152528690
turso,concurrent,32,1,20,3236153949,0,0,7544,5509328,377475397,382992269
turso,concurrent,32,1,20,3619146508,0,0,6833,497248,33087898,33591979
turso,concurrent,32,1,20,3652738818,0,0,6222,737440,182503478,183247140
turso,concurrent,32,1,20,3835986199,0,0,7033,493060,197462514,197962607
turso,concurrent,32,1,20,4033949066,0,0,7124,690011,14651205,15348340
turso,concurrent,32,1,20,4049297617,0,0,5670,552272,267150313,267708255
turso,concurrent,32,1,20,4317006113,0,0,8305,3479171,254781832,258269308
turso,concurrent,32,1,20,4575275631,0,0,5851,483953,299727168,300216972
turso,concurrent,32,1,20,4875492853,0,0,6252,496887,43544626,44047765
turso,concurrent,32,1,20,4919540878,0,0,5681,455709,43536059,43997449
turso,concurrent,32,1,20,4963538537,0,0,5450,471098,49130999,49607547
turso,concurrent,32,1,20,5013146335,0,0,6022,423338,45395515,45824875
turso,concurrent,32,1,20,5058971491,0,0,5740,408340,49598671,50012751
turso,concurrent,32,1,20,5108984552,0,0,6553,456861,108509600,108973014
turso,concurrent,32,1,20,5217957776,0,0,5340,2474296,123660868,126140504
turso,concurrent,32,1,20,5344098780,0,0,18796,461881,99995646,100476323
turso,concurrent,32,1,20,5444577076,0,0,7715,14667406,55884463,70559584
turso,concurrent,32,1,20,5515136890,0,0,9207,900729,38936847,39846783
turso,concurrent,32,1,20,5554984003,0,0,5630,657139,60196383,60859152
turso,concurrent,32,1,20,5615843457,0,0,6422,606603,110341995,110955020
turso,concurrent,32,1,20,5726798728,0,0,7474,456581,212439984,212904039
turso,concurrent,32,1,20,5939703138,0,0,5681,472150,497637647,498115478
turso,concurrent,32,1,20,6437818957,0,0,6572,486007,24867649,25360228
turso,concurrent,32,1,20,6463179486,0,0,8596,1446607,172088551,173543754
turso,concurrent,32,1,20,6636723490,0,0,6693,474344,74650307,75131344
turso,concurrent,32,1,20,6711855184,0,0,5952,483601,644392029,644881582
turso,concurrent,32,1,20,7356737037,0,0,7294,504992,146253648,146765934
turso,concurrent,32,1,20,7503503251,0,0,6643,508067,135947265,136461975
turso,concurrent,32,1,20,7639965526,0,0,8556,1746964,187081951,188837471
turso,concurrent,32,1,20,7828803308,0,0,6352,524860,22367425,22898637
turso,concurrent,32,1,20,7851702165,0,0,5290,441392,274814625,275261307
turso,concurrent,32,1,20,8126963723,0,0,5721,476248,12287859,12769828
turso,concurrent,32,1,20,8139733871,0,0,6473,503910,105638977,106149360
turso,concurrent,32,1,20,8245883491,0,0,6312,484584,14724804,15215700
turso,concurrent,32,1,20,8261099411,0,0,4509,505724,132361232,132871465
turso,concurrent,32,1,20,8393971157,0,0,5881,481157,191948177,192435215
turso,concurrent,32,1,20,8586406612,0,0,6162,471188,25258156,25735506
turso,concurrent,32,1,20,8612142288,0,0,7644,711752,154285051,155004447
turso,concurrent,32,1,20,8767147146,0,0,8416,9304194,18683839,27996449
turso,concurrent,32,1,20,8795143985,0,0,5541,475186,193806180,194286907
turso,concurrent,32,1,20,8989431172,0,0,6372,527936,24169683,24703991
turso,concurrent,32,1,20,9014135393,0,0,5110,499853,251721612,252226575
turso,concurrent,32,1,20,9266362258,0,0,7113,533767,316785643,317326523
turso,concurrent,32,1,20,9583689051,0,0,6311,480657,100819790,101306758
turso,concurrent,32,1,20,9684996060,0,0,6332,492078,28336800,28835210
turso,concurrent,32,1,20,9713831531,0,0,6903,12361317,14965649,27333869
turso,concurrent,32,1,20,9741165620,0,0,6533,12710887,358248823,370966243
turso,concurrent,32,1,20,10112132274,0,0,6613,450529,29377142,29834284
turso,concurrent,32,1,20,10141968541,0,0,5841,473683,144525389,145004913
turso,concurrent,32,1,20,10286973765,0,0,7514,664283,117165320,117837117
turso,concurrent,32,1,20,10404811122,0,0,5600,515051,50510520,51031171
turso,concurrent,32,1,20,10455842514,0,0,5790,593620,5202329,5801739
turso,concurrent,32,1,20,10461644434,0,0,5200,538626,326494960,327038786
turso,concurrent,32,1,20,10788683741,0,0,15049,471258,7795088,8281395
turso,concurrent,32,1,20,10796965537,0,0,6602,462693,357222057,357691352
turso,concurrent,32,1,20,11154657150,0,0,7674,610752,44236420,44854846
turso,concurrent,32,1,20,11199512216,0,0,5560,470798,32329709,32806067
turso,concurrent,32,1,20,11232318503,0,0,5481,694489,26851821,27551791
turso,concurrent,32,1,20,11259870564,0,0,6372,461871,282458909,282927152
turso,concurrent,32,1,20,11542797936,0,0,5601,430802,56753080,57189483
turso,concurrent,32,1,20,11599987630,0,0,6212,490825,405617710,406114747
turso,concurrent,32,1,20,12006102677,0,0,21952,11655627,94361252,106038831
turso,concurrent,32,1,20,12112141808,0,0,6482,442715,93048106,93497303
turso,concurrent,32,1,20,12205639352,0,0,5170,447153,88050012,88502335
turso,concurrent,32,1,20,12294141928,0,0,6211,504622,49311529,49822362
turso,concurrent,32,1,20,12343964550,0,0,5851,434018,91461354,91901223
turso,concurrent,32,1,20,12435865995,0,0,6913,505773,53864394,54377080
turso,concurrent,32,1,20,12490243415,0,0,6964,523246,95757796,96288006
turso,concurrent,32,1,20,12586531641,0,0,7384,556009,100878130,101441523
turso,concurrent,32,1,20,12687973404,0,0,6913,412488,65308923,65728324
turso,concurrent,32,1,20,12753702028,0,0,6673,442514,17065448,17514635
turso,concurrent,32,1,20,12771216943,0,0,4970,476278,85612306,86093554
turso,concurrent,32,1,20,12857310787,0,0,5340,502688,505614708,506122736
turso,concurrent,32,1,20,13363433784,0,0,8877,2289016,219943703,222241596
turso,concurrent,32,1,20,13585675671,0,0,6853,589251,128301538,128897642
turso,concurrent,32,1,20,13714573533,0,0,6943,508609,56053030,56568582
turso,concurrent,32,1,20,13771142376,0,0,5761,418108,174819089,175242958
turso,concurrent,32,1,20,13946385625,0,0,5550,433848,17655911,18095309
turso,concurrent,32,1,20,13964481135,0,0,4598,421745,216081822,216508165
turso,concurrent,32,1,20,14180989601,0,0,7854,471530,242012905,242492289
turso,concurrent,32,1,20,14423482191,0,0,9307,9967475,361872456,371849238
turso,concurrent,32,1,20,14795331709,0,0,6893,707274,264648296,265362463
turso,concurrent,32,1,20,15060694432,0,0,6553,500584,186776535,187283672
turso,concurrent,32,1,20,15247978354,0,0,5992,442965,75017899,75466856
turso,concurrent,32,1,20,15323445481,0,0,5761,397980,34559884,34963625
turso,concurrent,32,1,20,15358409347,0,0,5049,417016,202836918,203258983
turso,concurrent,32,1,20,15561668611,0,0,8446,3098222,100358971,103465639
turso,concurrent,32,1,20,15665134470,0,0,5981,553274,313298938,313858193
turso,concurrent,32,1,20,15978992974,0,0,6021,449788,321541881,321997690
turso,concurrent,32,1,20,16300990995,0,0,7133,519901,497021295,497548329
turso,concurrent,32,1,20,16798539524,0,0,7465,8103569,182353816,190464850
turso,concurrent,32,1,20,16989004685,0,0,6131,418530,337126777,337551438
turso,concurrent,32,1,20,17326556363,0,0,5851,486888,93095205,93587944
turso,concurrent,32,1,20,17420144638,0,0,6572,573682,90813713,91393967
turso,concurrent,32,1,20,17511538826,0,0,5771,633995,88782253,89422019
turso,concurrent,32,1,20,17600961075,0,0,5270,492068,62610394,63107732
turso,concurrent,32,1,20,17664069118,0,0,6663,494101,288650062,289150826
turso,concurrent,32,1,20,17953220225,0,0,9297,2564436,31998815,34572548
turso,concurrent,32,1,20,17987793074,0,0,8115,680794,344201657,344890566
turso,concurrent,32,1,20,18332683990,0,0,7154,457562,157555268,158019984
turso,concurrent,32,1,20,18490704214,0,0,7615,606533,9355721,9969869
turso,concurrent,32,1,20,18500674343,0,0,5260,592277,75500189,76097726
turso,concurrent,32,1,20,18576772339,0,0,7715,729806,694309501,695047022
turso,concurrent,32,1,20,19271819691,0,0,8266,6145137,320787659,326941062
turso,concurrent,32,1,20,19598761023,0,0,5790,422868,235972316,236400974
turso,concurrent,32,1,20,19835162198,0,0,5881,492990,64294670,64793541
turso,concurrent,32,1,20,19899956050,0,0,6773,518958,76483082,77008813
turso,concurrent,32,1,20,19976965104,0,0,5630,462512,21092822,21560964
turso,concurrent,32,1,20,19998526278,0,0,4609,421905,83682467,84108981
turso,concurrent,32,1,20,20082635570,0,0,6792,465098,151869095,152340985
turso,concurrent,32,1,20,20234976746,0,0,7825,4763281,110881892,115652998
turso,concurrent,32,1,20,20350630015,0,0,6242,442354,89512610,89961206
turso,concurrent,32,1,20,20440592874,0,0,6292,552001,71756389,72314682
turso,concurrent,32,1,20,20512907777,0,0,5740,598238,836183681,836787659
turso,concurrent,32,1,20,21349695716,0,0,7604,2445090,488519725,490972419
turso,concurrent,32,1,20,21840668477,0,0,7093,450139,366706922,367164154
turso,concurrent,32,1,20,22207832941,0,0,7614,532003,215375320,215914937
turso,concurrent,32,1,20,22423748159,0,0,8767,4135497,70090219,74234483
turso,concurrent,32,1,20,22497982982,0,0,6172,549135,51611185,52166492
turso,concurrent,32,1,20,22550149715,0,0,5190,507927,384005840,384518957
turso,concurrent,32,1,20,22934668922,0,0,5941,435702,32600069,33041712
turso,concurrent,32,1,20,22967710854,0,0,5952,597546,103838182,104441680
turso,concurrent,32,1,20,23072152884,0,0,6442,531493,200726328,201264263
turso,concurrent,32,1,20,23273417497,0,0,6923,509411,54308541,54824875
turso,concurrent,32,1,20,23328242743,0,0,7354,676245,37993628,38677227
turso,concurrent,32,1,20,23366920181,0,0,6342,543605,63190528,63740475
turso,concurrent,32,1,20,23430660936,0,0,6462,538966,511190241,511735669
turso,concurrent,32,1,20,23942396847,0,0,8045,7110497,338075306,345193848
turso,concurrent,32,1,20,24287590925,0,0,5601,420793,843244254,843670648
turso,concurrent,32,1,20,25131261823,0,0,8376,4376442,296218773,300603591
turso,concurrent,32,1,20,25431865655,0,0,5931,452273,382385735,382843939
turso,concurrent,32,1,20,25814709854,0,0,6382,504061,45929111,46439554
turso,concurrent,32,1,20,25861149699,0,0,6873,579763,247411565,247998201
turso,concurrent,32,1,20,26109148170,0,0,8687,1624863,45903744,47537294
turso,concurrent,32,1,20,26156685724,0,0,6201,647190,137413980,138067371
turso,concurrent,32,1,20,26294753387,0,0,5280,430852,68823741,69259873
turso,concurrent,32,1,20,26364013510,0,0,5911,435231,53461824,53902966
turso,concurrent,32,1,20,26417916707,0,0,5751,561128,112662069,113228948
turso,concurrent,32,1,20,26531145905,0,0,5811,439038,447551217,447996066
turso,concurrent,32,1,20,26979142202,0,0,5871,598639,88289323,88893833
turso,concurrent,32,1,20,27068036345,0,0,7393,11393453,186804388,198205234
turso,concurrent,32,1,20,27266241841,0,0,7664,785882,38103566,38897112
turso,concurrent,32,1,20,27305139173,0,0,6322,523297,321577518,322107137
turso,concurrent,32,1,20,27627246550,0,0,5841,454276,105294468,105754585
turso,concurrent,32,1,20,27733001426,0,0,5721,570886,123698279,124274886
turso,concurrent,32,1,20,27857276512,0,0,5961,516945,172182578,172705484
turso,concurrent,32,1,20,28029982306,0,0,5711,463965,113398588,113868264
turso,concurrent,32,1,20,28143850800,0,0,6022,574723,23711800,24292545
turso,concurrent,32,1,20,28168143575,0,0,5360,584783,154489918,155080061
turso,concurrent,32,1,20,28323223856,0,0,7384,8473377,345869742,354350503
turso,concurrent,32,1,20,28677574710,0,0,5200,457432,107487693,107950325
turso,concurrent,32,1,20,28785525295,0,0,6873,474896,110818613,111300382
turso,concurrent,32,1,20,28896825927,0,0,5852,494652,49662120,50162624
turso,concurrent,32,1,20,28946988812,0,0,6242,753570,317196378,317956190
turso,concurrent,32,1,20,29264945252,0,0,6453,514630,133580261,134101344
turso,concurrent,32,1,20,29399047558,0,0,16031,462251,31054134,31532416
turso,concurrent,32,1,20,29430580465,0,0,17413,495404,78600925,79113742
turso,concurrent,32,1,20,29509694718,0,0,16191,7745294,123695503,131456988
turso,concurrent,32,1,20,29641151976,0,0,6462,475486,39921815,40403763
turso,concurrent,32,1,20,29681555980,0,0,6392,832269,679958531,680797192
turso,concurrent,32,1,20,30362353433,0,0,7063,564956,114070294,114642313
turso,concurrent,32,1,20,30476996037,0,0,7474,481748,22371483,22860705
turso,concurrent,32,1,20,30499856962,0,0,6001,639226,217381742,218026969
turso,concurrent,32,1,20,30717884262,0,0,13876,6556693,26249164,32819733
turso,concurrent,32,1,20,30750704215,0,0,5360,533276,129584537,130123173
turso,concurrent,32,1,20,30880827619,0,0,5891,523998,17781337,18311226
turso,concurrent,32,1,20,30899139026,0,0,4478,552442,83268676,83825596
turso,concurrent,32,1,20,30982964893,0,0,6041,457954,29691314,30155309
turso,concurrent,32,1,20,31013120422,0,0,5250,410604,377392300,377808154
turso,concurrent,32,1,20,31390928807,0,0,5851,686514,10756502,11448867
turso,concurrent,32,1,20,31402377954,0,0,5932,593399,37535294,38134625
turso,concurrent,32,1,20,31440512859,0,0,5760,484284,13265772,13755816
turso,concurrent,32,1,20,31454269007,0,0,5230,496797,54106009,54608036
turso,concurrent,32,1,20,31508877314,0,0,6302,532173,23313358,23851833
turso,concurrent,32,1,20,31532729368,0,0,5500,532614,61173105,61711219
turso,concurrent,32,1,20,31594440978,0,0,6221,461631,25658710,26126562
turso,concurrent,32,1,20,31620567851,0,0,5490,490304,46904551,47400345
turso,concurrent,32,1,20,31667968517,0,0,486718,492438,354268839,355247995
turso,concurrent,32,1,20,32023216873,0,0,7544,8611057,45495443,54114044
turso,concurrent,32,1,20,32077331148,0,0,5610,443356,138074616,138523582
turso,concurrent,32,1,20,32215854971,0,0,6763,471348,29454939,29933050
turso,concurrent,32,1,20,32245788371,0,0,7344,638314,586050213,586695871
turso,concurrent,32,1,20,32832484502,0,0,6482,653382,43703034,44362898
turso,concurrent,32,1,20,32876847601,0,0,5821,663150,105232240,105901211
turso,concurrent,32,1,20,32982749083,0,0,7153,532865,79558260,80098278
turso,concurrent,32,1,21,1175657,1,0,12816827,442294,659934806,673193927
turso,concurrent,32,1,21,674369964,1,0,6733,336314,669902961,670246008
turso,concurrent,32,1,21,1344616223,1,0,44363,3442061,150124065,153610489
turso,concurrent,32,1,21,1498226922,1,0,5521,510012,78604632,79120165
turso,concurrent,32,1,21,1577347317,1,0,6543,473543,156654619,157134705
turso,concurrent,32,1,21,1734482422,1,0,6212,701172,65437075,66144459
turso,concurrent,32,1,21,1800627151,1,0,5000,462261,147839818,148307079
turso,concurrent,32,1,21,1948934471,1,0,6693,431463,78194299,78632455
turso,concurrent,32,1,21,2027567116,1,0,5871,480136,190505406,190991413
turso,concurrent,32,1,21,2218559531,1,0,9558,4367495,67448276,71825329
turso,concurrent,32,1,21,2290385171,1,0,6222,413670,162185217,162605109
turso,concurrent,32,1,21,2452990490,1,0,5771,443747,241696269,242145787
turso,concurrent,32,1,21,2695136507,1,0,6032,462171,27531111,27999314
turso,concurrent,32,1,21,2723136091,1,0,5972,489082,28179724,28674778
turso,concurrent,32,1,21,2751811079,1,0,5290,472941,119388683,119866914
turso,concurrent,32,1,21,2871678294,1,0,6583,500403,24044728,24551714
turso,concurrent,32,1,21,2896230228,1,0,5360,460719,83021370,83487449
turso,concurrent,32,1,21,2979718389,1,0,6312,501926,93418354,93926592
turso,concurrent,32,1,21,3073645202,0,0,5881,481187,233011343,233498411
turso,concurrent,32,1,21,3307143823,0,0,6723,9451922,49216320,58674965
turso,concurrent,32,1,21,3365819038,0,0,6593,541751,67173168,67721512
turso,concurrent,32,1,21,3433540760,0,0,5911,432886,230667984,231106781
turso,concurrent,32,1,21,3664647783,0,0,6823,653642,82678454,83338919
turso,concurrent,32,1,21,3747986912,0,0,5691,424731,101476959,101907381
turso,concurrent,32,1,21,3849894574,0,0,6933,498640,70607824,71113397
turso,concurrent,32,1,21,3921008272,0,0,5450,416225,136707457,137129132
turso,concurrent,32,1,21,4058137715,0,0,6282,627403,110374876,111008561
turso,concurrent,32,1,21,4169146597,0,0,6212,517015,122045953,122569180
turso,concurrent,32,1,21,4291716187,0,0,8146,6768873,58693068,65470087
turso,concurrent,32,1,21,4357186555,0,0,6372,541411,159414693,159962476
turso,concurrent,32,1,21,4517149331,0,0,8126,708786,219275093,219992005
turso,concurrent,32,1,21,4737141596,0,0,7194,469345,240090421,240566960
turso,concurrent,32,1,21,4977708786,0,0,5180,680563,866340803,867026546
turso,concurrent,32,1,21,5844737035,0,0,9548,6228214,114656851,120894613
turso,concurrent,32,1,21,5965631888,0,0,5761,454697,74324252,74784710
turso,concurrent,32,1,21,6040416978,0,0,6252,587698,59274716,59868666
turso,concurrent,32,1,21,6100285924,0,0,6152,419931,212698713,213124796
turso,concurrent,32,1,21,6313410970,0,0,5931,424240,154773642,155203813
turso,concurrent,32,1,21,6468615125,0,0,7063,6170956,178708332,184886351
turso,concurrent,32,1,21,6653501816,0,0,6281,514491,184824665,185345437
turso,concurrent,32,1,21,6838847614,0,0,7134,504190,461120824,461632148
turso,concurrent,32,1,21,7300480012,0,0,7574,748942,78437939,79194455
turso,concurrent,32,1,21,7379674717,0,0,6342,507317,33577732,34091391
turso,concurrent,32,1,21,7413766328,0,0,5701,528166,233507749,234041616
turso,concurrent,32,1,21,7647808505,0,0,7784,10648579,169667555,180323918
turso,concurrent,32,1,21,7828132664,0,0,6141,484935,51202204,51693280
turso,concurrent,32,1,21,7879826194,0,0,5200,453565,161432578,161891343
turso,concurrent,32,1,21,8041717818,0,0,6332,556840,192596018,193159190
turso,concurrent,32,1,21,8234877268,0,0,5952,489112,54403791,54898855
turso,concurrent,32,1,21,8289776393,0,0,5911,658522,86877191,87541624
turso,concurrent,32,1,21,8377318277,0,0,5280,497057,356695766,357198103
turso,concurrent,32,1,21,8734516640,0,0,7554,14983582,130811471,145802607
turso,concurrent,32,1,21,8880319548,0,0,5941,598358,360156932,360761231
turso,concurrent,32,1,21,9241081139,0,0,6102,519660,118205471,118731233
turso,concurrent,32,1,21,9359812643,0,0,5791,481387,49841098,50328276
turso,concurrent,32,1,21,9410141209,0,0,5851,543185,42448949,42997985
turso,concurrent,32,1,21,9453139434,0,0,5240,390958,261097440,261493638
turso,concurrent,32,1,21,9714633443,0,0,9207,5919481,29753923,35682611
turso,concurrent,32,1,21,9750316334,0,0,7263,3701349,99947766,103656378
turso,concurrent,32,1,21,9853972994,0,0,6181,640067,144402928,145049176
turso,concurrent,32,1,21,9999022521,0,0,6522,416746,44690846,45114114
turso,concurrent,32,1,21,10044136866,0,0,5360,457943,69244574,69707877
turso,concurrent,32,1,21,10113845083,0,0,7323,513108,210315719,210836150
turso,concurrent,32,1,21,10324681625,0,0,7224,653862,20735809,21396895
turso,concurrent,32,1,21,10346078720,0,0,5150,518788,219980994,220504932
turso,concurrent,32,1,21,10566585666,0,0,7654,967875,136303857,137279386
turso,concurrent,32,1,21,10703865322,0,0,6963,476639,48501542,48985144
turso,concurrent,32,1,21,10752850776,0,0,6443,486166,700633545,701126154
turso,concurrent,32,1,21,11453977171,0,0,9387,3345378,145801826,149156591
turso,concurrent,32,1,21,11603133962,0,0,6623,519309,168483663,169009595
turso,concurrent,32,1,21,11772143818,0,0,6482,415052,58526645,58948179
turso,concurrent,32,1,21,11831092268,0,0,4789,411035,95199713,95615537
turso,concurrent,32,1,21,11926708075,0,0,6212,507417,113619274,114132903
turso,concurrent,32,1,21,12040841208,0,0,8657,5181299,195484004,200673960
turso,concurrent,32,1,21,12241515388,0,0,5250,585133,147892628,148483011
turso,concurrent,32,1,21,12389998630,0,0,5971,511013,501547069,502064053
turso,concurrent,32,1,21,12892062913,0,0,5751,453065,8618961,9077777
turso,concurrent,32,1,21,12901140991,0,0,6813,469956,53838214,54314983
turso,concurrent,32,1,21,12955456255,0,0,6572,620831,340900122,341527525
turso,concurrent,32,1,21,13296984030,0,0,7785,6116022,17985342,24109149
turso,concurrent,32,1,21,13321093379,0,0,4839,451642,52153407,52609888
turso,concurrent,32,1,21,13373703498,0,0,6362,496566,113644702,114147630
turso,concurrent,32,1,21,13487851519,0,0,6582,470828,143270363,143747773
turso,concurrent,32,1,21,13631599582,0,0,7194,617113,103062910,103687217
turso,concurrent,32,1,21,13735287019,0,0,5480,508810,117165020,117679310
turso,concurrent,32,1,21,13852966579,0,0,6092,521192,50189234,50716518
turso,concurrent,32,1,21,13903683548,0,0,6803,513688,21726056,22246547
turso,concurrent,32,1,21,13925930275,0,0,5250,679041,61367320,62051611
turso,concurrent,32,1,21,13987982147,0,0,6031,434650,36114124,36554805
turso,concurrent,32,1,21,14024537233,0,0,5270,487098,54263717,54756085
turso,concurrent,32,1,21,14079293568,0,0,5401,514239,465764449,466284089
turso,concurrent,32,1,21,14545577948,0,0,9037,11133162,78825809,89968008
turso,concurrent,32,1,21,14635546187,0,0,6021,676275,6565360,7247656
turso,concurrent,32,1,21,14642794143,0,0,5571,680884,81418748,82105203
turso,concurrent,32,1,21,14724899626,0,0,6402,575375,37774826,38356603
turso,concurrent,32,1,21,14763256570,0,0,6773,474214,97250120,97731107
turso,concurrent,32,1,21,14860987907,0,0,6723,592858,173411845,174011426
turso,concurrent,32,1,21,15034999603,0,0,6052,525040,24431066,24962158
turso,concurrent,32,1,21,15059962061,0,0,6012,503810,78682409,79192231
turso,concurrent,32,1,21,15139154542,0,0,4979,464897,47483903,47953779
turso,concurrent,32,1,21,15187108572,0,0,12393,550849,21384601,21947843
turso,concurrent,32,1,21,15209056696,0,0,5220,542112,317247884,317795216
turso,concurrent,32,1,21,15526852193,0,0,10039,801281,122354835,123166155
turso,concurrent,32,1,21,15650018608,0,0,6653,554716,314294185,314855554
turso,concurrent,32,1,21,15964874413,0,0,5791,572499,164969718,165548008
turso,concurrent,32,1,21,16130422721,0,0,6412,588240,15477233,16071885
turso,concurrent,32,1,21,16146494876,0,0,5110,699208,691333599,692037917
turso,concurrent,32,1,21,16838533054,0,0,9057,5691892,76674123,82375072
turso,concurrent,32,1,21,16920908396,0,0,5751,518748,347705444,348229943
turso,concurrent,32,1,21,17269138670,0,0,6201,504642,61139561,61650404
turso,concurrent,32,1,21,17330789344,0,0,5912,578430,239390872,239975214
turso,concurrent,32,1,21,17570764889,0,0,5671,669532,442829845,443505048
turso,concurrent,32,1,21,18014270197,0,0,7514,6206814,277402805,283617133
turso,concurrent,32,1,21,18297887610,0,0,6703,590353,18504521,19101577
turso,concurrent,32,1,21,18316989448,0,0,5380,721230,24866667,25593277
turso,concurrent,32,1,21,18342582975,0,0,6352,623606,52642219,53272177
turso,concurrent,32,1,21,18395855493,0,0,7033,532464,224082167,224621664
turso,concurrent,32,1,21,18620477417,0,0,5701,447574,12063667,12516942
turso,concurrent,32,1,21,18632994619,0,0,5050,453505,325463696,325922251
turso,concurrent,32,1,21,18958917100,0,0,7544,16644785,10041223,26693552
turso,concurrent,32,1,21,18985610862,0,0,6062,5527342,97868395,103401799
turso,concurrent,32,1,21,19089012951,0,0,5400,487449,87811021,88303870
turso,concurrent,32,1,21,19177317073,0,0,6261,561730,111760469,112328460
turso,concurrent,32,1,21,19289645783,0,0,5941,513829,115306005,115825775
turso,concurrent,32,1,21,19405471778,0,0,6603,544346,84119892,84670841
turso,concurrent,32,1,21,19490142919,0,0,5491,416285,36414561,36836337
turso,concurrent,32,1,21,19526979506,0,0,6402,543024,67453407,68002833
turso,concurrent,32,1,21,19594982519,0,0,5721,465518,61506473,61977712
turso,concurrent,32,1,21,19656960491,0,0,5090,477239,111113901,111596230
turso,concurrent,32,1,21,19768558183,0,0,5721,506034,99914053,100425808
turso,concurrent,32,1,21,19868984231,0,0,6142,642551,47297081,47945774
turso,concurrent,32,1,21,19916930235,0,0,5270,443496,162372170,162820936
turso,concurrent,32,1,21,20079751401,0,0,6453,489653,531098479,531594585
turso,concurrent,32,1,21,20611346357,0,0,7664,8327182,358628108,366962954
turso,concurrent,32,1,21,20978309532,0,0,5120,414511,44084924,44504555
turso,concurrent,32,1,21,21022814337,0,0,5750,527515,7960460,8493725
turso,concurrent,32,1,21,21031308273,0,0,5040,495133,14332916,14833089
turso,concurrent,32,1,21,21046141622,0,0,5721,547112,433111450,433664283
turso,concurrent,32,1,21,21479806226,0,0,7684,1814121,45512976,47334781
turso,concurrent,32,1,21,21527141268,0,0,6843,493981,132073210,132574034
turso,concurrent,32,1,21,21659715512,0,0,5370,475798,232960667,233441835
turso,concurrent,32,1,21,21893157557,0,0,6503,487258,55493516,55987277
turso,concurrent,32,1,21,21949145034,0,0,6002,672217,169318938,169997157
turso,concurrent,32,1,21,22119142462,0,0,5751,472691,20285349,20763791
turso,concurrent,32,1,21,22139906513,0,0,6272,461300,143531014,143998586
turso,concurrent,32,1,21,22283905500,0,0,6291,464496,57303158,57773945
turso,concurrent,32,1,21,22341679775,0,0,5690,483201,28764207,29253098
turso,concurrent,32,1,21,22370933104,0,0,7855,24890642,66149137,91047634
turso,concurrent,32,1,21,22461980988,0,0,6812,4192145,22589213,26788170
turso,concurrent,32,1,21,22488769409,0,0,4499,508939,135747428,136260866
turso,concurrent,32,1,21,22625030616,0,0,6161,445029,42364250,42815440
turso,concurrent,32,1,21,22667846307,0,0,6291,446703,90828822,91281816
turso,concurrent,32,1,21,22759128323,0,0,5470,422016,85425113,85852599
turso,concurrent,32,1,21,22844981162,0,0,6262,509000,197647773,198163035
turso,concurrent,32,1,21,23043144467,0,0,7194,636911,261369814,262013919
turso,concurrent,32,1,21,23305158737,0,0,6743,558483,33143633,33708859
turso,concurrent,32,1,21,23338867857,0,0,6702,897393,127127694,128031789
turso,concurrent,32,1,21,23466899907,0,0,6292,442754,384796010,385245056
turso,concurrent,32,1,21,23852145223,0,0,7084,9373945,265914654,275295683
turso,concurrent,32,1,21,24127441146,0,0,6653,521372,317713012,318241037
turso,concurrent,32,1,21,24445682554,0,0,7935,667969,71784262,72460166
turso,concurrent,32,1,21,24518142971,0,0,5400,547643,76561209,77114252
turso,concurrent,32,1,21,24595257464,0,0,6973,715479,105065946,105788398
turso,concurrent,32,1,21,24701046183,0,0,7023,831578,84815413,85654014
turso,concurrent,32,1,21,24786700398,0,0,8386,14600429,289634919,304243734
turso,concurrent,32,1,21,25090944523,0,0,7454,3780899,357732791,361521144
turso,concurrent,32,1,21,25452465938,0,0,6101,476168,24016394,24498663
turso,concurrent,32,1,21,25476964771,0,0,5430,604640,18047560,18657630
turso,concurrent,32,1,21,25495622711,0,0,6141,541150,38130708,38677999
turso,concurrent,32,1,21,25534300981,0,0,5841,550919,218908722,219465482
turso,concurrent,32,1,21,25753766803,0,0,6463,510191,207858256,208374910
turso,concurrent,32,1,21,25962141964,0,0,7274,9980007,85730819,95718100
turso,concurrent,32,1,21,26057860285,0,0,5941,529869,101195919,101731729
turso,concurrent,32,1,21,26159592295,0,0,6071,417017,566854689,567277777
turso,concurrent,32,1,21,26726870362,0,0,6483,506725,329607389,330120597
turso,concurrent,32,1,21,27056991520,0,0,9248,4498922,335222397,339730567
turso,concurrent,32,1,21,27396722407,0,0,9258,734545,3953384,4697187
turso,concurrent,32,1,21,27401419835,0,0,5630,476218,73690527,74172375
turso,concurrent,32,1,21,27475592440,0,0,5741,413440,165970053,166389234
turso,concurrent,32,1,21,27641981905,0,0,5540,495885,419177969,419679394
turso,concurrent,32,1,21,28061661549,0,0,6192,461881,172832963,173301036
turso,concurrent,32,1,21,28234962916,0,0,7685,525440,136488385,137021510
turso,concurrent,32,1,21,28371984627,0,0,7975,8548598,161356415,169912988
turso,concurrent,32,1,21,28541897945,0,0,6262,477751,210820832,211304845
turso,concurrent,32,1,21,28753203030,0,0,6112,475296,17285883,17767291
turso,concurrent,32,1,21,28770970572,0,0,5761,526332,424440621,424972714
turso,concurrent,32,1,21,29195943537,0,0,7284,688427,183940188,184635899
turso,concurrent,32,1,21,29380579656,0,0,5781,403160,572689260,573098201
turso,concurrent,32,1,21,29953678178,0,0,8366,3336251,29116600,32461217
turso,concurrent,32,1,21,29986139605,0,0,5781,542503,174676651,175224935
turso,concurrent,32,1,21,30161364830,0,0,6432,496215,82733938,83236585
turso,concurrent,32,1,21,30244601707,0,0,8205,911599,71203989,72123793
turso,concurrent,32,1,21,30316725720,0,0,6723,639025,603450151,604095899
turso,concurrent,32,1,21,30920821859,0,0,9448,1935840,154367227,156312515
turso,concurrent,32,1,21,31077134594,0,0,5170,457693,237176446,237639309
turso,concurrent,32,1,21,31314774163,0,0,5962,628705,10736584,11371251
turso,concurrent,32,1,21,31326145605,0,0,4708,454117,284002228,284461053
turso,concurrent,32,1,21,31610606869,0,0,5781,429830,45746948,46182559
turso,concurrent,32,1,21,31656789619,0,0,4959,401307,31289637,31695903
turso,concurrent,32,1,21,31688485753,0,0,5430,464175,82186116,82655721
turso,concurrent,32,1,21,31771141704,0,0,6613,461560,121284818,121752991
turso,concurrent,32,1,21,31892894975,0,0,6432,432887,25348536,25787855
turso,concurrent,32,1,21,31918683040,0,0,6693,6482433,232327252,238816378
turso,concurrent,32,1,21,32157499689,0,0,6152,469084,325577631,326052867
turso,concurrent,32,1,21,32483552816,0,0,7284,511475,57065880,57584639
turso,concurrent,32,1,21,32541137705,0,0,4589,456621,137050544,137511754
turso,concurrent,32,1,21,32678649770,0,0,5019,446442,40254502,40705963
turso,concurrent,32,1,21,32719355944,0,0,6211,665926,77089305,77761442
turso,concurrent,32,1,21,32797117626,0,0,5611,439328,144764139,145209078
turso,concurrent,32,1,21,32942327025,0,0,5971,417046,115109745,115532762
turso,concurrent,32,1,22,370419,1,0,4159784,411936,152205069,156776789
turso,concurrent,32,1,22,157147549,1,0,6292,377311,654922645,655306248
turso,concurrent,32,1,22,812454409,1,0,7834,451181,14882331,15341346
turso,concurrent,32,1,22,827795956,1,0,7133,468884,157720880,158196897
turso,concurrent,32,1,22,985993083,1,0,6312,279287,216126746,216412345
turso,concurrent,32,1,22,1202406209,1,0,43922,2935756,733413934,736393612
turso,concurrent,32,1,22,1938800152,1,0,6903,488722,94664634,95160259
turso,concurrent,32,1,22,2033960632,1,0,6001,556830,63372592,63935423
turso,concurrent,32,1,22,2097896295,1,0,7424,6592621,100174032,106774077
turso,concurrent,32,1,22,2204671103,1,0,6092,507016,123727784,124240892
turso,concurrent,32,1,22,2328912236,1,0,5841,407187,48815675,49228703
turso,concurrent,32,1,22,2378141169,1,0,5741,459807,340250056,340715604
turso,concurrent,32,1,22,2718857023,1,0,5431,426955,85417969,85850355
turso,concurrent,32,1,22,2804707598,1,0,4910,475356,91780235,92260501
turso,concurrent,32,1,22,2896968420,1,0,7013,526884,5984053,6517950
turso,concurrent,32,1,22,2903486610,1,0,4970,511565,290875588,291392123
turso,concurrent,32,1,22,3194879043,0,0,8907,554917,351532399,352096223
turso,concurrent,32,1,22,3546976548,0,0,6443,458324,31784661,32249428
turso,concurrent,32,1,22,3579226177,0,0,5530,485706,424833652,425324888
turso,concurrent,32,1,22,4004551315,0,0,5690,444588,170739026,171189304
turso,concurrent,32,1,22,4175740881,0,0,7815,501726,50412465,50922006
turso,concurrent,32,1,22,4226663137,0,0,6072,503479,138974162,139483713
turso,concurrent,32,1,22,4366147060,0,0,7644,2486258,80528080,83021982
turso,concurrent,32,1,22,4449169262,0,0,5621,458134,96154553,96618308
turso,concurrent,32,1,22,4545787850,0,0,5952,477390,43716830,44200172
turso,concurrent,32,1,22,4589988292,0,0,5911,514150,222051889,222571950
turso,concurrent,32,1,22,4812560502,0,0,7274,612334,168085423,168705031
turso,concurrent,32,1,22,4981265753,0,0,6502,473203,64864735,65344440
turso,concurrent,32,1,22,5046610503,0,0,7204,459566,836054908,836521678
turso,concurrent,32,1,22,5883132432,0,0,7935,1487114,103366031,104861080
turso,concurrent,32,1,22,5987993772,0,0,5250,421595,321419621,321846466
turso,concurrent,32,1,22,6309840528,0,0,7074,474484,124431241,124912799
turso,concurrent,32,1,22,6434753497,0,0,7474,615040,50763296,51385810
turso,concurrent,32,1,22,6486140680,0,0,7614,3894814,157787295,161689723
turso,concurrent,32,1,22,6647830663,0,0,5591,478552,177842280,178326423
turso,concurrent,32,1,22,6826157406,0,0,7003,516885,73059727,73583615
turso,concurrent,32,1,22,6899741292,0,0,7003,457683,251769202,252233888
turso,concurrent,32,1,22,7151975430,0,0,6703,578651,13035038,13620392
turso,concurrent,32,1,22,7165596052,0,0,4799,398351,96728907,97132057
turso,concurrent,32,1,22,7262728360,0,0,5310,509781,230298658,230813749
turso,concurrent,32,1,22,7493542469,0,0,8546,612504,61704958,62326008
turso,concurrent,32,1,22,7555868758,0,0,7044,14640655,15619983,30267682
turso,concurrent,32,1,22,7586136690,0,0,7184,5365296,105031582,110404062
turso,concurrent,32,1,22,7696541002,0,0,6492,483712,164287632,164777836
turso,concurrent,32,1,22,7861319098,0,0,6723,474184,52572207,53053114
turso,concurrent,32,1,22,7914372463,0,0,5751,440580,45377061,45823392
turso,concurrent,32,1,22,7960196105,0,0,5521,541791,324353453,324900765
turso,concurrent,32,1,22,8285097150,0,0,7023,564605,47846146,48417774
turso,concurrent,32,1,22,8333515194,0,0,7484,572649,162754491,163334624
turso,concurrent,32,1,22,8496850089,0,0,6433,536311,508012419,508555163
turso,concurrent,32,1,22,9005405543,0,0,8235,13278277,91282517,104569029
turso,concurrent,32,1,22,9109974903,0,0,5891,541842,52371629,52919362
turso,concurrent,32,1,22,9162894485,0,0,5350,423950,234642548,235071848
turso,concurrent,32,1,22,9397966684,0,0,6933,554856,19021887,19583676
turso,concurrent,32,1,22,9417550570,0,0,5691,546911,86129171,86681773
turso,concurrent,32,1,22,9504232623,0,0,5310,454487,186854582,187314379
turso,concurrent,32,1,22,9691547283,0,0,5901,434269,332206720,332646890
turso,concurrent,32,1,22,10024194553,0,0,9298,3298600,300061048,303368946
turso,concurrent,32,1,22,10327563840,0,0,7033,461921,139290187,139759141
turso,concurrent,32,1,22,10467323242,0,0,5079,672118,162447171,163124368
turso,concurrent,32,1,22,10630447971,0,0,7634,605051,58926458,59539143
turso,concurrent,32,1,22,10689987435,0,0,6542,470858,121305296,121782696
turso,concurrent,32,1,22,10811770502,0,0,7104,586556,213056437,213650097
turso,concurrent,32,1,22,11025421019,0,0,9147,11157017,239553248,250719412
turso,concurrent,32,1,22,11276140692,0,0,6983,527535,39112568,39647086
turso,concurrent,32,1,22,11315789872,0,0,6182,661207,37995161,38662550
turso,concurrent,32,1,22,11354452613,0,0,6282,443165,55284331,55733778
turso,concurrent,32,1,22,11410186692,0,0,6993,472481,263801389,264280863
turso,concurrent,32,1,22,11674467825,0,0,7004,504591,182556298,183067893
turso,concurrent,32,1,22,11857536048,0,0,7414,471439,117030847,117509700
turso,concurrent,32,1,22,11975046119,0,0,6913,633815,211316506,211957234
turso,concurrent,32,1,22,12187003584,0,0,7424,4785413,14651817,19444654
turso,concurrent,32,1,22,12206448508,0,0,6552,530060,491048784,491585396
turso,concurrent,32,1,22,12698034375,0,0,7093,447333,151735915,152190341
turso,concurrent,32,1,22,12850224956,0,0,5290,561439,45883716,46450445
turso,concurrent,32,1,22,12896675651,0,0,5611,407558,5931514,6344683
turso,concurrent,32,1,22,12903020525,0,0,5240,484102,263814063,264303405
turso,concurrent,32,1,22,13167324211,0,0,8516,12329307,8705324,21043147
turso,concurrent,32,1,22,13188367809,0,0,9578,467121,136153704,136630403
turso,concurrent,32,1,22,13324998422,0,0,5249,428598,107836030,108269877
turso,concurrent,32,1,22,13433268610,0,0,7404,551921,128191711,128751036
turso,concurrent,32,1,22,13562019896,0,0,7314,932308,141616444,142556066
turso,concurrent,32,1,22,13704576233,0,0,5821,471399,177492790,177970010
turso,concurrent,32,1,22,13882546483,0,0,5220,463815,99120977,99590012
turso,concurrent,32,1,22,13982136735,0,0,5571,449147,131762483,132217201
turso,concurrent,32,1,22,14114354177,0,0,5250,513468,424945503,425464221
turso,concurrent,32,1,22,14539818668,0,0,7044,3325781,120671902,124004727
turso,concurrent,32,1,22,14663823635,0,0,6723,493000,418246361,418746084
turso,concurrent,32,1,22,15082569929,0,0,5931,446923,165750169,166203023
turso,concurrent,32,1,22,15248773273,0,0,6212,523196,302458739,302988147
turso,concurrent,32,1,22,15551761691,0,0,7474,16113102,94089089,110209665
turso,concurrent,32,1,22,15661971586,0,0,6282,511344,126496605,127014231
turso,concurrent,32,1,22,15788986378,0,0,6723,439549,154710163,155156435
turso,concurrent,32,1,22,15944143033,0,0,6442,530921,150919976,151457339
turso,concurrent,32,1,22,16095600633,0,0,6622,436704,120188550,120631876
turso,concurrent,32,1,22,16216232740,0,0,6322,449467,256902241,257358030
turso,concurrent,32,1,22,16473591040,0,0,5711,498540,131240429,131744680
turso,concurrent,32,1,22,16605335961,0,0,7414,7173055,115896989,123077458
turso,concurrent,32,1,22,16728413749,0,0,6252,544877,156873121,157424250
turso,concurrent,32,1,22,16885838260,0,0,6312,489964,84963713,85459989
turso,concurrent,32,1,22,16971298509,0,0,5831,509320,33160796,33675947
turso,concurrent,32,1,22,17004974677,0,0,5941,665234,110975359,111646534
turso,concurrent,32,1,22,17116621422,0,0,5640,585615,121939131,122530386
turso,concurrent,32,1,22,17239152018,0,0,5751,457773,57255027,57718551
turso,concurrent,32,1,22,17296870820,0,0,6101,691153,132326428,133023682
turso,concurrent,32,1,22,17429894732,0,0,5520,523137,252296466,252825123
turso,concurrent,32,1,22,17682720105,0,0,6182,432876,364992018,365431076
turso,concurrent,32,1,22,18048151452,0,0,9247,9379876,199993317,209382440
turso,concurrent,32,1,22,18257534172,0,0,6552,457533,214985685,215449770
turso,concurrent,32,1,22,18472984182,0,0,7254,619298,206317470,206944022
turso,concurrent,32,1,22,18679928475,0,0,7123,436804,59588056,60031983
turso,concurrent,32,1,22,18739960708,0,0,4970,545218,29146246,29696434
turso,concurrent,32,1,22,18769657393,0,0,5290,416785,348902261,349324336
turso,concurrent,32,1,22,19118981969,0,0,8536,7740796,294612775,302362107
turso,concurrent,32,1,22,19421344277,0,0,5650,504972,150169581,150680203
turso,concurrent,32,1,22,19572024701,0,0,5220,439007,134672902,135117129
turso,concurrent,32,1,22,19707142060,0,0,6422,514380,387945959,388466761
turso,concurrent,32,1,22,20095609132,0,0,7184,525661,91535093,92067938
turso,concurrent,32,1,22,20187677340,0,0,10229,9044644,31976563,41031436
turso,concurrent,32,1,22,20228709048,0,0,6001,463725,79161081,79630807
turso,concurrent,32,1,22,20308340085,0,0,6893,537062,166571278,167115233
turso,concurrent,32,1,22,20475455619,0,0,9378,806380,250177992,250993750
turso,concurrent,32,1,22,20726449589,0,0,6242,518087,112785051,113309380
turso,concurrent,32,1,22,20839759179,0,0,7003,598850,144406845,145012698
turso,concurrent,32,1,22,20984772187,0,0,7263,495454,267899096,268401813
turso,concurrent,32,1,22,21253174261,0,0,8336,14705668,64447369,79161373
turso,concurrent,32,1,22,21332335914,0,0,6292,634947,15026393,15667632
turso,concurrent,32,1,22,21348003766,0,0,5159,464496,338932682,339402337
turso,concurrent,32,1,22,21687406374,0,0,7083,509240,43873916,44390239
turso,concurrent,32,1,22,21731798237,0,0,5440,512646,80636824,81154910
turso,concurrent,32,1,22,21812953369,0,0,6101,539548,388645949,389191598
turso,concurrent,32,1,22,22202145217,0,0,7865,590113,121685884,122283862
turso,concurrent,32,1,22,22324429489,0,0,17062,509121,115606891,116133074
turso,concurrent,32,1,22,22440562874,0,0,10970,3665783,40422588,44099341
turso,concurrent,32,1,22,22484662496,0,0,6081,542383,48478278,49026742
turso,concurrent,32,1,22,22533689618,0,0,7244,506655,42051911,42565810
turso,concurrent,32,1,22,22576255658,0,0,5882,660194,84496803,85162879
turso,concurrent,32,1,22,22661418837,0,0,6142,564945,9733894,10304981
turso,concurrent,32,1,22,22671724088,0,0,4759,505874,21913539,22424172
turso,concurrent,32,1,22,22694148591,0,0,6843,577488,29405055,29989386
turso,concurrent,32,1,22,22724138187,0,0,4679,420633,26426268,26851580
turso,concurrent,32,1,22,22750990018,0,0,5821,524218,28625314,29155353
turso,concurrent,32,1,22,22780145722,0,0,5120,726740,192498184,193230044
turso,concurrent,32,1,22,22973375996,0,0,5821,585825,153043189,153634835
turso,concurrent,32,1,22,23127011102,0,0,5781,552702,88926424,89484907
turso,concurrent,32,1,22,23216496280,0,0,5591,544697,105521384,106071672
turso,concurrent,32,1,22,23322568193,0,0,6552,605963,80191384,80803899
turso,concurrent,32,1,22,23403372313,0,0,5350,487680,204953318,205446348
turso,concurrent,32,1,22,23608818961,0,0,7264,3436319,588553073,591996656
turso,concurrent,32,1,22,24200815957,0,0,6483,560186,96755517,97322186
turso,concurrent,32,1,22,24298138393,0,0,5701,452062,96670326,97128089
turso,concurrent,32,1,22,24395266722,0,0,5962,565406,66364954,66936322
turso,concurrent,32,1,22,24462203284,0,0,7043,646519,26694824,27348386
turso,concurrent,32,1,22,24489551932,0,0,5540,488231,220464896,220958667
turso,concurrent,32,1,22,24710510809,0,0,5310,413099,188095953,188514362
turso,concurrent,32,1,22,24899025421,0,0,9919,10035132,134468246,144513297
turso,concurrent,32,1,22,25043538968,0,0,6593,751536,210596560,211354689
turso,concurrent,32,1,22,25254893927,0,0,5771,452493,273290030,273748294
turso,concurrent,32,1,22,25528642532,0,0,6803,559575,191646467,192212845
turso,concurrent,32,1,22,25720855598,0,0,5981,505263,174611297,175122541
turso,concurrent,32,1,22,25895978490,0,0,6211,453425,68650063,69109699
turso,concurrent,32,1,22,25965088530,0,0,7123,4523499,109395290,113925912
turso,concurrent,32,1,22,26079014753,0,0,5260,545318,69401369,69951947
turso,concurrent,32,1,22,26148966910,0,0,5942,767687,58606455,59380084
turso,concurrent,32,1,22,26208347325,0,0,7233,592097,61691251,62290581
turso,concurrent,32,1,22,26270638217,0,0,5691,542933,65481148,66029772
turso,concurrent,32,1,22,26336668249,0,0,5491,581015,428511547,429098053
turso,concurrent,32,1,22,26765766533,0,0,6001,582198,143092547,143680746
turso,concurrent,32,1,22,26909447559,0,0,6732,732962,14422625,15162319
turso,concurrent,32,1,22,26924610179,0,0,7374,641339,23105417,23754130
turso,concurrent,32,1,22,26948364529,0,0,4919,471860,182456830,182933609
turso,concurrent,32,1,22,27131298479,0,0,7484,15854003,34340421,50201908
turso,concurrent,32,1,22,27181500627,0,0,6062,569504,262803818,263379384
turso,concurrent,32,1,22,27444880451,0,0,6573,521954,73739499,74268026
turso,concurrent,32,1,22,27519148838,0,0,6432,485896,400509147,401001475
turso,concurrent,32,1,22,27920150544,0,0,6572,518939,226867138,227392649
turso,concurrent,32,1,22,28147543423,0,0,7013,680453,412422000,413109466
turso,concurrent,32,1,22,28560653209,0,0,14187,17488165,80308064,97810416
turso,concurrent,32,1,22,28658463875,0,0,9417,1144378,24364520,25518315
turso,concurrent,32,1,22,28683982392,0,0,6081,689781,75799102,76494964
turso,concurrent,32,1,22,28760477607,0,0,5701,570816,93186617,93763134
turso,concurrent,32,1,22,28854240992,0,0,5430,546841,228910010,229462281
turso,concurrent,32,1,22,29083703533,0,0,7013,615701,25912349,26535063
turso,concurrent,32,1,22,29110238807,0,0,6562,661838,220086713,220755113
turso,concurrent,32,1,22,29330994231,0,0,5680,521594,86628672,87155946
turso,concurrent,32,1,22,29418150447,0,0,7775,700671,145742073,146450519
turso,concurrent,32,1,22,29564601257,0,0,10460,6538288,355751765,362300513
turso,concurrent,32,1,22,29926902091,0,0,6692,518899,212236982,212762573
turso,concurrent,32,1,22,30139664894,0,0,6001,464696,526245860,526716557
turso,concurrent,32,1,22,30666381712,0,0,8356,627313,164860731,165496400
turso,concurrent,32,1,22,30831878373,0,0,8556,12164196,84089204,96261956
turso,concurrent,32,1,22,30928140529,0,0,5631,655325,33335546,33996502
turso,concurrent,32,1,22,30962137252,0,0,5180,443015,550168767,550616962
turso,concurrent,32,1,22,31512754534,0,0,6382,479885,142880558,143366825
turso,concurrent,32,1,22,31656121619,0,0,6262,443687,59262912,59712861
turso,concurrent,32,1,22,31715834771,0,0,5410,620089,253693751,254319250
turso,concurrent,32,1,22,31970154311,0,0,10149,2623125,113497205,116130479
turso,concurrent,32,1,22,32086285111,0,0,5681,522375,142847495,143375551
turso,concurrent,32,1,22,32229661042,0,0,6623,457492,143614261,144078376
turso,concurrent,32,1,22,32373739649,0,0,5390,444498,191209474,191659362
turso,concurrent,32,1,22,32565399292,0,0,5951,463464,303647650,304117065
turso,concurrent,32,1,22,32869516648,0,0,6582,493601,180471727,180971910
turso,concurrent,32,1,23,411,1,0,4719739,540128,390860024,396119891
turso,concurrent,32,1,23,396120703,1,0,6543,363695,273325888,273696126
turso,concurrent,32,1,23,669817050,1,0,6772,405024,223737517,224149313
turso,concurrent,32,1,23,893966623,1,0,6322,384365,181614312,182004999
turso,concurrent,32,1,23,1075971842,1,0,39995,1570031,34388722,35998748
turso,concurrent,32,1,23,1111971070,1,0,5421,466469,171562148,172034038
turso,concurrent,32,1,23,1284005419,1,0,6312,560085,65217932,65784329
turso,concurrent,32,1,23,1349790088,1,0,5841,410985,224229475,224646301
turso,concurrent,32,1,23,1574436649,1,0,5420,511244,222188607,222705271
turso,concurrent,32,1,23,1797142831,1,0,7124,449487,297368181,297824792
turso,concurrent,32,1,23,2094968104,1,0,11061,497207,48301976,48810244
turso,concurrent,32,1,23,2143778748,1,0,7254,586336,251595384,252188974
turso,concurrent,32,1,23,2395967972,1,0,5420,511855,250703473,251220748
turso,concurrent,32,1,23,2647188980,1,0,6011,479575,203390121,203875707
turso,concurrent,32,1,23,2851064907,1,0,6072,473893,75065329,75545294
turso,concurrent,32,1,23,2926610411,1,0,5370,392751,125734909,126133030
turso,concurrent,32,1,23,3052743721,0,0,6993,700181,217695634,218402808
turso,concurrent,32,1,23,3271147431,0,0,7674,10317635,50875798,61201107
turso,concurrent,32,1,23,3332348849,0,0,6452,430261,20662701,21099414
turso,concurrent,32,1,23,3353448563,0,0,5611,439088,162920984,163365683
turso,concurrent,32,1,23,3516814487,0,0,6782,532364,396540905,397080051
turso,concurrent,32,1,23,3913894939,0,0,7284,531131,61101059,61639474
turso,concurrent,32,1,23,3975534693,0,0,5290,411116,69821741,70238147
turso,concurrent,32,1,23,4045773061,0,0,5280,409502,22990410,23405192
turso,concurrent,32,1,23,4069178533,0,0,6272,459807,28194732,28660811
turso,concurrent,32,1,23,4097839615,0,0,5540,583811,343446203,344035554
turso,concurrent,32,1,23,4441875479,0,0,8095,2209286,60383806,62601187
turso,concurrent,32,1,23,4504476867,0,0,7063,578892,64469971,65055926
turso,concurrent,32,1,23,4569533073,0,0,5280,423589,138123247,138552116
turso,concurrent,32,1,23,4708085440,0,0,5981,487679,203891226,204384886
turso,concurrent,32,1,23,4912470637,0,0,5791,448335,43503368,43957494
turso,concurrent,32,1,23,4956428471,0,0,6422,486207,41594438,42087067
turso,concurrent,32,1,23,4998515788,0,0,6001,446822,74083618,74536441
turso,concurrent,32,1,23,5073053613,0,0,6182,528957,66352440,66887579
turso,concurrent,32,1,23,5139941403,0,0,5139,435331,33491550,33932020
turso,concurrent,32,1,23,5173873693,0,0,6062,573201,113835682,114414945
turso,concurrent,32,1,23,5288288878,0,0,5611,405014,211983574,212394199
turso,concurrent,32,1,23,5500683337,0,0,8206,2989917,86734672,89732795
turso,concurrent,32,1,23,5590416443,0,0,5981,406206,59953375,60365562
turso,concurrent,32,1,23,5650782215,0,0,5270,526623,115784587,116316480
turso,concurrent,32,1,23,5767098935,0,0,5481,442524,101924022,102372027
turso,concurrent,32,1,23,5869471223,0,0,6402,464696,32830834,33301932
turso,concurrent,32,1,23,5902773435,0,0,6792,443296,283916497,284366585
turso,concurrent,32,1,23,6187140302,0,0,5540,453856,57193661,57653057
turso,concurrent,32,1,23,6244793609,0,0,4849,420382,46476423,46901654
turso,concurrent,32,1,23,6291695525,0,0,6402,667238,256494832,257168472
turso,concurrent,32,1,23,6548864268,0,0,7785,4258519,34594389,38860693
turso,concurrent,32,1,23,6587725252,0,0,5510,441543,263134702,263581755
turso,concurrent,32,1,23,6851307257,0,0,6933,501897,42063542,42572372
turso,concurrent,32,1,23,6893880000,0,0,5681,520982,291039608,291566271
turso,concurrent,32,1,23,7185446531,0,0,6442,514591,153841855,154362888
turso,concurrent,32,1,23,7339809660,0,0,5590,454327,20772217,21232134
turso,concurrent,32,1,23,7361042185,0,0,6071,642000,72077766,72725837
turso,concurrent,32,1,23,7433768303,0,0,6372,609178,18268677,18884227
turso,concurrent,32,1,23,7452652710,0,0,4469,445981,281343966,281794416
turso,concurrent,32,1,23,7734447416,0,0,9418,9351943,73364612,82725973
turso,concurrent,32,1,23,7817173660,0,0,4719,387701,85693499,86085919
turso,concurrent,32,1,23,7903259879,0,0,6032,438877,254171462,254616371
turso,concurrent,32,1,23,8157876510,0,0,6112,568952,139117813,139692877
turso,concurrent,32,1,23,8297569668,0,0,6732,592047,110810107,111408886
turso,concurrent,32,1,23,8408978814,0,0,5731,553824,57428995,57988550
turso,concurrent,32,1,23,8466967665,0,0,5811,550257,24161007,24717075
turso,concurrent,32,1,23,8491684930,0,0,5130,611623,262666539,263283292
turso,concurrent,32,1,23,8754968513,0,0,7905,6975502,13696866,20680273
turso,concurrent,32,1,23,8775649017,0,0,5831,911869,149571123,150488823
turso,concurrent,32,1,23,8926140004,0,0,5741,460649,74351543,74817933
turso,concurrent,32,1,23,9000958167,0,0,5641,462522,176082912,176551075
turso,concurrent,32,1,23,9177509452,0,0,4900,487278,91522280,92014458
turso,concurrent,32,1,23,9269524280,0,0,7625,529989,29448777,29986391
turso,concurrent,32,1,23,9299510921,0,0,5581,538245,21125623,21669449
turso,concurrent,32,1,23,9321180630,0,0,5100,477310,21774397,22256807
turso,concurrent,32,1,23,9343437637,0,0,5370,545469,131801607,132352446
turso,concurrent,32,1,23,9475790384,0,0,6733,507707,47285789,47800229
turso,concurrent,32,1,23,9523590964,0,0,6342,449107,26208858,26664307
turso,concurrent,32,1,23,9550255531,0,0,5561,670784,176223778,176900123
turso,concurrent,32,1,23,9727155904,0,0,9659,6468106,246350755,252828520
turso,concurrent,32,1,23,9979984724,0,0,6663,429520,197948219,198384402
turso,concurrent,32,1,23,10178369337,0,0,5921,714457,37188160,37908538
turso,concurrent,32,1,23,10216278176,0,0,7935,461830,103389255,103859020
turso,concurrent,32,1,23,10320137437,0,0,5580,492218,55506090,56003888
turso,concurrent,32,1,23,10376141575,0,0,5621,499712,380080498,380585831
turso,concurrent,32,1,23,10756727666,0,0,7114,691123,46438191,47136428
turso,concurrent,32,1,23,10803864305,0,0,5881,606994,33283027,33895902
turso,concurrent,32,1,23,10837760387,0,0,6192,8893589,41135242,50035023
turso,concurrent,32,1,23,10887795631,0,0,6923,5786821,58996170,64789914
turso,concurrent,32,1,23,10952585816,0,0,6291,542423,18738653,19287367
turso,concurrent,32,1,23,10971873373,0,0,4679,485425,161018227,161508331
turso,concurrent,32,1,23,11133381944,0,0,6532,503169,745856274,746365975
turso,concurrent,32,1,23,11879748241,0,0,7273,609449,103444109,104060831
turso,concurrent,32,1,23,11983809342,0,0,5911,445350,233933031,234384292
turso,concurrent,32,1,23,12218193914,0,0,8926,6256397,457235026,463500349
turso,concurrent,32,1,23,12681694515,0,0,6733,512576,307608389,308127698
turso,concurrent,32,1,23,12989822534,0,0,6442,712744,235157049,235876235
turso,concurrent,32,1,23,13225699039,0,0,8616,11538947,147744379,159291942
turso,concurrent,32,1,23,13384991251,0,0,6563,529067,41235712,41771342
turso,concurrent,32,1,23,13426762803,0,0,5020,474835,93648699,94128554
turso,concurrent,32,1,23,13520891647,0,0,6973,584682,366661987,367253642
turso,concurrent,32,1,23,13888145540,0,0,6372,516895,61235122,61758389
turso,concurrent,32,1,23,13949904179,0,0,6522,498671,212568487,213073680
turso,concurrent,32,1,23,14162978079,0,0,6943,512306,107964753,108484002
turso,concurrent,32,1,23,14271462371,0,0,9969,5222627,89138224,94370820
turso,concurrent,32,1,23,14365833482,0,0,7264,1209200,34430760,35647224
turso,concurrent,32,1,23,14401480947,0,0,6332,511193,117144291,117661816
turso,concurrent,32,1,23,14519142993,0,0,6331,453776,300247830,300707937
turso,concurrent,32,1,23,14819851202,0,0,6723,590443,253292965,253890131
turso,concurrent,32,1,23,15073741583,0,0,6893,479565,44131902,44618360
turso,concurrent,32,1,23,15118360223,0,0,6502,458094,35952650,36417246
turso,concurrent,32,1,23,15154777700,0,0,5551,483151,140221544,140710246
turso,concurrent,32,1,23,15295488196,0,0,6492,574684,153453223,154034399
turso,concurrent,32,1,23,15449523065,0,0,19466,6387284,91484217,97890967
turso,concurrent,32,1,23,15547414294,0,0,6001,481488,264940386,265427875
turso,concurrent,32,1,23,15812842410,0,0,6372,741819,309729558,310477749
turso,concurrent,32,1,23,16123320409,0,0,6022,430862,275389940,275826824
turso,concurrent,32,1,23,16399147554,0,0,6682,505774,380155951,380668407
turso,concurrent,32,1,23,16779816241,0,0,9628,3758627,231390337,235158592
turso,concurrent,32,1,23,17014975113,0,0,5971,446893,229417567,229870431
turso,concurrent,32,1,23,17244845784,0,0,6272,445600,47664955,48116827
turso,concurrent,32,1,23,17292962811,0,0,5400,659454,180023361,180688215
turso,concurrent,32,1,23,17473651307,0,0,7294,762608,34711239,35481141
turso,concurrent,32,1,23,17509132678,0,0,6332,515212,141107043,141628587
turso,concurrent,32,1,23,17650761606,0,0,8857,564825,103784971,104358653
turso,concurrent,32,1,23,17755120529,0,0,7875,12414589,92439438,104861902
turso,concurrent,32,1,23,17859983152,0,0,11702,522746,40263839,40798287
turso,concurrent,32,1,23,17900781690,0,0,5210,495324,387461866,387962400
turso,concurrent,32,1,23,18288744480,0,0,6512,524148,134198898,134729558
turso,concurrent,32,1,23,18423474309,0,0,5761,496867,30706739,31209367
turso,concurrent,32,1,23,18454683977,0,0,6692,556019,91992976,92555687
turso,concurrent,32,1,23,18547239905,0,0,6973,578651,177310927,177896551
turso,concurrent,32,1,23,18725136787,0,0,6713,469395,67711573,68187681
turso,concurrent,32,1,23,18793325961,0,0,5660,518328,28910602,29434590
turso,concurrent,32,1,23,18822760791,0,0,4869,458956,8146981,8610806
turso,concurrent,32,1,23,18831371808,0,0,5430,512336,100890864,101408630
turso,concurrent,32,1,23,18932780638,0,0,7263,427156,334759012,335193431
turso,concurrent,32,1,23,19267974240,0,0,8185,1674077,155198523,156880785
turso,concurrent,32,1,23,19424855317,0,0,6983,591665,188051339,188649987
turso,concurrent,32,1,23,19613505575,0,0,5951,539878,134472233,135018062
turso,concurrent,32,1,23,19748523838,0,0,5861,420352,107960114,108386327
turso,concurrent,32,1,23,19856910425,0,0,5841,585975,31644167,32235983
turso,concurrent,32,1,23,19889146688,0,0,6142,665244,135179627,135851013
turso,concurrent,32,1,23,20024997982,0,0,7313,650317,539338466,539996096
turso,concurrent,32,1,23,20564994318,0,0,7865,573792,302417000,302998657
turso,concurrent,32,1,23,20867993236,0,0,7324,2955693,117190117,120153134
turso,concurrent,32,1,23,20988146680,0,0,5601,428357,237644229,238078187
turso,concurrent,32,1,23,21226225217,0,0,8305,6249784,93330409,99588498
turso,concurrent,32,1,23,21325813987,0,0,7303,7250452,87022795,94280550
turso,concurrent,32,1,23,21420094747,0,0,5540,476649,285277042,285759231
turso,concurrent,32,1,23,21705854219,0,0,8215,685343,124242434,124935992
turso,concurrent,32,1,23,21830790432,0,0,5210,431393,20745166,21181769
turso,concurrent,32,1,23,21851972421,0,0,5561,518407,61830094,62354062
turso,concurrent,32,1,23,21914326793,0,0,6723,586305,102084825,102677853
turso,concurrent,32,1,23,22017004907,0,0,5570,419101,127525545,127950216
turso,concurrent,32,1,23,22144955453,0,0,5831,513358,14383561,14902750
turso,concurrent,32,1,23,22159858424,0,0,5600,652891,227050013,227708504
turso,concurrent,32,1,23,22387567198,0,0,7805,6233473,476224322,482465600
turso,concurrent,32,1,23,22870033149,0,0,8065,664383,419389497,420061945
turso,concurrent,32,1,23,23290095384,0,0,6983,533066,161723887,162263936
turso,concurrent,32,1,23,23452359580,0,0,6473,568922,149319959,149895354
turso,concurrent,32,1,23,23602255205,0,0,8296,9457703,156499787,165965786
turso,concurrent,32,1,23,23768221271,0,0,8206,6273979,72107112,78389297
turso,concurrent,32,1,23,23846610788,0,0,4849,423088,133307467,133735404
turso,concurrent,32,1,23,23980346512,0,0,6603,456340,52155582,52618525
turso,concurrent,32,1,23,24032965338,0,0,5440,469706,103251645,103726791
turso,concurrent,32,1,23,24136692399,0,0,8677,789038,11176263,11973978
turso,concurrent,32,1,23,24148666617,0,0,6022,748100,63886381,64640503
turso,concurrent,32,1,23,24213307370,0,0,5530,497528,291332981,291836039
turso,concurrent,32,1,23,24505143680,0,0,5780,506666,27126979,27639425
turso,concurrent,32,1,23,24532783366,0,0,5090,542503,101167075,101714668
turso,concurrent,32,1,23,24634498254,0,0,6623,500954,81222529,81730106
turso,concurrent,32,1,23,24716228660,0,0,6893,501907,159786614,160295414
turso,concurrent,32,1,23,24876524395,0,0,9257,6297014,9109726,15415997
turso,concurrent,32,1,23,24891940653,0,0,5490,586226,130916418,131508134
turso,concurrent,32,1,23,25023449007,0,0,5720,578531,96345283,96929534
turso,concurrent,32,1,23,25120378753,0,0,6452,469445,298294978,298770875
turso,concurrent,32,1,23,25419149888,0,0,7484,471689,749784882,750264055
turso,concurrent,32,1,23,26169414234,0,0,9247,3395823,406374246,409779316
turso,concurrent,32,1,23,26579193892,0,0,8276,484153,427966058,428458487
turso,concurrent,32,1,23,27007652679,0,0,5902,433296,42555210,42994408
turso,concurrent,32,1,23,27050647618,0,0,12494,586415,293640432,294239341
turso,concurrent,32,1,23,27344887230,0,0,7694,2713196,199538619,202259509
turso,concurrent,32,1,23,27547147120,0,0,7704,476439,381466080,381950223
turso,concurrent,32,1,23,27929097554,0,0,6502,462041,35298978,35767521
turso,concurrent,32,1,23,27964865305,0,0,6012,469555,240546321,241021888
turso,concurrent,32,1,23,28205887423,0,0,7805,543855,374481091,375032751
turso,concurrent,32,1,23,28580920434,0,0,8967,3946501,249939111,253894579
turso,concurrent,32,1,23,28834815264,0,0,5760,540500,40243541,40789801
turso,concurrent,32,1,23,28875605295,0,0,5240,485936,43405293,43896469
turso,concurrent,32,1,23,28919501974,0,0,6162,498580,108583899,109088641
turso,concurrent,32,1,23,29028590826,0,0,5380,463294,247932948,248401622
turso,concurrent,32,1,23,29276992688,0,0,7344,625289,300727585,301360218
turso,concurrent,32,1,23,29578353176,0,0,8546,2790371,23805787,26604704
turso,concurrent,32,1,23,29604958182,0,0,6352,492829,48186588,48685769
turso,concurrent,32,1,23,29653644181,0,0,5951,553194,75901184,76460329
turso,concurrent,32,1,23,29730104811,0,0,5741,580845,138577955,139164541
turso,concurrent,32,1,23,29869269652,0,0,6963,557602,710945899,711510464
turso,concurrent,32,1,23,30580780356,0,0,6943,567059,52558261,53132263
turso,concurrent,32,1,23,30633913181,0,0,17783,636531,92001212,92655526
turso,concurrent,32,1,23,30726569067,0,0,8475,16162726,19436378,35607579
turso,concurrent,32,1,23,30762176967,0,0,5259,478863,995810665,996294787
turso,concurrent,32,1,23,31758472015,0,0,6192,526723,434257210,434790125
turso,concurrent,32,1,23,32193262481,0,0,8416,9261674,81276470,90546560
turso,concurrent,32,1,23,32283809251,0,0,6282,492539,65662780,66161601
turso,concurrent,32,1,23,32349971172,0,0,5810,758851,174410338,175174999
turso,concurrent,32,1,23,32525146513,0,0,6061,439379,80551914,80997354
turso,concurrent,32,1,23,32606144147,0,0,6101,518578,385307404,385832083
turso,concurrent,32,1,23,32991976501,0,0,6553,457051,10056513,10520117
turso,concurrent,32,1,24,1146031,1,0,16036357,576697,780229657,796842711
turso,concurrent,32,1,24,797989144,1,0,6672,376981,166645327,167028980
turso,concurrent,32,1,24,965018344,1,0,5992,421114,56094378,56521484
turso,concurrent,32,1,24,1021540079,1,0,7273,378885,95048378,95434536
turso,concurrent,32,1,24,1116974945,1,0,55745,8310490,10652356,19018591
turso,concurrent,32,1,24,1135994097,1,0,7063,1019693,232121555,233148311
turso,concurrent,32,1,24,1369142718,1,0,6332,473442,258057970,258537744
turso,concurrent,32,1,24,1627680793,1,0,6382,455890,199834276,200296548
turso,concurrent,32,1,24,1827977602,1,0,6111,606784,119555978,120168873
turso,concurrent,32,1,24,1948147297,1,0,7093,469275,613341111,613817479
turso,concurrent,32,1,24,2561965177,1,0,8195,1597242,129825532,131430969
turso,concurrent,32,1,24,2693396346,1,0,6132,504842,651716810,652227784
turso,concurrent,32,1,24,3345624420,0,0,8597,2992723,57376786,60378106
turso,concurrent,32,1,24,3406002756,0,0,6533,512165,88796941,89315639
turso,concurrent,32,1,24,3495318605,0,0,6092,459286,220708114,221173492
turso,concurrent,32,1,24,3716492298,0,0,5500,528797,213326326,213860623
turso,concurrent,32,1,24,3930353132,0,0,5400,444759,80340635,80790794
turso,concurrent,32,1,24,4011144998,0,0,7504,585955,154237953,154831412
turso,concurrent,32,1,24,4165976690,0,0,7284,686955,76490957,77185196
turso,concurrent,32,1,24,4243162257,0,0,8376,375808,19174735,19558919
turso,concurrent,32,1,24,4262721547,0,0,5881,448445,244978999,245433325
turso,concurrent,32,1,24,4508155142,0,0,8967,6336117,94310888,100655972
turso,concurrent,32,1,24,4608811324,0,0,5560,472922,30840852,31319334
turso,concurrent,32,1,24,4640130888,0,0,5641,397299,21679267,22082207
turso,concurrent,32,1,24,4662213306,0,0,5160,482008,162951222,163438390
turso,concurrent,32,1,24,4825651946,0,0,5952,487589,252592865,253086406
turso,concurrent,32,1,24,5078738652,0,0,7284,595062,357888915,358491261
turso,concurrent,32,1,24,5437230154,0,0,8866,4161377,116455371,120625614
turso,concurrent,32,1,24,5557856019,0,0,5600,471640,102797800,103275040
turso,concurrent,32,1,24,5661131249,0,0,6632,510924,57168463,57686019
turso,concurrent,32,1,24,5718817539,0,0,5430,450069,54896760,55352259
turso,concurrent,32,1,24,5774169998,0,0,5841,799418,22088428,22893687
turso,concurrent,32,1,24,5797063935,0,0,5600,631972,78893497,79531069
turso,concurrent,32,1,24,5876596478,0,0,5640,386399,87846368,88238407
turso,concurrent,32,1,24,5964835136,0,0,5290,450489,110846456,111302235
turso,concurrent,32,1,24,6076137601,0,0,5791,659794,203526839,204192424
turso,concurrent,32,1,24,6280330285,0,0,6442,441443,78180583,78628468
turso,concurrent,32,1,24,6358958993,0,0,6202,476779,130312189,130795170
turso,concurrent,32,1,24,6489754414,0,0,7774,10514265,385027657,395549696
turso,concurrent,32,1,24,6885304460,0,0,6231,463785,134995229,135465245
turso,concurrent,32,1,24,7020769956,0,0,7475,496816,273503483,274007774
turso,concurrent,32,1,24,7294777980,0,0,6473,568952,51789592,52365017
turso,concurrent,32,1,24,7347143257,0,0,6172,488030,55751713,56245915
turso,concurrent,32,1,24,7403389402,0,0,6051,450680,68138639,68595370
turso,concurrent,32,1,24,7471985032,0,0,6603,528436,38794529,39329568
turso,concurrent,32,1,24,7511314850,0,0,5501,453685,94909256,95368442
turso,concurrent,32,1,24,7606683682,0,0,9037,13798518,354337148,368144703
turso,concurrent,32,1,24,7974828645,0,0,6793,545158,185975335,186527286
turso,concurrent,32,1,24,8161356181,0,0,6222,512156,141227360,141745738
turso,concurrent,32,1,24,8303102169,0,0,6192,550037,159868810,160425039
turso,concurrent,32,1,24,8463527538,0,0,6152,703577,203601639,204311368
turso,concurrent,32,1,24,8667839137,0,0,8225,6406180,22545570,28959975
turso,concurrent,32,1,24,8696799432,0,0,6702,546270,19527300,20080272
turso,concurrent,32,1,24,8716879965,0,0,4648,583641,109673113,110261402
turso,concurrent,32,1,24,8827141649,0,0,5911,514510,167478287,167998708
turso,concurrent,32,1,24,8995140668,0,0,6773,484403,32009686,32500862
turso,concurrent,32,1,24,9027641720,0,0,4539,410674,71781046,72196259
turso,concurrent,32,1,24,9099838220,0,0,5730,517506,123892966,124416202
turso,concurrent,32,1,24,9224254692,0,0,6964,673700,48901586,49582250
turso,concurrent,32,1,24,9273837222,0,0,5881,729085,54217239,54952205
turso,concurrent,32,1,24,9328789698,0,0,5851,502778,186496647,187005276
turso,concurrent,32,1,24,9515795345,0,0,6783,467431,49270792,49745006
turso,concurrent,32,1,24,9565540612,0,0,5831,496255,169660463,170162549
turso,concurrent,32,1,24,9735703451,0,0,8626,6122194,106151053,112281873
turso,concurrent,32,1,24,9847985654,0,0,7224,569734,103352255,103929213
turso,concurrent,32,1,24,9951917101,0,0,6663,604320,276206709,276817692
turso,concurrent,32,1,24,10228735074,0,0,7794,539337,51859995,52407126
turso,concurrent,32,1,24,10281142460,0,0,5501,474975,112049514,112529990
turso,concurrent,32,1,24,10393672731,0,0,7103,624618,106594058,107225779
turso,concurrent,32,1,24,10500898840,0,0,6292,425562,78031492,78463346
turso,concurrent,32,1,24,10579362387,0,0,5510,486427,243994182,244486119
turso,concurrent,32,1,24,10823848696,0,0,8456,789980,153067926,153866362
turso,concurrent,32,1,24,10977715278,0,0,7033,10255889,33895922,44158844
turso,concurrent,32,1,24,11021874322,0,0,5410,504271,325841348,326351029
turso,concurrent,32,1,24,11348225632,0,0,6853,674171,347232652,347913676
turso,concurrent,32,1,24,11696139569,0,0,6692,502888,74324412,74833992
turso,concurrent,32,1,24,11770973771,0,0,5351,426584,1101109059,1101540994
turso,concurrent,32,1,24,12872515015,0,0,8426,6184461,9202141,15395028
turso,concurrent,32,1,24,12887910294,0,0,5160,509711,210169172,210684043
turso,concurrent,32,1,24,13098594628,0,0,8185,10137195,71059646,81205026
turso,concurrent,32,1,24,13179799934,0,0,8727,706402,159627494,160342623
turso,concurrent,32,1,24,13340142828,0,0,6512,449437,19227595,19683544
turso,concurrent,32,1,24,13359826632,0,0,5050,416726,181357587,181779363
turso,concurrent,32,1,24,13541606256,0,0,7183,619348,29937438,30563969
turso,concurrent,32,1,24,13572170526,0,0,6252,465207,148206710,148678169
turso,concurrent,32,1,24,13720848976,0,0,6592,558493,8202667,8767752
turso,concurrent,32,1,24,13729617038,0,0,4409,451200,116517790,116973399
turso,concurrent,32,1,24,13846590667,0,0,6402,477370,354071347,354555119
turso,concurrent,32,1,24,14201146027,0,0,6442,417647,76536032,76960121
turso,concurrent,32,1,24,14278106429,0,0,13686,8349042,24136420,32499148
turso,concurrent,32,1,24,14310605898,0,0,5981,479935,141676838,142162754
turso,concurrent,32,1,24,14452768932,0,0,6402,465337,538313253,538784992
turso,concurrent,32,1,24,14991554195,0,0,7515,527234,8773292,9308041
turso,concurrent,32,1,24,15000862526,0,0,4658,483522,15232001,15720181
turso,concurrent,32,1,24,15016582998,0,0,5460,430021,71792298,72227779
turso,concurrent,32,1,24,15088811007,0,0,5611,520882,117783205,118309698
turso,concurrent,32,1,24,15207120946,0,0,5280,488581,511085654,511579515
turso,concurrent,32,1,24,15718700712,0,0,7975,3912256,182076504,185996735
turso,concurrent,32,1,24,15904697707,0,0,6282,510172,55710053,56226507
turso,concurrent,32,1,24,15960924435,0,0,5420,470517,60092698,60568635
turso,concurrent,32,1,24,16021493350,0,0,5821,488912,118817616,119312349
turso,concurrent,32,1,24,16140806030,0,0,6272,451571,178646155,179103998
turso,concurrent,32,1,24,16319910308,0,0,6863,519750,34090039,34616652
turso,concurrent,32,1,24,16354527180,0,0,4819,535179,92661137,93201135
turso,concurrent,32,1,24,16447728545,0,0,6292,564044,640978282,641548618
turso,concurrent,32,1,24,17089277513,0,0,9377,5578268,160935271,166522916
turso,concurrent,32,1,24,17255800690,0,0,5901,504001,60663463,61173365
turso,concurrent,32,1,24,17316974276,0,0,5350,454086,91199851,91659287
turso,concurrent,32,1,24,17408633904,0,0,7233,594251,49907333,50508817
turso,concurrent,32,1,24,17459142991,0,0,5581,515241,19715534,20236356
turso,concurrent,32,1,24,17479379598,0,0,5570,452103,231191461,231649134
turso,concurrent,32,1,24,17711029003,0,0,6953,539848,204619699,205166500
turso,concurrent,32,1,24,17916195764,0,0,8917,3589528,510990044,514588489
turso,concurrent,32,1,24,18430784553,0,0,6272,478783,165978510,166463565
turso,concurrent,32,1,24,18597248428,0,0,6603,598067,65151536,65756206
turso,concurrent,32,1,24,18663004885,0,0,5861,522214,218040034,218568109
turso,concurrent,32,1,24,18881573295,0,0,6693,447463,39118981,39573137
turso,concurrent,32,1,24,18921146712,0,0,5491,417397,122239527,122662415
turso,concurrent,32,1,24,19043809398,0,0,7835,6889500,52018854,58916189
turso,concurrent,32,1,24,19102725878,0,0,6201,469636,96476901,96952738
turso,concurrent,32,1,24,19199678857,0,0,5831,617273,610670997,611294101
turso,concurrent,32,1,24,19810973239,0,0,6763,573421,598152172,598732356
turso,concurrent,32,1,24,20409705905,0,0,8406,6292445,232173182,238474033
turso,concurrent,32,1,24,20648180219,0,0,5971,441202,153373743,153820916
turso,concurrent,32,1,24,20802001415,0,0,5761,443316,252220012,252669089
turso,concurrent,32,1,24,21054670784,0,0,6763,623967,261584729,262215459
turso,concurrent,32,1,24,21316886804,0,0,8877,9427215,162857024,172293116
turso,concurrent,32,1,24,21489180181,0,0,6121,495645,81783155,82284921
turso,concurrent,32,1,24,21571465303,0,0,6171,536773,431707443,432250387
turso,concurrent,32,1,24,22003716932,0,0,6683,498319,22938802,23443804
turso,concurrent,32,1,24,22027160967,0,0,5400,428818,31616665,32050883
turso,concurrent,32,1,24,22059212160,0,0,6172,590884,133189305,133786361
turso,concurrent,32,1,24,22192998741,0,0,6482,534137,113230642,113771261
turso,concurrent,32,1,24,22306770252,0,0,6182,503259,32780709,33290150
turso,concurrent,32,1,24,22340060683,0,0,6312,492338,54510281,55008931
turso,concurrent,32,1,24,22395069855,0,0,7434,2932720,308950309,311890463
turso,concurrent,32,1,24,22706960638,0,0,5780,473443,382145762,382624985
turso,concurrent,32,1,24,23089585865,0,0,6302,489352,278733274,279228928
turso,concurrent,32,1,24,23368815003,0,0,5761,501476,145825300,146332537
turso,concurrent,32,1,24,23515147830,0,0,6873,516785,153474623,153998281
turso,concurrent,32,1,24,23669146311,0,0,8797,13734467,45943448,59686712
turso,concurrent,32,1,24,23728833394,0,0,7434,764862,159571549,160343845
turso,concurrent,32,1,24,23889177509,0,0,6131,505634,769059244,769571009
turso,concurrent,32,1,24,24658748770,0,0,6662,569975,562211764,562788401
turso,concurrent,32,1,24,25221537582,0,0,9167,14592886,401541203,416143256
turso,concurrent,32,1,24,25637681079,0,0,5620,438958,183825661,184270239
turso,concurrent,32,1,24,25821951589,0,0,7704,478162,136710443,137196309
turso,concurrent,32,1,24,25959148149,0,0,8386,3582535,39395802,42986723
turso,concurrent,32,1,24,26002135183,0,0,6662,524459,6173571,6704692
turso,concurrent,32,1,24,26008840135,0,0,5370,748692,17603522,18357584
turso,concurrent,32,1,24,26027198040,0,0,7434,512196,168500044,169019674
turso,concurrent,32,1,24,26196217934,0,0,5901,506946,31942449,32455296
turso,concurrent,32,1,24,26228673541,0,0,5250,467180,148457924,148930354
turso,concurrent,32,1,24,26377604156,0,0,7243,497027,141739136,142243406
turso,concurrent,32,1,24,26519847822,0,0,5601,474234,109829077,110308912
turso,concurrent,32,1,24,26630156955,0,0,7223,710961,86994342,87712526
turso,concurrent,32,1,24,26717869701,0,0,7905,934642,61871452,62813999
turso,concurrent,32,1,24,26780684010,0,0,6212,535910,111526969,112069091
turso,concurrent,32,1,24,26892753432,0,0,6152,502587,143737614,144246353
turso,concurrent,32,1,24,27037000155,0,0,6753,441673,65465548,65913974
turso,concurrent,32,1,24,27102914360,0,0,7594,11941236,474149569,486098399
turso,concurrent,32,1,24,27589013019,0,0,7204,490635,46018710,46516549
turso,concurrent,32,1,24,27635529839,0,0,5671,532554,127531987,128070212
turso,concurrent,32,1,24,27763600261,0,0,6281,560147,175971872,176538300
turso,concurrent,32,1,24,27940138842,0,0,5831,453806,153119173,153578810
turso,concurrent,32,1,24,28093717872,0,0,5770,454988,173805228,174265986
turso,concurrent,32,1,24,28267984119,0,0,7364,6641483,525169369,531818216
turso,concurrent,32,1,24,28799802606,0,0,7184,475326,12854417,13336927
turso,concurrent,32,1,24,28813139763,0,0,5391,465818,201273650,201744859
turso,concurrent,32,1,24,29014884883,0,0,6753,566628,80467094,81040475
turso,concurrent,32,1,24,29095925608,0,0,7714,630279,243940791,244578784
turso,concurrent,32,1,24,29340504643,0,0,7665,510853,208701485,209220003
turso,concurrent,32,1,24,29549724997,0,0,8176,3320450,37669107,40997733
turso,concurrent,32,1,24,29590723051,0,0,5460,458304,55683954,56147718
turso,concurrent,32,1,24,29646871100,0,0,6282,824334,288909712,289740328
turso,concurrent,32,1,24,29936611709,0,0,8205,604931,50414438,51027574
turso,concurrent,32,1,24,29987639484,0,0,5099,576507,13033115,13614721
turso,concurrent,32,1,24,30001254455,0,0,7104,1021686,114009350,115038140
turso,concurrent,32,1,24,30116292815,0,0,5540,449358,100630163,101085061
turso,concurrent,32,1,24,30217378086,0,0,4719,487730,154394898,154887347
turso,concurrent,32,1,24,30372265703,0,0,6522,586676,203985053,204578251
turso,concurrent,32,1,24,30576844214,0,0,7064,649815,215183057,215839936
turso,concurrent,32,1,24,30792684411,0,0,7754,7345240,302206233,309559227
turso,concurrent,32,1,24,31102243859,0,0,6171,595153,30585029,31186353
turso,concurrent,32,1,24,31133430482,0,0,6593,551410,14778044,15336047
turso,concurrent,32,1,24,31148766799,0,0,5571,941575,15992154,16939300
turso,concurrent,32,1,24,31165706339,0,0,4448,479334,192763243,193247025
turso,concurrent,32,1,24,31358953576,0,0,6021,626001,86169446,86801468
turso,concurrent,32,1,24,31445755324,0,0,5751,455900,278864541,279326192
turso,concurrent,32,1,24,31725081826,0,0,5691,520321,286394590,286920602
turso,concurrent,32,1,24,32012002658,0,0,8186,9274777,87070395,96353358
turso,concurrent,32,1,24,32108356367,0,0,6142,680313,701718741,702405196
turso,concurrent,32,1,24,32810761823,0,0,6703,451842,23819913,24278458
turso,concurrent,32,1,24,32835040642,0,0,5540,476639,94526825,95009004
turso,concurrent,32,1,24,32930049956,0,0,6673,534067,64298447,64839187
turso,concurrent,32,1,24,32994889364,0,0,5841,615049,41639063,42259953
turso,concurrent,32,1,25,131729,1,0,25026649,490335,139517877,165034861
turso,concurrent,32,1,25,165167010,1,0,5881,345622,267047059,267398562
turso,concurrent,32,1,25,432565822,1,0,6172,332477,66238295,66576944
turso,concurrent,32,1,25,499142986,1,0,5371,338909,451574493,451918773
turso,concurrent,32,1,25,951062079,1,0,6663,344279,118392564,118743506
turso,concurrent,32,1,25,1069806156,1,0,56567,684340,294727833,295468740
turso,concurrent,32,1,25,1365275186,1,0,6302,444688,58906241,59357231
turso,concurrent,32,1,25,1424632647,1,0,6112,389424,473955694,474351230
turso,concurrent,32,1,25,1898984138,1,0,6642,526132,19414256,19947030
turso,concurrent,32,1,25,1918931729,1,0,6342,426895,38611454,39044691
turso,concurrent,32,1,25,1957976650,1,0,5942,491176,126671905,127169023
turso,concurrent,32,1,25,2085145924,1,0,6762,13136430,248691478,261834670
turso,concurrent,32,1,25,2346980855,1,0,5751,462151,154974250,155442152
turso,concurrent,32,1,25,2502423338,1,0,6312,443116,101102222,101551650
turso,concurrent,32,1,25,2603975259,1,0,5981,517386,86475393,86998760
turso,concurrent,32,1,25,2690974239,1,0,7214,653121,263878775,264539110
turso,concurrent,32,1,25,2955513590,1,0,5811,468673,33222673,33697157
turso,concurrent,32,1,25,2989211488,1,0,6032,554906,120059988,120620926
turso,concurrent,32,1,25,3109832675,0,0,5310,468022,951455461,951928793
turso,concurrent,32,1,25,4061761909,0,0,7814,7207801,154102036,161317651
turso,concurrent,32,1,25,4223079761,0,0,6241,529479,226383345,226919065
turso,concurrent,32,1,25,4449999057,0,0,8175,4180793,38958077,43147045
turso,concurrent,32,1,25,4493146383,0,0,7434,596474,162066073,162669981
turso,concurrent,32,1,25,4655816584,0,0,5941,494081,9818083,10318105
turso,concurrent,32,1,25,4666134910,0,0,4749,387420,242310377,242702546
turso,concurrent,32,1,25,4908837737,0,0,6482,526643,77601852,78134977
turso,concurrent,32,1,25,4986972934,0,0,6452,486157,42107836,42600445
turso,concurrent,32,1,25,5029573629,0,0,5842,436272,270782542,271224656
turso,concurrent,32,1,25,5300798526,0,0,6392,528146,63483380,64017918
turso,concurrent,32,1,25,5364816725,0,0,10470,6031001,12856221,18897692
turso,concurrent,32,1,25,5383714668,0,0,6442,653653,83523256,84183351
turso,concurrent,32,1,25,5467898220,0,0,5290,444869,35969772,36419931
turso,concurrent,32,1,25,5504318401,0,0,6893,694029,322580209,323281131
turso,concurrent,32,1,25,5827600985,0,0,5951,534357,133779488,134319796
turso,concurrent,32,1,25,5961921041,0,0,5340,460859,106755312,107221511
turso,concurrent,32,1,25,6069142892,0,0,5651,615300,99829062,100450013
turso,concurrent,32,1,25,6169593216,0,0,5771,447523,210404848,210858142
turso,concurrent,32,1,25,6380451639,0,0,5460,441803,333305452,333752715
turso,concurrent,32,1,25,6714204704,0,0,7745,4701365,66043858,70752968
turso,concurrent,32,1,25,6784958003,0,0,5420,442114,193506795,193954329
turso,concurrent,32,1,25,6978912613,0,0,5119,438447,8122706,8566272
turso,concurrent,32,1,25,6987479065,0,0,4448,424000,28526939,28955387
turso,concurrent,32,1,25,7016434722,0,0,6202,571367,44909960,45487529
turso,concurrent,32,1,25,7061922521,0,0,5451,436863,22099921,22542235
turso,concurrent,32,1,25,7084465056,0,0,6272,665715,333702561,334374548
turso,concurrent,32,1,25,7418839895,0,0,6672,629257,77632519,78268448
turso,concurrent,32,1,25,7497108603,0,0,13816,741930,313609243,314364989
turso,concurrent,32,1,25,7811473853,0,0,9888,9464166,107259472,116733526
turso,concurrent,32,1,25,7928207669,0,0,6924,517756,326064829,326589509
turso,concurrent,32,1,25,8254797529,0,0,6943,537794,63765553,64310290
turso,concurrent,32,1,25,8319108089,0,0,11722,556650,550466899,551035271
turso,concurrent,32,1,25,8870143711,0,0,7043,7464745,144349978,151821766
turso,concurrent,32,1,25,9021965748,0,0,6482,639065,31535882,32181429
turso,concurrent,32,1,25,9054147428,0,0,5761,476678,17434183,17916622
turso,concurrent,32,1,25,9072064271,0,0,6211,446292,55478096,55930599
turso,concurrent,32,1,25,9127995071,0,0,5270,496596,265989835,266491701
turso,concurrent,32,1,25,9394487163,0,0,7103,524129,158855479,159386711
turso,concurrent,32,1,25,9553874184,0,0,5641,466680,46907806,47380127
turso,concurrent,32,1,25,9601254602,0,0,5561,421013,256774570,257201144
turso,concurrent,32,1,25,9858456026,0,0,8496,598008,126188985,126795489
turso,concurrent,32,1,25,9985251755,0,0,6132,447414,18995667,19449213
turso,concurrent,32,1,25,10004701218,0,0,5310,437355,33732975,34175640
turso,concurrent,32,1,25,10038877098,0,0,4960,428037,84274212,84707209
turso,concurrent,32,1,25,10123584578,0,0,5671,396477,235851188,236253336
turso,concurrent,32,1,25,10359838354,0,0,6903,569324,167667174,168243401
turso,concurrent,32,1,25,10528084009,0,0,7334,536171,185833036,186376541
turso,concurrent,32,1,25,10714461071,0,0,7464,520622,243289543,243817629
turso,concurrent,32,1,25,10958278930,0,0,8346,9313020,321852888,331174254
turso,concurrent,32,1,25,11289453434,0,0,5831,436924,12839930,13282685
turso,concurrent,32,1,25,11302736309,0,0,4689,540790,108373783,108919262
turso,concurrent,32,1,25,11411655792,0,0,5140,439999,458195287,458640426
turso,concurrent,32,1,25,11870296449,0,0,5841,419310,50261971,50687122
turso,concurrent,32,1,25,11920983822,0,0,6051,580214,28943715,29529980
turso,concurrent,32,1,25,11950514123,0,0,8386,633564,107266806,107908756
turso,concurrent,32,1,25,12058423240,0,0,9097,8866739,145179412,154055248
turso,concurrent,32,1,25,12212478818,0,0,6232,441543,27876592,28324367
turso,concurrent,32,1,25,12240803386,0,0,5590,514650,135040806,135561046
turso,concurrent,32,1,25,12376364702,0,0,7064,505743,125418863,125931670
turso,concurrent,32,1,25,12502296632,0,0,5932,467391,189546819,190020142
turso,concurrent,32,1,25,12692317094,0,0,5531,462502,398799373,399267406
turso,concurrent,32,1,25,13091585041,0,0,13997,641709,44626566,45282272
turso,concurrent,32,1,25,13136867523,0,0,7404,3413316,58078520,61499240
turso,concurrent,32,1,25,13198367033,0,0,6683,570937,338929235,339506855
turso,concurrent,32,1,25,13537874108,0,0,6692,528376,202545619,203080687
turso,concurrent,32,1,25,13740955036,0,0,5912,515542,227162615,227684069
turso,concurrent,32,1,25,13968639295,0,0,4939,477891,87601427,88084257
turso,concurrent,32,1,25,14056723802,0,0,7234,599700,65386510,65993444
turso,concurrent,32,1,25,14122717546,0,0,8015,568542,332964389,333540946
turso,concurrent,32,1,25,14456258833,0,0,8817,5382158,56168518,61559493
turso,concurrent,32,1,25,14517818586,0,0,5791,423038,64342010,64770839
turso,concurrent,32,1,25,14582589745,0,0,6713,496726,116050258,116553697
turso,concurrent,32,1,25,14699143663,0,0,6232,531492,48366507,48904231
turso,concurrent,32,1,25,14748048114,0,0,7555,843640,373248707,374099902
turso,concurrent,32,1,25,15122148276,0,0,6563,528095,107461163,107995821
turso,concurrent,32,1,25,15230144388,0,0,6893,652059,141858500,142517452
turso,concurrent,32,1,25,15372662131,0,0,7333,471970,134431507,134910810
turso,concurrent,32,1,25,15507573662,0,0,2832211,5368532,54428718,62629461
turso,concurrent,32,1,25,15570203413,0,0,7004,572068,84934408,85513480
turso,concurrent,32,1,25,15655717193,0,0,6883,493561,196363212,196863656
turso,concurrent,32,1,25,15852581119,0,0,8035,981120,273228093,274217248
turso,concurrent,32,1,25,16126798618,0,0,6282,604580,22652192,23263054
turso,concurrent,32,1,25,16150061962,0,0,5831,468103,34043440,34517374
turso,concurrent,32,1,25,16184579616,0,0,5680,649635,600307256,600962571
turso,concurrent,32,1,25,16785542468,0,0,8706,6396231,154421819,160826756
turso,concurrent,32,1,25,16946369514,0,0,6563,451180,241480002,241937745
turso,concurrent,32,1,25,17188307559,0,0,6873,461049,40401249,40869171
turso,concurrent,32,1,25,17229176970,0,0,5410,497017,30641666,31144093
turso,concurrent,32,1,25,17260321314,0,0,5701,498971,555630826,556135498
turso,concurrent,32,1,25,17816457032,0,0,8155,11433288,226531786,237973229
turso,concurrent,32,1,25,18054430571,0,0,5902,384354,291371394,291761650
turso,concurrent,32,1,25,18346192491,0,0,5731,456901,23164959,23627591
turso,concurrent,32,1,25,18369820382,0,0,7444,682326,363635701,364325471
turso,concurrent,32,1,25,18734146104,0,0,6762,770503,105724799,106502064
turso,concurrent,32,1,25,18840648429,0,0,6873,446332,234572967,235026172
turso,concurrent,32,1,25,19075674872,0,0,8075,997741,462427768,463433584
turso,concurrent,32,1,25,19539108696,0,0,11101,414893,564625495,565051489
turso,concurrent,32,1,25,20104160516,0,0,8616,6450924,262634018,269093558
turso,concurrent,32,1,25,20373254344,0,0,7574,8016376,49618117,57642067
turso,concurrent,32,1,25,20430896671,0,0,6392,537784,112067308,112611484
turso,concurrent,32,1,25,20543508396,0,0,6732,461420,129633359,130101511
turso,concurrent,32,1,25,20673610108,0,0,5811,448916,203077221,203531948
turso,concurrent,32,1,25,20877142297,0,0,6131,586035,23798974,24391140
turso,concurrent,32,1,25,20901533798,0,0,6212,486687,46975715,47468614
turso,concurrent,32,1,25,20949002682,0,0,7695,957475,12350959,13316129
turso,concurrent,32,1,25,20962319031,0,0,5270,536031,214611779,215153080
turso,concurrent,32,1,25,21177472372,0,0,6652,576417,133021388,133604457
turso,concurrent,32,1,25,21311077450,0,0,18676,3469591,58418612,61906879
turso,concurrent,32,1,25,21372984619,0,0,5841,728143,464055316,464789300
turso,concurrent,32,1,25,21837774190,0,0,6792,834053,301980928,302821773
turso,concurrent,32,1,25,22140597296,0,0,7133,527826,101834403,102369362
turso,concurrent,32,1,25,22242966868,0,0,7885,692867,173614086,174314838
turso,concurrent,32,1,25,22417282227,0,0,17453,6974761,120744459,127736673
turso,concurrent,32,1,25,22545019231,0,0,6382,518167,65288204,65812753
turso,concurrent,32,1,25,22610832214,0,0,5420,505844,208644819,209156083
turso,concurrent,32,1,25,22819988638,0,0,6863,618385,166518428,167143676
turso,concurrent,32,1,25,22987132635,0,0,5690,458214,936259639,936723543
turso,concurrent,32,1,25,23923856438,0,0,7164,8953151,4853241,13813556
turso,concurrent,32,1,25,23937670405,0,0,5961,479544,75991976,76477481
turso,concurrent,32,1,25,24014148147,0,0,5721,442775,62884832,63333328
turso,concurrent,32,1,25,24077481695,0,0,5391,490665,125922061,126418117
turso,concurrent,32,1,25,24203900123,0,0,6081,463584,249541481,250011146
turso,concurrent,32,1,25,24453911600,0,0,7675,711110,96339693,97058478
turso,concurrent,32,1,25,24550970339,0,0,6802,638164,254661194,255306160
turso,concurrent,32,1,25,24806276900,0,0,15489,1791528,80706807,82513824
turso,concurrent,32,1,25,24888790984,0,0,6723,506555,163094341,163607619
turso,concurrent,32,1,25,25052398824,0,0,6622,598108,72948668,73553398
turso,concurrent,32,1,25,25125952442,0,0,6072,559124,204523828,205089024
turso,concurrent,32,1,25,25331041757,0,0,6522,465929,24112164,24584615
turso,concurrent,32,1,25,25355626613,0,0,5310,506996,58896502,59408808
turso,concurrent,32,1,25,25415035671,0,0,7334,524339,188159352,188691025
turso,concurrent,32,1,25,25603726977,0,0,6402,549576,155498319,156054297
turso,concurrent,32,1,25,25759781614,0,0,5661,480286,147280814,147766761
turso,concurrent,32,1,25,25907548646,0,0,7744,435972,275151901,275595617
turso,concurrent,32,1,25,26183144504,0,0,9538,6485068,222596775,229091381
turso,concurrent,32,1,25,26412236156,0,0,6231,671557,188075615,188753403
turso,concurrent,32,1,25,26600989759,0,0,5110,711261,54439588,55155959
turso,concurrent,32,1,25,26656145988,0,0,5501,623676,29516384,30145561
turso,concurrent,32,1,25,26686291980,0,0,7394,610982,187696560,188314936
turso,concurrent,32,1,25,26874607217,0,0,7263,581126,18357434,18945823
turso,concurrent,32,1,25,26893553310,0,0,5711,591415,46813699,47410825
turso,concurrent,32,1,25,26940964396,0,0,5470,425082,186284848,186715400
turso,concurrent,32,1,25,27127680076,0,0,9679,3552548,103283325,106845552
turso,concurrent,32,1,25,27234525829,0,0,6051,431674,231688859,232126584
turso,concurrent,32,1,25,27466652784,0,0,8155,728053,361015611,361751819
turso,concurrent,32,1,25,27828404883,0,0,6793,479644,76743023,77229460
turso,concurrent,32,1,25,27905634583,0,0,5751,490335,354139445,354635531
turso,concurrent,32,1,25,28260270424,0,0,8517,8352118,15510275,23870910
turso,concurrent,32,1,25,28284141665,0,0,6602,9088597,119913262,129008461
turso,concurrent,32,1,25,28413150386,0,0,7775,514951,118992245,119514971
turso,concurrent,32,1,25,28532665617,0,0,6052,523487,373701110,374230649
turso,concurrent,32,1,25,28906896596,0,0,6322,507838,25306366,25820526
turso,concurrent,32,1,25,28932717412,0,0,6663,476899,106033331,106516893
turso,concurrent,32,1,25,29039234515,0,0,5671,526923,653938900,654471494
turso,concurrent,32,1,25,29693706330,0,0,9378,8188810,124643621,132841809
turso,concurrent,32,1,25,29826548399,0,0,5721,435622,108874257,109315600
turso,concurrent,32,1,25,29935864229,0,0,5601,469425,35139948,35614974
turso,concurrent,32,1,25,29971479433,0,0,4950,503940,44153112,44662002
turso,concurrent,32,1,25,30016141686,0,0,5600,415123,8793761,9214484
turso,concurrent,32,1,25,30025356421,0,0,4929,401818,477717166,478123913
turso,concurrent,32,1,25,30503480594,0,0,7374,579904,38725529,39312807
turso,concurrent,32,1,25,30542793641,0,0,5420,497288,167784385,168287093
turso,concurrent,32,1,25,30711081094,0,0,9458,10402905,12177311,22589674
turso,concurrent,32,1,25,30733671029,0,0,6121,478232,149992026,150476379
turso,concurrent,32,1,25,30884147708,0,0,7594,548394,122707200,123263188
turso,concurrent,32,1,25,31007411137,0,0,6633,598989,456306937,456912559
turso,concurrent,32,1,25,31464323936,0,0,6482,534969,76494454,77035905
turso,concurrent,32,1,25,31541360141,0,0,6643,494943,458627212,459128798
turso,concurrent,32,1,25,32000489139,0,0,8286,2418970,157465679,159892935
turso,concurrent,32,1,25,32160382315,0,0,6342,537864,62223795,62768001
turso,concurrent,32,1,25,32223150547,0,0,6151,964128,31386631,32356910
turso,concurrent,32,1,25,32255507697,0,0,5671,427165,163763644,164196480
turso,concurrent,32,1,25,32419704418,0,0,5931,562821,111265335,111834087
turso,concurrent,32,1,25,32531538796,0,0,5911,525521,27614519,28145951
turso,concurrent,32,1,25,32559685017,0,0,6673,486878,36806520,37300071
turso,concurrent,32,1,25,32596985389,0,0,5400,495524,134246007,134746931
turso,concurrent,32,1,25,32731732620,0,0,7294,700240,281376718,282084252
turso,concurrent,32,1,26,1257321,1,0,18094739,353957,465177292,483625988
turso,concurrent,32,1,26,484883650,1,0,5720,363756,176359073,176728549
turso,concurrent,32,1,26,661612429,1,0,5681,327388,49320305,49653374
turso,concurrent,32,1,26,711266184,1,0,5490,373374,124006820,124385684
turso,concurrent,32,1,26,835652099,1,0,6472,489503,145938524,146434499
turso,concurrent,32,1,26,982087128,1,0,6201,345943,512153687,512505831
turso,concurrent,32,1,26,1494593251,1,0,52258,7007684,196907287,203967229
turso,concurrent,32,1,26,1698560720,1,0,6582,464496,78768651,79239729
turso,concurrent,32,1,26,1777800691,1,0,5059,427887,63351181,63784127
turso,concurrent,32,1,26,1841585430,1,0,7464,994846,52640365,53642675
turso,concurrent,32,1,26,1895228336,1,0,5701,507296,92387771,92900768
turso,concurrent,32,1,26,1988129325,1,0,5701,457823,194114811,194578335
turso,concurrent,32,1,26,2182707981,1,0,7785,3302847,94352296,97662928
turso,concurrent,32,1,26,2280371330,1,0,6692,548554,41566797,42122043
turso,concurrent,32,1,26,2322493613,1,0,5540,431694,246852792,247290026
turso,concurrent,32,1,26,2569783879,1,0,6192,493671,91099332,91599195
turso,concurrent,32,1,26,2661383304,1,0,6152,475496,253655348,254136996
turso,concurrent,32,1,26,2915521352,1,0,5892,532674,173916327,174454893
turso,concurrent,32,1,26,3089976475,0,0,5711,438547,368199426,368643684
turso,concurrent,32,1,26,3458620549,0,0,8516,3392688,161586137,164987341
turso,concurrent,32,1,26,3623608201,0,0,6953,460318,67629709,68096980
turso,concurrent,32,1,26,3691705431,0,0,5330,452153,46701988,47159471
turso,concurrent,32,1,26,3738865253,0,0,5350,466951,66343022,66815323
turso,concurrent,32,1,26,3805680857,0,0,6181,626351,52278474,52911006
turso,concurrent,32,1,26,3858592193,0,0,7444,550368,112180501,112738313
turso,concurrent,32,1,26,3971330777,0,0,5420,439198,17276626,17721244
turso,concurrent,32,1,26,3989052272,0,0,4688,520602,115559392,116084682
turso,concurrent,32,1,26,4105137165,0,0,5811,495274,374310117,374811202
turso,concurrent,32,1,26,4479948758,0,0,8706,6531386,190122103,196662195
turso,concurrent,32,1,26,4676611294,0,0,6662,481258,125743354,126231274
turso,concurrent,32,1,26,4802842919,0,0,5200,534959,87100782,87640941
turso,concurrent,32,1,26,4890484100,0,0,4699,483131,50450427,50938257
turso,concurrent,32,1,26,4941422677,0,0,5881,570075,267406016,267981972
turso,concurrent,32,1,26,5209415028,0,0,6302,489774,119156194,119652270
turso,concurrent,32,1,26,5329067528,0,0,5871,555347,75192780,75753998
turso,concurrent,32,1,26,5404821786,0,0,6683,729515,102590920,103327118
turso,concurrent,32,1,26,5508149154,0,0,7234,666126,110530821,111204181
turso,concurrent,32,1,26,5619353575,0,0,6993,574443,246038126,246619562
turso,concurrent,32,1,26,5865973347,0,0,6172,537514,265998551,266542237
turso,concurrent,32,1,26,6132515805,0,0,6632,446091,288807008,289259731
turso,concurrent,32,1,26,6421775777,0,0,7825,503990,73844337,74356152
turso,concurrent,32,1,26,6496132189,0,0,7013,7484673,53256117,60747803
turso,concurrent,32,1,26,6556880202,0,0,6472,566038,14682684,15255194
turso,concurrent,32,1,26,6572135717,0,0,6643,612454,121385178,122004275
turso,concurrent,32,1,26,6694140202,0,0,6582,654294,11341184,12002060
turso,concurrent,32,1,26,6706142533,0,0,5120,568672,25295155,25868947
turso,concurrent,32,1,26,6732011700,0,0,6032,587367,185554141,186147540
turso,concurrent,32,1,26,6918159480,0,0,6052,446000,180085660,180537712
turso,concurrent,32,1,26,7098697462,0,0,5911,454087,16516943,16976941
turso,concurrent,32,1,26,7115674623,0,0,4689,450730,274479212,274934631
turso,concurrent,32,1,26,7390609635,0,0,6673,582859,182631700,183221232
turso,concurrent,32,1,26,7573831137,0,0,8707,4000453,62998797,67007957
turso,concurrent,32,1,26,7640839314,0,0,6312,597236,137920836,138524384
turso,concurrent,32,1,26,7779363928,0,0,5501,680813,60911732,61598046
turso,concurrent,32,1,26,7840962375,0,0,7254,931506,122788673,123727433
turso,concurrent,32,1,26,7964690059,0,0,6773,564494,308338706,308909973
turso,concurrent,32,1,26,8273600272,0,0,6122,498430,178421090,178925642
turso,concurrent,32,1,26,8452526195,0,0,5861,576627,49488273,50070761
turso,concurrent,32,1,26,8502597146,0,0,5380,505142,152282245,152792767
turso,concurrent,32,1,26,8655390174,0,0,7674,21526379,144703986,166238039
turso,concurrent,32,1,26,8821628533,0,0,5761,412347,227846565,228264673
turso,concurrent,32,1,26,9049893847,0,0,7154,566528,260508680,261082362
turso,concurrent,32,1,26,9310976500,0,0,5380,463664,12441149,12910193
turso,concurrent,32,1,26,9323886923,0,0,4869,466660,235502470,235973999
turso,concurrent,32,1,26,9559861213,0,0,6182,480025,35219047,35705254
turso,concurrent,32,1,26,9595568230,0,0,5581,671796,98265705,98943082
turso,concurrent,32,1,26,9694511532,0,0,6572,1109031,73255487,74371090
turso,concurrent,32,1,26,9768883233,0,0,14046,6264352,147749318,154027716
turso,concurrent,32,1,26,9922911330,0,0,10059,539126,139928652,140477837
turso,concurrent,32,1,26,10063389437,0,0,6893,632102,30791258,31430253
turso,concurrent,32,1,26,10094819901,0,0,6532,742700,199966907,200716139
turso,concurrent,32,1,26,10295536270,0,0,5300,499582,342419747,342924629
turso,concurrent,32,1,26,10638461250,0,0,7214,615911,40703398,41326523
turso,concurrent,32,1,26,10679788083,0,0,5470,491116,120686550,121183136
turso,concurrent,32,1,26,10800971580,0,0,9879,642031,137185779,137837689
turso,concurrent,32,1,26,10938809530,0,0,7584,3983281,242836068,246826933
turso,concurrent,32,1,26,11185636753,0,0,7334,540920,49959541,50507795
turso,concurrent,32,1,26,11236144818,0,0,6733,697335,281285636,281989704
turso,concurrent,32,1,26,11518134863,0,0,5901,460378,366712562,367178841
turso,concurrent,32,1,26,11885314065,0,0,6703,491717,18516624,19015044
turso,concurrent,32,1,26,11904329389,0,0,5290,540089,8832594,9377973
turso,concurrent,32,1,26,11913707632,0,0,5059,520972,48150721,48676752
turso,concurrent,32,1,26,11962384695,0,0,6472,711632,73600607,74318711
turso,concurrent,32,1,26,12036703637,0,0,7304,9325894,58842390,68175588
turso,concurrent,32,1,26,12104879485,0,0,4989,489894,89455883,89950766
turso,concurrent,32,1,26,12194830622,0,0,6572,582218,8067241,8656031
turso,concurrent,32,1,26,12203486904,0,0,8686,477250,93773775,94259711
turso,concurrent,32,1,26,12297746845,0,0,5380,502959,87471701,87980040
turso,concurrent,32,1,26,12385727145,0,0,6201,664543,134625482,135296226
turso,concurrent,32,1,26,12521023613,0,0,6853,613827,54345501,54966181
turso,concurrent,32,1,26,12575990014,0,0,5892,905788,19933024,20844704
turso,concurrent,32,1,26,12596834928,0,0,5932,705730,331668806,332380468
turso,concurrent,32,1,26,12929215616,0,0,6743,551851,262156427,262715021
turso,concurrent,32,1,26,13191931008,0,0,9027,9866263,192079524,201954814
turso,concurrent,32,1,26,13393886193,0,0,7925,679682,63252946,63940553
turso,concurrent,32,1,26,13457827136,0,0,7033,734354,135219893,135961280
turso,concurrent,32,1,26,13593788708,0,0,5651,489463,300865294,301360408
turso,concurrent,32,1,26,13895149447,0,0,7243,658332,310103593,310769168
turso,concurrent,32,1,26,14205919217,0,0,7133,471098,114144986,114623217
turso,concurrent,32,1,26,14320542955,0,0,13515,6235968,59032699,65282182
turso,concurrent,32,1,26,14385825367,0,0,5411,541120,90443094,90989625
turso,concurrent,32,1,26,14476815273,0,0,6182,527614,114526174,115059970
turso,concurrent,32,1,26,14591875464,0,0,5700,526102,60094662,60626464
turso,concurrent,32,1,26,14652502158,0,0,5571,477330,14349516,14832417
turso,concurrent,32,1,26,14667334816,0,0,5400,525230,132875763,133406393
turso,concurrent,32,1,26,14800741460,0,0,5760,573051,14461007,15039818
turso,concurrent,32,1,26,14815781689,0,0,6693,603477,39627039,40237209
turso,concurrent,32,1,26,14856019148,0,0,6423,631290,179322320,179960033
turso,concurrent,32,1,26,15035979481,0,0,6613,2652040,509495977,512154630
turso,concurrent,32,1,26,15548134411,0,0,8597,3574289,336230728,339813614
turso,concurrent,32,1,26,15887948295,0,0,5841,545248,35643628,36194717
turso,concurrent,32,1,26,15924143252,0,0,6232,805018,81698606,82509856
turso,concurrent,32,1,26,16006653379,0,0,6181,539297,27585484,28130962
turso,concurrent,32,1,26,16034784621,0,0,5260,434860,537756173,538196293
turso,concurrent,32,1,26,16572981295,0,0,8005,511615,241411992,241931612
turso,concurrent,32,1,26,16814913127,0,0,6121,3360446,44123437,47490004
turso,concurrent,32,1,26,16862403403,0,0,4789,469515,242523489,242997793
turso,concurrent,32,1,26,17105401476,0,0,7594,709318,59426301,60143213
turso,concurrent,32,1,26,17165544959,0,0,4959,457333,367565340,368027632
turso,concurrent,32,1,26,17533572882,0,0,6883,566478,122335819,122909180
turso,concurrent,32,1,26,17656482643,0,0,18255,799848,162891920,163710023
turso,concurrent,32,1,26,17820193156,0,0,19717,5893111,41875559,47788387
turso,concurrent,32,1,26,17867981924,0,0,6071,479123,72041297,72526491
turso,concurrent,32,1,26,17940508697,0,0,6693,536732,7639665,8183090
turso,concurrent,32,1,26,17948692177,0,0,7174,589441,606699338,607295953
turso,concurrent,32,1,26,18555988430,0,0,7624,627473,200405173,201040270
turso,concurrent,32,1,26,18757028961,0,0,5491,550488,218154559,218710538
turso,concurrent,32,1,26,18975739750,0,0,7484,10644290,72194657,82846431
turso,concurrent,32,1,26,19058586661,0,0,6422,443847,149563238,150013507
turso,concurrent,32,1,26,19208601751,0,0,5711,535369,14833891,15374971
turso,concurrent,32,1,26,19223976932,0,0,6162,691904,90310514,91008580
turso,concurrent,32,1,26,19314985703,0,0,4899,465007,267950482,268420388
turso,concurrent,32,1,26,19583406291,0,0,6012,483792,77926714,78416518
turso,concurrent,32,1,26,19661823110,0,0,5791,500473,40297473,40803737
turso,concurrent,32,1,26,19702627147,0,0,6261,561189,542478716,543046166
turso,concurrent,32,1,26,20245673535,0,0,9688,5556828,275897477,281463993
turso,concurrent,32,1,26,20527137918,0,0,7124,606774,42925688,43539586
turso,concurrent,32,1,26,20570677744,0,0,5711,527164,30778023,31310898
turso,concurrent,32,1,26,20601988893,0,0,5310,532674,80442488,80980472
turso,concurrent,32,1,26,20682969706,0,0,5019,474275,484448588,484927882
turso,concurrent,32,1,26,21167897829,0,0,5851,532293,99599981,100138125
turso,concurrent,32,1,26,21268036204,0,0,6933,8746192,149581752,158334877
turso,concurrent,32,1,26,21426371322,0,0,6282,650256,276939641,277596179
turso,concurrent,32,1,26,21703967872,0,0,8446,579683,4883288,5471417
turso,concurrent,32,1,26,21709439499,0,0,4378,556329,145972558,146533265
turso,concurrent,32,1,26,21855973024,0,0,5651,440541,199152090,199598282
turso,concurrent,32,1,26,22055571516,0,0,5771,467601,50306426,50779798
turso,concurrent,32,1,26,22106351614,0,0,4939,452544,114043023,114500506
turso,concurrent,32,1,26,22220852460,0,0,7284,555568,95723701,96286553
turso,concurrent,32,1,26,22317139353,0,0,5821,433768,128005600,128445189
turso,concurrent,32,1,26,22445584773,0,0,8616,10600267,172445233,183054116
turso,concurrent,32,1,26,22628639140,0,0,5721,465718,403692169,404163608
turso,concurrent,32,1,26,23032803038,0,0,7434,553012,264546584,265107030
turso,concurrent,32,1,26,23297910340,0,0,5600,551109,141067429,141624138
turso,concurrent,32,1,26,23439534738,0,0,6643,819415,95960618,96786676
turso,concurrent,32,1,26,23536321855,0,0,13886,562050,45493169,46069105
turso,concurrent,32,1,26,23582391211,0,0,6722,7222669,119354438,126583829
turso,concurrent,32,1,26,23708975361,0,0,7444,7170800,236386277,243564521
turso,concurrent,32,1,26,23952540142,0,0,5921,484213,159743373,160233507
turso,concurrent,32,1,26,24112773860,0,0,5901,402519,56607546,57015966
turso,concurrent,32,1,26,24169790157,0,0,7023,554816,12361899,12923738
turso,concurrent,32,1,26,24182714145,0,0,4339,456380,160970597,161431316
turso,concurrent,32,1,26,24344145732,0,0,6001,501015,91285192,91792208
turso,concurrent,32,1,26,24435938160,0,0,5531,618686,207970117,208594334
turso,concurrent,32,1,26,24644532754,0,0,6803,607406,39839288,40453497
turso,concurrent,32,1,26,24684986542,0,0,7524,666016,90148830,90822370
turso,concurrent,32,1,26,24775809152,0,0,5671,585924,41211797,41803392
turso,concurrent,32,1,26,24817612854,0,0,7123,8410939,79830444,88248506
turso,concurrent,32,1,26,24905861691,0,0,8726,514901,288787882,289311509
turso,concurrent,32,1,26,25195173471,0,0,5881,452844,69332359,69791084
turso,concurrent,32,1,26,25264964786,0,0,5570,436163,160732047,161173780
turso,concurrent,32,1,26,25426138817,0,0,6001,476188,45335462,45817651
turso,concurrent,32,1,26,25471956648,0,0,6031,579824,101446952,102032807
turso,concurrent,32,1,26,25573989716,0,0,6662,494132,28193991,28694785
turso,concurrent,32,1,26,25602684711,0,0,6072,459486,70666525,71132083
turso,concurrent,32,1,26,25673817014,0,0,5810,432726,28885014,29323550
turso,concurrent,32,1,26,25703140826,0,0,5090,475196,146151915,146632201
turso,concurrent,32,1,26,25849773278,0,0,5520,472782,247895146,248373448
turso,concurrent,32,1,26,26098146957,0,0,7775,12552428,73180064,85740267
turso,concurrent,32,1,26,26183887444,0,0,6613,500073,319282250,319788936
turso,concurrent,32,1,26,26503676601,0,0,5330,496997,51201863,51704190
turso,concurrent,32,1,26,26555381162,0,0,7404,568432,65008526,65584362
turso,concurrent,32,1,26,26620965764,0,0,6413,494121,43437674,43938208
turso,concurrent,32,1,26,26664904272,0,0,6802,591005,85901972,86499779
turso,concurrent,32,1,26,26751404332,0,0,5661,563022,166163999,166732682
turso,concurrent,32,1,26,26918137234,0,0,5551,559575,240089369,240654495
turso,concurrent,32,1,26,27158792019,0,0,8787,11758160,124121276,135888223
turso,concurrent,32,1,26,27294680503,0,0,5711,466680,95067383,95539774
turso,concurrent,32,1,26,27390220668,0,0,6322,464766,97788605,98259693
turso,concurrent,32,1,26,27488480631,0,0,6883,510954,141127402,141645239
turso,concurrent,32,1,26,27630126130,0,0,5671,421244,64266978,64693893
turso,concurrent,32,1,26,27694820254,0,0,6292,555948,299017821,299580061
turso,concurrent,32,1,26,27994400806,0,0,6222,645747,134411579,135063548
turso,concurrent,32,1,26,28129464604,0,0,6162,491146,23449656,23946964
turso,concurrent,32,1,26,28153411888,0,0,5080,478342,64283619,64767041
turso,concurrent,32,1,26,28218179250,0,0,6021,565396,261330460,261901877
turso,concurrent,32,1,26,28480081338,0,0,6873,9998322,10584577,20589772
turso,concurrent,32,1,26,28500671471,0,0,5440,491567,242632184,243129191
turso,concurrent,32,1,26,28743800952,0,0,6032,519199,336512759,337037990
turso,concurrent,32,1,26,29080839162,0,0,5711,580505,444542594,445128810
turso,concurrent,32,1,26,29525968373,0,0,8816,705491,71465631,72179938
turso,concurrent,32,1,26,29598148582,0,0,6121,471800,181523651,182001572
turso,concurrent,32,1,26,29780150434,0,0,5601,465567,60089832,60561000
turso,concurrent,32,1,26,29840711765,0,0,6683,525280,323776745,324308708
turso,concurrent,32,1,26,30165020703,0,0,6653,514480,247558793,248079926
turso,concurrent,32,1,26,30413100950,0,0,6953,719096,363321639,364047688
turso,concurrent,32,1,26,30777148958,0,0,7935,4340304,31818225,36166464
turso,concurrent,32,1,26,30813315672,0,0,6021,439329,294225635,294670985
turso,concurrent,32,1,26,31107986907,0,0,6202,495194,26386423,26887819
turso,concurrent,32,1,26,31134875006,0,0,6092,547862,450426269,450980223
turso,concurrent,32,1,26,31585855519,0,0,7134,499652,379505514,380012300
turso,concurrent,32,1,26,31965868089,0,0,9939,4915659,344353363,349278961
turso,concurrent,32,1,26,32315147360,0,0,6572,534337,15521727,16062636
turso,concurrent,32,1,26,32331210218,0,0,5160,520431,295417813,295943404
turso,concurrent,32,1,26,32627153883,0,0,7434,677878,81510832,82196144
turso,concurrent,32,1,26,32709350357,0,0,6974,567600,128894265,129468839
turso,concurrent,32,1,26,32838819397,0,0,7544,787565,77361299,78156408
turso,concurrent,32,1,26,32916976105,0,0,5571,476258,147553277,148035106
turso,concurrent,32,1,27,55034,1,0,2433048,544917,508126585,511104550
turso,concurrent,32,1,27,511159845,1,0,5600,369878,153714285,154089763
turso,concurrent,32,1,27,665249808,1,0,4058,318500,29430763,29753321
turso,concurrent,32,1,27,695003319,1,0,6212,344029,186853360,187203601
turso,concurrent,32,1,27,882207180,1,0,6933,414662,340055169,340476764
turso,concurrent,32,1,27,1222684555,1,0,44214,9665605,129275444,138985263
turso,concurrent,32,1,27,1361670038,1,0,6442,487108,321982732,322476282
turso,concurrent,32,1,27,1684146692,1,0,6963,558403,9984286,10549652
turso,concurrent,32,1,27,1694696544,1,0,5190,444378,62682801,63132369
turso,concurrent,32,1,27,1757829584,1,0,6162,519149,34620639,35145950
turso,concurrent,32,1,27,1792975824,1,0,7534,469235,116353880,116830649
turso,concurrent,32,1,27,1909806764,1,0,6542,418960,261079257,261504759
turso,concurrent,32,1,27,2171311813,1,0,7234,6196113,94326607,100529954
turso,concurrent,32,1,27,2271842037,1,0,5000,409011,133709655,134123666
turso,concurrent,32,1,27,2405965924,1,0,5871,554766,90274246,90834883
turso,concurrent,32,1,27,2496801047,1,0,6001,477731,33625994,34109726
turso,concurrent,32,1,27,2530911003,1,0,5911,472431,23380465,23858807
turso,concurrent,32,1,27,2554770491,1,0,5520,427376,221756362,222189258
turso,concurrent,32,1,27,2776959989,1,0,5961,447294,9525270,9978525
turso,concurrent,32,1,27,2786938805,1,0,6903,521302,103940214,104468419
turso,concurrent,32,1,27,2891407475,1,0,6061,435381,437566991,438008433
turso,concurrent,32,1,27,3329416199,0,0,8376,591986,47982293,48582655
turso,concurrent,32,1,27,3377999104,0,0,5791,422376,35723028,36151195
turso,concurrent,32,1,27,3414150539,0,0,6903,530721,427069869,427607493
turso,concurrent,32,1,27,3841758282,0,0,6112,628445,295288709,295923266
turso,concurrent,32,1,27,4137681819,0,0,6011,525842,89930047,90461900
turso,concurrent,32,1,27,4228143959,0,0,5911,467021,48956289,49429221
turso,concurrent,32,1,27,4277573501,0,0,8746,3865679,80157180,84031605
turso,concurrent,32,1,27,4361605427,0,0,7945,589481,174254755,174852181
turso,concurrent,32,1,27,4536458049,0,0,6211,443116,156240438,156689765
turso,concurrent,32,1,27,4693148175,0,0,7294,578591,39053006,39638891
turso,concurrent,32,1,27,4732787476,0,0,5039,436213,182754681,183195933
turso,concurrent,32,1,27,4915983661,0,0,5610,465288,205517983,205988881
turso,concurrent,32,1,27,5121973934,0,0,5941,469997,110469575,110945513
turso,concurrent,32,1,27,5232919707,0,0,7354,722262,77190677,77920293
turso,concurrent,32,1,27,5310840240,0,0,5641,611753,289385940,290003334
turso,concurrent,32,1,27,5600843824,0,0,7314,3340809,255577933,258926056
turso,concurrent,32,1,27,5859770131,0,0,6392,491236,78140097,78637725
turso,concurrent,32,1,27,5938408217,0,0,5560,420964,83059662,83486186
turso,concurrent,32,1,27,6021894684,0,0,5871,420964,372533989,372960824
turso,concurrent,32,1,27,6394855818,0,0,7244,480997,23946452,24434693
turso,concurrent,32,1,27,6419290731,0,0,5851,589211,120980815,121575877
turso,concurrent,32,1,27,6540866928,0,0,8216,8590558,13806352,22405126
turso,concurrent,32,1,27,6563272285,0,0,5400,544467,226482562,227032429
turso,concurrent,32,1,27,6790304985,0,0,6081,473112,39123239,39602432
turso,concurrent,32,1,27,6829907667,0,0,5420,426835,57869827,58302082
turso,concurrent,32,1,27,6888210009,0,0,6342,445280,35783962,36235584
turso,concurrent,32,1,27,6924445893,0,0,5551,464806,26625123,27095480
turso,concurrent,32,1,27,6951541633,0,0,6593,632342,20686526,21325461
turso,concurrent,32,1,27,6972867294,0,0,5681,682396,81582608,82270685
turso,concurrent,32,1,27,7055138269,0,0,5952,688418,18989846,19684216
turso,concurrent,32,1,27,7074822715,0,0,5691,484003,246830449,247320143
turso,concurrent,32,1,27,7322143118,0,0,5872,502637,64493736,65002245
turso,concurrent,32,1,27,7387145684,0,0,6452,493731,92116199,92616382
turso,concurrent,32,1,27,7479762637,0,0,6582,516214,245679679,246202475
turso,concurrent,32,1,27,7725965433,0,0,8266,9974187,24473004,34455457
turso,concurrent,32,1,27,7760421151,0,0,7284,956483,239520507,240484274
turso,concurrent,32,1,27,8000905775,0,0,6032,569443,171491405,172066880
turso,concurrent,32,1,27,8172972915,0,0,6913,573802,130241606,130822321
turso,concurrent,32,1,27,8303795517,0,0,6282,640868,248697059,249344209
turso,concurrent,32,1,27,8553140117,0,0,7314,532764,344202559,344742637
turso,concurrent,32,1,27,8897883045,0,0,9027,8576391,5829972,14415390
turso,concurrent,32,1,27,8912298686,0,0,5560,537995,42924686,43468241
turso,concurrent,32,1,27,8955767188,0,0,5811,475025,194557857,195038693
turso,concurrent,32,1,27,9150806132,0,0,5701,424069,56739144,57168914
turso,concurrent,32,1,27,9207976800,0,0,6011,474866,466284429,466765306
turso,concurrent,32,1,27,9674742386,0,0,6533,545328,137249670,137801531
turso,concurrent,32,1,27,9812544238,0,0,8165,9380187,42936058,52324410
turso,concurrent,32,1,27,9864868838,0,0,5340,471619,225896378,226373337
turso,concurrent,32,1,27,10091242586,0,0,6282,465758,43902890,44374930
turso,concurrent,32,1,27,10135617737,0,0,5129,434219,11085402,11524750
turso,concurrent,32,1,27,10147142687,0,0,4789,491126,487901639,488397554
turso,concurrent,32,1,27,10635540593,0,0,7184,657068,22606236,23270488
turso,concurrent,32,1,27,10658811301,0,0,5080,453805,61627492,62086377
turso,concurrent,32,1,27,10720898239,0,0,5200,661206,18575415,19241821
turso,concurrent,32,1,27,10740140300,0,0,5951,550869,112353277,112910097
turso,concurrent,32,1,27,10853050778,0,0,10299,4582481,88331883,92924663
turso,concurrent,32,1,27,10945975832,0,0,12924,500785,199249022,199762731
turso,concurrent,32,1,27,11145738864,0,0,5801,644024,68025866,68675691
turso,concurrent,32,1,27,11214414916,0,0,6332,477169,52058168,52541669
turso,concurrent,32,1,27,11266956806,0,0,5560,484744,205146162,205636466
turso,concurrent,32,1,27,11472593623,0,0,7624,461009,112640760,113109393
turso,concurrent,32,1,27,11585703326,0,0,5901,474926,100518872,100999699
turso,concurrent,32,1,27,11686703266,0,0,6332,501355,11795301,12302988
turso,concurrent,32,1,27,11699006474,0,0,5751,582929,24660568,25249248
turso,concurrent,32,1,27,11724255973,0,0,5520,698758,295115142,295819420
turso,concurrent,32,1,27,12020075844,0,0,11612,21216565,100860136,122088313
turso,concurrent,32,1,27,12142164728,0,0,7574,612325,88567157,89187056
turso,concurrent,32,1,27,12231352175,0,0,6572,458364,16318189,16783125
turso,concurrent,32,1,27,12248135581,0,0,4819,534398,121949681,122488898
turso,concurrent,32,1,27,12370624789,0,0,7264,585164,1043772788,1044365216
turso,concurrent,32,1,27,13414990356,0,0,8155,3357261,160923969,164289385
turso,concurrent,32,1,27,13579280161,0,0,5340,464486,145277156,145746982
turso,concurrent,32,1,27,13725027434,0,0,7013,706483,83096552,83810048
turso,concurrent,32,1,27,13808837772,0,0,6793,730688,235590576,236328057
turso,concurrent,32,1,27,14045166079,0,0,6232,545779,81429059,81981070
turso,concurrent,32,1,27,14127147519,0,0,6933,484414,203889322,204380669
turso,concurrent,32,1,27,14331528478,0,0,8186,1910432,48444033,50362651
turso,concurrent,32,1,27,14381891390,0,0,5440,459156,80384087,80848683
turso,concurrent,32,1,27,14462740284,0,0,5781,473903,183580860,184060544
turso,concurrent,32,1,27,14646801059,0,0,6071,471279,138820892,139298242
turso,concurrent,32,1,27,14786099632,0,0,5841,458254,283578249,284042344
turso,concurrent,32,1,27,15070142196,0,0,5891,475446,201524784,202006121
turso,concurrent,32,1,27,15272148698,0,0,6252,510503,63013675,63530430
turso,concurrent,32,1,27,15335679348,0,0,6062,518016,26547727,27071805
turso,concurrent,32,1,27,15362751444,0,0,5450,425162,274966952,275397564
turso,concurrent,32,1,27,15638149298,0,0,7845,15258320,90590513,105856678
turso,concurrent,32,1,27,15744006186,0,0,6092,515582,117366600,117888274
turso,concurrent,32,1,27,15861894750,0,0,5621,456641,64419956,64882218
turso,concurrent,32,1,27,15926777249,0,0,5941,474625,100628329,101108895
turso,concurrent,32,1,27,16027886415,0,0,5660,566378,135491896,136063934
turso,concurrent,32,1,27,16163950770,0,0,6723,695792,60973347,61675862
turso,concurrent,32,1,27,16225626863,0,0,5901,461420,210560271,211027592
turso,concurrent,32,1,27,16436654815,0,0,7905,584753,249547051,250139709
turso,concurrent,32,1,27,16686794825,0,0,8817,6672080,14093674,20774571
turso,concurrent,32,1,27,16707569777,0,0,5831,455719,226949874,227411424
turso,concurrent,32,1,27,16934981462,0,0,6031,509821,174010875,174526727
turso,concurrent,32,1,27,17109508510,0,0,6001,508228,101945553,102459782
turso,concurrent,32,1,27,17211968603,0,0,5951,516464,10992567,11514982
turso,concurrent,32,1,27,17223483865,0,0,5410,480616,218508337,218994363
turso,concurrent,32,1,27,17442478549,0,0,6573,497438,45511634,46015645
turso,concurrent,32,1,27,17488494464,0,0,5270,487590,208734458,209227318
turso,concurrent,32,1,27,17697722182,0,0,6342,510633,108658911,109175886
turso,concurrent,32,1,27,17806898389,0,0,8055,3750341,266871588,270629984
turso,concurrent,32,1,27,18077528614,0,0,6863,448686,166984917,167440466
turso,concurrent,32,1,27,18244969360,0,0,5550,442605,38741588,39189743
turso,concurrent,32,1,27,18284159355,0,0,5600,487940,129547117,130040657
turso,concurrent,32,1,27,18414200233,0,0,5400,426164,211368774,211800338
turso,concurrent,32,1,27,18626000802,0,0,5841,442514,73691619,74139974
turso,concurrent,32,1,27,18700142389,0,0,5460,459046,81334249,81798755
turso,concurrent,32,1,27,18781941364,0,0,5391,402098,116003940,116411429
turso,concurrent,32,1,27,18898352994,0,0,6242,634065,12333215,12973522
turso,concurrent,32,1,27,18911326916,0,0,16031,442785,114087517,114546333
turso,concurrent,32,1,27,19025873719,0,0,19045,15519914,392312021,407850980
turso,concurrent,32,1,27,19433725051,0,0,7294,503960,275896004,276407258
turso,concurrent,32,1,27,19710132579,0,0,6813,656869,52003114,52666796
turso,concurrent,32,1,27,19762799635,0,0,5601,476288,149048517,149530406
turso,concurrent,32,1,27,19912330352,0,0,5831,426103,91456355,91888289
turso,concurrent,32,1,27,20004218852,0,0,5600,494122,14579701,15079423
turso,concurrent,32,1,27,20019298545,0,0,5561,469986,119311046,119786593
turso,concurrent,32,1,27,20139085458,0,0,9017,11257676,50714064,61980757
turso,concurrent,32,1,27,20201066406,0,0,6002,541340,186001444,186548786
turso,concurrent,32,1,27,20387615402,0,0,7034,630138,158528192,159165364
turso,concurrent,32,1,27,20546781016,0,0,7063,542764,48451387,49001214
turso,concurrent,32,1,27,20595782500,0,0,6442,693778,464358107,465058327
turso,concurrent,32,1,27,21060841079,0,0,6632,469846,69583553,70060031
turso,concurrent,32,1,27,21130901400,0,0,5871,492419,79575363,80073653
turso,concurrent,32,1,27,21210975283,0,0,5971,557051,130005160,130568182
turso,concurrent,32,1,27,21341543716,0,0,7183,3638431,55432680,59078294
turso,concurrent,32,1,27,21400622341,0,0,6001,469876,639041220,639517097
turso,concurrent,32,1,27,22040139719,0,0,7464,549847,147246389,147803700
turso,concurrent,32,1,27,22187943769,0,0,6883,449819,65242197,65698899
turso,concurrent,32,1,27,22253642918,0,0,6262,536291,361813956,362356509
turso,concurrent,32,1,27,22615999727,0,0,9638,6947490,115614175,122571303
turso,concurrent,32,1,27,22738571291,0,0,6372,512536,175064081,175582989
turso,concurrent,32,1,27,22914154561,0,0,6603,515923,44469439,44991965
turso,concurrent,32,1,27,22959146867,0,0,7484,701462,53052072,53761018
turso,concurrent,32,1,27,23012908236,0,0,5590,512066,68484991,69002647
turso,concurrent,32,1,27,23081911134,0,0,5901,620229,126601523,127227653
turso,concurrent,32,1,27,23209139117,0,0,6081,630118,620374082,621010281
turso,concurrent,32,1,27,23830149720,0,0,8706,9587999,433102413,442699118
turso,concurrent,32,1,27,24272849319,0,0,6923,470177,64836813,65313913
turso,concurrent,32,1,27,24338163482,0,0,6071,491778,118146781,118644630
turso,concurrent,32,1,27,24456808312,0,0,5550,619509,12653598,13278657
turso,concurrent,32,1,27,24470087210,0,0,6182,642561,203231242,203879985
turso,concurrent,32,1,27,24673967415,0,0,6492,612555,63090600,63709647
turso,concurrent,32,1,27,24737677433,0,0,6492,468203,132630481,133105176
turso,concurrent,32,1,27,24870782979,0,0,8677,14886729,11951856,26847262
turso,concurrent,32,1,27,24897630491,0,0,5751,588059,199497832,200091642
turso,concurrent,32,1,27,25097722483,0,0,5521,478893,289896552,290380966
turso,concurrent,32,1,27,25388103700,0,0,6231,418860,192834408,193259499
turso,concurrent,32,1,27,25581363459,0,0,7083,525170,406084430,406616683
turso,concurrent,32,1,27,25987980383,0,0,7635,3769367,155388642,159165644
turso,concurrent,32,1,27,26147146268,0,0,5871,509600,99989054,100504525
turso,concurrent,32,1,27,26247651064,0,0,7454,723574,32620397,33351425
turso,concurrent,32,1,27,26281002820,0,0,6171,515302,76831499,77352972
turso,concurrent,32,1,27,26358355982,0,0,5470,433066,205836845,206275381
turso,concurrent,32,1,27,26564631704,0,0,5811,519460,451682757,452208028
turso,concurrent,32,1,27,27016839943,0,0,5610,445470,175716200,176167280
turso,concurrent,32,1,27,27193007494,0,0,8556,615501,671980738,672604795
turso,concurrent,32,1,27,27865612550,0,0,6723,424911,331827114,332258748
turso,concurrent,32,1,27,28197871559,0,0,6843,517916,91391393,91916152
turso,concurrent,32,1,27,28289788021,0,0,8015,3492155,111541326,115041496
turso,concurrent,32,1,27,28404829737,0,0,7174,779099,44762942,45549215
turso,concurrent,32,1,27,28450379183,0,0,4608,443657,154310098,154758363
turso,concurrent,32,1,27,28605137777,0,0,5811,502457,125496229,126004497
turso,concurrent,32,1,27,28731142494,0,0,5360,428388,63825376,64259124
turso,concurrent,32,1,27,28795401848,0,0,6843,622864,117782484,118412191
turso,concurrent,32,1,27,28913814380,0,0,6242,526953,177938191,178471386
turso,concurrent,32,1,27,29092286126,0,0,7494,643985,171201508,171852987
turso,concurrent,32,1,27,29264139443,0,0,6382,486948,149518083,150011413
turso,concurrent,32,1,27,29414151437,0,0,16451,553424,255423702,255993577
turso,concurrent,32,1,27,29670145345,0,0,8516,12399810,56860744,69269070
turso,concurrent,32,1,27,29739414665,0,0,6142,519489,356629530,357155161
turso,concurrent,32,1,27,30096570077,0,0,6222,674531,543008146,543688899
turso,concurrent,32,1,27,30640259297,0,0,6512,659033,185342792,186008337
turso,concurrent,32,1,27,30826267904,0,0,7665,8996953,418728701,427733319
turso,concurrent,32,1,27,31254001554,0,0,6122,481678,267059082,267546882
turso,concurrent,32,1,27,31521548696,0,0,6903,430061,53530965,53967929
turso,concurrent,32,1,27,31575516825,0,0,5841,463875,313034349,313504065
turso,concurrent,32,1,27,31889021412,0,0,5891,442715,50344747,50793353
turso,concurrent,32,1,27,31939815015,0,0,7054,11866484,116734488,128608026
turso,concurrent,32,1,27,32068423262,0,0,5821,574753,67988927,68569501
turso,concurrent,32,1,27,32136992993,0,0,6552,426114,29496357,29929023
turso,concurrent,32,1,27,32166922256,0,0,6542,445811,265913621,266365974
turso,concurrent,32,1,27,32433288490,0,0,6402,461680,292813914,293281996
turso,concurrent,32,1,27,32726570727,0,0,7144,441512,243522002,243970658
turso,concurrent,32,1,27,32970541785,0,0,6342,482650,89536475,90025467
turso,concurrent,32,1,28,108204,1,0,4874451,628936,583497840,589001227
turso,concurrent,32,1,28,589109923,1,0,11271,319182,387734410,388064863
turso,concurrent,32,1,28,977175046,1,0,6342,321947,76346084,76674373
turso,concurrent,32,1,28,1053849800,1,0,44985,6407642,191659993,198112620
turso,concurrent,32,1,28,1251962670,1,0,8537,689500,83113494,83811531
turso,concurrent,32,1,28,1335774882,1,0,6252,661527,174138366,174806145
turso,concurrent,32,1,28,1510581427,1,0,6132,593008,167146552,167745692
turso,concurrent,32,1,28,1678327470,1,0,6572,431894,326101269,326539735
turso,concurrent,32,1,28,2004867465,1,0,7564,668621,281305955,281982140
turso,concurrent,32,1,28,2286850656,1,0,7824,3242003,155210506,158460333
turso,concurrent,32,1,28,2445311251,1,0,6512,471720,62315478,62793710
turso,concurrent,32,1,28,2508105181,1,0,11232,463904,170392072,170867208
turso,concurrent,32,1,28,2678972680,1,0,5991,569965,113761131,114337087
turso,concurrent,32,1,28,2793310018,1,0,4879,398902,81447383,81851164
turso,concurrent,32,1,28,2875161382,1,0,5480,490976,153303310,153799766
turso,concurrent,32,1,28,3028961358,0,0,5751,703617,116749767,117459135
turso,concurrent,32,1,28,3146420763,0,0,6052,452393,85262115,85720560
turso,concurrent,32,1,28,3232142014,0,0,7725,4508761,235323964,239840450
turso,concurrent,32,1,28,3471982744,0,0,6682,517887,338214558,338739127
turso,concurrent,32,1,28,3810722162,0,0,6112,474996,83905437,84386545
turso,concurrent,32,1,28,3895108937,0,0,10941,426724,41231254,41668919
turso,concurrent,32,1,28,3936778106,0,0,5561,436393,176221533,176663487
turso,concurrent,32,1,28,4113441873,0,0,5731,542403,181878720,182426854
turso,concurrent,32,1,28,4295868938,0,0,6963,6135108,51493353,57635424
turso,concurrent,32,1,28,4353504612,0,0,6572,575716,54373734,54956022
turso,concurrent,32,1,28,4408461085,0,0,6532,634937,64584457,65225926
turso,concurrent,32,1,28,4473687252,0,0,5761,546650,289529080,290081491
turso,concurrent,32,1,28,4763769124,0,0,6783,465598,276646679,277119060
turso,concurrent,32,1,28,5040888494,0,0,6923,476258,84358091,84841272
turso,concurrent,32,1,28,5125730027,0,0,5470,452493,450442359,450900322
turso,concurrent,32,1,28,5576630599,0,0,8055,521514,99693436,100223005
turso,concurrent,32,1,28,5676853875,0,0,5590,491246,130076405,130573241
turso,concurrent,32,1,28,5807427336,0,0,5431,460738,279552749,280018918
turso,concurrent,32,1,28,6087448118,0,0,7053,516895,173003706,173527654
turso,concurrent,32,1,28,6260976092,0,0,5841,440631,56579373,57025845
turso,concurrent,32,1,28,6318002167,0,0,5531,694990,323140065,323840586
turso,concurrent,32,1,28,6641843264,0,0,7484,3394811,29300307,32702602
turso,concurrent,32,1,28,6674546186,0,0,7013,633915,319953136,320594064
turso,concurrent,32,1,28,6995140671,0,0,7124,501215,218350028,218858367
turso,concurrent,32,1,28,7213999319,0,0,6633,515000,245718974,246240607
turso,concurrent,32,1,28,7460240197,0,0,6011,591666,101218792,101816469
turso,concurrent,32,1,28,7562056916,0,0,7525,1948905,182051816,184008246
turso,concurrent,32,1,28,7746065442,0,0,6473,511775,77256400,77774648
turso,concurrent,32,1,28,7823840410,0,0,5380,438376,60770706,61214462
turso,concurrent,32,1,28,7885055174,0,0,6562,497809,118968290,119472661
turso,concurrent,32,1,28,8004528095,0,0,6232,488651,14115566,14610449
turso,concurrent,32,1,28,8019138844,0,0,5320,489373,256857536,257352229
turso,concurrent,32,1,28,8276491434,0,0,6712,486327,32835673,33328712
turso,concurrent,32,1,28,8309820427,0,0,5741,759833,77315812,78081386
turso,concurrent,32,1,28,8387902164,0,0,5450,496887,398234097,398736434
turso,concurrent,32,1,28,8786638979,0,0,8456,11762509,88212248,99983213
turso,concurrent,32,1,28,8886622512,0,0,5571,476889,344869777,345352237
turso,concurrent,32,1,28,9231974999,0,0,6032,514159,356873701,357393892
turso,concurrent,32,1,28,9589369282,0,0,6893,592457,164937617,165536967
turso,concurrent,32,1,28,9754906619,0,0,8916,3430739,19120803,22560458
turso,concurrent,32,1,28,9777467449,0,0,5751,463844,138496502,138966097
turso,concurrent,32,1,28,9916434217,0,0,6632,475327,267868688,268350647
turso,concurrent,32,1,28,10184785234,0,0,7174,575385,225129742,225712301
turso,concurrent,32,1,28,10410497775,0,0,6533,563602,317638661,318208796
turso,concurrent,32,1,28,10728706842,0,0,7093,636741,440101190,440745024
turso,concurrent,32,1,28,11169452217,0,0,9097,16037249,102331580,118377926
turso,concurrent,32,1,28,11287830414,0,0,5320,429500,82502492,82937312
turso,concurrent,32,1,28,11370768106,0,0,6513,482329,141167157,141655999
turso,concurrent,32,1,28,11512424405,0,0,6032,437415,124636297,125079744
turso,concurrent,32,1,28,11637504419,0,0,6482,595543,428267828,428869853
turso,concurrent,32,1,28,12066377368,0,0,8476,9170732,285623675,294802883
turso,concurrent,32,1,28,12361180532,0,0,7223,518498,418126185,418651906
turso,concurrent,32,1,28,12779832669,0,0,6472,490545,46613181,47110198
turso,concurrent,32,1,28,12826943128,0,0,6071,446792,406586216,407039079
turso,concurrent,32,1,28,13233982468,0,0,7434,7604088,37996864,45608386
turso,concurrent,32,1,28,13279591215,0,0,5531,446732,31113987,31566250
turso,concurrent,32,1,28,13311157725,0,0,4669,439979,114413141,114857789
turso,concurrent,32,1,28,13426015775,0,0,7023,629657,87197074,87833754
turso,concurrent,32,1,28,13513849800,0,0,6201,572821,2349269,2928291
turso,concurrent,32,1,28,13516778281,0,0,5501,694129,31055486,31755116
turso,concurrent,32,1,28,13548533638,0,0,6542,639977,41412755,42059274
turso,concurrent,32,1,28,13590593373,0,0,6683,406266,204951174,205364123
turso,concurrent,32,1,28,13795957816,0,0,6833,540279,179471672,180018784
turso,concurrent,32,1,28,13975976850,0,0,6523,649494,83000090,83656107
turso,concurrent,32,1,28,14059633278,0,0,7083,469986,135322627,135799696
turso,concurrent,32,1,28,14195433896,0,0,16672,454196,195067759,195538627
turso,concurrent,32,1,28,14390972903,0,0,9338,3769718,138145119,141924175
turso,concurrent,32,1,28,14532897368,0,0,6913,681144,16256763,16944820
turso,concurrent,32,1,28,14549842439,0,0,5500,459296,107105833,107570629
turso,concurrent,32,1,28,14657413288,0,0,6563,534247,25850071,26390881
turso,concurrent,32,1,28,14683804430,0,0,5670,558674,51866076,52430420
turso,concurrent,32,1,28,14736235180,0,0,6082,492929,248473308,248972319
turso,concurrent,32,1,28,14985207769,0,0,5891,511865,250415189,250932945
turso,concurrent,32,1,28,15236140914,0,0,6302,609920,157386800,158003022
turso,concurrent,32,1,28,15394144166,0,0,8767,7758889,39029121,46796777
turso,concurrent,32,1,28,15440941194,0,0,5781,6295400,323077457,329378638
turso,concurrent,32,1,28,15770320062,0,0,6412,526052,50310393,50842857
turso,concurrent,32,1,28,15821163329,0,0,7875,739034,116571300,117318209
turso,concurrent,32,1,28,15938481808,0,0,6111,482129,130375479,130863719
turso,concurrent,32,1,28,16069345758,0,0,6242,561378,169219231,169786851
turso,concurrent,32,1,28,16239132939,0,0,6292,481538,284214298,284702128
turso,concurrent,32,1,28,16523835278,0,0,5881,499181,28388448,28893510
turso,concurrent,32,1,28,16552729058,0,0,6021,716802,28056612,28779435
turso,concurrent,32,1,28,16581508723,0,0,6883,15463477,40334192,55804552
turso,concurrent,32,1,28,16637313566,0,0,8035,3366388,116622256,119996679
turso,concurrent,32,1,28,16757310535,0,0,5310,447685,63564553,64017548
turso,concurrent,32,1,28,16821328354,0,0,4979,415313,322038227,322458519
turso,concurrent,32,1,28,17143787264,0,0,7464,604560,73403395,74015419
turso,concurrent,32,1,28,17217802934,0,0,5049,457743,215714009,216176801
turso,concurrent,32,1,28,17433979985,0,0,7113,710410,240242868,240960391
turso,concurrent,32,1,28,17674940657,0,0,6883,461710,829737777,830206370
turso,concurrent,32,1,28,18505147357,0,0,9578,7305616,114371863,121687057
turso,concurrent,32,1,28,18626834664,0,0,6212,502487,133805035,134313734
turso,concurrent,32,1,28,18761148809,0,0,7144,467181,254373492,254847817
turso,concurrent,32,1,28,19015997026,0,0,7654,3398638,151347533,154753825
turso,concurrent,32,1,28,19170751192,0,0,7434,1047045,90332806,91387285
turso,concurrent,32,1,28,19262138717,0,0,6022,692315,60664305,61362642
turso,concurrent,32,1,28,19323501610,0,0,6773,432595,13611676,14051044
turso,concurrent,32,1,28,19337552894,0,0,5871,462783,121766776,122235430
turso,concurrent,32,1,28,19459788575,0,0,5651,474464,322546395,323026510
turso,concurrent,32,1,28,19782815386,0,0,6903,446221,293572684,294025808
turso,concurrent,32,1,28,20076841405,0,0,6572,468273,556678812,557153657
turso,concurrent,32,1,28,20633995433,0,0,8396,10500699,214382918,224892013
turso,concurrent,32,1,28,20858887707,0,0,6793,592737,355486576,356086106
turso,concurrent,32,1,28,21214974233,0,0,7084,561899,656611530,657180513
turso,concurrent,32,1,28,21872155126,0,0,8937,12086710,50895737,62991384
turso,concurrent,32,1,28,21935146730,0,0,5350,524148,176375774,176905272
turso,concurrent,32,1,28,22112052283,0,0,6382,508469,23884405,24399256
turso,concurrent,32,1,28,22136451769,0,0,5090,452613,193246946,193704649
turso,concurrent,32,1,28,22330156969,0,0,15148,460669,185421621,185897438
turso,concurrent,32,1,28,22516054847,0,0,7474,3710166,63093365,66811005
turso,concurrent,32,1,28,22582866133,0,0,5981,513098,16721569,17240648
turso,concurrent,32,1,28,22600107081,0,0,11702,503981,119081894,119597577
turso,concurrent,32,1,28,22719704898,0,0,5631,478021,78320477,78804129
turso,concurrent,32,1,28,22798510429,0,0,5780,476860,392137361,392620001
turso,concurrent,32,1,28,23191130712,0,0,6452,543004,36292020,36841476
turso,concurrent,32,1,28,23227972388,0,0,6241,549967,65053682,65609890
turso,concurrent,32,1,28,23293582499,0,0,6362,501376,207165870,207673608
turso,concurrent,32,1,28,23501256317,0,0,6312,637673,183402062,184046047
turso,concurrent,32,1,28,23685302705,0,0,8966,6252951,100254494,106516411
turso,concurrent,32,1,28,23791819447,0,0,6312,449638,216131024,216586974
turso,concurrent,32,1,28,24008406651,0,0,6282,552792,170166557,170725631
turso,concurrent,32,1,28,24179132522,0,0,8246,801321,146208071,147017638
turso,concurrent,32,1,28,24326150471,0,0,6853,525571,56712434,57244858
turso,concurrent,32,1,28,24383395699,0,0,5050,444678,239293468,239743196
turso,concurrent,32,1,28,24623139256,0,0,7464,518007,386655105,387180576
turso,concurrent,32,1,28,25010320122,0,0,8496,7093956,138567185,145669637
turso,concurrent,32,1,28,25155990009,0,0,5461,635408,91147993,91788862
turso,concurrent,32,1,28,25247779122,0,0,6943,493480,108035977,108536400
turso,concurrent,32,1,28,25356315752,0,0,5661,438747,192279622,192724030
turso,concurrent,32,1,28,25549040032,0,0,5681,484433,328100428,328590542
turso,concurrent,32,1,28,25877630985,0,0,7594,515913,164997409,165520916
turso,concurrent,32,1,28,26043152162,0,0,8466,6208436,226979370,233196272
turso,concurrent,32,1,28,26276348784,0,0,6503,545137,158245209,158796849
turso,concurrent,32,1,28,26435145943,0,0,6523,693618,491624278,492324419
turso,concurrent,32,1,28,26927470623,0,0,7063,678179,421858843,422544085
turso,concurrent,32,1,28,27350014898,0,0,6613,3377689,256747158,260131460
turso,concurrent,32,1,28,27610146718,0,0,7825,420793,278395858,278824476
turso,concurrent,32,1,28,27888971494,0,0,6352,498130,116365953,116870435
turso,concurrent,32,1,28,28005842159,0,0,5671,459095,95536749,96001515
turso,concurrent,32,1,28,28101843935,0,0,4979,486577,120457638,120949194
turso,concurrent,32,1,28,28222793530,0,0,12884,700982,429267683,429981549
turso,concurrent,32,1,28,28652775730,0,0,8657,12200314,154146690,166355661
turso,concurrent,32,1,28,28819131661,0,0,6503,500614,223189283,223696400
turso,concurrent,32,1,28,29042828401,0,0,5992,479514,72606282,73091788
turso,concurrent,32,1,28,29115920390,0,0,5851,516494,235233703,235756048
turso,concurrent,32,1,28,29351676678,0,0,5000,473583,22727583,23206166
turso,concurrent,32,1,28,29374883045,0,0,6702,740136,110854521,111601359
turso,concurrent,32,1,28,29486484654,0,0,8496,6730662,77084906,83824064
turso,concurrent,32,1,28,29570308979,0,0,7504,3318798,137198724,140525026
turso,concurrent,32,1,28,29710834325,0,0,7495,482409,33795553,34285457
turso,concurrent,32,1,28,29745120023,0,0,6111,698367,169694927,170399405
turso,concurrent,32,1,28,29915519739,0,0,8867,734474,190616617,191359958
turso,concurrent,32,1,28,30106880007,0,0,7094,491967,17763674,18262735
turso,concurrent,32,1,28,30125143033,0,0,5560,454928,118231320,118691808
turso,concurrent,32,1,28,30243835091,0,0,6092,554045,8745340,9305477
turso,concurrent,32,1,28,30253140848,0,0,4969,419782,75366827,75791578
turso,concurrent,32,1,28,30328932647,0,0,6612,659954,52198874,52865440
turso,concurrent,32,1,28,30381798327,0,0,6122,692275,19643459,20341856
turso,concurrent,32,1,28,30402140463,0,0,7223,636660,274781793,275425676
turso,concurrent,32,1,28,30677566461,0,0,8266,12694626,159506065,172208957
turso,concurrent,32,1,28,30849775569,0,0,7273,9218592,17136112,26361977
turso,concurrent,32,1,28,30876137786,0,0,6152,555287,95115223,95676662
turso,concurrent,32,1,28,30971814709,0,0,5851,496566,460495334,460997751
turso,concurrent,32,1,28,31432812831,0,0,6291,596165,56723675,57326131
turso,concurrent,32,1,28,31490139172,0,0,5521,490164,189318027,189813712
turso,concurrent,32,1,28,31679953154,0,0,6342,534157,96390328,96930827
turso,concurrent,32,1,28,31776884462,0,0,13846,521122,229483642,230018610
turso,concurrent,32,1,28,32006903393,0,0,9518,9815907,207220954,217046379
turso,concurrent,32,1,28,32223950034,0,0,5550,489423,190697468,191192441
turso,concurrent,32,1,28,32415142746,0,0,5611,432285,216688455,217126351
turso,concurrent,32,1,28,32632269388,0,0,6632,490976,52389032,52886640
turso,concurrent,32,1,28,32685156418,0,0,6823,504171,371211576,371722570
turso,concurrent,32,1,29,1156141,1,0,7186831,680773,775109493,782977097
turso,concurrent,32,1,29,784133668,1,0,8055,437264,90560977,91006296
turso,concurrent,32,1,29,875140195,1,0,5770,432486,12322164,12760420
turso,concurrent,32,1,29,887900856,1,0,4819,492709,114106042,114603570
turso,concurrent,32,1,29,1002504666,1,0,6862,344260,124662767,125013889
turso,concurrent,32,1,29,1127519247,1,0,65784,4931539,53479177,58476500
turso,concurrent,32,1,29,1185996027,1,0,5661,653963,488781729,489441353
turso,concurrent,32,1,29,1675437721,1,0,7023,446141,13762761,14215925
turso,concurrent,32,1,29,1689653866,1,0,5070,460408,279755481,280220959
turso,concurrent,32,1,29,1969875626,1,0,5571,475907,133637940,134119418
turso,concurrent,32,1,29,2103995485,1,0,8987,13059204,106864488,119932679
turso,concurrent,32,1,29,2223928524,1,0,6372,443737,103759252,104209361
turso,concurrent,32,1,29,2328138096,1,0,5711,567410,3739390,4312511
turso,concurrent,32,1,29,2332450918,1,0,5631,415252,178855250,179276133
turso,concurrent,32,1,29,2511727481,1,0,6483,522465,13170854,13699802
turso,concurrent,32,1,29,2525427484,1,0,5129,542203,432429765,432977097
turso,concurrent,32,1,29,2958404861,1,0,5801,525371,435956665,436487837
turso,concurrent,32,1,29,3394893409,0,0,6993,3755672,101485806,105248471
turso,concurrent,32,1,29,3500142140,0,0,5040,452974,278686185,279144199
turso,concurrent,32,1,29,3779286599,0,0,5220,475777,31609211,32090208
turso,concurrent,32,1,29,3811376977,0,0,5010,508959,153762125,154276094
turso,concurrent,32,1,29,3965653281,0,0,4668,477741,86088293,86570702
turso,concurrent,32,1,29,4052224245,0,0,6703,735667,511845346,512587716
turso,concurrent,32,1,29,4564812532,0,0,6673,548264,209560635,210115572
turso,concurrent,32,1,29,4774928355,0,0,4959,496987,152376823,152878769
turso,concurrent,32,1,29,4927807345,0,0,5119,482931,91713410,92201460
turso,concurrent,32,1,29,5020009045,0,0,5671,575284,230379150,230960105
turso,concurrent,32,1,29,5250969501,0,0,7194,509721,23664921,24181836
turso,concurrent,32,1,29,5275151607,0,0,4950,434218,244054436,244493604
turso,concurrent,32,1,29,5519645551,0,0,8896,6488515,86377929,92875340
turso,concurrent,32,1,29,5612521152,0,0,6683,606213,433002314,433615210
turso,concurrent,32,1,29,6046136713,0,0,5931,474385,130156636,130636952
turso,concurrent,32,1,29,6176774016,0,0,7714,773409,19403495,20184618
turso,concurrent,32,1,29,6196968633,0,0,6012,537573,102807529,103351114
turso,concurrent,32,1,29,6300320027,0,0,6372,538295,23931464,24476131
turso,concurrent,32,1,29,6324796328,0,0,5070,475396,45425953,45906419
turso,concurrent,32,1,29,6370702937,0,0,5140,482900,19586702,20074742
turso,concurrent,32,1,29,6390778049,0,0,6413,609128,179843904,180459445
turso,concurrent,32,1,29,6571237814,0,0,8566,1833818,47759252,49601636
turso,concurrent,32,1,29,6620839670,0,0,6503,585053,43771082,44362638
turso,concurrent,32,1,29,6665202519,0,0,5310,449317,22484285,22938912
turso,concurrent,32,1,29,6688141661,0,0,5310,508288,219103389,219616987
turso,concurrent,32,1,29,6907758869,0,0,5240,532855,135538924,136077019
turso,concurrent,32,1,29,7043836169,0,0,5851,520642,111233044,111759537
turso,concurrent,32,1,29,7155595927,0,0,5079,438747,40111653,40555479
turso,concurrent,32,1,29,7196151786,0,0,7545,560116,61760171,62327832
turso,concurrent,32,1,29,7258479899,0,0,6091,554716,238769410,239330217
turso,concurrent,32,1,29,7497810637,0,0,5531,477871,25854279,26337681
turso,concurrent,32,1,29,7524148579,0,0,6201,614659,501372670,501993530
turso,concurrent,32,1,29,8026142550,0,0,7193,3444415,51179211,54630819
turso,concurrent,32,1,29,8080773629,0,0,6142,677006,432687211,433370359
turso,concurrent,32,1,29,8514144359,0,0,5630,455369,17518963,17979962
turso,concurrent,32,1,29,8532124511,0,0,4899,475196,35532338,36012433
turso,concurrent,32,1,29,8568137134,0,0,4489,488060,23487246,23979795
turso,concurrent,32,1,29,8592117149,0,0,4999,562290,114218975,114786264
turso,concurrent,32,1,29,8706903635,0,0,6522,528216,96228122,96762860
turso,concurrent,32,1,29,8803666735,0,0,5249,482019,161718858,162206126
turso,concurrent,32,1,29,8965873473,0,0,6662,489182,275509566,276005410
turso,concurrent,32,1,29,9241879264,0,0,7585,797433,7147477,7952495
turso,concurrent,32,1,29,9249831989,0,0,5590,668761,137221848,137896199
turso,concurrent,32,1,29,9387728479,0,0,5471,541030,473123795,473670296
turso,concurrent,32,1,29,9861399136,0,0,8325,10662325,10608903,21279553
turso,concurrent,32,1,29,9882679040,0,0,6272,583229,246650360,247239861
turso,concurrent,32,1,29,10129919262,0,0,6452,472591,58738875,59217918
turso,concurrent,32,1,29,10189137411,0,0,6141,535490,120877039,121418670
turso,concurrent,32,1,29,10310572512,0,0,6702,502758,83791102,84300562
turso,concurrent,32,1,29,10394873375,0,0,4859,564354,117533124,118102337
turso,concurrent,32,1,29,10512975962,0,0,4949,436704,565126290,565567943
turso,concurrent,32,1,29,11078544135,0,0,7343,3358262,289676728,293042333
turso,concurrent,32,1,29,11371586720,0,0,5911,506285,78742302,79254498
turso,concurrent,32,1,29,11450841468,0,0,5360,588289,58121521,58715170
turso,concurrent,32,1,29,11509556848,0,0,5841,759292,196825784,197590917
turso,concurrent,32,1,29,11707147995,0,0,6362,673110,112138752,112818224
turso,concurrent,32,1,29,11819966429,0,0,5430,535961,92393171,92934562
turso,concurrent,32,1,29,11912901192,0,0,6121,525411,55145660,55677192
turso,concurrent,32,1,29,11968578654,0,0,5200,549266,219363389,219917855
turso,concurrent,32,1,29,12188496799,0,0,7234,559465,128342585,128909284
turso,concurrent,32,1,29,12317406313,0,0,4839,483231,37417142,37905212
turso,concurrent,32,1,29,12355311756,0,0,5190,497067,286645342,287147599
turso,concurrent,32,1,29,12642459716,0,0,7264,516133,954077214,954600611
turso,concurrent,32,1,29,13597060687,0,0,7955,6235939,86108781,92352675
turso,concurrent,32,1,29,13689413733,0,0,7204,634887,20902532,21544623
turso,concurrent,32,1,29,13710958567,0,0,5681,509621,63115426,63630728
turso,concurrent,32,1,29,13774589696,0,0,6693,538325,276589832,277134850
turso,concurrent,32,1,29,14051724826,0,0,7094,693487,722867579,723568160
turso,concurrent,32,1,29,14775293246,0,0,7945,3173624,59826816,63008385
turso,concurrent,32,1,29,14838301911,0,0,10580,501927,616464751,616977258
turso,concurrent,32,1,29,15455279520,0,0,8606,810117,329702138,330520861
turso,concurrent,32,1,29,15785800691,0,0,7233,574884,91518152,92100269
turso,concurrent,32,1,29,15877901361,0,0,6773,482320,52585191,53074284
turso,concurrent,32,1,29,15930975956,0,0,5240,537984,100298838,100842062
turso,concurrent,32,1,29,16031818358,0,0,5020,581967,72520501,73107488
turso,concurrent,32,1,29,16104926056,0,0,5190,483632,11538156,12026978
turso,concurrent,32,1,29,16116953244,0,0,4468,488231,75721847,76214546
turso,concurrent,32,1,29,16193168040,0,0,5591,660455,37310310,37976356
turso,concurrent,32,1,29,16231144627,0,0,5941,455860,364624334,365086135
turso,concurrent,32,1,29,16596231163,0,0,8867,5540617,23206166,28755650
turso,concurrent,32,1,29,16624987074,0,0,5610,753732,95126996,95886338
turso,concurrent,32,1,29,16720873732,0,0,6943,547573,177509482,178063998
turso,concurrent,32,1,29,16898938010,0,0,4799,501466,150475057,150981322
turso,concurrent,32,1,29,17049919542,0,0,5591,613457,320159875,320778923
turso,concurrent,32,1,29,17370698815,0,0,7343,574193,233171615,233753151
turso,concurrent,32,1,29,17604452258,0,0,6673,519148,105117504,105643325
turso,concurrent,32,1,29,17710096044,0,0,14056,569093,248048567,248631716
turso,concurrent,32,1,29,17958728020,0,0,6602,5024154,446078169,451108925
turso,concurrent,32,1,29,18409837276,0,0,6462,468954,71169363,71644779
turso,concurrent,32,1,29,18481482386,0,0,7033,593239,41210434,41810706
turso,concurrent,32,1,29,18523293282,0,0,5781,613546,666624179,667243506
turso,concurrent,32,1,29,19190537170,0,0,8365,9796552,208641933,218446850
turso,concurrent,32,1,29,19408984271,0,0,6021,685623,68808231,69499875
turso,concurrent,32,1,29,19478484387,0,0,4939,528647,341728554,342262140
turso,concurrent,32,1,29,19820746747,0,0,5641,507907,144107692,144621240
turso,concurrent,32,1,29,19965368197,0,0,5200,551069,14673357,15229626
turso,concurrent,32,1,29,19980598314,0,0,6903,556730,163652043,164215676
turso,concurrent,32,1,29,20144814401,0,0,7875,11742380,94056047,105806302
turso,concurrent,32,1,29,20250620934,0,0,5450,554265,116387794,116947509
turso,concurrent,32,1,29,20367568663,0,0,5671,598729,133973092,134577492
turso,concurrent,32,1,29,20502146496,0,0,6382,517185,151215002,151738569
turso,concurrent,32,1,29,20653885366,0,0,6242,688698,43015838,43710778
turso,concurrent,32,1,29,20697596465,0,0,6202,585995,181849745,182441942
turso,concurrent,32,1,29,20880038698,0,0,7424,826869,34558662,35392955
turso,concurrent,32,1,29,20915432054,0,0,6983,532303,329196785,329736071
turso,concurrent,32,1,29,21245168406,0,0,7414,19897007,90897851,110802272
turso,concurrent,32,1,29,21355971039,0,0,6512,583210,338304327,338894049
turso,concurrent,32,1,29,21694865299,0,0,5891,615270,82649449,83270610
turso,concurrent,32,1,29,21778136140,0,0,5270,473893,18644114,19123277
turso,concurrent,32,1,29,21797259598,0,0,4689,520541,438735024,439260254
turso,concurrent,32,1,29,22236520092,0,0,5330,598739,22840066,23444135
turso,concurrent,32,1,29,22259964508,0,0,5049,521874,31515404,32042327
turso,concurrent,32,1,29,22292012476,0,0,5330,533706,503185428,503724464
turso,concurrent,32,1,29,22795737241,0,0,8686,4056148,39337302,43402136
turso,concurrent,32,1,29,22839139588,0,0,5260,498730,143051860,143555850
turso,concurrent,32,1,29,22982695669,0,0,6131,791903,368260171,369058205
turso,concurrent,32,1,29,23351754114,0,0,5361,523096,125722886,126251343
turso,concurrent,32,1,29,23478005717,0,0,7454,530901,60292895,60831250
turso,concurrent,32,1,29,23538837238,0,0,5450,533175,98694263,99232888
turso,concurrent,32,1,29,23638070456,0,0,8026,8087609,233820689,241916324
turso,concurrent,32,1,29,23879987080,0,0,6472,557752,20823142,21387366
turso,concurrent,32,1,29,23901374708,0,0,4568,467352,179236107,179708027
turso,concurrent,32,1,29,24081082946,0,0,5139,550328,61321194,61876661
turso,concurrent,32,1,29,24142959867,0,0,4989,526964,78121361,78653314
turso,concurrent,32,1,29,24221613462,0,0,5270,535159,44977116,45517545
turso,concurrent,32,1,29,24267131268,0,0,5540,551490,64150879,64707909
turso,concurrent,32,1,29,24331839398,0,0,5360,530761,108614567,109150688
turso,concurrent,32,1,29,24440990326,0,0,6042,668530,66464653,67139225
turso,concurrent,32,1,29,24508129811,0,0,4989,503620,350697095,351205704
turso,concurrent,32,1,29,24859336066,0,0,20078,9377531,77412915,86810524
turso,concurrent,32,1,29,24946146861,0,0,5961,538776,79644874,80189611
turso,concurrent,32,1,29,25026336672,0,0,5601,610211,83263557,83879369
turso,concurrent,32,1,29,25110216261,0,0,5270,645507,3821115,4471892
turso,concurrent,32,1,29,25114688383,0,0,7494,689490,96715081,97412065
turso,concurrent,32,1,29,25212100739,0,0,5881,485746,23549343,24040970
turso,concurrent,32,1,29,25236141939,0,0,5230,538786,80819829,81363845
turso,concurrent,32,1,29,25317506055,0,0,5130,492989,650749196,651247315
turso,concurrent,32,1,29,25968754201,0,0,18064,5574722,101514560,107107346
turso,concurrent,32,1,29,26075861848,0,0,7534,617023,89311130,89935687
turso,concurrent,32,1,29,26165797826,0,0,6542,559445,75425147,75991134
turso,concurrent,32,1,29,26241789231,0,0,4689,523908,292477088,293005685
turso,concurrent,32,1,29,26534795216,0,0,6492,506335,71390951,71903778
turso,concurrent,32,1,29,26606699204,0,0,4849,491927,70570143,71066919
turso,concurrent,32,1,29,26677766455,0,0,6242,736107,63824494,64566843
turso,concurrent,32,1,29,26742333559,0,0,5250,516834,66429255,66951339
turso,concurrent,32,1,29,26809285049,0,0,5019,489413,222369227,222863659
turso,concurrent,32,1,29,27032149139,0,0,13135,522274,243144740,243680149
turso,concurrent,32,1,29,27275829599,0,0,8476,11337577,108733412,120079465
turso,concurrent,32,1,29,27395909354,0,0,6042,523366,22163361,22692769
turso,concurrent,32,1,29,27418602393,0,0,5921,547633,81004407,81557961
turso,concurrent,32,1,29,27500160594,0,0,4900,443165,29408522,29856587
turso,concurrent,32,1,29,27530017421,0,0,4589,508558,221968802,222481949
turso,concurrent,32,1,29,27752499630,0,0,6772,520953,28974933,29502658
turso,concurrent,32,1,29,27782002570,0,0,4759,507557,419636923,420149239
turso,concurrent,32,1,29,28202157390,0,0,7684,650427,152339703,152997814
turso,concurrent,32,1,29,28355155604,0,0,26650,9358255,15984380,25369285
turso,concurrent,32,1,29,28380525160,0,0,5440,514981,464582240,465102661
turso,concurrent,32,1,29,28845628032,0,0,5440,595683,131905824,132506947
turso,concurrent,32,1,29,28978135230,0,0,4999,477330,168519401,169001730
turso,concurrent,32,1,29,29147137210,0,0,5641,558072,102057063,102620776
turso,concurrent,32,1,29,29249758277,0,0,6903,626561,60652242,61285706
turso,concurrent,32,1,29,29311044274,0,0,5851,470868,178269064,178745783
turso,concurrent,32,1,29,29489790408,0,0,8255,17627037,228359121,245994413
turso,concurrent,32,1,29,29735785101,0,0,7985,10113881,27981480,38103346
turso,concurrent,32,1,29,29773888757,0,0,5700,511294,111103260,111620254
turso,concurrent,32,1,29,29885509283,0,0,6051,554145,59049420,59609616
turso,concurrent,32,1,29,29945119210,0,0,6432,494983,86791740,87293155
turso,concurrent,32,1,29,30032412605,0,0,5199,461250,29266443,29732892
turso,concurrent,32,1,29,30062145819,0,0,6612,525902,10855388,11387902
turso,concurrent,32,1,29,30073533991,0,0,4829,560648,227511322,228076799
turso,concurrent,32,1,29,30301611011,0,0,5139,506626,124360176,124871941
turso,concurrent,32,1,29,30426483253,0,0,5059,456221,81242726,81704006
turso,concurrent,32,1,29,30508187530,0,0,5700,746518,140721546,141473764
turso,concurrent,32,1,29,30649661575,0,0,5961,547813,166732922,167286696
turso,concurrent,32,1,29,30816948512,0,0,7334,3449975,68557738,72015047
turso,concurrent,32,1,29,30888963890,0,0,6132,589651,305047090,305642873
turso,concurrent,32,1,29,31194607003,0,0,6713,608307,46683954,47298974
turso,concurrent,32,1,29,31241906238,0,0,6192,801902,96505795,97313889
turso,concurrent,32,1,29,31339220428,0,0,6682,461831,131860990,132329503
turso,concurrent,32,1,29,31471550132,0,0,5129,440822,55063534,55509485
turso,concurrent,32,1,29,31527059908,0,0,4799,469355,295283439,295757593
turso,concurrent,32,1,29,31822817782,0,0,6502,500734,248589737,249096973
turso,concurrent,32,1,29,32071915045,0,0,7304,8777210,97444085,106228599
turso,concurrent,32,1,29,32178143895,0,0,5270,534007,82510266,83049543
turso,concurrent,32,1,29,32261193718,0,0,6933,487259,18125847,18620039
turso,concurrent,32,1,29,32279814008,0,0,4939,823964,513542457,514371360
turso,concurrent,32,1,29,32794185658,0,0,6092,504521,271767188,272277801
turso,concurrent,32,1,30,140736,1,0,1761812,417267,303830475,306009554
turso,concurrent,32,1,30,306150721,1,0,5751,340803,485008795,485355349
turso,concurrent,32,1,30,791506410,1,0,7975,555047,105531524,106094546
turso,concurrent,32,1,30,897601277,1,0,6712,439259,93693533,94139504
turso,concurrent,32,1,30,991741192,1,0,8185,495114,105609621,106112920
turso,concurrent,32,1,30,1097854964,1,0,52779,3338445,127551504,130942728
turso,concurrent,32,1,30,1228797982,1,0,7304,516213,45812953,46336470
turso,concurrent,32,1,30,1275134672,1,0,5630,499592,65496066,66001288
turso,concurrent,32,1,30,1341136211,1,0,5530,466260,108710318,109182108
turso,concurrent,32,1,30,1450319160,1,0,7755,536471,272860220,273404446
turso,concurrent,32,1,30,1723723987,1,0,5721,414391,113814622,114234734
turso,concurrent,32,1,30,1837959102,1,0,6923,670625,28642176,29319724
turso,concurrent,32,1,30,1867279086,1,0,4890,469735,56385467,56860092
turso,concurrent,32,1,30,1924139449,1,0,4448,406707,131599416,132010571
turso,concurrent,32,1,30,2056150261,1,0,5701,410694,203185776,203602171
turso,concurrent,32,1,30,2259752652,1,0,7845,6341888,69841749,76191482
turso,concurrent,32,1,30,2335944465,1,0,6362,429981,162383601,162819944
turso,concurrent,32,1,30,2498765070,1,0,6252,445710,203712389,204164351
turso,concurrent,32,1,30,2702929722,1,0,6672,532264,106911075,107450011
turso,concurrent,32,1,30,2810380024,1,0,6262,565546,36555818,37127626
turso,concurrent,32,1,30,2847507910,1,0,6292,453836,588903302,589363430
turso,concurrent,32,1,30,3436871591,0,0,8726,4381642,88467690,92858058
turso,concurrent,32,1,30,3529729869,0,0,5090,443666,38634317,39083073
turso,concurrent,32,1,30,3568813152,0,0,5361,515702,469305836,469826899
turso,concurrent,32,1,30,4038640322,0,0,5791,409492,194806165,195221448
turso,concurrent,32,1,30,4233862251,0,0,15830,716752,123386240,124118822
turso,concurrent,32,1,30,4357981373,0,0,8096,6161447,233274309,239443852
turso,concurrent,32,1,30,4597425496,0,0,5791,555507,74986240,75547538
turso,concurrent,32,1,30,4672973284,0,0,4959,451442,97557759,98014160
turso,concurrent,32,1,30,4770987694,0,0,6443,491136,254511773,255009352
turso,concurrent,32,1,30,5025997276,0,0,5771,553343,130588270,131147384
turso,concurrent,32,1,30,5157144911,0,0,6061,433297,252562558,253001916
turso,concurrent,32,1,30,5410147127,0,0,9779,5345058,62662032,68016869
turso,concurrent,32,1,30,5478165559,0,0,6492,456190,229814265,230276947
turso,concurrent,32,1,30,5708442817,0,0,6702,479825,112099719,112586246
turso,concurrent,32,1,30,5821029334,0,0,6622,645167,155293051,155944840
turso,concurrent,32,1,30,5976974435,0,0,6973,493100,150541352,151041425
turso,concurrent,32,1,30,6128016130,0,0,7013,568431,13055147,13630591
turso,concurrent,32,1,30,6141647112,0,0,6112,440600,24047964,24494676
turso,concurrent,32,1,30,6166142018,0,0,6022,620450,147423703,148050175
turso,concurrent,32,1,30,6314192534,0,0,5571,449758,22967937,23423266
turso,concurrent,32,1,30,6337616060,0,0,5360,442905,142609096,143057361
turso,concurrent,32,1,30,6480673732,0,0,8806,8851480,33290801,42151087
turso,concurrent,32,1,30,6522825110,0,0,6232,530630,275778513,276315375
turso,concurrent,32,1,30,6799140825,0,0,5621,453305,19822967,20281893
turso,concurrent,32,1,30,6819422938,0,0,5090,428798,110344670,110778558
turso,concurrent,32,1,30,6930201866,0,0,6002,436142,465645264,466087408
turso,concurrent,32,1,30,7396289535,0,0,6692,484524,91089904,91581120
turso,concurrent,32,1,30,7487871386,0,0,9939,519991,262743805,263273735
turso,concurrent,32,1,30,7751145451,0,0,9698,10224489,227325833,237560020
turso,concurrent,32,1,30,7988705841,0,0,7384,522956,62277177,62807517
turso,concurrent,32,1,30,8051513608,0,0,6422,955121,180518866,181480409
turso,concurrent,32,1,30,8232994268,0,0,6783,492278,150894598,151393659
turso,concurrent,32,1,30,8384388198,0,0,5119,479224,123406458,123890801
turso,concurrent,32,1,30,8508279220,0,0,5901,679912,91650631,92336444
turso,concurrent,32,1,30,8600615874,0,0,6702,600502,82649760,83256964
turso,concurrent,32,1,30,8683873210,0,0,7384,2571949,568512365,571091698
turso,concurrent,32,1,30,9254965218,0,0,6151,479394,19937693,20423238
turso,concurrent,32,1,30,9275388688,0,0,6221,463194,159288445,159757860
turso,concurrent,32,1,30,9435146929,0,0,6923,456591,45999374,46462888
turso,concurrent,32,1,30,9481610267,0,0,6563,446011,52699807,53152381
turso,concurrent,32,1,30,9534762899,0,0,6963,713024,397673171,398393158
turso,concurrent,32,1,30,9933156457,0,0,8005,869660,297871029,298748694
turso,concurrent,32,1,30,10231905582,0,0,6893,518658,437726241,438251792
turso,concurrent,32,1,30,10670157675,0,0,6502,488862,27974086,28469450
turso,concurrent,32,1,30,10698628909,0,0,5630,560077,170330445,170896152
turso,concurrent,32,1,30,10869525472,0,0,10049,1038027,186994185,188042261
turso,concurrent,32,1,30,11057568004,0,0,6793,709588,23859187,24575568
turso,concurrent,32,1,30,11082143803,0,0,5650,435181,38142519,38583350
turso,concurrent,32,1,30,11120727394,0,0,6162,538184,20869230,21413576
turso,concurrent,32,1,30,11142141361,0,0,6773,543464,78572853,79123090
turso,concurrent,32,1,30,11221264801,0,0,6933,527285,208678723,209212941
turso,concurrent,32,1,30,11430477992,0,0,6823,528406,47967234,48502463
turso,concurrent,32,1,30,11478980726,0,0,5721,464065,458706180,459175966
turso,concurrent,32,1,30,11938157113,0,0,15489,674321,136931190,137621000
turso,concurrent,32,1,30,12075778494,0,0,7003,6190503,385034519,391232025
turso,concurrent,32,1,30,12467010870,0,0,7644,597346,27530200,28135190
turso,concurrent,32,1,30,12495146451,0,0,7023,503018,136889060,137399101
turso,concurrent,32,1,30,12632545803,0,0,5901,531713,92688718,93226332
turso,concurrent,32,1,30,12725772476,0,0,5650,496236,15158813,15660699
turso,concurrent,32,1,30,12741433415,0,0,5360,473202,172225900,172704462
turso,concurrent,32,1,30,12914138187,0,0,6222,455790,65889567,66351579
turso,concurrent,32,1,30,12980490057,0,0,5871,548935,662101751,662656557
turso,concurrent,32,1,30,13643146995,0,0,8586,4494525,19213177,23716288
turso,concurrent,32,1,30,13666863544,0,0,4388,447343,77230622,77682353
turso,concurrent,32,1,30,13744546218,0,0,6211,491938,624316386,624814535
turso,concurrent,32,1,30,14369361013,0,0,7845,9063099,522077039,531147983
turso,concurrent,32,1,30,14900509346,0,0,6473,425893,110192372,110624738
turso,concurrent,32,1,30,15011134294,0,0,6152,565777,138206534,138778463
turso,concurrent,32,1,30,15149913118,0,0,6362,475046,127478806,127960214
turso,concurrent,32,1,30,15277873673,0,0,7154,594961,414277899,414880014
turso,concurrent,32,1,30,15692753998,0,0,9398,587047,10488757,11085202
turso,concurrent,32,1,30,15703839440,0,0,5230,496807,23631648,24133685
turso,concurrent,32,1,30,15727973376,0,0,6101,600282,127636965,128243348
turso,concurrent,32,1,30,15856217245,0,0,5390,426725,93196235,93628350
turso,concurrent,32,1,30,15949845956,0,0,6873,620981,41309571,41937425
turso,concurrent,32,1,30,15991783751,0,0,6873,603148,48591241,49201262
turso,concurrent,32,1,30,16040985303,0,0,7174,512696,24303075,24822945
turso,concurrent,32,1,30,16065808438,0,0,4439,422667,142755491,143182597
turso,concurrent,32,1,30,16208991296,0,0,5630,458455,152305859,152769944
turso,concurrent,32,1,30,16361761471,0,0,6302,536191,20837790,21380283
turso,concurrent,32,1,30,16383141964,0,0,4870,531502,273072029,273608401
turso,concurrent,32,1,30,16656750635,0,0,7635,689149,247523707,248220491
turso,concurrent,32,1,30,16904971406,0,0,6573,581106,127396070,127983749
turso,concurrent,32,1,30,17032955386,0,0,5700,527786,66177631,66711117
turso,concurrent,32,1,30,17099666783,0,0,6332,636029,52484622,53126983
turso,concurrent,32,1,30,17152793976,0,0,5249,419602,113624093,114048944
turso,concurrent,32,1,30,17266843191,0,0,6833,675384,97448383,98130600
turso,concurrent,32,1,30,17364974051,0,0,6472,533857,117623234,118163563
turso,concurrent,32,1,30,17483137884,0,0,5060,433537,74380608,74819205
turso,concurrent,32,1,30,17557957340,0,0,5861,586115,203913007,204504983
turso,concurrent,32,1,30,17762462583,0,0,8747,16347574,69097256,85453577
turso,concurrent,32,1,30,17847916470,0,0,6673,455088,162271550,162733311
turso,concurrent,32,1,30,18010650051,0,0,5601,441272,110739855,111186728
turso,concurrent,32,1,30,18121837039,0,0,5180,418429,677723778,678147387
turso,concurrent,32,1,30,18799984736,0,0,7494,793937,68276919,69078350
turso,concurrent,32,1,30,18869063457,0,0,7554,726210,134862198,135595962
turso,concurrent,32,1,30,19004659770,0,0,9267,6237091,115064188,121310546
turso,concurrent,32,1,30,19125970586,0,0,7444,843170,13463777,14314391
turso,concurrent,32,1,30,19140285167,0,0,4799,550338,480981692,481536829
turso,concurrent,32,1,30,19621822296,0,0,6923,566649,53753004,54326576
turso,concurrent,32,1,30,19676149112,0,0,6232,464646,421541414,422012292
turso,concurrent,32,1,30,20098161755,0,0,5951,409482,196357421,196772854
turso,concurrent,32,1,30,20294934879,0,0,6803,2792265,327422019,330221087
turso,concurrent,32,1,30,20625156196,0,0,6673,449988,92858108,93314769
turso,concurrent,32,1,30,20718471185,0,0,7424,479034,126188413,126674871
turso,concurrent,32,1,30,20845146347,0,0,6753,636450,38935915,39579118
turso,concurrent,32,1,30,20884725655,0,0,5119,534989,45177234,45717342
turso,concurrent,32,1,30,20930443268,0,0,6422,731179,14109744,14847345
turso,concurrent,32,1,30,20945292336,0,0,6983,610511,117899605,118517099
turso,concurrent,32,1,30,21063809666,0,0,5831,503299,323677067,324186197
turso,concurrent,32,1,30,21387996124,0,0,8386,3736385,297400501,301145272
turso,concurrent,32,1,30,21689141627,0,0,6622,590704,70226205,70823531
turso,concurrent,32,1,30,21759965418,0,0,5841,474214,103970641,104450696
turso,concurrent,32,1,30,21864416365,0,0,6762,653973,208678082,209338817
turso,concurrent,32,1,30,22073755523,0,0,5781,428838,91384540,91819159
turso,concurrent,32,1,30,22165574912,0,0,5791,480737,58380158,58866686
turso,concurrent,32,1,30,22224441938,0,0,5861,512366,422184377,422702604
turso,concurrent,32,1,30,22647144863,0,0,8266,3362410,214128929,217499605
turso,concurrent,32,1,30,22864644778,0,0,6031,645748,43172654,43824433
turso,concurrent,32,1,30,22908469432,0,0,5150,452112,68102651,68559913
turso,concurrent,32,1,30,22977029555,0,0,5991,708166,106130283,106844440
turso,concurrent,32,1,30,23083874205,0,0,6382,604049,200277112,200887543
turso,concurrent,32,1,30,23284761978,0,0,6302,494683,72374034,72875019
turso,concurrent,32,1,30,23357637247,0,0,5401,492158,126004296,126501855
turso,concurrent,32,1,30,23484139322,0,0,6622,550187,315038699,315595508
turso,concurrent,32,1,30,23799735172,0,0,10089,5321925,50097010,55429024
turso,concurrent,32,1,30,23855164446,0,0,5060,448516,93368029,93821605
turso,concurrent,32,1,30,23948986312,0,0,6232,559454,610847560,611413246
turso,concurrent,32,1,30,24560399908,0,0,7965,547583,39185596,39741144
turso,concurrent,32,1,30,24600141303,0,0,7133,546060,249261723,249814916
turso,concurrent,32,1,30,24849956470,0,0,8666,3649642,76022554,79680862
turso,concurrent,32,1,30,24929637602,0,0,5851,482840,134786216,135274907
turso,concurrent,32,1,30,25064912749,0,0,5661,504120,19798642,20308423
turso,concurrent,32,1,30,25085221432,0,0,4629,437134,131067864,131509627
turso,concurrent,32,1,30,25216731259,0,0,5209,460859,263311856,263777924
turso,concurrent,32,1,30,25480509495,0,0,6051,810018,420490944,421307013
turso,concurrent,32,1,30,25901816758,0,0,7474,562621,10019342,10589437
turso,concurrent,32,1,30,25912406405,0,0,5210,561188,119900147,120466545
turso,concurrent,32,1,30,26032873161,0,0,7794,7948728,224241787,232198309
turso,concurrent,32,1,30,26265071801,0,0,7224,516834,47067889,47591947
turso,concurrent,32,1,30,26312664008,0,0,5310,407759,118075647,118488716
turso,concurrent,32,1,30,26431153004,0,0,6513,588369,68469342,69064224
turso,concurrent,32,1,30,26500217478,0,0,6712,483051,270750352,271240115
turso,concurrent,32,1,30,26771457854,0,0,7645,848239,42645109,43500993
turso,concurrent,32,1,30,26814959157,0,0,5140,463404,72565615,73034159
turso,concurrent,32,1,30,26887993567,0,0,5490,562551,75715395,76283436
turso,concurrent,32,1,30,26964277233,0,0,7344,724155,469197553,469929052
turso,concurrent,32,1,30,27434206635,0,0,9137,5691682,101069901,106770720
turso,concurrent,32,1,30,27540977687,0,0,6703,594040,107226730,107827473
turso,concurrent,32,1,30,27648805411,0,0,6051,436844,212736043,213178938
turso,concurrent,32,1,30,27861984660,0,0,6081,504381,61471086,61981548
turso,concurrent,32,1,30,27923966459,0,0,6903,759151,182821178,183587232
turso,concurrent,32,1,30,28107553941,0,0,5551,527995,71446786,71980332
turso,concurrent,32,1,30,28179534473,0,0,5651,444638,183842103,184292392
turso,concurrent,32,1,30,28363827115,0,0,8747,9408560,113544643,122961950
turso,concurrent,32,1,30,28486789316,0,0,5961,510713,129632347,130149021
turso,concurrent,32,1,30,28616938558,0,0,5730,590915,10239737,10836382
turso,concurrent,32,1,30,28627775160,0,0,5600,501526,91522450,92029576
turso,concurrent,32,1,30,28719804947,0,0,6512,885740,142927075,143819327
turso,concurrent,32,1,30,28863624525,0,0,5340,525942,212375453,212906735
turso,concurrent,32,1,30,29076531510,0,0,5531,511003,164971641,165488175
turso,concurrent,32,1,30,29242020036,0,0,6803,531682,123758512,124296997
turso,concurrent,32,1,30,29366317344,0,0,6432,519069,113897999,114423500
turso,concurrent,32,1,30,29480741205,0,0,10309,9127831,175989446,185127586
turso,concurrent,32,1,30,29665869032,0,0,6903,4884980,121380990,126272873
turso,concurrent,32,1,30,29792142155,0,0,6603,641168,15989389,16637160
turso,concurrent,32,1,30,29808779515,0,0,5460,696854,47157778,47860092
turso,concurrent,32,1,30,29856639918,0,0,6613,484614,38373304,38864531
turso,concurrent,32,1,30,29895504709,0,0,5460,448465,54106100,54560025
turso,concurrent,32,1,30,29950064995,0,0,10961,487549,59953615,60452125
turso,concurrent,32,1,30,30010517331,0,0,5440,457923,256872685,257336048
turso,concurrent,32,1,30,30267853650,0,0,5861,511805,66256640,66774306
turso,concurrent,32,1,30,30334628196,0,0,6903,658511,106631920,107297334
turso,concurrent,32,1,30,30441925790,0,0,5801,581256,185639542,186226599
turso,concurrent,32,1,30,30628152619,0,0,5661,613667,395758279,396377607
turso,concurrent,32,1,30,31024530466,0,0,7244,10218518,84389480,94615242
turso,concurrent,32,1,30,31119145948,0,0,5891,469676,279158966,279634533
turso,concurrent,32,1,30,31398780722,0,0,6452,460147,101881182,102347781
turso,concurrent,32,1,30,31501128723,0,0,5731,488241,190186545,190680517
turso,concurrent,32,1,30,31691809510,0,0,6192,573932,95087161,95667285
turso,concurrent,32,1,30,31787477065,0,0,7124,546510,5743880,6297514
turso,concurrent,32,1,30,31793774770,0,0,5280,625830,110596925,111228035
turso,concurrent,32,1,30,31905002995,0,0,7784,8371024,303510493,311889301
turso,concurrent,32,1,30,32216892617,0,0,9588,534708,240099629,240643925
turso,concurrent,32,1,30,32457536762,0,0,7053,528717,15291102,15826872
turso,concurrent,32,1,30,32473363845,0,0,6202,494803,78051509,78552514
turso,concurrent,32,1,30,32551916569,0,0,5110,463834,40982845,41451789
turso,concurrent,32,1,30,32593368629,0,0,7213,463935,119824114,120295262
turso,concurrent,32,1,30,32713664141,0,0,7223,673069,106686251,107366543
turso,concurrent,32,1,30,32821031006,0,0,7604,539447,32651847,33198898
turso,concurrent,32,1,30,32854230125,0,0,6192,457152,208829677,209293021
turso,concurrent,32,1,31,271,1,0,1187450,319221,183859345,185366016
turso,concurrent,32,1,31,185367439,1,0,9568,643293,656011929,656664790
turso,concurrent,32,1,31,842032459,1,0,6272,523056,317588638,318117966
turso,concurrent,32,1,31,1160150635,1,0,55505,8468487,23716509,32240501
turso,concurrent,32,1,31,1192391376,1,0,6573,644124,50235792,50886489
turso,concurrent,32,1,31,1243278316,1,0,5610,571939,230505919,231083468
turso,concurrent,32,1,31,1474362054,1,0,5200,449417,230674637,231129254
turso,concurrent,32,1,31,1705491529,1,0,5721,463273,35763324,36232318
turso,concurrent,32,1,31,1741724087,1,0,5130,429079,267826187,268260396
turso,concurrent,32,1,31,2009985445,1,0,6923,512266,68386135,68905324
turso,concurrent,32,1,31,2078891060,1,0,6903,6829167,255913415,262749485
turso,concurrent,32,1,31,2341640886,1,0,7544,594922,243895706,244498172
turso,concurrent,32,1,31,2586139308,1,0,5461,507567,23077052,23590080
turso,concurrent,32,1,31,2609729789,1,0,8296,565516,22328321,22902133
turso,concurrent,32,1,31,2632632223,1,0,6953,553474,95635144,96195571
turso,concurrent,32,1,31,2728828004,1,0,5641,675794,148546731,149228166
turso,concurrent,32,1,31,2878056461,1,0,6392,823382,50987509,51817283
turso,concurrent,32,1,31,2929874436,1,0,5851,511755,104586472,105104078
turso,concurrent,32,1,31,3034978754,0,0,5350,469605,121996590,122471545
turso,concurrent,32,1,31,3157450610,0,0,5671,457553,145235458,145698682
turso,concurrent,32,1,31,3303149582,0,0,8677,7355098,826392058,833755833
turso,concurrent,32,1,31,4136905685,0,0,6062,664072,59804324,60474458
turso,concurrent,32,1,31,4197380413,0,0,5150,446322,488329135,488780607
turso,concurrent,32,1,31,4686161241,0,0,6752,8441457,50168445,58616654
turso,concurrent,32,1,31,4744778316,0,0,6722,464326,74706913,75177961
turso,concurrent,32,1,31,4819956597,0,0,5962,470928,64350886,64827776
turso,concurrent,32,1,31,4884784674,0,0,6702,626321,129959875,130592898
turso,concurrent,32,1,31,5015377853,0,0,6853,497037,74164751,74668641
turso,concurrent,32,1,31,5090046724,0,0,5460,639707,63877143,64522310
turso,concurrent,32,1,31,5154569304,0,0,5431,487439,288741063,289233933
turso,concurrent,32,1,31,5443803648,0,0,8506,9694419,183787951,193490876
turso,concurrent,32,1,31,5637294774,0,0,5941,736900,58112553,58855394
turso,concurrent,32,1,31,5696150479,0,0,6662,492199,180772724,181271585
turso,concurrent,32,1,31,5877431823,0,0,6813,455809,156653106,157115728
turso,concurrent,32,1,31,6034547792,0,0,5350,777406,491100351,491883107
turso,concurrent,32,1,31,6526431109,0,0,7374,4231719,528759319,532998412
turso,concurrent,32,1,31,7059429891,0,0,6412,456400,194247352,194710164
turso,concurrent,32,1,31,7254140457,0,0,7043,547633,24994147,25548823
turso,concurrent,32,1,31,7279689540,0,0,6442,599420,38275660,38881522
turso,concurrent,32,1,31,7318571394,0,0,7765,593168,84949616,85550549
turso,concurrent,32,1,31,7404122204,0,0,5731,478412,133128369,133612512
turso,concurrent,32,1,31,7537735217,0,0,14607,562150,295461626,296038383
turso,concurrent,32,1,31,7833773961,0,0,8626,4835127,141842871,146686624
turso,concurrent,32,1,31,7980460865,0,0,5230,624067,108898262,109527559
turso,concurrent,32,1,31,8089988635,0,0,5350,525731,148325825,148856906
turso,concurrent,32,1,31,8238845831,0,0,5981,672549,521928579,522607109
turso,concurrent,32,1,31,8761453360,0,0,8977,8974131,55520126,64503234
turso,concurrent,32,1,31,8825956804,0,0,5020,484163,418312647,418801830
turso,concurrent,32,1,31,9244758894,0,0,4909,463905,413751797,414220611
turso,concurrent,32,1,31,9658979705,0,0,5260,494623,145936359,146436242
turso,concurrent,32,1,31,9805416208,0,0,7714,5258956,64065328,69331998
turso,concurrent,32,1,31,9874748567,0,0,5550,482670,100758665,101246885
turso,concurrent,32,1,31,9975995973,0,0,12283,474415,37506921,37993619
turso,concurrent,32,1,31,10013989802,0,0,5330,717253,171361088,172083671
turso,concurrent,32,1,31,10186073844,0,0,7434,635939,59050703,59694076
turso,concurrent,32,1,31,10245768220,0,0,5531,498289,184700451,185204271
turso,concurrent,32,1,31,10430972721,0,0,5451,604339,163226842,163836632
turso,concurrent,32,1,31,10594809593,0,0,5160,498129,53645401,54148690
turso,concurrent,32,1,31,10648958683,0,0,9328,786333,226215809,227011470
turso,concurrent,32,1,31,10875970524,0,0,8987,8640202,23136655,31785844
turso,concurrent,32,1,31,10907756738,0,0,6322,578441,25333868,25918631
turso,concurrent,32,1,31,10933675639,0,0,6332,617283,432059017,432682632
turso,concurrent,32,1,31,11366358682,0,0,6693,590654,248996914,249594261
turso,concurrent,32,1,31,11615953174,0,0,4959,519399,167275726,167800084
turso,concurrent,32,1,31,11783753548,0,0,6523,494091,630886705,631387319
turso,concurrent,32,1,31,12415143001,0,0,8095,12045462,183373168,195426725
turso,concurrent,32,1,31,12610569946,0,0,6793,755695,15453068,16215556
turso,concurrent,32,1,31,12626785742,0,0,4699,540199,30377297,30922195
turso,concurrent,32,1,31,12657708138,0,0,4368,397399,73432120,73833887
turso,concurrent,32,1,31,12731542235,0,0,4809,455028,107784322,108244159
turso,concurrent,32,1,31,12839786604,0,0,5561,673870,212958974,213638405
turso,concurrent,32,1,31,13053425359,0,0,5560,373645,67244702,67623907
turso,concurrent,32,1,31,13121049508,0,0,7123,1255427,210422812,211685362
turso,concurrent,32,1,31,13332735160,0,0,5761,479695,118887467,119372923
turso,concurrent,32,1,31,13452108313,0,0,10059,570316,19911874,20492249
turso,concurrent,32,1,31,13472600823,0,0,6102,620219,25605280,26231601
turso,concurrent,32,1,31,13498832674,0,0,5651,562891,187117488,187686030
turso,concurrent,32,1,31,13686519055,0,0,6382,506595,172112035,172625012
turso,concurrent,32,1,31,13859144398,0,0,5961,490114,154224828,154720903
turso,concurrent,32,1,31,14013865531,0,0,5641,545568,217315278,217866487
turso,concurrent,32,1,31,14231732539,0,0,14597,623596,84404508,85042701
turso,concurrent,32,1,31,14316775541,0,0,7765,7082404,287440411,294530580
turso,concurrent,32,1,31,14611306422,0,0,4979,496897,156943844,157445720
turso,concurrent,32,1,31,14768752473,0,0,6322,472872,83910437,84389631
turso,concurrent,32,1,31,14853142314,0,0,5981,529468,18659804,19195253
turso,concurrent,32,1,31,14872337818,0,0,6652,906980,33229897,34143529
turso,concurrent,32,1,31,14906481617,0,0,5130,478492,21032959,21516581
turso,concurrent,32,1,31,14927998508,0,0,6673,582158,15597610,16186441
turso,concurrent,32,1,31,14944185389,0,0,5700,486638,190285311,190777649
turso,concurrent,32,1,31,15134963330,0,0,5189,487580,63666666,64159435
turso,concurrent,32,1,31,15199123025,0,0,6122,791653,538931458,539729233
turso,concurrent,32,1,31,15738852659,0,0,11722,11483332,142788925,154283979
turso,concurrent,32,1,31,15893136979,0,0,6582,601214,91286815,91894611
turso,concurrent,32,1,31,15985031991,0,0,6111,508699,64592452,65107262
turso,concurrent,32,1,31,16050139634,0,0,5971,560808,224633746,225200525
turso,concurrent,32,1,31,16275340520,0,0,6022,486307,118303846,118796175
turso,concurrent,32,1,31,16394136996,0,0,7113,521173,369934448,370462734
turso,concurrent,32,1,31,16764600100,0,0,8496,8144166,211535309,219687971
turso,concurrent,32,1,31,16984288362,0,0,6031,735096,59702071,60443198
turso,concurrent,32,1,31,17044731780,0,0,5821,526262,34419630,34951713
turso,concurrent,32,1,31,17079683764,0,0,5270,598138,95709564,96312972
turso,concurrent,32,1,31,17175997067,0,0,5871,483692,294113263,294602826
turso,concurrent,32,1,31,17470600184,0,0,6342,601384,14838028,15445754
turso,concurrent,32,1,31,17486046138,0,0,5150,492158,182080330,182577638
turso,concurrent,32,1,31,17668624718,0,0,14988,616743,491880702,492512433
turso,concurrent,32,1,31,18161137482,0,0,8656,14952945,8521868,23483469
turso,concurrent,32,1,31,18184621322,0,0,6863,629607,48883913,49520383
turso,concurrent,32,1,31,18234141935,0,0,5410,439289,458316385,458761084
turso,concurrent,32,1,31,18692903209,0,0,5270,583300,35251358,35839928
turso,concurrent,32,1,31,18728743337,0,0,4759,490846,857826078,858321683
turso,concurrent,32,1,31,19587065241,0,0,5891,8387805,42882647,51276343
turso,concurrent,32,1,31,19638341815,0,0,5640,462312,82963972,83431924
turso,concurrent,32,1,31,19721774000,0,0,5130,468984,78314154,78788268
turso,concurrent,32,1,31,19800562529,0,0,5711,584552,311839587,312429850
turso,concurrent,32,1,31,20112992769,0,0,9457,3406503,281733592,285149552
turso,concurrent,32,1,31,20398142702,0,0,7114,534628,27370989,27912731
turso,concurrent,32,1,31,20426055643,0,0,5270,567811,40340453,40913534
turso,concurrent,32,1,31,20466969478,0,0,5370,539157,51096715,51641242
turso,concurrent,32,1,31,20518611040,0,0,7304,713315,101815397,102536016
turso,concurrent,32,1,31,20621147367,0,0,6623,487048,108014987,108508658
turso,concurrent,32,1,31,20729656265,0,0,5270,567531,274644403,275217204
turso,concurrent,32,1,31,21004873820,0,0,6452,515813,11746398,12268663
turso,concurrent,32,1,31,21017142733,0,0,4489,487770,446212032,446704291
turso,concurrent,32,1,31,21463847394,0,0,8486,13676938,143380891,157066315
turso,concurrent,32,1,31,21620913930,0,0,5942,773638,22053744,22833324
turso,concurrent,32,1,31,21643747514,0,0,5651,593288,7795279,8394218
turso,concurrent,32,1,31,21652142002,0,0,6953,606754,110726690,111340397
turso,concurrent,32,1,31,21763482640,0,0,5210,454797,236197872,236657879
turso,concurrent,32,1,31,22000140769,0,0,4799,451722,176337953,176794474
turso,concurrent,32,1,31,22176941384,0,0,6883,480095,133012782,133499760
turso,concurrent,32,1,31,22310441364,0,0,6242,934943,191302038,192243223
turso,concurrent,32,1,31,22502684807,0,0,7455,4491749,73957771,78456975
turso,concurrent,32,1,31,22581142062,0,0,6743,724967,152658444,153390154
turso,concurrent,32,1,31,22734532536,0,0,5040,521673,161967297,162494010
turso,concurrent,32,1,31,22897026836,0,0,6442,598698,31365411,31970551
turso,concurrent,32,1,31,22928997609,0,0,5079,513759,274557861,275076699
turso,concurrent,32,1,31,23204074668,0,0,6453,592196,543975279,544573928
turso,concurrent,32,1,31,23748648867,0,0,8426,6135689,141895059,148039174
turso,concurrent,32,1,31,23896688311,0,0,4769,457092,171816788,172278649
turso,concurrent,32,1,31,24068967190,0,0,4638,516274,24068492,24589404
turso,concurrent,32,1,31,24093556876,0,0,6111,662900,135520289,136189300
turso,concurrent,32,1,31,24229746577,0,0,6292,760183,774015400,774781875
turso,concurrent,32,1,31,25004528742,0,0,9138,643333,105778590,106431061
turso,concurrent,32,1,31,25110960044,0,0,5099,500875,89261606,89767580
turso,concurrent,32,1,31,25200727894,0,0,5851,548263,57915853,58469967
turso,concurrent,32,1,31,25259198132,0,0,4388,445169,246146991,246596548
turso,concurrent,32,1,31,25505794992,0,0,5991,517726,426393514,426917231
turso,concurrent,32,1,31,25932712693,0,0,13837,523437,18615480,19152754
turso,concurrent,32,1,31,25951865687,0,0,13967,6341938,262198266,268554171
turso,concurrent,32,1,31,26220420289,0,0,6352,517475,220036499,220560326
turso,concurrent,32,1,31,26440980905,0,0,7124,858449,169290945,170156518
turso,concurrent,32,1,31,26611137703,0,0,5410,528135,289665627,290199172
turso,concurrent,32,1,31,26901337097,0,0,5881,705049,468248583,468959513
turso,concurrent,32,1,31,27370296831,0,0,8396,4159753,223770830,227938979
turso,concurrent,32,1,31,27598236100,0,0,7334,554966,102200344,102762644
turso,concurrent,32,1,31,27700998964,0,0,5280,495234,60641562,61142076
turso,concurrent,32,1,31,27762141310,0,0,6393,601744,22398393,23006530
turso,concurrent,32,1,31,27785148161,0,0,6402,540349,352452043,352998794
turso,concurrent,32,1,31,28138147256,0,0,7194,489653,76613087,77109934
turso,concurrent,32,1,31,28215257471,0,0,5149,496747,300250235,300752131
turso,concurrent,32,1,31,28516009912,0,0,8446,6722817,124341962,131073225
turso,concurrent,32,1,31,28647083427,0,0,7524,686094,59696140,60389758
turso,concurrent,32,1,31,28707473495,0,0,6743,559996,501095637,501662376
turso,concurrent,32,1,31,29209136142,0,0,7895,814626,193989716,194812237
turso,concurrent,32,1,31,29403948840,0,0,13846,512236,141314324,141840406
turso,concurrent,32,1,31,29545789657,0,0,18785,10948264,18035346,29002395
turso,concurrent,32,1,31,29574792523,0,0,9327,501245,19854587,20365159
turso,concurrent,32,1,31,29595158023,0,0,9949,483401,325557844,326051194
turso,concurrent,32,1,31,29921209457,0,0,5180,486086,8098761,8590027
turso,concurrent,32,1,31,29929799744,0,0,4880,724446,35279300,36008626
turso,concurrent,32,1,31,29965808731,0,0,6883,502327,62603621,63112831
turso,concurrent,32,1,31,30028926111,0,0,5009,461972,57749569,58216550
turso,concurrent,32,1,31,30087142862,0,0,6742,568372,158041203,158616317
turso,concurrent,32,1,31,30245759460,0,0,5380,482570,32266330,32754280
turso,concurrent,32,1,31,30278513960,0,0,5060,478332,17567734,18051126
turso,concurrent,32,1,31,30296565317,0,0,5019,485666,439523059,440013744
turso,concurrent,32,1,31,30736579282,0,0,7865,3492265,30738018,34238148
turso,concurrent,32,1,31,30770817690,0,0,6242,597757,123915047,124519046
turso,concurrent,32,1,31,30895337097,0,0,5170,553623,58939303,59498096
turso,concurrent,32,1,31,30954835444,0,0,5109,452844,92518809,92976762
turso,concurrent,32,1,31,31047812476,0,0,5280,504882,129506139,130016301
turso,concurrent,32,1,31,31177829078,0,0,6943,540659,232757975,233305577
turso,concurrent,32,1,31,31411134966,0,0,6532,505083,56262134,56773749
turso,concurrent,32,1,31,31467908946,0,0,6462,731770,243697823,244436055
turso,concurrent,32,1,31,31712345291,0,0,6553,813564,6208646,7028763
turso,concurrent,32,1,31,31719374335,0,0,5039,524489,29250794,29780322
turso,concurrent,32,1,31,31749154928,0,0,5009,445530,84614935,85065474
turso,concurrent,32,1,31,31834220613,0,0,6051,575155,156137934,156719140
turso,concurrent,32,1,31,31990939983,0,0,8256,14324580,304390982,318723818
turso,concurrent,32,1,31,32309664051,0,0,6402,752149,142394050,143152601
turso,concurrent,32,1,31,32452816902,0,0,5781,657791,267294866,267958438
turso,concurrent,32,1,31,32720775580,0,0,7094,951293,32245260,33203647
turso,concurrent,32,1,31,32753979427,0,0,5481,510793,31197795,31714069
turso,concurrent,32,1,31,32785693706,0,0,4769,442835,127174683,127622287
turso,concurrent,32,1,31,32913316294,0,0,5520,486979,130678860,131171359
