engine,mode,connections,run,connection,started_ns,warmup,restarts,begin_ns,work_ns,commit_ns,total_ns
turso,concurrent,64,3,0,26160,1,0,102838893,364157,809883351,913086401
turso,concurrent,64,3,0,913112841,1,0,5630,336976,279894603,280237209
turso,concurrent,64,3,0,1193350301,1,0,45466,4459755,639677295,644182516
turso,concurrent,64,3,0,1837533118,1,0,6282,424991,467913010,468344283
turso,concurrent,64,3,0,2305877661,1,0,6923,5712358,393225895,398945176
turso,concurrent,64,3,0,2704823248,1,0,5811,486878,240491285,240983974
turso,concurrent,64,3,0,2945807512,1,0,5861,392781,444357093,444755735
turso,concurrent,64,3,0,3390563537,0,0,8426,6978127,463296548,470283101
turso,concurrent,64,3,0,3860846889,0,0,5801,578922,366935508,367520231
turso,concurrent,64,3,0,4228367771,0,0,7254,8937464,3481564453,3490509171
turso,concurrent,64,3,0,7718877152,0,0,7795,16020648,1295187986,1311216429
turso,concurrent,64,3,0,9030093841,0,0,9067,14655684,845950544,860615295
turso,concurrent,64,3,0,9890709447,0,0,6973,20829843,4472280331,4493117147
turso,concurrent,64,3,0,14383827095,0,0,18335,9027724,2828269223,2837315282
turso,concurrent,64,3,0,17221142627,0,0,7214,20587566,878555466,899150246
turso,concurrent,64,3,0,18120293143,0,0,8506,15193659,249830486,265032651
turso,concurrent,64,3,0,18385326125,0,0,12433,440962,494332559,494785954
turso,concurrent,64,3,0,18880112861,0,0,7284,17085788,189277621,206370693
turso,concurrent,64,3,0,19086483925,0,0,14187,19357695,524812030,544183912
turso,concurrent,64,3,0,19630668087,0,0,6463,444909,914356017,914807389
turso,concurrent,64,3,0,20545475766,0,0,8607,29260851,422412676,451682134
turso,concurrent,64,3,0,20997158290,0,0,7214,634838,1378566920,1379208972
turso,concurrent,64,3,0,22376367532,0,0,10539,20337224,482269297,502617060
turso,concurrent,64,3,0,22878984964,0,0,7604,28749346,387862064,416619014
turso,concurrent,64,3,0,23295604148,0,0,5681,522636,230800069,231328386
turso,concurrent,64,3,0,23526932794,0,0,6212,443958,656999479,657449649
turso,concurrent,64,3,0,24184382663,0,0,6452,38008657,569970537,607985646
turso,concurrent,64,3,0,24792368671,0,0,5811,437526,3223858777,3224302114
turso,concurrent,64,3,0,28016671085,0,0,8185,22282073,501867296,524157554
turso,concurrent,64,3,0,28540828871,0,0,6151,428218,228713762,229148131
turso,concurrent,64,3,0,28769977273,0,0,5751,414071,997588084,998007906
turso,concurrent,64,3,0,29767985420,0,0,7364,467862,502600760,503075986
turso,concurrent,64,3,0,30271061697,0,0,5731,479475,932807181,933292387
turso,concurrent,64,3,0,31204355647,0,0,7254,19083848,2163575887,2182666989
turso,concurrent,64,3,1,14478,1,0,2413073,465518,1085260170,1088138761
turso,concurrent,64,3,1,1088153620,1,0,40626,781956,33027378,33849960
turso,concurrent,64,3,1,1122003920,1,0,7805,419672,175669665,176097142
turso,concurrent,64,3,1,1298101403,1,0,6723,573261,2001760313,2002340297
turso,concurrent,64,3,1,3300441970,0,0,7775,14235510,682295199,696538484
turso,concurrent,64,3,1,3996980955,0,0,6633,396658,394127716,394531007
turso,concurrent,64,3,1,4391512303,0,0,8316,14757745,283509294,298275355
turso,concurrent,64,3,1,4689787938,0,0,7134,548114,199276859,199832107
turso,concurrent,64,3,1,4889620295,0,0,6261,476720,269465755,269948736
turso,concurrent,64,3,1,5159569974,0,0,6823,434420,605575208,606016451
turso,concurrent,64,3,1,5765586726,0,0,7724,536473,120929187,121473384
turso,concurrent,64,3,1,5887060340,0,0,5471,457663,247199282,247662416
turso,concurrent,64,3,1,6134723027,0,0,6362,523107,1283988493,1284517962
turso,concurrent,64,3,1,7419241259,0,0,7023,22915548,97032557,119955128
turso,concurrent,64,3,1,7539196589,0,0,6422,5275143,187176998,192458563
turso,concurrent,64,3,1,7731655423,0,0,5841,389575,915412600,915808016
turso,concurrent,64,3,1,8647463719,0,0,9117,25942390,1774506645,1800458152
turso,concurrent,64,3,1,10447923024,0,0,8346,6199067,510227080,516434493
turso,concurrent,64,3,1,10964357747,0,0,5601,403140,510405466,510814207
turso,concurrent,64,3,1,11475172215,0,0,5921,479014,578450198,578935133
turso,concurrent,64,3,1,12054107578,0,0,7935,8900895,136247962,145156792
turso,concurrent,64,3,1,12199264660,0,0,7464,516545,855921378,856445387
turso,concurrent,64,3,1,13055710618,0,0,7624,462553,113644312,114114489
turso,concurrent,64,3,1,13169825598,0,0,8215,20066613,2211659404,2231734232
turso,concurrent,64,3,1,15401560130,0,0,7765,23076452,1647213921,1670298138
turso,concurrent,64,3,1,17071858538,0,0,8106,24632077,1316014853,1340655036
turso,concurrent,64,3,1,18412513914,0,0,7724,15658365,705190730,720856819
turso,concurrent,64,3,1,19133371155,0,0,8356,9103647,528059507,537171510
turso,concurrent,64,3,1,19670542976,0,0,6472,432937,82212243,82651652
turso,concurrent,64,3,1,19753194879,0,0,5109,578232,539045376,539628717
turso,concurrent,64,3,1,20292823966,0,0,8066,17800767,152347509,170156342
turso,concurrent,64,3,1,20462980549,0,0,5831,484504,1142959771,1143450106
turso,concurrent,64,3,1,21606430935,0,0,10509,23642050,1350938088,1374590647
turso,concurrent,64,3,1,22981023417,0,0,7864,9543668,476187652,485739184
turso,concurrent,64,3,1,23466762801,0,0,6062,454217,390573590,391033869
turso,concurrent,64,3,1,23857796930,0,0,8416,18263641,566641456,584913513
turso,concurrent,64,3,1,24442710724,0,0,5530,431123,1222684432,1223121085
turso,concurrent,64,3,1,25665832139,0,0,8236,17739351,216783382,234530969
turso,concurrent,64,3,1,25900363378,0,0,6422,599121,1260910868,1261516411
turso,concurrent,64,3,1,27161880130,0,0,8877,24128637,123861270,147998784
turso,concurrent,64,3,1,27309879244,0,0,5580,408471,226426757,226840808
turso,concurrent,64,3,1,27536720333,0,0,8356,612325,263399490,264020171
turso,concurrent,64,3,1,27800740794,0,0,6613,474926,2353471994,2353953533
turso,concurrent,64,3,1,30154694568,0,0,7544,492289,1944883042,1945382875
turso,concurrent,64,3,1,32100077704,0,0,8466,20118781,1275426869,1295554116
turso,concurrent,64,3,2,126239,1,0,24727758,311968,1578872740,1603912466
turso,concurrent,64,3,2,1604039036,1,0,43262,5875947,621068582,626987791
turso,concurrent,64,3,2,2231027078,1,0,6883,6117032,220325474,226449389
turso,concurrent,64,3,2,2457476728,1,0,6923,682247,1019765651,1020454821
turso,concurrent,64,3,2,3477931829,0,0,7424,17889395,991167290,1009064109
turso,concurrent,64,3,2,4486996699,0,0,7634,13900889,185330484,199239007
turso,concurrent,64,3,2,4686235957,0,0,5360,439369,2476213551,2476658280
turso,concurrent,64,3,2,7162894678,0,0,9428,9188687,59751914,68950029
turso,concurrent,64,3,2,7231844988,0,0,10510,733454,384159287,384903251
turso,concurrent,64,3,2,7616749000,0,0,7725,6399144,1916926131,1923333000
turso,concurrent,64,3,2,9540082351,0,0,8767,14758076,128347104,143113947
turso,concurrent,64,3,2,9683196598,0,0,8316,8095465,2190350126,2198453907
turso,concurrent,64,3,2,11881650755,0,0,8496,7090449,1726252165,1733351110
turso,concurrent,64,3,2,13615002146,0,0,8406,9569045,92653555,102231006
turso,concurrent,64,3,2,13717233463,0,0,6893,511855,1315722512,1316241260
turso,concurrent,64,3,2,15033475254,0,0,7975,11806567,1004740069,1016554611
turso,concurrent,64,3,2,16050030126,0,0,7103,25975833,608488205,634471141
turso,concurrent,64,3,2,16684502059,0,0,6823,494643,1551542011,1552043477
turso,concurrent,64,3,2,18236545846,0,0,8105,13462171,262259418,275729694
turso,concurrent,64,3,2,18512275912,0,0,7714,504212,3122253381,3122765307
turso,concurrent,64,3,2,21635041750,0,0,6903,14264986,931230116,945502005
turso,concurrent,64,3,2,22580544056,0,0,9227,17594319,43314618,60918164
turso,concurrent,64,3,2,22641462621,0,0,6513,517305,311767133,312290951
turso,concurrent,64,3,2,22953753883,0,0,5931,520111,2219889162,2220415204
turso,concurrent,64,3,2,25174169458,0,0,8336,12238021,137948410,150194767
turso,concurrent,64,3,2,25324364476,0,0,5069,466490,186950902,187422461
turso,concurrent,64,3,2,25511787357,0,0,6893,514892,1155519520,1156041305
turso,concurrent,64,3,2,26667829022,0,0,8677,23240962,1097298384,1120548023
turso,concurrent,64,3,2,27788377386,0,0,6442,418791,17576985,18002218
turso,concurrent,64,3,2,27806379804,0,0,5180,578402,367147537,367731119
turso,concurrent,64,3,2,28174111184,0,0,5300,425242,790829048,791259590
turso,concurrent,64,3,2,28965370984,0,0,7084,544067,1821963028,1822514179
turso,concurrent,64,3,2,30787885454,0,0,8556,17382469,683898273,701289298
turso,concurrent,64,3,2,31489176526,0,0,7334,467832,952606260,953081426
turso,concurrent,64,3,2,32442258233,0,0,9207,17908190,942276519,960193916
turso,concurrent,64,3,3,11482,1,0,47845167,462233,1393754326,1442061726
turso,concurrent,64,3,3,1442073729,1,0,45496,11864026,1551357943,1563267465
turso,concurrent,64,3,3,3005341465,0,0,6983,14546778,126485551,141039312
turso,concurrent,64,3,3,3146381128,0,0,7204,8981046,581156173,590144423
turso,concurrent,64,3,3,3736525821,0,0,6904,437305,1200661035,1201105244
turso,concurrent,64,3,3,4937631526,0,0,6893,34286174,414072498,448365565
turso,concurrent,64,3,3,5385997382,0,0,6833,546491,121497810,122051134
turso,concurrent,64,3,3,5508048746,0,0,6001,485205,152585178,153076384
turso,concurrent,64,3,3,5661125422,0,0,6652,483863,447518778,448009293
turso,concurrent,64,3,3,6109135587,0,0,6221,420013,1715635292,1716061526
turso,concurrent,64,3,3,7825197374,0,0,7855,29412537,120927364,150347756
turso,concurrent,64,3,3,7975545380,0,0,6593,440401,1096879935,1097326929
turso,concurrent,64,3,3,9072872699,0,0,8697,4843819,329349078,334201594
turso,concurrent,64,3,3,9407074563,0,0,5731,428088,469546892,469980711
turso,concurrent,64,3,3,9877055584,0,0,8276,8256639,528053105,536318020
turso,concurrent,64,3,3,10413373895,0,0,8205,710240,849727131,850445576
turso,concurrent,64,3,3,11263819781,0,0,6693,469085,2780801137,2781276915
turso,concurrent,64,3,3,14045097688,0,0,8176,8946340,311948625,320903141
turso,concurrent,64,3,3,14366001150,0,0,7203,6225327,261959362,268191892
turso,concurrent,64,3,3,14634193332,0,0,6512,412909,473748880,474168301
turso,concurrent,64,3,3,15108361995,0,0,8155,540160,1102841773,1103390088
turso,concurrent,64,3,3,16211752354,0,0,8516,45696874,1374935467,1420640857
turso,concurrent,64,3,3,17632393482,0,0,6372,498451,2647187456,2647692279
turso,concurrent,64,3,3,20280086111,0,0,8295,8936763,1767522767,1776467825
turso,concurrent,64,3,3,22056554208,0,0,8446,21480330,371983272,393472048
turso,concurrent,64,3,3,22450026557,0,0,6492,457343,67107303,67571138
turso,concurrent,64,3,3,22517598035,0,0,8416,11139749,802647138,813795303
turso,concurrent,64,3,3,23331393638,0,0,6793,512216,368904794,369423803
turso,concurrent,64,3,3,23700817731,0,0,9378,42915456,312311570,355236404
turso,concurrent,64,3,3,24056054516,0,0,6101,737101,585807319,586550521
turso,concurrent,64,3,3,24642605328,0,0,6973,494844,204625731,205127548
turso,concurrent,64,3,3,24847733116,0,0,8436,14965188,45261753,60235377
turso,concurrent,64,3,3,24907968923,0,0,6723,547192,458197287,458751202
turso,concurrent,64,3,3,25366721828,0,0,6242,488913,542339972,542835127
turso,concurrent,64,3,3,25909557286,0,0,7003,496006,18064084,18567093
turso,concurrent,64,3,3,25928124800,0,0,6131,603960,1550821802,1551431893
turso,concurrent,64,3,3,27479557043,0,0,9057,17419107,649904272,667332436
turso,concurrent,64,3,3,28146889881,0,0,6682,452224,290013105,290472011
turso,concurrent,64,3,3,28437362133,0,0,6182,491898,1107033994,1107532074
turso,concurrent,64,3,3,29544894477,0,0,7665,525161,93207490,93740316
turso,concurrent,64,3,3,29638635073,0,0,7104,486397,1002736128,1003229629
turso,concurrent,64,3,3,30641865053,0,0,8807,20219661,1827163161,1847391629
turso,concurrent,64,3,3,32489257093,0,0,8686,23445319,335524389,358978394
turso,concurrent,64,3,3,32848235807,0,0,6532,459958,578098975,578565465
turso,concurrent,64,3,4,34786,1,0,3420023,567401,518690008,522677432
turso,concurrent,64,3,4,522712599,1,0,6762,338329,741063477,741408568
turso,concurrent,64,3,4,1264121528,1,0,40566,8894934,10889637,19825137
turso,concurrent,64,3,4,1283946915,1,0,4228,385447,109648042,110037717
turso,concurrent,64,3,4,1393984882,1,0,5240,370719,230991731,231367690
turso,concurrent,64,3,4,1625353133,1,0,5710,375539,721884258,722265507
turso,concurrent,64,3,4,2347619011,1,0,7534,18029329,376710923,394747786
turso,concurrent,64,3,4,2742367168,1,0,7374,463995,126522471,126993840
turso,concurrent,64,3,4,2869361269,1,0,6312,593239,95656481,96256032
turso,concurrent,64,3,4,2965617862,1,0,5330,393683,648446561,648845574
turso,concurrent,64,3,4,3614463707,0,0,7864,3529380,192616902,196154146
turso,concurrent,64,3,4,3810618133,0,0,7364,559717,497256015,497823096
turso,concurrent,64,3,4,4308441509,0,0,8045,11742345,487489768,499240158
turso,concurrent,64,3,4,4807682019,0,0,6182,496617,333136784,333639583
turso,concurrent,64,3,4,5141321812,0,0,4919,415875,93973676,94394470
turso,concurrent,64,3,4,5235716492,0,0,6372,528918,2053438162,2053973452
turso,concurrent,64,3,4,7289690254,0,0,10520,7104796,249999666,257114982
turso,concurrent,64,3,4,7546806287,0,0,11601,13542153,988592280,1002146034
turso,concurrent,64,3,4,8548952663,0,0,7474,474044,51065344,51546862
turso,concurrent,64,3,4,8600499905,0,0,8657,30202969,596293185,626504811
turso,concurrent,64,3,4,9227005056,0,0,7825,463104,492866873,493337802
turso,concurrent,64,3,4,9720343369,0,0,14377,8234648,556549504,564798529
turso,concurrent,64,3,4,10285142228,0,0,7735,543576,1448584123,1449135434
turso,concurrent,64,3,4,11734278053,0,0,7745,455569,1534611776,1535075090
turso,concurrent,64,3,4,13269353443,0,0,8005,3193616,471125260,474326881
turso,concurrent,64,3,4,13743680555,0,0,5770,523268,1894915941,1895444979
turso,concurrent,64,3,4,15639125814,0,0,7515,20175248,1038654211,1058836974
turso,concurrent,64,3,4,16697963048,0,0,6522,482641,1479555001,1480044164
turso,concurrent,64,3,4,18178007472,0,0,8175,19509452,1054703854,1074221481
turso,concurrent,64,3,4,19252229334,0,0,7524,21664990,577665587,599338101
turso,concurrent,64,3,4,19851567685,0,0,6102,529609,1609075278,1609610989
turso,concurrent,64,3,4,21461179085,0,0,6773,31637476,286633839,318278088
turso,concurrent,64,3,4,21779457413,0,0,6232,457243,2912890843,2913354318
turso,concurrent,64,3,4,24692814205,0,0,8306,15276224,341442867,356727397
turso,concurrent,64,3,4,25049541812,0,0,7925,17403138,390132207,407543270
turso,concurrent,64,3,4,25457085352,0,0,7444,622394,672288598,672918436
turso,concurrent,64,3,4,26130004079,0,0,9227,23093665,779857045,802959937
turso,concurrent,64,3,4,26932964277,0,0,6352,493251,978181356,978680959
turso,concurrent,64,3,4,27911645536,0,0,6332,453366,1608071594,1608531292
turso,concurrent,64,3,4,29520177089,0,0,7113,468775,1093712267,1094188155
turso,concurrent,64,3,4,30614365515,0,0,8696,6845417,627849457,634703570
turso,concurrent,64,3,4,31249069436,0,0,8817,10357302,203967109,214333228
turso,concurrent,64,3,4,31463402944,0,0,6182,408791,1179550343,1179965316
turso,concurrent,64,3,4,32643368520,0,0,8146,21477375,540194865,561680386
turso,concurrent,64,3,5,26540,1,0,34207385,439389,1531624179,1566270953
turso,concurrent,64,3,5,1566297954,1,0,51497,1202279,345002934,346256710
turso,concurrent,64,3,5,1912554934,1,0,6352,419932,514787635,515213919
turso,concurrent,64,3,5,2427769254,1,0,8135,6269239,2261419324,2267696698
turso,concurrent,64,3,5,4695466213,0,0,6913,8673125,2311870037,2320550075
turso,concurrent,64,3,5,7016016839,0,0,7785,10668019,555677599,566353403
turso,concurrent,64,3,5,7582370482,0,0,6372,12419104,509581321,522006797
turso,concurrent,64,3,5,8104377539,0,0,6853,450350,1034522855,1034980058
turso,concurrent,64,3,5,9139357878,0,0,8155,8900755,157099024,166007934
turso,concurrent,64,3,5,9305366834,0,0,6392,427317,623873235,624306944
turso,concurrent,64,3,5,9929674038,0,0,8436,12592991,54820940,67422367
turso,concurrent,64,3,5,9997096635,0,0,6643,487630,1288793259,1289287532
turso,concurrent,64,3,5,11286384468,0,0,7264,490465,2443231078,2443728807
turso,concurrent,64,3,5,13730113766,0,0,9258,14079936,332363035,346452229
turso,concurrent,64,3,5,14076566285,0,0,6292,456642,180413636,180876570
turso,concurrent,64,3,5,14257443105,0,0,5982,430933,55931816,56368731
turso,concurrent,64,3,5,14313812116,0,0,6843,8902568,940462757,949372168
turso,concurrent,64,3,5,15263185586,0,0,8346,10644785,1037551540,1048204671
turso,concurrent,64,3,5,16311390547,0,0,8066,17611030,35570306,53189402
turso,concurrent,64,3,5,16364580319,0,0,6603,560107,267451755,268018465
turso,concurrent,64,3,5,16632599075,0,0,7684,476389,2062634995,2063119068
turso,concurrent,64,3,5,18695718463,0,0,8316,28871827,1604868441,1633748584
turso,concurrent,64,3,5,20329467337,0,0,9007,20196228,4783780079,4803985314
turso,concurrent,64,3,5,25133452961,0,0,7935,14548822,977217958,991774715
turso,concurrent,64,3,5,26125227877,0,0,8506,36363283,373289376,409661165
turso,concurrent,64,3,5,26534889313,0,0,6122,456080,1508015372,1508477574
turso,concurrent,64,3,5,28043367167,0,0,6964,430171,288565324,289002459
turso,concurrent,64,3,5,28332370037,0,0,12754,488362,22664815,23165931
turso,concurrent,64,3,5,28355536259,0,0,6592,483923,479404201,479894716
turso,concurrent,64,3,5,28835431236,0,0,6192,420222,114536976,114963390
turso,concurrent,64,3,5,28950394897,0,0,5570,469586,1048119160,1048594316
turso,concurrent,64,3,5,29998989644,0,0,6402,454347,409923450,410384199
turso,concurrent,64,3,5,30409374254,0,0,6843,549477,425813442,426369762
turso,concurrent,64,3,5,30835746922,0,0,12824,29645718,449436957,479095499
turso,concurrent,64,3,5,31314842671,0,0,5330,418510,831772613,832196453
turso,concurrent,64,3,5,32147039394,0,0,7144,24160247,1161153540,1185320931
turso,concurrent,64,3,6,80653,1,0,1860170,619729,30460585,32940484
turso,concurrent,64,3,6,33022038,1,0,7644,465488,817430522,817903654
turso,concurrent,64,3,6,850926073,1,0,6984,347796,3313302365,3313657145
turso,concurrent,64,3,6,4164583559,0,0,58731,13383793,374478400,387920924
turso,concurrent,64,3,6,4552504704,0,0,6222,21529242,2478627907,2500163371
turso,concurrent,64,3,6,7052668616,0,0,8817,14703393,47793660,62505870
turso,concurrent,64,3,6,7115174877,0,0,7494,494393,448965197,449467084
turso,concurrent,64,3,6,7564642182,0,0,7584,18172318,2429538001,2447717903
turso,concurrent,64,3,6,10012360456,0,0,8666,10684300,105221599,115914565
turso,concurrent,64,3,6,10128276494,0,0,8556,572480,103690450,104271486
turso,concurrent,64,3,6,10232548231,0,0,5480,424922,338605573,339035975
turso,concurrent,64,3,6,10571584777,0,0,6983,602086,425836216,426445285
turso,concurrent,64,3,6,10998030352,0,0,7164,447264,44225678,44680106
turso,concurrent,64,3,6,11042710728,0,0,4860,436002,1699909150,1700350012
turso,concurrent,64,3,6,12743061050,0,0,8537,14765460,262905427,277679424
turso,concurrent,64,3,6,13020740735,0,0,6452,447294,975052232,975505978
turso,concurrent,64,3,6,13996247314,0,0,8807,8526007,909290639,917825453
turso,concurrent,64,3,6,14914073508,0,0,7474,20780340,564697549,585485363
turso,concurrent,64,3,6,15499559221,0,0,6953,755716,765083841,765846510
turso,concurrent,64,3,6,16265406031,0,0,9278,30404739,456380579,486794596
turso,concurrent,64,3,6,16752200907,0,0,7014,426364,228555944,228989322
turso,concurrent,64,3,6,16981190470,0,0,6031,468454,818688215,819162700
turso,concurrent,64,3,6,17800353470,0,0,6913,441283,60296481,60744677
turso,concurrent,64,3,6,17861098387,0,0,6121,17670061,38242809,55918991
turso,concurrent,64,3,6,17917017630,0,0,33864,578101,2495664873,2496276838
turso,concurrent,64,3,6,20413294879,0,0,8526,23245922,493346949,516601397
turso,concurrent,64,3,6,20929896516,0,0,6282,457413,311063876,311527571
turso,concurrent,64,3,6,21241424428,0,0,6853,582218,1461191341,1461780412
turso,concurrent,64,3,6,22703205171,0,0,7284,14583537,1318327687,1332918508
turso,concurrent,64,3,6,24036124039,0,0,7895,11801258,549431753,561240906
turso,concurrent,64,3,6,24597365236,0,0,6342,433648,392397061,392837051
turso,concurrent,64,3,6,24990202587,0,0,7324,39548102,752026072,791581498
turso,concurrent,64,3,6,25781784355,0,0,6763,422708,747005769,747435240
turso,concurrent,64,3,6,26529221408,0,0,7634,14596602,1045460102,1060064338
turso,concurrent,64,3,6,27589286078,0,0,5781,417918,290804479,291228178
turso,concurrent,64,3,6,27880514527,0,0,6181,574033,310698246,311278460
turso,concurrent,64,3,6,28191793268,0,0,5450,457723,1716665547,1717128720
turso,concurrent,64,3,6,29908922249,0,0,6051,429470,33737699,34173220
turso,concurrent,64,3,6,29943095890,0,0,6221,417388,790847383,791270992
turso,concurrent,64,3,6,30734367132,0,0,8286,16313431,1980752553,1997074270
turso,concurrent,64,3,6,32731441723,0,0,8967,40042915,644652022,684703904
turso,concurrent,64,3,7,97845,1,0,4438364,467052,168923907,173829323
turso,concurrent,64,3,7,173927949,1,0,9398,341494,566916105,567266997
turso,concurrent,64,3,7,741195236,1,0,7394,360510,224458463,224826367
turso,concurrent,64,3,7,966021814,1,0,6322,420273,3047538855,3047965450
turso,concurrent,64,3,7,4013987544,0,0,49754,20025676,122123420,142198850
turso,concurrent,64,3,7,4156187085,0,0,6523,421435,518309190,518737148
turso,concurrent,64,3,7,4674924503,0,0,7434,14541147,47399527,61948108
turso,concurrent,64,3,7,4736872982,0,0,6211,487420,247034030,247527661
turso,concurrent,64,3,7,4984400904,0,0,6242,405986,628373466,628785694
turso,concurrent,64,3,7,5613187339,0,0,6823,665375,538251158,538923356
turso,concurrent,64,3,7,6152110965,0,0,6463,467732,1175456568,1175930763
turso,concurrent,64,3,7,7328042019,0,0,8035,11708933,556664271,568381239
turso,concurrent,64,3,7,7896423588,0,0,8346,6034215,276186658,282229219
turso,concurrent,64,3,7,8178653077,0,0,6022,610472,50008178,50624672
turso,concurrent,64,3,7,8229278100,0,0,5931,419411,436361957,436787299
turso,concurrent,64,3,7,8666065769,0,0,7735,15835750,3525849533,3541693018
turso,concurrent,64,3,7,12207759068,0,0,7394,13610341,111517749,125135484
turso,concurrent,64,3,7,12332895323,0,0,6422,467092,594084447,594557961
turso,concurrent,64,3,7,12927453734,0,0,8026,493290,986199005,986700321
turso,concurrent,64,3,7,13914154436,0,0,8747,23111518,2141097042,2164217307
turso,concurrent,64,3,7,16078372083,0,0,7665,12406529,1479401361,1491815555
turso,concurrent,64,3,7,17570187909,0,0,7714,440141,2034408916,2034856771
turso,concurrent,64,3,7,19605045070,0,0,9899,17590882,166720148,184320929
turso,concurrent,64,3,7,19789366239,0,0,6092,462242,389021331,389489665
turso,concurrent,64,3,7,20178856264,0,0,7544,21053014,629651257,650711815
turso,concurrent,64,3,7,20829568361,0,0,6983,454187,970086913,970548083
turso,concurrent,64,3,7,21800116715,0,0,7404,26647019,77395986,104050409
turso,concurrent,64,3,7,21904167384,0,0,6102,451612,261683441,262141155
turso,concurrent,64,3,7,22166308800,0,0,5480,489784,619695683,620190947
turso,concurrent,64,3,7,22786500117,0,0,8366,41358258,670715119,712081743
turso,concurrent,64,3,7,23498582190,0,0,5651,411526,62815525,63232702
turso,concurrent,64,3,7,23561815142,0,0,5230,446022,1142567010,1143018262
turso,concurrent,64,3,7,24704833725,0,0,8736,28927623,128115676,157052035
turso,concurrent,64,3,7,24861887955,0,0,7263,12643687,1147045090,1159696040
turso,concurrent,64,3,7,26021584275,0,0,8836,21966919,257842935,279818690
turso,concurrent,64,3,7,26301403236,0,0,7565,16076774,3031431443,3047515782
turso,concurrent,64,3,7,29348919278,0,0,7404,673702,204355090,205036196
turso,concurrent,64,3,7,29553955805,0,0,7304,571568,839131859,839710731
turso,concurrent,64,3,7,30393666937,0,0,7273,525702,1248508337,1249041312
turso,concurrent,64,3,7,31642708520,0,0,8446,23390444,837374353,860773243
turso,concurrent,64,3,7,32503482464,0,0,7184,11867242,516703500,528577926
turso,concurrent,64,3,8,481,1,0,1253295,325615,1408798342,1410377252
turso,concurrent,64,3,8,1410378124,1,0,40867,3224274,968499298,971764439
turso,concurrent,64,3,8,2382142893,1,0,6793,21347329,471576932,492931054
turso,concurrent,64,3,8,2875074298,1,0,5891,434801,838311841,838752533
turso,concurrent,64,3,8,3713827182,0,0,6272,54306178,2192892373,2247204823
turso,concurrent,64,3,8,5961032466,0,0,7474,10529979,361566437,372103890
turso,concurrent,64,3,8,6333136636,0,0,7434,20217077,906006011,926230522
turso,concurrent,64,3,8,7259367439,0,0,6322,433648,624366506,624806476
turso,concurrent,64,3,8,7884174205,0,0,8897,17637169,969071327,986717393
turso,concurrent,64,3,8,8870892490,0,0,7735,12035228,88310851,100353814
turso,concurrent,64,3,8,8971246515,0,0,9027,432566,977674880,978116473
turso,concurrent,64,3,8,9949363429,0,0,9929,7847467,392809088,400666484
turso,concurrent,64,3,8,10350030184,0,0,6592,494734,958444004,958945330
turso,concurrent,64,3,8,11308975885,0,0,7524,655417,209681440,210344381
turso,concurrent,64,3,8,11519320637,0,0,7464,570526,284818936,285396926
turso,concurrent,64,3,8,11804717793,0,0,5841,443537,926541158,926990536
turso,concurrent,64,3,8,12731708690,0,0,8356,12964793,2095192456,2108165605
turso,concurrent,64,3,8,14839875186,0,0,7595,6128373,62377157,68513125
turso,concurrent,64,3,8,14908388582,0,0,5841,593409,689756659,690355909
turso,concurrent,64,3,8,15598744791,0,0,8226,17496423,181924768,199429417
turso,concurrent,64,3,8,15798174508,0,0,7074,462642,766718876,767188592
turso,concurrent,64,3,8,16565363410,0,0,7725,504933,1702435296,1702947954
turso,concurrent,64,3,8,18268311664,0,0,8556,23111789,188638345,211758690
turso,concurrent,64,3,8,18480070735,0,0,7284,541892,481404566,481953742
turso,concurrent,64,3,8,18962024717,0,0,7645,14584339,40840480,55432464
turso,concurrent,64,3,8,19017457441,0,0,4859,452705,201792565,202250129
turso,concurrent,64,3,8,19219707840,0,0,6382,441934,668895455,669343771
turso,concurrent,64,3,8,19889051953,0,0,7264,464586,1209004459,1209476309
turso,concurrent,64,3,8,21098528602,0,0,8486,19245553,1678178547,1697432586
turso,concurrent,64,3,8,22795961480,0,0,8205,31887948,1237920700,1269816853
turso,concurrent,64,3,8,24065778634,0,0,7915,31874192,1101969097,1133851204
turso,concurrent,64,3,8,25199630119,0,0,8065,22292002,881991669,904291736
turso,concurrent,64,3,8,26103922186,0,0,8516,6133152,119126807,125268475
turso,concurrent,64,3,8,26229192214,0,0,5089,586256,119057336,119648681
turso,concurrent,64,3,8,26348841215,0,0,7284,503370,331528449,332039103
turso,concurrent,64,3,8,26680880579,0,0,6201,603449,231668718,232278368
turso,concurrent,64,3,8,26913159227,0,0,6072,508800,847311713,847826585
turso,concurrent,64,3,8,27760986102,0,0,7324,426926,190408084,190842334
turso,concurrent,64,3,8,27951828717,0,0,5220,440360,389099148,389544728
turso,concurrent,64,3,8,28341373726,0,0,6552,541602,1334758299,1335306453
turso,concurrent,64,3,8,29676680470,0,0,7784,564586,866610607,867182977
turso,concurrent,64,3,8,30543863978,0,0,14447,534178,799816055,800364680
turso,concurrent,64,3,8,31344228949,0,0,7925,52826056,137345592,190179573
turso,concurrent,64,3,8,31534408853,0,0,5550,469637,156709459,157184646
turso,concurrent,64,3,8,31691593710,0,0,5811,466971,413350877,413823659
turso,concurrent,64,3,8,32105417610,0,0,7664,20270858,638334442,658612964
turso,concurrent,64,3,8,32764031205,0,0,6442,531964,501320764,501859170
turso,concurrent,64,3,9,53431,1,0,42154981,484314,988327971,1030967266
turso,concurrent,64,3,9,1031021098,1,0,45376,20307958,2075966810,2096320144
turso,concurrent,64,3,9,3127341523,0,0,8155,10437444,110691821,121137420
turso,concurrent,64,3,9,3248479323,0,0,7635,16958769,2763281019,2780247423
turso,concurrent,64,3,9,6028726976,0,0,7114,26258777,403828540,430094431
turso,concurrent,64,3,9,6458822148,0,0,7123,16703297,274505074,291215494
turso,concurrent,64,3,9,6750037923,0,0,5931,399654,1039038115,1039443700
turso,concurrent,64,3,9,7789481823,0,0,7804,19360511,3891632637,3911000952
turso,concurrent,64,3,9,11700483106,0,0,8546,5302836,673106511,678417893
turso,concurrent,64,3,9,12378901891,0,0,7895,11825493,113011608,124844996
turso,concurrent,64,3,9,12503747478,0,0,7514,448767,537381667,537837948
turso,concurrent,64,3,9,13041585756,0,0,7314,516755,2026098726,2026622795
turso,concurrent,64,3,9,15068208841,0,0,8757,17392477,81482477,98883711
turso,concurrent,64,3,9,15167092872,0,0,7364,667049,537095136,537769549
turso,concurrent,64,3,9,15704862641,0,0,6513,15795413,1729511425,1745313351
turso,concurrent,64,3,9,17450176273,0,0,7314,510543,101622277,102140134
turso,concurrent,64,3,9,17552316858,0,0,6883,487250,329204264,329698397
turso,concurrent,64,3,9,17882016557,0,0,13025,23182773,2204165313,2227361111
turso,concurrent,64,3,9,20109377998,0,0,10901,15457396,938143430,953611727
turso,concurrent,64,3,9,21062990006,0,0,6412,437185,548876145,549319742
turso,concurrent,64,3,9,21612310039,0,0,8305,20235202,3920715882,3940959389
turso,concurrent,64,3,9,25553269709,0,0,9027,24724802,1642092588,1666826417
turso,concurrent,64,3,9,27220096416,0,0,9027,18202156,700959476,719170659
turso,concurrent,64,3,9,27939267465,0,0,7034,447374,3273782316,3274236724
turso,concurrent,64,3,9,31213504510,0,0,8215,21266607,91433393,112708215
turso,concurrent,64,3,9,31326213005,0,0,5671,404563,844520156,844930390
turso,concurrent,64,3,9,32171143826,0,0,8005,17887472,1203929232,1221824709
turso,concurrent,64,3,10,60745,1,0,9604883,572661,1338312435,1348489979
turso,concurrent,64,3,10,1348551075,1,0,43121,3247137,668926053,672216311
turso,concurrent,64,3,10,2020767767,1,0,8626,575847,1803394983,1803979456
turso,concurrent,64,3,10,3824747634,0,0,7684,33803994,1929668475,1963480153
turso,concurrent,64,3,10,5788228097,0,0,7383,11282138,846595802,857885323
turso,concurrent,64,3,10,6646114053,0,0,8165,1675231,660401358,662084754
turso,concurrent,64,3,10,7308199088,0,0,5059,398482,244696059,245099600
turso,concurrent,64,3,10,7553298998,0,0,7815,12710112,174507843,187225770
turso,concurrent,64,3,10,7740525189,0,0,7725,497378,720086616,720591719
turso,concurrent,64,3,10,8461117780,0,0,6021,497629,156205680,156709330
turso,concurrent,64,3,10,8617827530,0,0,11151,12882949,847662695,860556795
turso,concurrent,64,3,10,9478384715,0,0,6812,460600,116511041,116978453
turso,concurrent,64,3,10,9595363549,0,0,5932,478703,50322792,50807427
turso,concurrent,64,3,10,9646171447,0,0,8626,476700,87827889,88313215
turso,concurrent,64,3,10,9734485002,0,0,7525,8333604,2494531485,2502872614
turso,concurrent,64,3,10,12237357977,0,0,7785,10387059,1084016813,1094411657
turso,concurrent,64,3,10,13331769905,0,0,7804,17466838,559225834,576700476
turso,concurrent,64,3,10,13908471373,0,0,6292,447444,1153577305,1154031041
turso,concurrent,64,3,10,15062502754,0,0,8045,6085362,64485996,70579403
turso,concurrent,64,3,10,15133082439,0,0,7644,488773,704008499,704504916
turso,concurrent,64,3,10,15837587715,0,0,7595,23718584,435932856,459659035
turso,concurrent,64,3,10,16297247031,0,0,6792,466901,174687212,175160905
turso,concurrent,64,3,10,16472408246,0,0,5992,492219,1090728908,1091227119
turso,concurrent,64,3,10,17563635635,0,0,7413,613819,1292579172,1293200404
turso,concurrent,64,3,10,18856836281,0,0,7204,20877663,104647445,125532312
turso,concurrent,64,3,10,18982368874,0,0,6843,20309611,1346670136,1366986590
turso,concurrent,64,3,10,20349355714,0,0,7775,18465953,174356266,192829994
turso,concurrent,64,3,10,20542186079,0,0,5931,479305,55043259,55528495
turso,concurrent,64,3,10,20597714844,0,0,5972,542744,27944226,28492942
turso,concurrent,64,3,10,20626208147,0,0,5841,513639,263292318,263811798
turso,concurrent,64,3,10,20890020215,0,0,6252,620210,1340692106,1341318568
turso,concurrent,64,3,10,22231339043,0,0,8586,3512087,2779491947,2783012620
turso,concurrent,64,3,10,25014352004,0,0,6923,16460489,154630607,171098019
turso,concurrent,64,3,10,25185452097,0,0,6482,672859,320457851,321137192
turso,concurrent,64,3,10,25506589550,0,0,5540,438938,194279259,194723737
turso,concurrent,64,3,10,25701313598,0,0,5771,571458,815985705,816562934
turso,concurrent,64,3,10,26517876873,0,0,8215,11816557,123957450,135782222
turso,concurrent,64,3,10,26653659356,0,0,5290,500094,1721203599,1721708983
turso,concurrent,64,3,10,28375368590,0,0,6572,459817,4503977700,4504444089
turso,concurrent,64,3,10,32879812959,0,0,8887,32761797,471052312,503822996
turso,concurrent,64,3,11,50456,1,0,87955219,351574,1807259094,1895565887
turso,concurrent,64,3,11,1895616714,1,0,44163,4928589,1691613628,1696586380
turso,concurrent,64,3,11,3592203444,0,0,7854,17428175,1121551116,1138987145
turso,concurrent,64,3,11,4731190810,0,0,7665,6173207,1408664241,1414845113
turso,concurrent,64,3,11,6146036213,0,0,6001,458065,433402772,433866838
turso,concurrent,64,3,11,6579903833,0,0,7845,8940309,79913015,88861169
turso,concurrent,64,3,11,6668765372,0,0,6582,510213,1498059977,1498576772
turso,concurrent,64,3,11,8167342445,0,0,10490,12095283,1076669059,1088774832
turso,concurrent,64,3,11,9256117597,0,0,9277,11928498,189769539,201707314
turso,concurrent,64,3,11,9457825673,0,0,7083,431734,606938341,607377158
turso,concurrent,64,3,11,10065203093,0,0,8726,3346555,512800255,516155536
turso,concurrent,64,3,11,10581358930,0,0,7063,557301,330437712,331002076
turso,concurrent,64,3,11,10912361256,0,0,6212,462743,682161076,682630031
turso,concurrent,64,3,11,11594991658,0,0,6823,492790,1050880791,1051380404
turso,concurrent,64,3,11,12646372693,0,0,7955,7400814,1439848490,1447257259
turso,concurrent,64,3,11,14093630233,0,0,9067,34361876,401690285,436061228
turso,concurrent,64,3,11,14529691842,0,0,7925,26319081,2484912996,2511240002
turso,concurrent,64,3,11,17040932565,0,0,8666,18164966,1321612544,1339786176
turso,concurrent,64,3,11,18380719012,0,0,8015,8982699,11462588,20453302
turso,concurrent,64,3,11,18401172575,0,0,5230,424931,116368933,116799094
turso,concurrent,64,3,11,18517971929,0,0,6082,474946,420409085,420890113
turso,concurrent,64,3,11,18938862563,0,0,20038,15714722,851727575,867462335
turso,concurrent,64,3,11,19806325199,0,0,12493,433779,228905804,229352076
turso,concurrent,64,3,11,20035677495,0,0,5671,521554,697008191,697535416
turso,concurrent,64,3,11,20733213161,0,0,8025,16453646,551325868,567787539
turso,concurrent,64,3,11,21301000990,0,0,7935,20511091,159734087,180253113
turso,concurrent,64,3,11,21481254515,0,0,8856,472201,698709421,699190478
turso,concurrent,64,3,11,22180445273,0,0,6823,575306,2207821792,2208403921
turso,concurrent,64,3,11,24388849505,0,0,8055,17433094,1934703655,1952144804
turso,concurrent,64,3,11,26340994660,0,0,8586,11860359,365854077,377723022
turso,concurrent,64,3,11,26718717933,0,0,5941,457683,466068890,466532514
turso,concurrent,64,3,11,27185250797,0,0,6732,766607,5762902030,5763675369
turso,concurrent,64,3,11,32948926527,0,0,7795,10587277,273832625,284427697
turso,concurrent,64,3,12,1203,1,0,18336649,443997,1524432249,1543212895
turso,concurrent,64,3,12,1543214478,1,0,40316,15179722,1607748405,1622968443
turso,concurrent,64,3,12,3166183172,0,0,9558,14856822,1034372041,1049238421
turso,concurrent,64,3,12,4215421844,0,0,7163,13641009,544803371,558451543
turso,concurrent,64,3,12,4773873747,0,0,6683,555238,628210308,628772229
turso,concurrent,64,3,12,5402646497,0,0,6161,448667,2092597530,2093052358
turso,concurrent,64,3,12,7495699085,0,0,7284,8915482,417324184,426246950
turso,concurrent,64,3,12,7921946536,0,0,7915,474195,2393583470,2394065580
turso,concurrent,64,3,12,10316012446,0,0,8466,5079995,715941495,721029956
turso,concurrent,64,3,12,11037043285,0,0,6692,500605,750211658,750718955
turso,concurrent,64,3,12,11787762520,0,0,6402,578201,118809718,119394321
turso,concurrent,64,3,12,11907157092,0,0,6392,447735,996340791,996794918
turso,concurrent,64,3,12,12903952731,0,0,7454,12695233,393022942,405725629
turso,concurrent,64,3,12,13309678631,0,0,7675,17394641,1462270217,1479672533
turso,concurrent,64,3,12,14789351425,0,0,7965,15523230,369292896,384824091
turso,concurrent,64,3,12,15174175787,0,0,5310,460589,1490440100,1490905999
turso,concurrent,64,3,12,16665082046,0,0,7484,19896622,1364753186,1384657292
turso,concurrent,64,3,12,18049740099,0,0,7374,20233197,1404144281,1424384852
turso,concurrent,64,3,12,19474125282,0,0,7474,28296482,211205125,239509081
turso,concurrent,64,3,12,19713634624,0,0,5520,535491,950305719,950846730
turso,concurrent,64,3,12,20664481764,0,0,10801,9063241,852338718,861412760
turso,concurrent,64,3,12,21525894775,0,0,7083,16680955,378791208,395479246
turso,concurrent,64,3,12,21921374291,0,0,6512,676727,74299924,74983163
turso,concurrent,64,3,12,21996357825,0,0,6863,461341,314011407,314479611
turso,concurrent,64,3,12,22310837797,0,0,7093,521283,902284480,902812856
turso,concurrent,64,3,12,23213650943,0,0,8567,13453885,438993632,452456084
turso,concurrent,64,3,12,23666107257,0,0,5330,506926,181928565,182440821
turso,concurrent,64,3,12,23848548339,0,0,7605,23711239,660204808,683923652
turso,concurrent,64,3,12,24532472272,0,0,6502,461180,1213723873,1214191555
turso,concurrent,64,3,12,25746664088,0,0,6893,20721459,427776186,448504538
turso,concurrent,64,3,12,26195168896,0,0,6823,34625013,2501622835,2536254671
turso,concurrent,64,3,12,28731423848,0,0,6692,440922,148818721,149266335
turso,concurrent,64,3,12,28880690554,0,0,6713,487229,76182576,76676518
turso,concurrent,64,3,12,28957368805,0,0,5050,430923,108823185,109259158
turso,concurrent,64,3,12,29066628273,0,0,6753,554637,692190239,692751629
turso,concurrent,64,3,12,29759380193,0,0,7464,615832,293383215,294006511
turso,concurrent,64,3,12,30053386984,0,0,6773,555548,200150597,200712918
turso,concurrent,64,3,12,30254100133,0,0,6222,512697,3043896673,3044415592
turso,concurrent,64,3,13,42681,1,0,14401764,332668,812114871,826849303
turso,concurrent,64,3,13,826892365,1,0,7454,393944,1040156655,1040558053
turso,concurrent,64,3,13,1867450799,1,0,49062,3304685,11982781,15336528
turso,concurrent,64,3,13,1882787707,1,0,7204,470738,2005672844,2006150786
turso,concurrent,64,3,13,3888938824,0,0,8266,4960409,775458857,780427532
turso,concurrent,64,3,13,4669366957,0,0,7635,5389699,623261501,628658835
turso,concurrent,64,3,13,5298026102,0,0,6473,481739,118268697,118756909
turso,concurrent,64,3,13,5416783271,0,0,5440,415294,390138008,390558742
turso,concurrent,64,3,13,5807342323,0,0,6192,397931,111614641,112018764
turso,concurrent,64,3,13,5919361748,0,0,5921,460268,69498294,69964483
turso,concurrent,64,3,13,5989326613,0,0,14207,463434,949365946,949843587
turso,concurrent,64,3,13,6939170481,0,0,7835,6652362,376522537,383182734
turso,concurrent,64,3,13,7322353806,0,0,11461,437616,2254244075,2254693152
turso,concurrent,64,3,13,9577047529,0,0,9639,8980905,838655170,847645714
turso,concurrent,64,3,13,10424693513,0,0,8426,12503412,2282802431,2295314269
turso,concurrent,64,3,13,12720008062,0,0,7114,7302689,481875544,489185347
turso,concurrent,64,3,13,13209193650,0,0,6482,19596626,162844866,182447974
turso,concurrent,64,3,13,13391642286,0,0,5440,424561,1232588739,1233018740
turso,concurrent,64,3,13,14624661377,0,0,8666,13008185,1797638151,1810655002
turso,concurrent,64,3,13,16435316650,0,0,7965,16794458,983247245,1000049668
turso,concurrent,64,3,13,17435366769,0,0,6973,466771,69187929,69661673
turso,concurrent,64,3,13,17505028662,0,0,5360,464457,1450825853,1451295670
turso,concurrent,64,3,13,18956324552,0,0,13065,11801077,565291438,577105580
turso,concurrent,64,3,13,19533430363,0,0,5230,418570,538491781,538915581
turso,concurrent,64,3,13,20072346595,0,0,14708,552803,372468849,373036360
turso,concurrent,64,3,13,20445383285,0,0,8626,15429133,1977793660,1993231419
turso,concurrent,64,3,13,22438614975,0,0,8326,23886100,132183883,156078309
turso,concurrent,64,3,13,22594693644,0,0,8607,16640969,504621302,521270878
turso,concurrent,64,3,13,23115964743,0,0,6011,426956,997929849,998362816
turso,concurrent,64,3,13,24114327830,0,0,13335,20292519,1428569047,1448874901
turso,concurrent,64,3,13,25563202992,0,0,7113,31773723,172443457,204224293
turso,concurrent,64,3,13,25767427516,0,0,9498,996029,519801125,520806652
turso,concurrent,64,3,13,26288234418,0,0,6513,27800205,857159945,884966663
turso,concurrent,64,3,13,27173203255,0,0,7363,558685,319977754,320543802
turso,concurrent,64,3,13,27493747339,0,0,5490,392461,187399006,187796957
turso,concurrent,64,3,13,27681544507,0,0,6282,675905,1495628149,1496310336
turso,concurrent,64,3,13,29177855113,0,0,6513,441192,1318807943,1319255648
turso,concurrent,64,3,13,30497111092,0,0,6172,466229,1150803291,1151275692
turso,concurrent,64,3,13,31648387044,0,0,7534,17630185,734088567,751726286
turso,concurrent,64,3,13,32400113591,0,0,8306,23454856,799435878,822899040
turso,concurrent,64,3,14,69852,1,0,96399603,352305,689221658,785973566
turso,concurrent,64,3,14,786043839,1,0,6663,421815,1164700163,1165128641
turso,concurrent,64,3,14,1951172741,1,0,47560,5715233,152923246,158686039
turso,concurrent,64,3,14,2109859120,1,0,6943,7882003,167594738,175483684
turso,concurrent,64,3,14,2285343025,1,0,6622,512547,852800149,853319318
turso,concurrent,64,3,14,3138662884,0,0,7364,7187653,1693205049,1700400066
turso,concurrent,64,3,14,4839063231,0,0,7925,8366717,830645226,839019868
turso,concurrent,64,3,14,5678083319,0,0,6312,454608,419267251,419728171
turso,concurrent,64,3,14,6097811790,0,0,6873,567260,280849947,281424080
turso,concurrent,64,3,14,6379236591,0,0,7053,11725955,237447903,249180911
turso,concurrent,64,3,14,6628417742,0,0,5631,411306,140965122,141382059
turso,concurrent,64,3,14,6769800101,0,0,6573,435882,1268064277,1268506732
turso,concurrent,64,3,14,8038307103,0,0,6944,3317118,324863123,328187185
turso,concurrent,64,3,14,8366494639,0,0,6953,513569,1610149155,1610669677
turso,concurrent,64,3,14,9977164636,0,0,8266,8978591,352504870,361491727
turso,concurrent,64,3,14,10338656703,0,0,7665,499452,247862974,248370091
turso,concurrent,64,3,14,10587027315,0,0,5841,501446,123883061,124390348
turso,concurrent,64,3,14,10711418655,0,0,7835,567240,138380896,138955971
turso,concurrent,64,3,14,10850374897,0,0,6111,505404,368201977,368713492
turso,concurrent,64,3,14,11219088720,0,0,7073,507278,1487142657,1487657008
turso,concurrent,64,3,14,12706745989,0,0,7865,6265322,54188646,60461833
turso,concurrent,64,3,14,12767208152,0,0,6232,502308,2223329193,2223837733
turso,concurrent,64,3,14,14991046135,0,0,7654,20243947,1478695219,1498946820
turso,concurrent,64,3,14,16489993237,0,0,7594,27943716,393202570,421153880
turso,concurrent,64,3,14,16911147408,0,0,5731,472752,201361442,201839925
turso,concurrent,64,3,14,17112987693,0,0,5470,424641,627535996,627966107
turso,concurrent,64,3,14,17740954222,0,0,7524,477541,394988781,395473846
turso,concurrent,64,3,14,18136428328,0,0,8586,22906442,647115770,670030798
turso,concurrent,64,3,14,18806459326,0,0,6042,438628,1500409971,1500854641
turso,concurrent,64,3,14,20307314238,0,0,8325,16956274,553540256,570504855
turso,concurrent,64,3,14,20877819374,0,0,6352,554837,84877492,85438681
turso,concurrent,64,3,14,20963258346,0,0,6282,581837,253847015,254435134
turso,concurrent,64,3,14,21217693841,0,0,6452,522586,1836285043,1836814081
turso,concurrent,64,3,14,23054510006,0,0,9037,27365786,94502824,121877647
turso,concurrent,64,3,14,23176388013,0,0,6953,426085,308015603,308448641
turso,concurrent,64,3,14,23484836995,0,0,7124,688589,2252633826,2253329539
turso,concurrent,64,3,14,25738166885,0,0,8356,11851913,668170798,680031067
turso,concurrent,64,3,14,26418198212,0,0,6753,20462240,714697247,735166240
turso,concurrent,64,3,14,27153364742,0,0,6141,455770,578694138,579156049
turso,concurrent,64,3,14,27732521103,0,0,6512,439790,10985227,11431529
turso,concurrent,64,3,14,27743952873,0,0,4609,411817,581110056,581526482
turso,concurrent,64,3,14,28325479615,0,0,6463,517727,836741238,837265428
turso,concurrent,64,3,14,29162745413,0,0,6603,453305,202706510,203166418
turso,concurrent,64,3,14,29365912352,0,0,16491,505444,258078760,258600695
turso,concurrent,64,3,14,29624513317,0,0,5821,469747,1102540535,1103016103
turso,concurrent,64,3,14,30727529711,0,0,8125,16647251,881518216,898173592
turso,concurrent,64,3,14,31625703554,0,0,5570,565718,1732081033,1732652321
turso,concurrent,64,3,15,119396,1,0,3530922,470187,976105350,980106459
turso,concurrent,64,3,15,980226225,1,0,7344,401137,36434337,36842818
turso,concurrent,64,3,15,1017069453,1,0,10660,390908,972212615,972614183
turso,concurrent,64,3,15,1989684036,1,0,48602,8913779,1073495261,1082457642
turso,concurrent,64,3,15,3072141948,0,0,7364,19213614,509351077,528572055
turso,concurrent,64,3,15,3600714543,0,0,7814,10302741,586345715,596656270
turso,concurrent,64,3,15,4197371135,0,0,8275,11837916,716797110,728643301
turso,concurrent,64,3,15,4926014787,0,0,7113,702847,514311917,515021877
turso,concurrent,64,3,15,5441036954,0,0,7034,458936,1427182451,1427648421
turso,concurrent,64,3,15,6868686457,0,0,7574,14532531,31332971,45873076
turso,concurrent,64,3,15,6914559884,0,0,7484,434189,3120139132,3120580805
turso,concurrent,64,3,15,10035141110,0,0,13315,11872482,2215859649,2227745446
turso,concurrent,64,3,15,12262886906,0,0,7373,6720231,503751250,510478854
turso,concurrent,64,3,15,12773366172,0,0,6582,418360,1112029179,1112454121
turso,concurrent,64,3,15,13885820584,0,0,8185,28790374,152997526,181796085
turso,concurrent,64,3,15,14067616999,0,0,6753,473133,257024791,257504677
turso,concurrent,64,3,15,14325121936,0,0,6893,14529746,339371548,353908187
turso,concurrent,64,3,15,14679030805,0,0,7524,13734946,424111140,437853610
turso,concurrent,64,3,15,15116884666,0,0,6823,453956,804305617,804766396
turso,concurrent,64,3,15,15921651462,0,0,6913,25976014,581215335,607198262
turso,concurrent,64,3,15,16528850014,0,0,7114,471980,751858827,752337921
turso,concurrent,64,3,15,17281188195,0,0,6332,435382,1113791204,1114232918
turso,concurrent,64,3,15,18395421513,0,0,7784,14733170,386657741,401398695
turso,concurrent,64,3,15,18796820439,0,0,5982,425032,693877513,694308527
turso,concurrent,64,3,15,19491129196,0,0,8366,6578192,647179360,653765918
turso,concurrent,64,3,15,20144895385,0,0,7053,25858281,1486678683,1512544017
turso,concurrent,64,3,15,21657439762,0,0,7144,11977560,988307533,1000292237
turso,concurrent,64,3,15,22657732280,0,0,9838,20466678,1421862654,1442339170
turso,concurrent,64,3,15,24100071810,0,0,8957,31702749,1565889112,1597600818
turso,concurrent,64,3,15,25697672958,0,0,8667,11810775,648859921,660679363
turso,concurrent,64,3,15,26358352702,0,0,8276,9296311,1234591878,1243896465
turso,concurrent,64,3,15,27602249548,0,0,6592,458035,956664827,957129454
turso,concurrent,64,3,15,28559379273,0,0,6492,436393,1680090104,1680532989
turso,concurrent,64,3,15,30239914316,0,0,7284,516865,231588366,232112515
turso,concurrent,64,3,15,30472027092,0,0,5801,489073,1406681298,1407176172
turso,concurrent,64,3,15,31879203534,0,0,7675,24658056,716318196,740983927
turso,concurrent,64,3,15,32620187741,0,0,6683,1481155,373975642,375463480
turso,concurrent,64,3,15,32995651471,0,0,6222,499512,318341788,318847522
turso,concurrent,64,3,16,153670,1,0,68904664,368986,795691393,864965043
turso,concurrent,64,3,16,865119064,1,0,7013,430923,946045991,946483927
turso,concurrent,64,3,16,1811603332,1,0,46067,11573828,1038254847,1049874742
turso,concurrent,64,3,16,2861478304,1,0,7976,4400593,1343846477,1348255046
turso,concurrent,64,3,16,4209733560,0,0,7274,16462042,1257152437,1273621753
turso,concurrent,64,3,16,5483355904,0,0,6994,650327,140510935,141168256
turso,concurrent,64,3,16,5624524481,0,0,7344,513398,193608663,194129405
turso,concurrent,64,3,16,5818654157,0,0,5781,380989,1157157290,1157544060
turso,concurrent,64,3,16,6976198497,0,0,8416,23033231,1257677508,1280719155
turso,concurrent,64,3,16,8256918834,0,0,7444,39928680,530503740,570439864
turso,concurrent,64,3,16,8827359018,0,0,6613,23192010,3242806259,3266004882
turso,concurrent,64,3,16,12093364180,0,0,7715,12377614,115012473,127397802
turso,concurrent,64,3,16,12220762203,0,0,5330,606745,998716213,999328288
turso,concurrent,64,3,16,13220090841,0,0,7094,14301795,854260244,868569133
turso,concurrent,64,3,16,14088660295,0,0,7183,446573,3243394509,3243848265
turso,concurrent,64,3,16,17332509211,0,0,8246,17538532,270991234,288538012
turso,concurrent,64,3,16,17621047464,0,0,5680,454809,2433864945,2434325434
turso,concurrent,64,3,16,20055373689,0,0,7545,16420944,66038275,82466764
turso,concurrent,64,3,16,20137840694,0,0,6071,30119041,1586033772,1616158884
turso,concurrent,64,3,16,21753999848,0,0,8567,28723657,2474630926,2503363150
turso,concurrent,64,3,16,24257363338,0,0,7705,15744468,889718779,905470952
turso,concurrent,64,3,16,25162834550,0,0,8607,20261350,758077781,778347738
turso,concurrent,64,3,16,25941182628,0,0,7014,573832,2880585868,2881166714
turso,concurrent,64,3,16,28822349612,0,0,8235,16371030,1615924802,1632304067
turso,concurrent,64,3,16,30454653941,0,0,7334,491677,73457605,73956616
turso,concurrent,64,3,16,30528610807,0,0,6032,573191,2839958580,2840537803
turso,concurrent,64,3,17,6122,1,0,3905118,379056,1220172661,1224456835
turso,concurrent,64,3,17,1224463398,1,0,46417,14752316,1457033806,1471832539
turso,concurrent,64,3,17,2696296188,1,0,8576,8994782,94188542,103191900
turso,concurrent,64,3,17,2799488338,1,0,5761,444128,47415537,47865426
turso,concurrent,64,3,17,2847354044,1,0,6763,450530,341761217,342218510
turso,concurrent,64,3,17,3189573186,0,0,7063,13240693,129430739,142678495
turso,concurrent,64,3,17,3332252041,0,0,4910,442855,16570366,17018131
turso,concurrent,64,3,17,3349270443,0,0,7614,437155,791157387,791602156
turso,concurrent,64,3,17,4140872850,0,0,5991,401738,175677300,176085029
turso,concurrent,64,3,17,4316958540,0,0,6532,17461898,312955475,330423905
turso,concurrent,64,3,17,4647382926,0,0,6522,461181,312360141,312827844
turso,concurrent,64,3,17,4960211010,0,0,6192,437886,670712534,671156612
turso,concurrent,64,3,17,5631367903,0,0,5891,521314,266939108,267466313
turso,concurrent,64,3,17,5898834476,0,0,4859,437495,494106994,494549348
turso,concurrent,64,3,17,6393384125,0,0,8546,31551223,1093727897,1125287666
turso,concurrent,64,3,17,7518672112,0,0,6552,5079725,1626912575,1631998852
turso,concurrent,64,3,17,9150671395,0,0,8005,4819404,1997666067,2002493476
turso,concurrent,64,3,17,11153165702,0,0,8657,21690597,97250769,118950023
turso,concurrent,64,3,17,11272116156,0,0,6522,533487,102109977,102649986
turso,concurrent,64,3,17,11374766373,0,0,5270,498661,951924874,952428805
turso,concurrent,64,3,17,12327195458,0,0,7755,6638546,2640240638,2646886939
turso,concurrent,64,3,17,14974082678,0,0,7033,13912551,306300317,320219901
turso,concurrent,64,3,17,15294302940,0,0,5330,416135,634212474,634633939
turso,concurrent,64,3,17,15928937129,0,0,5620,24371175,1999568156,2023944951
turso,concurrent,64,3,17,17952882402,0,0,9047,6356764,880684133,887049944
turso,concurrent,64,3,17,18839932636,0,0,6793,446472,423149026,423602291
turso,concurrent,64,3,17,19263535277,0,0,9127,22510304,1822799508,1845318939
turso,concurrent,64,3,17,21108854486,0,0,7995,29875942,1052994018,1082877955
turso,concurrent,64,3,17,22191732641,0,0,8075,23130485,2102946316,2126084876
turso,concurrent,64,3,17,24317817787,0,0,7834,23521182,148064588,171593604
turso,concurrent,64,3,17,24489411682,0,0,6723,466851,1093353470,1093827044
turso,concurrent,64,3,17,25583239037,0,0,7815,22371261,2714167399,2736546475
turso,concurrent,64,3,17,28319785792,0,0,8646,9177357,122523325,131709328
turso,concurrent,64,3,17,28451496783,0,0,6603,485315,201894638,202386556
turso,concurrent,64,3,17,28653883720,0,0,7294,434359,267708961,268150614
turso,concurrent,64,3,17,28922034625,0,0,7083,627875,2158877461,2159512419
turso,concurrent,64,3,17,31081547364,0,0,8747,69518362,317838328,387365437
turso,concurrent,64,3,17,31468913021,0,0,6613,456511,1791807369,1792270493
turso,concurrent,64,3,18,141928,1,0,83409843,349810,1166034551,1249794204
turso,concurrent,64,3,18,1249936452,1,0,43482,11765269,412655556,424464307
turso,concurrent,64,3,18,1674401050,1,0,7694,458145,840903151,841368990
turso,concurrent,64,3,18,2515770290,1,0,8737,20230061,1735315176,1755553974
turso,concurrent,64,3,18,4271324605,0,0,12904,8456557,729770047,738239508
turso,concurrent,64,3,18,5009564674,0,0,5651,415264,194074061,194494976
turso,concurrent,64,3,18,5204059940,0,0,5841,413471,1051138526,1051557838
turso,concurrent,64,3,18,6255618129,0,0,8676,672930,1102890957,1103572563
turso,concurrent,64,3,18,7359190982,0,0,7965,23382190,2476595352,2499985507
turso,concurrent,64,3,18,9859177220,0,0,7675,8889563,2584440100,2593337338
turso,concurrent,64,3,18,12452514919,0,0,8296,32305025,924545693,956859014
turso,concurrent,64,3,18,13409374304,0,0,7815,8188861,662917466,671114142
turso,concurrent,64,3,18,14080488646,0,0,7294,485757,1130382589,1130875640
turso,concurrent,64,3,18,15211364637,0,0,7875,12664316,162049275,174721466
turso,concurrent,64,3,18,15386086453,0,0,6753,470979,617802019,618279751
turso,concurrent,64,3,18,16004366494,0,0,7454,29739664,1557067166,1586814284
turso,concurrent,64,3,18,17591181150,0,0,5701,457123,404351697,404814521
turso,concurrent,64,3,18,17995996432,0,0,8035,16377001,243660545,260045581
turso,concurrent,64,3,18,18256042313,0,0,7444,712475,569510159,570230078
turso,concurrent,64,3,18,18826272651,0,0,6733,423780,295350266,295780779
turso,concurrent,64,3,18,19122053710,0,0,7214,30123950,125529687,155660851
turso,concurrent,64,3,18,19277714792,0,0,6171,445351,619409061,619860583
turso,concurrent,64,3,18,19897575676,0,0,6512,481038,760743310,761230860
turso,concurrent,64,3,18,20658806807,0,0,8576,12768472,230067807,242844855
turso,concurrent,64,3,18,20901651943,0,0,6793,491507,254264323,254762623
turso,concurrent,64,3,18,21156414796,0,0,4779,465869,150459647,150930295
turso,concurrent,64,3,18,21307345362,0,0,6843,11240168,1159890938,1171137949
turso,concurrent,64,3,18,22478483652,0,0,9628,22532826,48333719,70876173
turso,concurrent,64,3,18,22549360166,0,0,6022,14693675,2629900287,2644599984
turso,concurrent,64,3,18,25193960511,0,0,8726,3784321,865447002,869240049
turso,concurrent,64,3,18,26063200960,0,0,7894,24552197,356001928,380562019
turso,concurrent,64,3,18,26443763351,0,0,6091,450861,499618022,500074974
turso,concurrent,64,3,18,26943838535,0,0,6793,501937,34058083,34566813
turso,concurrent,64,3,18,26978406971,0,0,6793,476749,546141917,546625459
turso,concurrent,64,3,18,27525032720,0,0,5931,457714,4905422582,4905886227
turso,concurrent,64,3,18,32430919267,0,0,8526,14852214,215784277,230645017
turso,concurrent,64,3,18,32661564544,0,0,7444,550519,206372317,206930280
turso,concurrent,64,3,18,32868495184,0,0,7154,517045,209361597,209885796
turso,concurrent,64,3,19,149583,1,0,54032823,321416,883555771,937910010
turso,concurrent,64,3,19,938059983,1,0,6172,360590,1749358294,1749725056
turso,concurrent,64,3,19,2687785319,1,0,41679,8856461,2865606243,2874504383
turso,concurrent,64,3,19,5562289972,0,0,8126,17499038,251011776,268518940
turso,concurrent,64,3,19,5830809262,0,0,5671,403491,466149732,466558894
turso,concurrent,64,3,19,6297368847,0,0,6723,501125,946482235,946990083
turso,concurrent,64,3,19,7244359311,0,0,8325,18473868,1688619417,1707101610
turso,concurrent,64,3,19,8951461212,0,0,9809,9017284,2428495083,2437522176
turso,concurrent,64,3,19,11388983669,0,0,8165,28020641,620661685,648690491
turso,concurrent,64,3,19,12037675693,0,0,17062,11158235,295377267,306552564
turso,concurrent,64,3,19,12344228627,0,0,6853,462463,788324953,788794269
turso,concurrent,64,3,19,13133023156,0,0,5571,441723,342781232,343228526
turso,concurrent,64,3,19,13476251983,0,0,8666,9167538,171412853,180589057
turso,concurrent,64,3,19,13656841381,0,0,5841,432826,995648625,996087292
turso,concurrent,64,3,19,14652929004,0,0,7524,9550661,138984535,148542720
turso,concurrent,64,3,19,14801471965,0,0,4869,411597,421549196,421965662
turso,concurrent,64,3,19,15223437887,0,0,6062,489924,903015800,903511786
turso,concurrent,64,3,19,16126950685,0,0,8586,24660411,909903665,934572662
turso,concurrent,64,3,19,17061523698,0,0,7955,502117,1486992264,1487502336
turso,concurrent,64,3,19,18549026415,0,0,8987,26785451,1107101481,1133895919
turso,concurrent,64,3,19,19682922625,0,0,8656,31241979,284760565,316011200
turso,concurrent,64,3,19,19998934186,0,0,7494,505223,529775065,530287782
turso,concurrent,64,3,19,20529222268,0,0,8336,30582435,834284793,864875564
turso,concurrent,64,3,19,21394098252,0,0,7475,6288856,474726224,481022555
turso,concurrent,64,3,19,21875121028,0,0,5951,475507,813411538,813892996
turso,concurrent,64,3,19,22689014355,0,0,7634,20327095,715002994,735337723
turso,concurrent,64,3,19,23424352379,0,0,7023,432997,164483217,164923237
turso,concurrent,64,3,19,23589276027,0,0,7695,515933,2967714137,2968237765
turso,concurrent,64,3,19,26557514032,0,0,7774,13640238,172962907,186610919
turso,concurrent,64,3,19,26744125233,0,0,6823,448636,2273137114,2273592573
turso,concurrent,64,3,19,29017718086,0,0,5790,490185,3596244520,3596740495
turso,concurrent,64,3,19,32614458862,0,0,7284,10641669,753261042,763909995
turso,concurrent,64,3,20,104357,1,0,14889875,334111,146060647,161284633
turso,concurrent,64,3,20,161390062,1,0,9207,331215,483530627,483871049
turso,concurrent,64,3,20,645261442,1,0,7103,409643,198273666,198690412
turso,concurrent,64,3,20,843952194,1,0,5380,388833,803638699,804032912
turso,concurrent,64,3,20,1647985457,1,0,44745,6574595,519560210,526179550
turso,concurrent,64,3,20,2174165608,1,0,6372,12379248,877583502,889969122
turso,concurrent,64,3,20,3064135020,0,0,6883,463845,276161188,276631916
turso,concurrent,64,3,20,3340767148,0,0,6703,13921708,174562396,188490807
turso,concurrent,64,3,20,3529258316,0,0,7263,503070,365037716,365548049
turso,concurrent,64,3,20,3894807157,0,0,6492,546612,810430072,810983176
turso,concurrent,64,3,20,4705790674,0,0,9057,8136672,1062958710,1071104439
turso,concurrent,64,3,20,5776895384,0,0,8195,638275,2278267403,2278913873
turso,concurrent,64,3,20,8055809688,0,0,7855,30173013,817565756,847746624
turso,concurrent,64,3,20,8903556602,0,0,8125,7773998,138017050,145799173
turso,concurrent,64,3,20,9049356087,0,0,5580,431705,1134436018,1134873303
turso,concurrent,64,3,20,10184229660,0,0,8105,21366927,96721340,118096372
turso,concurrent,64,3,20,10302326303,0,0,12323,519490,82236930,82768743
turso,concurrent,64,3,20,10385096158,0,0,6863,494503,2530507677,2531009043
turso,concurrent,64,3,20,12916105502,0,0,8836,14607082,48454027,63069945
turso,concurrent,64,3,20,12979175677,0,0,4799,457052,1737998489,1738460340
turso,concurrent,64,3,20,14717636428,0,0,8055,17457050,1293568599,1311033704
turso,concurrent,64,3,20,16028670392,0,0,7645,21829279,597203042,619039966
turso,concurrent,64,3,20,16647710688,0,0,6964,448416,298830282,299285662
turso,concurrent,64,3,20,16946996571,0,0,6402,671797,761402003,762080202
turso,concurrent,64,3,20,17709077194,0,0,7645,610381,1522672678,1523290704
turso,concurrent,64,3,20,19232368259,0,0,8366,23139721,2691288189,2714436276
turso,concurrent,64,3,20,21946804795,0,0,7855,14755672,62416902,77180429
turso,concurrent,64,3,20,22023985455,0,0,8736,439530,1233743267,1234191533
turso,concurrent,64,3,20,23258177409,0,0,8566,23716810,1803922058,1827647434
turso,concurrent,64,3,20,25085825084,0,0,7594,22839545,738219090,761066229
turso,concurrent,64,3,20,25846891604,0,0,7795,493360,1700724258,1701225413
turso,concurrent,64,3,20,27548117308,0,0,8496,35991331,251247289,287247116
turso,concurrent,64,3,20,27835364735,0,0,5771,422387,1757397943,1757826101
turso,concurrent,64,3,20,29593192990,0,0,7194,522536,685087437,685617167
turso,concurrent,64,3,20,30278810418,0,0,7484,454167,439735872,440197523
turso,concurrent,64,3,20,30719008242,0,0,8957,9966926,212106827,222082710
turso,concurrent,64,3,20,30941091212,0,0,5710,475117,1178131665,1178612492
turso,concurrent,64,3,20,32119704066,0,0,8696,16593160,1272071958,1288673814
turso,concurrent,64,3,21,215838,1,0,3932189,402630,1270909876,1275244695
turso,concurrent,64,3,21,1275461033,1,0,40587,3152829,802100446,805293862
turso,concurrent,64,3,21,2080755165,1,0,7334,25985201,709121907,735114442
turso,concurrent,64,3,21,2815869908,1,0,7053,468344,420820962,421296359
turso,concurrent,64,3,21,3237166568,0,0,7484,8867201,269087342,277962027
turso,concurrent,64,3,21,3515129096,0,0,5390,441693,2086290860,2086737943
turso,concurrent,64,3,21,5601867330,0,0,8075,12020852,92478474,104507401
turso,concurrent,64,3,21,5706375062,0,0,5791,417327,537508025,537931143
turso,concurrent,64,3,21,6244306786,0,0,16021,471399,352094825,352582245
turso,concurrent,64,3,21,6596890033,0,0,7595,11994342,3549817417,3561819354
turso,concurrent,64,3,21,10158709698,0,0,8035,15050388,64461039,79519462
turso,concurrent,64,3,21,10238229380,0,0,5501,404313,69364030,69773844
turso,concurrent,64,3,21,10308003415,0,0,6702,479876,2638775303,2639261881
turso,concurrent,64,3,21,12947265547,0,0,6913,9373416,1498380222,1507760551
turso,concurrent,64,3,21,14455026458,0,0,8136,13492168,98415887,111916191
turso,concurrent,64,3,21,14566942880,0,0,5079,554747,295122306,295682132
turso,concurrent,64,3,21,14862625373,0,0,4939,426485,471873151,472304575
turso,concurrent,64,3,21,15334930860,0,0,8145,508650,343912096,344428891
turso,concurrent,64,3,21,15679360021,0,0,7144,20248486,3027867237,3048122867
turso,concurrent,64,3,21,18727483199,0,0,6723,22311699,415570155,437888577
turso,concurrent,64,3,21,19165372076,0,0,7424,19074632,2624162130,2643244186
turso,concurrent,64,3,21,21808616613,0,0,8185,21136973,1248133279,1269278437
turso,concurrent,64,3,21,23077895291,0,0,7193,35733976,679016272,714757441
turso,concurrent,64,3,21,23792653002,0,0,7755,26963737,2562237046,2589208538
turso,concurrent,64,3,21,26381861821,0,0,8175,23121537,407553519,430683231
turso,concurrent,64,3,21,26812545342,0,0,6623,574163,595515909,596096695
turso,concurrent,64,3,21,27408642317,0,0,6072,434600,1728809711,1729250383
turso,concurrent,64,3,21,29137892910,0,0,6462,509031,435008332,435523825
turso,concurrent,64,3,21,29573417005,0,0,6833,597347,2840235422,2840839602
turso,concurrent,64,3,21,32414256868,0,0,7905,8794864,372679827,381482596
turso,concurrent,64,3,21,32795739724,0,0,6182,457012,261393735,261856929
turso,concurrent,64,3,22,662,1,0,1865860,548175,1204532,3618567
turso,concurrent,64,3,22,3619960,1,0,6732,530000,374703055,375239787
turso,concurrent,64,3,22,378860068,1,0,6292,312921,683035145,683354358
turso,concurrent,64,3,22,1062214637,1,0,52258,3283175,404409366,407744799
turso,concurrent,64,3,22,1469959816,1,0,7013,392270,475132291,475531574
turso,concurrent,64,3,22,1945491892,1,0,6632,455039,465676849,466138520
turso,concurrent,64,3,22,2411630703,1,0,7965,15432459,1651947673,1667388097
turso,concurrent,64,3,22,4079019100,0,0,8276,17453492,702880952,720342720
turso,concurrent,64,3,22,4799362090,0,0,7965,16742261,30509437,47259663
turso,concurrent,64,3,22,4846622384,0,0,6422,839594,470992419,471838435
turso,concurrent,64,3,22,5318461220,0,0,9218,455128,909913304,910377650
turso,concurrent,64,3,22,6228839131,0,0,6703,453145,1277725055,1278184903
turso,concurrent,64,3,22,7507024314,0,0,7865,7768077,2286159335,2293935277
turso,concurrent,64,3,22,9800959852,0,0,7364,5733939,164186648,169927951
turso,concurrent,64,3,22,9970888194,0,0,7744,467653,540028320,540503717
turso,concurrent,64,3,22,10511392252,0,0,7184,620610,387345539,387973333
turso,concurrent,64,3,22,10899366136,0,0,8657,423799,293854394,294286850
turso,concurrent,64,3,22,11193653988,0,0,7845,468985,1242233938,1242710768
turso,concurrent,64,3,22,12436365026,0,0,7895,45638524,329351782,374998201
turso,concurrent,64,3,22,12811363448,0,0,6091,428058,30668227,31102376
turso,concurrent,64,3,22,12842466144,0,0,6964,431835,1312244748,1312683547
turso,concurrent,64,3,22,14155149972,0,0,7855,15150236,203625384,218783475
turso,concurrent,64,3,22,14373933828,0,0,8175,9635912,2165198047,2174842134
turso,concurrent,64,3,22,16548776202,0,0,7504,19964210,887447013,907418727
turso,concurrent,64,3,22,17456195200,0,0,7103,466490,789358223,789831816
turso,concurrent,64,3,22,18246027377,0,0,8436,21921653,486299211,508229300
turso,concurrent,64,3,22,18754256928,0,0,5189,407329,399174939,399587457
turso,concurrent,64,3,22,19153844666,0,0,8135,21749028,238523601,260280764
turso,concurrent,64,3,22,19414125821,0,0,6623,703417,402799208,403509248
turso,concurrent,64,3,22,19817635339,0,0,6482,422427,272745004,273173913
turso,concurrent,64,3,22,20090809632,0,0,6823,500034,267591649,268098506
turso,concurrent,64,3,22,20358908389,0,0,7915,25991402,1112462758,1138462075
turso,concurrent,64,3,22,21497370774,0,0,8155,23784909,752241759,776034823
turso,concurrent,64,3,22,22273407811,0,0,7454,529159,187555051,188091664
turso,concurrent,64,3,22,22461499765,0,0,6492,460769,554157891,554625152
turso,concurrent,64,3,22,23016125209,0,0,8546,9930778,515982880,525922204
turso,concurrent,64,3,22,23542047714,0,0,7123,547353,293423601,293978077
turso,concurrent,64,3,22,23836026082,0,0,8075,19462012,271376561,290846648
turso,concurrent,64,3,22,24126872980,0,0,6062,480657,117612128,118098847
turso,concurrent,64,3,22,24244972128,0,0,5630,409443,2162624661,2163039734
turso,concurrent,64,3,22,26408012123,0,0,8776,30776051,170562959,201347786
turso,concurrent,64,3,22,26609360230,0,0,6191,576748,585234549,585817488
turso,concurrent,64,3,22,27195178019,0,0,7264,531182,50688803,51227249
turso,concurrent,64,3,22,27246405528,0,0,6463,520151,584524529,585051143
turso,concurrent,64,3,22,27831457011,0,0,6712,434580,457303581,457744873
turso,concurrent,64,3,22,28289202165,0,0,5681,464687,1527380791,1527851159
turso,concurrent,64,3,22,29817053655,0,0,9157,735668,25297003,26041828
turso,concurrent,64,3,22,29843095733,0,0,5220,490856,1379438174,1379934250
turso,concurrent,64,3,22,31223030334,0,0,8215,17744702,282301214,300054131
turso,concurrent,64,3,22,31523084736,0,0,5670,448447,314457920,314912037
turso,concurrent,64,3,22,31837997043,0,0,7725,464857,385898017,386370599
turso,concurrent,64,3,22,32224367923,0,0,7384,25884761,35270370,61162515
turso,concurrent,64,3,22,32285530679,0,0,5620,505314,740329231,740840165
turso,concurrent,64,3,23,785232,1,0,50591719,386810,133615044,184593573
turso,concurrent,64,3,23,185379146,1,0,6151,362895,347786988,348156034
turso,concurrent,64,3,23,533535440,1,0,7204,361452,94371335,94739991
turso,concurrent,64,3,23,628275672,1,0,6051,429020,734113453,734548524
turso,concurrent,64,3,23,1362824416,1,0,41148,3224104,84505881,87771133
turso,concurrent,64,3,23,1450596000,1,0,5831,374026,1478862965,1479242822
turso,concurrent,64,3,23,2929839102,1,0,8536,13554436,273164254,286727226
turso,concurrent,64,3,23,3216566638,0,0,7584,14926104,401101344,416035032
turso,concurrent,64,3,23,3632601951,0,0,6542,431504,114828667,115266713
turso,concurrent,64,3,23,3747869616,0,0,6632,615842,1712316872,1712939346
turso,concurrent,64,3,23,5460809202,0,0,7514,31589515,1020284530,1051881559
turso,concurrent,64,3,23,6512691121,0,0,7564,11809242,179250782,191067588
turso,concurrent,64,3,23,6703759001,0,0,6853,548936,635047539,635603328
turso,concurrent,64,3,23,7339362589,0,0,5581,403281,2737535561,2737944423
turso,concurrent,64,3,23,10077307272,0,0,8376,17847686,676204337,694060399
turso,concurrent,64,3,23,10771368001,0,0,6893,423239,109392929,109823061
turso,concurrent,64,3,23,10881191363,0,0,7484,443136,1389415360,1389865980
turso,concurrent,64,3,23,12271058184,0,0,8285,14218709,175756349,189983343
turso,concurrent,64,3,23,12461041958,0,0,7424,572982,337851420,338431826
turso,concurrent,64,3,23,12799474114,0,0,6112,410915,138884977,139302004
turso,concurrent,64,3,23,12938776399,0,0,8486,620701,2288429619,2289058806
turso,concurrent,64,3,23,15227835455,0,0,7945,12389087,846666044,859063076
turso,concurrent,64,3,23,16086898802,0,0,7093,9956717,101590598,111554408
turso,concurrent,64,3,23,16198453540,0,0,5891,608217,199615278,200229386
turso,concurrent,64,3,23,16398683347,0,0,6453,472020,153037030,153515503
turso,concurrent,64,3,23,16552199151,0,0,5290,764392,405339081,406108763
turso,concurrent,64,3,23,16958308234,0,0,7004,511925,450863279,451382208
turso,concurrent,64,3,23,17409690702,0,0,6543,477631,735453532,735937706
turso,concurrent,64,3,23,18145628748,0,0,8256,22181954,754556296,776746506
turso,concurrent,64,3,23,18922375515,0,0,7754,23111238,262870551,285989543
turso,concurrent,64,3,23,19208365349,0,0,6102,444368,83077867,83528337
turso,concurrent,64,3,23,19291893996,0,0,6503,484604,218352472,218843579
turso,concurrent,64,3,23,19510737805,0,0,5911,567581,2263370706,2263944198
turso,concurrent,64,3,23,21774684047,0,0,8075,34450243,343022667,377480985
turso,concurrent,64,3,23,22152165283,0,0,6873,1540286,355393229,356940388
turso,concurrent,64,3,23,22509105912,0,0,7264,14882030,2159195120,2174084414
turso,concurrent,64,3,23,24683190607,0,0,8967,30665692,2278708205,2309382864
turso,concurrent,64,3,23,26992573782,0,0,7815,18339464,192216827,210564106
turso,concurrent,64,3,23,27203138159,0,0,6271,495275,1593217837,1593719383
turso,concurrent,64,3,23,28796857833,0,0,6763,460399,3105955329,3106422491
turso,concurrent,64,3,23,31903280624,0,0,9488,134707906,177162692,311880086
turso,concurrent,64,3,23,32215160990,0,0,6222,471931,302277727,302755880
turso,concurrent,64,3,23,32517917131,0,0,5841,451051,586897677,587354569
turso,concurrent,64,3,24,133903,1,0,37190363,346214,968108620,1005645197
turso,concurrent,64,3,24,1005779481,1,0,9057,375658,2836883197,2837267912
turso,concurrent,64,3,24,3843047694,0,0,50846,23920144,2152501340,2176472330
turso,concurrent,64,3,24,6019520304,0,0,7705,15382745,686266643,701657093
turso,concurrent,64,3,24,6721177667,0,0,8055,11699335,1014477142,1026184532
turso,concurrent,64,3,24,7747362851,0,0,7614,17051855,194318473,211377942
turso,concurrent,64,3,24,7958741053,0,0,6492,502007,1143996448,1144504947
turso,concurrent,64,3,24,9103246551,0,0,7804,11781120,450642391,462431315
turso,concurrent,64,3,24,9565678157,0,0,7704,470568,927668025,928146297
turso,concurrent,64,3,24,10493825326,0,0,9548,9398133,433117594,442525275
turso,concurrent,64,3,24,10936351122,0,0,7184,449097,842441584,842897865
turso,concurrent,64,3,24,11779249267,0,0,6723,444198,366754647,367205568
turso,concurrent,64,3,24,12146455115,0,0,7814,15210861,449459229,464677904
turso,concurrent,64,3,24,12611133290,0,0,5511,400776,1051827136,1052233423
turso,concurrent,64,3,24,13663367004,0,0,8626,10963106,521980046,532951778
turso,concurrent,64,3,24,14196319042,0,0,5620,399815,1198000775,1198406210
turso,concurrent,64,3,24,15394725524,0,0,7214,11165027,493026494,504198735
turso,concurrent,64,3,24,15898925251,0,0,8827,17529997,1858091258,1875630082
turso,concurrent,64,3,24,17774555763,0,0,14266,471069,151892621,152377956
turso,concurrent,64,3,24,17926934010,0,0,12132,16563794,1792916011,1809491937
turso,concurrent,64,3,24,19736426189,0,0,8386,40284651,419936324,460229361
turso,concurrent,64,3,24,20196655890,0,0,7554,11826535,45934252,57768341
turso,concurrent,64,3,24,20254424472,0,0,5440,428889,529953912,530388241
turso,concurrent,64,3,24,20784812953,0,0,6372,412068,957780533,958198973
turso,concurrent,64,3,24,21743012206,0,0,8035,20752898,357969951,378730884
turso,concurrent,64,3,24,22121743331,0,0,6512,417478,320379403,320803393
turso,concurrent,64,3,24,22442547014,0,0,7434,774942,23845594,24627970
turso,concurrent,64,3,24,22467175154,0,0,5160,577960,496867352,497450472
turso,concurrent,64,3,24,22964625967,0,0,7965,28289077,1027722414,1056019456
turso,concurrent,64,3,24,24020645684,0,0,7875,29306497,1291392043,1320706415
turso,concurrent,64,3,24,25341352490,0,0,8335,25818447,1532182962,1558009744
turso,concurrent,64,3,24,26899362505,0,0,8315,22778921,1343174119,1365961355
turso,concurrent,64,3,24,28265324391,0,0,20749,465779,369937262,370423790
turso,concurrent,64,3,24,28635750024,0,0,7494,489594,174756522,175253610
turso,concurrent,64,3,24,28811003894,0,0,6311,629839,403044421,403680571
turso,concurrent,64,3,24,29214684736,0,0,6472,674623,293501929,294183024
turso,concurrent,64,3,24,29508868160,0,0,5800,597428,296237921,296841149
turso,concurrent,64,3,24,29805709590,0,0,7254,521925,947788239,948317418
turso,concurrent,64,3,24,30754027428,0,0,13726,24010204,2387957835,2411981765
turso,concurrent,64,3,25,1092,1,0,12169132,380468,976229263,988778863
turso,concurrent,64,3,25,988780325,1,0,8727,383423,1130945011,1131337161
turso,concurrent,64,3,25,2120117817,1,0,49022,9119939,2328768362,2337937323
turso,concurrent,64,3,25,4458055380,0,0,6802,27679979,1008175521,1035862302
turso,concurrent,64,3,25,5493918064,0,0,6502,422748,1057841935,1058271185
turso,concurrent,64,3,25,6552189840,0,0,7955,6186253,222727557,228921765
turso,concurrent,64,3,25,6781111895,0,0,6121,550599,658691091,659247811
turso,concurrent,64,3,25,7440360008,0,0,8185,20126165,247005577,267139927
turso,concurrent,64,3,25,7707500235,0,0,8747,20414229,3019781741,3040204717
turso,concurrent,64,3,25,10747705794,0,0,9367,20801991,1622092650,1642904008
turso,concurrent,64,3,25,12390610173,0,0,8416,42270469,122365076,164643961
turso,concurrent,64,3,25,12555254395,0,0,6091,426795,532013799,532446685
turso,concurrent,64,3,25,13087701450,0,0,6953,447454,283216632,283671039
turso,concurrent,64,3,25,13371372760,0,0,7204,16390416,198456571,214854191
turso,concurrent,64,3,25,13586227232,0,0,5710,407830,16858038,17271578
turso,concurrent,64,3,25,13603499031,0,0,4789,411176,209017338,209433303
turso,concurrent,64,3,25,13812932574,0,0,5320,388804,1666586053,1666980177
turso,concurrent,64,3,25,15479913573,0,0,9237,19071776,840018001,859099014
turso,concurrent,64,3,25,16339012998,0,0,8305,16440401,1071838755,1088287461
turso,concurrent,64,3,25,17427300720,0,0,6041,476058,919559455,920041554
turso,concurrent,64,3,25,18347342545,0,0,7224,13872866,242049474,255929564
turso,concurrent,64,3,25,18603272480,0,0,7915,504702,794391721,794904338
turso,concurrent,64,3,25,19398177178,0,0,7735,30493567,28445753,58947055
turso,concurrent,64,3,25,19457124464,0,0,5029,458556,761734781,762198366
turso,concurrent,64,3,25,20219323210,0,0,13887,16168918,1458710731,1474893536
turso,concurrent,64,3,25,21694216996,0,0,7905,21616217,894384593,916008715
turso,concurrent,64,3,25,22610225992,0,0,8285,9254733,742369381,751632399
turso,concurrent,64,3,25,23361858671,0,0,6513,471469,2037207657,2037685639
turso,concurrent,64,3,25,25399544610,0,0,8617,31915770,327192158,359116545
turso,concurrent,64,3,25,25758661435,0,0,7764,607857,174527039,175142660
turso,concurrent,64,3,25,25933804346,0,0,6252,675224,99662029,100343505
turso,concurrent,64,3,25,26034148111,0,0,6412,9013207,269579019,278598638
turso,concurrent,64,3,25,26312746950,0,0,5100,451882,159343410,159800392
turso,concurrent,64,3,25,26472548674,0,0,4859,434950,328200571,328640380
turso,concurrent,64,3,25,26801189225,0,0,5240,494904,329332155,329832299
turso,concurrent,64,3,25,27131021825,0,0,6592,551150,133786788,134344530
turso,concurrent,64,3,25,27265366615,0,0,6583,570406,800375080,800952069
turso,concurrent,64,3,25,28066318934,0,0,5621,488862,549101160,549595643
turso,concurrent,64,3,25,28615914848,0,0,6252,458986,1082985628,1083450866
turso,concurrent,64,3,25,29699365984,0,0,7334,427547,177257781,177692662
turso,concurrent,64,3,25,29877058937,0,0,6993,578101,427236127,427821221
turso,concurrent,64,3,25,30304880358,0,0,5761,433849,275829242,276268852
turso,concurrent,64,3,25,30581149491,0,0,6803,545749,120306412,120858964
turso,concurrent,64,3,25,30702008736,0,0,7454,17446950,1538926878,1556381282
turso,concurrent,64,3,25,32258390378,0,0,8587,14649411,194711645,209369643
turso,concurrent,64,3,25,32467760301,0,0,5451,470968,370927480,371403899
turso,concurrent,64,3,25,32839164521,0,0,7113,508330,251339323,251854766
turso,concurrent,64,3,26,132591,1,0,59700617,407729,183643490,243751836
turso,concurrent,64,3,26,243884808,1,0,5570,320315,1158648043,1158973928
turso,concurrent,64,3,26,1402859127,1,0,45065,3857318,625336496,629238879
turso,concurrent,64,3,26,2032098407,1,0,7313,749294,1284462658,1285219265
turso,concurrent,64,3,26,3317317972,0,0,9047,18233976,1862802237,1881045260
turso,concurrent,64,3,26,5198363873,0,0,8316,11174935,863171338,874354589
turso,concurrent,64,3,26,6072718863,0,0,7785,509831,2121831811,2122349427
turso,concurrent,64,3,26,8195068751,0,0,7915,17380645,1989461967,2006850527
turso,concurrent,64,3,26,10201919539,0,0,7855,17352261,1019631998,1036992114
turso,concurrent,64,3,26,11238912725,0,0,8186,549016,485715319,486272521
turso,concurrent,64,3,26,11725185496,0,0,5691,426435,400985465,401417591
turso,concurrent,64,3,26,12126603338,0,0,6723,20364605,214193324,234564652
turso,concurrent,64,3,26,12361168190,0,0,5130,452473,2598277190,2598734793
turso,concurrent,64,3,26,14959903253,0,0,7424,10631300,303972124,314610848
turso,concurrent,64,3,26,15274514652,0,0,6332,408792,471377826,471792950
turso,concurrent,64,3,26,15746308013,0,0,8556,14823941,87978824,102811321
turso,concurrent,64,3,26,15849119625,0,0,7083,449498,734788207,735244788
turso,concurrent,64,3,26,16584365625,0,0,6542,491598,244424015,244922155
turso,concurrent,64,3,26,16829288000,0,0,5961,442174,1834292062,1834740197
turso,concurrent,64,3,26,18664028549,0,0,8155,6161596,429251280,435421031
turso,concurrent,64,3,26,19099449900,0,0,7424,15554379,791073910,806635713
turso,concurrent,64,3,26,19906085883,0,0,7084,489413,137632645,138129142
turso,concurrent,64,3,26,20044215325,0,0,5982,498981,813650880,814155843
turso,concurrent,64,3,26,20858371408,0,0,7715,10540899,49670962,60219576
turso,concurrent,64,3,26,20918591225,0,0,5360,483642,1224576962,1225065964
turso,concurrent,64,3,26,22143657460,0,0,7534,17454504,393932157,411394195
turso,concurrent,64,3,26,22555051886,0,0,6732,23105638,741919893,765032263
turso,concurrent,64,3,26,23320084489,0,0,7534,640579,640456676,641104789
turso,concurrent,64,3,26,23961189548,0,0,8346,6154553,655488548,661651447
turso,concurrent,64,3,26,24622841256,0,0,5740,434260,154931886,155371886
turso,concurrent,64,3,26,24778213452,0,0,7164,468424,222906093,223381681
turso,concurrent,64,3,26,25001595394,0,0,7935,23076001,2066934517,2090018453
turso,concurrent,64,3,26,27091614118,0,0,7814,23356010,252396248,275760072
turso,concurrent,64,3,26,27367375973,0,0,5691,395045,1159931044,1160331780
turso,concurrent,64,3,26,28527707943,0,0,6212,431825,43895515,44333552
turso,concurrent,64,3,26,28572041795,0,0,6042,622835,88769766,89398643
turso,concurrent,64,3,26,28661440749,0,0,6773,417277,678559681,678983731
turso,concurrent,64,3,26,29340424771,0,0,7604,528537,1703492431,1704028572
turso,concurrent,64,3,26,31044453653,0,0,8897,23328468,1627232038,1650569403
turso,concurrent,64,3,26,32695023446,0,0,8156,21489007,689663071,711160234
turso,concurrent,64,3,27,481,1,0,3243951,522827,2041418612,2045185390
turso,concurrent,64,3,27,2045186251,1,0,43703,5995853,225611809,231651365
turso,concurrent,64,3,27,2276837967,1,0,7725,13222969,1196362916,1209593610
turso,concurrent,64,3,27,3486431818,0,0,7935,10194035,1596011989,1606213959
turso,concurrent,64,3,27,5092646168,0,0,8025,10412597,49748669,60169291
turso,concurrent,64,3,27,5152815920,0,0,5861,457734,1370781851,1371245446
turso,concurrent,64,3,27,6524061656,0,0,8226,42928971,276580610,319517807
turso,concurrent,64,3,27,6843579724,0,0,7233,445211,1001624099,1002076543
turso,concurrent,64,3,27,7845656538,0,0,9868,19577841,285120514,304708223
turso,concurrent,64,3,27,8150365402,0,0,6662,409453,232714600,233130715
turso,concurrent,64,3,27,8383496359,0,0,6202,506826,529689102,530202130
turso,concurrent,64,3,27,8913698820,0,0,7203,3307792,642987701,646302696
turso,concurrent,64,3,27,9560001716,0,0,5631,414392,275443605,275863628
turso,concurrent,64,3,27,9835865614,0,0,6392,10395165,1142130927,1152532484
turso,concurrent,64,3,27,10988398478,0,0,7424,490766,480584859,481083049
turso,concurrent,64,3,27,11469481798,0,0,6282,450029,55047086,55503397
turso,concurrent,64,3,27,11524985416,0,0,5250,418840,592701097,593125187
turso,concurrent,64,3,27,12118111425,0,0,8155,8467467,1342283338,1350758960
turso,concurrent,64,3,27,13468870675,0,0,9298,6172236,1083891267,1090072801
turso,concurrent,64,3,27,14558943736,0,0,7665,8834028,141353205,150194898
turso,concurrent,64,3,27,14709138905,0,0,5931,493311,474491110,474990352
turso,concurrent,64,3,27,15184129458,0,0,6622,489133,482761627,483257382
turso,concurrent,64,3,27,15667387080,0,0,7424,22157889,1662799228,1684964541
turso,concurrent,64,3,27,17352351942,0,0,7183,537154,332887664,333432001
turso,concurrent,64,3,27,17685784173,0,0,6062,430923,517152818,517589803
turso,concurrent,64,3,27,18203374376,0,0,8887,16744374,119683196,136436457
turso,concurrent,64,3,27,18339811124,0,0,6663,618507,1248816278,1249441448
turso,concurrent,64,3,27,19589252842,0,0,7895,10551259,1748912863,1759472017
turso,concurrent,64,3,27,21348725120,0,0,8055,20337875,140350923,160696853
turso,concurrent,64,3,27,21509422203,0,0,5451,415413,1640852177,1641273041
turso,concurrent,64,3,27,23150695515,0,0,7985,14826866,638416156,653251007
turso,concurrent,64,3,27,23803946992,0,0,9898,29779801,448929259,478718958
turso,concurrent,64,3,27,24282666211,0,0,4569,430192,520601685,521036446
turso,concurrent,64,3,27,24803704320,0,0,7113,437456,618142882,618587451
turso,concurrent,64,3,27,25422292022,0,0,7594,15316410,958418356,973742360
turso,concurrent,64,3,27,26396034743,0,0,7644,18350626,974440628,992798898
turso,concurrent,64,3,27,27388833961,0,0,7805,462152,924783061,925253018
turso,concurrent,64,3,27,28314087270,0,0,6612,514441,1367749579,1368270632
turso,concurrent,64,3,27,29682358183,0,0,6602,482711,114344042,114833355
turso,concurrent,64,3,27,29797191899,0,0,7213,459227,1180186312,1180652752
turso,concurrent,64,3,27,30977844912,0,0,7925,27727859,1681400847,1709136631
turso,concurrent,64,3,27,32686981803,0,0,7474,19411928,567793329,587212731
turso,concurrent,64,3,28,1350599,1,0,38698729,453386,681240619,720392734
turso,concurrent,64,3,28,721743784,1,0,6171,360090,1496843282,1497209543
turso,concurrent,64,3,28,2218953557,1,0,44755,6203515,367720539,373968809
turso,concurrent,64,3,28,2592922616,1,0,6763,443396,523024266,523474425
turso,concurrent,64,3,28,3116397513,0,0,5730,482691,262353616,262842037
turso,concurrent,64,3,28,3379240011,0,0,7043,11783605,72768504,84559152
turso,concurrent,64,3,28,3463799423,0,0,5069,436654,937939806,938381529
turso,concurrent,64,3,28,4402181494,0,0,7203,11160289,413528753,424696245
turso,concurrent,64,3,28,4826877969,0,0,6262,493331,645468702,645968295
turso,concurrent,64,3,28,5472847356,0,0,7013,468314,181185814,181661141
turso,concurrent,64,3,28,5654508747,0,0,5971,438397,62761012,63205380
turso,concurrent,64,3,28,5717714417,0,0,7394,485216,901582505,902075115
turso,concurrent,64,3,28,6619789792,0,0,8296,11822918,1784602174,1796433388
turso,concurrent,64,3,28,8416223370,0,0,8537,6380779,256060722,262450038
turso,concurrent,64,3,28,8678673689,0,0,8927,20235241,1519965911,1540210079
turso,concurrent,64,3,28,10218884008,0,0,7214,41266825,1103272817,1144546856
turso,concurrent,64,3,28,11363431155,0,0,8616,431925,2180241101,2180681642
turso,concurrent,64,3,28,13544113639,0,0,7805,12698049,67312790,80018644
turso,concurrent,64,3,28,13624132463,0,0,4719,428138,205383541,205816398
turso,concurrent,64,3,28,13829949112,0,0,4899,446292,316961584,317412775
turso,concurrent,64,3,28,14147362127,0,0,5421,394093,702592828,702992342
turso,concurrent,64,3,28,14850354720,0,0,6602,18607711,1671305197,1689919510
turso,concurrent,64,3,28,16540274501,0,0,7143,12669796,120321240,132998179
turso,concurrent,64,3,28,16673272941,0,0,6091,426305,199394370,199826766
turso,concurrent,64,3,28,16873099978,0,0,6692,471219,1133742700,1134220611
turso,concurrent,64,3,28,18007320990,0,0,7524,17403047,682405157,699815728
turso,concurrent,64,3,28,18707137018,0,0,5550,418089,1166622970,1167046609
turso,concurrent,64,3,28,19874183929,0,0,7584,18640413,317979133,336627130
turso,concurrent,64,3,28,20210811420,0,0,7754,20928620,588207659,609144033
turso,concurrent,64,3,28,20819955813,0,0,7394,449639,213448648,213905681
turso,concurrent,64,3,28,21033861795,0,0,7304,455559,486435128,486897991
turso,concurrent,64,3,28,21520760136,0,0,8606,11989773,90677767,102676146
turso,concurrent,64,3,28,21623436533,0,0,5821,389635,1053698076,1054093532
turso,concurrent,64,3,28,22677532109,0,0,12594,20364786,1349580146,1369957526
turso,concurrent,64,3,28,24047490025,0,0,7384,9274390,240048068,249329842
turso,concurrent,64,3,28,24296820158,0,0,7294,587749,2344937431,2345532474
turso,concurrent,64,3,28,26642352902,0,0,8256,10507556,185141668,195657480
turso,concurrent,64,3,28,26838010672,0,0,6683,459396,2312216452,2312682531
turso,concurrent,64,3,28,29150693493,0,0,8105,583351,177811046,178402502
turso,concurrent,64,3,28,29329096315,0,0,13766,538897,339802111,340354774
turso,concurrent,64,3,28,29669451369,0,0,6743,520482,1175637981,1176165206
turso,concurrent,64,3,28,30845616845,0,0,8146,25211581,1940706291,1965926018
turso,concurrent,64,3,28,32811543224,0,0,8716,11004965,136328363,147342044
turso,concurrent,64,3,28,32958885518,0,0,5740,606996,457689118,458301854
turso,concurrent,64,3,29,933863,1,0,70925897,298063,1860195217,1931419177
turso,concurrent,64,3,29,1932353441,1,0,45476,7756836,379216531,387018843
turso,concurrent,64,3,29,2319372544,1,0,8486,11204502,651993674,663206662
turso,concurrent,64,3,29,2982579476,1,0,6062,427747,1059210938,1059644747
turso,concurrent,64,3,29,4042224453,0,0,7805,14777534,228447790,243233129
turso,concurrent,64,3,29,4285458143,0,0,7364,15377485,461730683,477115532
turso,concurrent,64,3,29,4762574006,0,0,6432,477962,345677437,346161831
turso,concurrent,64,3,29,5108736077,0,0,6172,460409,3749222117,3749688698
turso,concurrent,64,3,29,8858425105,0,0,7744,13062217,898247151,911317112
turso,concurrent,64,3,29,9769743070,0,0,9097,15907044,874977906,890894047
turso,concurrent,64,3,29,10660637387,0,0,8086,552592,898822948,899383626
turso,concurrent,64,3,29,11560021374,0,0,5781,431264,3020574607,3021011652
turso,concurrent,64,3,29,14581033647,0,0,9077,18221031,340846782,359076890
turso,concurrent,64,3,29,14940110797,0,0,5270,433849,469526653,469965772
turso,concurrent,64,3,29,15410076850,0,0,6412,462693,20652879,21121984
turso,concurrent,64,3,29,15431199275,0,0,6132,433899,389964630,390404661
turso,concurrent,64,3,29,15821604137,0,0,7163,19314915,773746986,793069064
turso,concurrent,64,3,29,16614674083,0,0,7945,474485,167904924,168387354
turso,concurrent,64,3,29,16783061858,0,0,6342,505123,74793375,75304840
turso,concurrent,64,3,29,16858367028,0,0,7514,548585,1459190165,1459746264
turso,concurrent,64,3,29,18318113564,0,0,7804,37600187,1427722680,1465330671
turso,concurrent,64,3,29,19783444656,0,0,8266,12003739,124013306,136025311
turso,concurrent,64,3,29,19919470228,0,0,6683,734275,671797562,672538520
turso,concurrent,64,3,29,20592009098,0,0,8536,17523375,74974596,92506507
turso,concurrent,64,3,29,20684515876,0,0,6412,418199,260742286,261166897
turso,concurrent,64,3,29,20945683003,0,0,5250,534900,1949741098,1950281248
turso,concurrent,64,3,29,22895964662,0,0,7685,24954375,992279017,1017241077
turso,concurrent,64,3,29,23913206010,0,0,8225,9291712,729855259,739155196
turso,concurrent,64,3,29,24652361557,0,0,6522,565657,1270935033,1271507212
turso,concurrent,64,3,29,25923869060,0,0,8987,10713595,3288596048,3299318630
turso,concurrent,64,3,29,29223188040,0,0,7674,23232126,959278790,982518590
turso,concurrent,64,3,29,30205707021,0,0,7083,507818,754669931,755184832
turso,concurrent,64,3,29,30960892144,0,0,7855,28714901,266565614,295288370
turso,concurrent,64,3,29,31256182096,0,0,6832,417298,934812485,935236615
turso,concurrent,64,3,29,32191418983,0,0,7594,10021449,68283251,78312294
turso,concurrent,64,3,29,32269731538,0,0,5220,798096,774229266,775032582
turso,concurrent,64,3,30,764042,1,0,78782782,385638,437715771,516884191
turso,concurrent,64,3,30,517648634,1,0,7804,425563,406349848,406783215
turso,concurrent,64,3,30,924432119,1,0,7074,433808,1651055480,1651496362
turso,concurrent,64,3,30,2575928841,1,0,58370,14562899,47704682,62325951
turso,concurrent,64,3,30,2638255022,1,0,5279,476560,184624361,185106200
turso,concurrent,64,3,30,2823361623,1,0,6362,544177,2477653839,2478204378
turso,concurrent,64,3,30,5301566302,0,0,6763,14523284,539856546,554386593
turso,concurrent,64,3,30,5855953285,0,0,7324,466080,321134217,321607621
turso,concurrent,64,3,30,6177561297,0,0,6151,661308,702434399,703101858
turso,concurrent,64,3,30,6880664217,0,0,8256,17149318,203226090,220383664
turso,concurrent,64,3,30,7101048142,0,0,6602,491838,540437774,540936214
turso,concurrent,64,3,30,7641984847,0,0,8205,18030702,1265452959,1283491866
turso,concurrent,64,3,30,8925477093,0,0,8957,12443630,1423436092,1435888679
turso,concurrent,64,3,30,10361366123,0,0,8486,21416971,307719575,329145032
turso,concurrent,64,3,30,10690511396,0,0,6592,565848,372332040,372904480
turso,concurrent,64,3,30,11063416257,0,0,6292,530120,355402597,355939009
turso,concurrent,64,3,30,11419355516,0,0,5651,440060,720934637,721380348
turso,concurrent,64,3,30,12140736776,0,0,7945,6321548,1795390620,1801720113
turso,concurrent,64,3,30,13942457260,0,0,7694,34324656,193328976,227661326
turso,concurrent,64,3,30,14170118966,0,0,6312,501256,799475703,799983271
turso,concurrent,64,3,30,14970102458,0,0,8055,4460837,492472439,496941331
turso,concurrent,64,3,30,15467044059,0,0,6472,512627,341960283,342479382
turso,concurrent,64,3,30,15809523833,0,0,7414,25761468,487456194,513225076
turso,concurrent,64,3,30,16322749280,0,0,6402,481759,95126200,95614361
turso,concurrent,64,3,30,16418363952,0,0,5400,441814,30020354,30467568
turso,concurrent,64,3,30,16448831851,0,0,4608,484455,1495036723,1495525786
turso,concurrent,64,3,30,17944358007,0,0,7925,14903591,205246573,220158089
turso,concurrent,64,3,30,18164516346,0,0,6733,606555,26785129,27398417
turso,concurrent,64,3,30,18191915144,0,0,6713,641460,523106352,523754525
turso,concurrent,64,3,30,18715670079,0,0,6773,508089,1741163641,1741678503
turso,concurrent,64,3,30,20457348963,0,0,8937,27789835,704177799,731976571
turso,concurrent,64,3,30,21189326095,0,0,18375,553624,377083887,377655886
turso,concurrent,64,3,30,21566982361,0,0,8265,14705978,433673975,448388218
turso,concurrent,64,3,30,22015381921,0,0,7154,548755,66181746,66737655
turso,concurrent,64,3,30,22082119877,0,0,6151,502589,1525258477,1525767217
turso,concurrent,64,3,30,23607887475,0,0,8646,17589409,526144624,543742679
turso,concurrent,64,3,30,24151630394,0,0,6833,13188475,161867683,175062991
turso,concurrent,64,3,30,24326693765,0,0,5891,488472,99993044,100487407
turso,concurrent,64,3,30,24427181412,0,0,5400,582209,143325536,143913145
turso,concurrent,64,3,30,24571094927,0,0,7564,573392,528342631,528923587
turso,concurrent,64,3,30,25100018926,0,0,9628,31244133,443259512,474513273
turso,concurrent,64,3,30,25574532429,0,0,4779,447184,3147943234,3148395197
turso,concurrent,64,3,30,28722928027,0,0,9238,18957971,1118174965,1137142174
turso,concurrent,64,3,30,29860070933,0,0,6612,604872,167228587,167840071
turso,concurrent,64,3,30,30027911445,0,0,8506,707425,143094711,143810642
turso,concurrent,64,3,30,30171722387,0,0,5150,484895,3225091042,3225581087
turso,concurrent,64,3,31,1453,1,0,1237796,364197,4528515,6130508
turso,concurrent,64,3,31,6132532,1,0,5921,459908,1610263179,1610729008
turso,concurrent,64,3,31,1616861881,1,0,57498,1222146,99292432,100572076
turso,concurrent,64,3,31,1717434207,1,0,6212,467893,42954359,43428464
turso,concurrent,64,3,31,1760862911,1,0,6443,624508,242307382,242938333
turso,concurrent,64,3,31,2003801684,1,0,5972,467181,161259465,161732618
turso,concurrent,64,3,31,2165534623,1,0,7955,6255413,261649867,267913235
turso,concurrent,64,3,31,2433448169,1,0,7745,628967,622197974,622834686
turso,concurrent,64,3,31,3056283245,0,0,7444,638876,121291390,121937710
turso,concurrent,64,3,31,3178221657,0,0,7163,14600329,230885650,245493142
turso,concurrent,64,3,31,3423715100,0,0,7574,522396,912479365,913009335
turso,concurrent,64,3,31,4336724826,0,0,8095,31546013,75644551,107198659
turso,concurrent,64,3,31,4443923846,0,0,5220,593690,1792814740,1793413650
turso,concurrent,64,3,31,6237337897,0,0,6262,530341,1036118946,1036655549
turso,concurrent,64,3,31,7273993767,0,0,7985,12127633,1231750568,1243886186
turso,concurrent,64,3,31,8517880333,0,0,8476,9265203,651328459,660602138
turso,concurrent,64,3,31,9178482872,0,0,7995,9046810,509001457,518056262
turso,concurrent,64,3,31,9696539976,0,0,6903,6183888,1253716153,1259906944
turso,concurrent,64,3,31,10956447381,0,0,9137,12406229,366131842,378547208
turso,concurrent,64,3,31,11334994959,0,0,6583,483342,201920847,202410772
turso,concurrent,64,3,31,11537405952,0,0,5410,443106,980032890,980481406
turso,concurrent,64,3,31,12517887729,0,0,8496,35224564,890240133,925473193
turso,concurrent,64,3,31,13443361283,0,0,6742,23076392,217911259,240994393
turso,concurrent,64,3,31,13684355947,0,0,5671,443767,4214306339,4214755777
turso,concurrent,64,3,31,17899112164,0,0,8316,18824169,17489671,36322156
turso,concurrent,64,3,31,17935434600,0,0,5841,596756,367792595,368395192
turso,concurrent,64,3,31,18303830193,0,0,6542,471059,3912887783,3913365384
turso,concurrent,64,3,31,22217195947,0,0,8176,17671603,769923001,787602780
turso,concurrent,64,3,31,23004799078,0,0,9147,9136910,16906801,26052858
turso,concurrent,64,3,31,23030852177,0,0,5580,508630,70446393,70960603
turso,concurrent,64,3,31,23101813181,0,0,6121,491638,2119056744,2119554503
turso,concurrent,64,3,31,25221368035,0,0,8656,17590572,534138427,551737655
turso,concurrent,64,3,31,25773105960,0,0,5230,436033,55713634,56154897
turso,concurrent,64,3,31,25829271567,0,0,6733,482571,2537110165,2537599469
turso,concurrent,64,3,31,28366871266,0,0,8506,20790048,198506906,219305460
turso,concurrent,64,3,31,28586177037,0,0,7925,658342,188848802,189515069
turso,concurrent,64,3,31,28775692406,0,0,6662,457223,81884505,82348390
turso,concurrent,64,3,31,28858041097,0,0,6583,467412,1360469613,1360943608
turso,concurrent,64,3,31,30218985055,0,0,6141,510173,3155399193,3155915507
turso,concurrent,64,3,32,15980,1,0,9699431,662831,2185917402,2196279664
turso,concurrent,64,3,32,2196296186,1,0,62528,25887706,2523356033,2549306267
turso,concurrent,64,3,32,4745602744,0,0,9067,14666824,1783443437,1798119328
turso,concurrent,64,3,32,6543722323,0,0,8987,9105972,476532813,485647772
turso,concurrent,64,3,32,7029370456,0,0,6722,492289,47496159,47995170
turso,concurrent,64,3,32,7077366117,0,0,6322,538556,298564932,299109810
turso,concurrent,64,3,32,7376476278,0,0,7113,496808,953870024,954373945
turso,concurrent,64,3,32,8330850533,0,0,9619,11928557,1319578928,1331517104
turso,concurrent,64,3,32,9662367967,0,0,9898,24321772,557238284,581569954
turso,concurrent,64,3,32,10243939204,0,0,8496,13370508,464620246,477999250
turso,concurrent,64,3,32,10721938865,0,0,9568,1026357,204875432,205911357
turso,concurrent,64,3,32,10927850532,0,0,7214,508499,97327214,97842927
turso,concurrent,64,3,32,11025693719,0,0,5230,438879,679225777,679669886
turso,concurrent,64,3,32,11705363896,0,0,5450,458034,240607243,241070727
turso,concurrent,64,3,32,11946435014,0,0,9678,24681762,399254489,423945929
turso,concurrent,64,3,32,12370381234,0,0,7133,12111764,195178946,207297843
turso,concurrent,64,3,32,12577679458,0,0,6863,477200,27288229,27772292
turso,concurrent,64,3,32,12605452652,0,0,6532,559786,689382402,689948720
turso,concurrent,64,3,32,13295401662,0,0,7384,16109517,616781844,632898745
turso,concurrent,64,3,32,13928300698,0,0,6402,485175,173348045,173839622
turso,concurrent,64,3,32,14102140510,0,0,5491,537584,1450770338,1451313413
turso,concurrent,64,3,32,15553454284,0,0,6773,28863992,333651506,362522271
turso,concurrent,64,3,32,15915976865,0,0,6803,16279507,183987410,200273720
turso,concurrent,64,3,32,16116250965,0,0,6502,484073,593074823,593565398
turso,concurrent,64,3,32,16709816654,0,0,6542,494163,370041007,370541712
turso,concurrent,64,3,32,17080358597,0,0,4679,463374,1927107522,1927575575
turso,concurrent,64,3,32,19007934543,0,0,8135,27264435,1250288496,1277561066
turso,concurrent,64,3,32,20285495979,0,0,7855,45021279,2437388023,2482417157
turso,concurrent,64,3,32,22767913577,0,0,8907,24843276,445901055,470753238
turso,concurrent,64,3,32,23238667155,0,0,6732,482741,70126129,70615602
turso,concurrent,64,3,32,23309282998,0,0,6472,547534,1353878035,1354432041
turso,concurrent,64,3,32,24663715380,0,0,8696,12503352,710267830,722779878
turso,concurrent,64,3,32,25386495569,0,0,8486,14647818,2310873918,2325530222
turso,concurrent,64,3,32,27712037162,0,0,9629,29602786,1822521823,1852134238
turso,concurrent,64,3,32,29564171651,0,0,6552,552964,1600045961,1600605477
turso,concurrent,64,3,32,31164777418,0,0,10660,43123068,1398053609,1441187337
turso,concurrent,64,3,32,32605965095,0,0,7525,27187469,796209229,823404223
turso,concurrent,64,3,33,969430,1,0,18240968,383884,5804777053,5823401905
turso,concurrent,64,3,33,5824371705,0,0,84099,9751059,134121669,143956827
turso,concurrent,64,3,33,5968328893,0,0,11472,475227,843552089,844038788
turso,concurrent,64,3,33,6812368031,0,0,7895,8998399,953908737,962915031
turso,concurrent,64,3,33,7775283303,0,0,8456,14607773,632021720,646637949
turso,concurrent,64,3,33,8421921783,0,0,5700,689531,442572656,443267887
turso,concurrent,64,3,33,8865190020,0,0,5761,6396098,312680346,319082205
turso,concurrent,64,3,33,9184272476,0,0,5530,452143,1220103431,1220561104
turso,concurrent,64,3,33,10404834001,0,0,9859,9238732,722882912,732131503
turso,concurrent,64,3,33,11136966616,0,0,7534,583381,925070613,925661528
turso,concurrent,64,3,33,12062628536,0,0,7694,28267657,84576175,112851526
turso,concurrent,64,3,33,12175480332,0,0,4779,443567,1620249973,1620698319
turso,concurrent,64,3,33,13796179042,0,0,8055,16508840,1000116806,1016633701
turso,concurrent,64,3,33,14812813114,0,0,7814,8909562,524520359,533437735
turso,concurrent,64,3,33,15346251139,0,0,5410,465098,346817208,347287716
turso,concurrent,64,3,33,15693539095,0,0,7184,8958704,204942198,213908086
turso,concurrent,64,3,33,15907447582,0,0,5971,475197,558045747,558526915
turso,concurrent,64,3,33,16465975258,0,0,5851,486759,265699749,266192359
turso,concurrent,64,3,33,16732168178,0,0,16882,804178,237753719,238574779
turso,concurrent,64,3,33,16970743337,0,0,6301,482942,210399946,210889189
turso,concurrent,64,3,33,17181632807,0,0,5921,543525,711438699,711988145
turso,concurrent,64,3,33,17893621194,0,0,7243,24175777,148884525,173067545
turso,concurrent,64,3,33,18066689140,0,0,7334,668902,156997232,157673468
turso,concurrent,64,3,33,18224362798,0,0,5630,616083,130851449,131473162
turso,concurrent,64,3,33,18355836291,0,0,5831,445811,1881573605,1882025247
turso,concurrent,64,3,33,20237861930,0,0,7705,13476188,241826904,255310797
turso,concurrent,64,3,33,20493172998,0,0,6051,533697,525976627,526516375
turso,concurrent,64,3,33,21019689794,0,0,6943,544267,470594308,471145518
turso,concurrent,64,3,33,21490835713,0,0,9007,33239268,22587209,55835484
turso,concurrent,64,3,33,21546671538,0,0,5781,444669,298980676,299431126
turso,concurrent,64,3,33,21846102984,0,0,6022,514330,120025763,120546115
turso,concurrent,64,3,33,21966649470,0,0,5550,446583,402269348,402721481
turso,concurrent,64,3,33,22369371592,0,0,16792,524048,2608463219,2609004059
turso,concurrent,64,3,33,24978387564,0,0,10430,20823481,1575955145,1596789056
turso,concurrent,64,3,33,26575176890,0,0,7544,37499657,356583024,394090225
turso,concurrent,64,3,33,26969267436,0,0,7183,492359,283022716,283522258
turso,concurrent,64,3,33,27252790015,0,0,6572,489955,40200022,40696549
turso,concurrent,64,3,33,27293486854,0,0,6563,447103,2669158112,2669611778
turso,concurrent,64,3,33,29963098943,0,0,6863,441864,1477151085,1477599812
turso,concurrent,64,3,33,31440699125,0,0,8146,25154152,93308541,118470839
turso,concurrent,64,3,33,31559170274,0,0,6813,474866,105718136,106199815
turso,concurrent,64,3,33,31665370390,0,0,4989,709900,811846585,812561474
turso,concurrent,64,3,33,32477932164,0,0,8025,16117692,325148321,341274038
turso,concurrent,64,3,33,32819206473,0,0,5520,533697,101202937,101742154
turso,concurrent,64,3,33,32920948887,0,0,5992,512927,91357329,91876248
turso,concurrent,64,3,34,271052,1,0,6109338,520381,363396411,370026130
turso,concurrent,64,3,34,370297622,1,0,6813,465989,2992647333,2993120135
turso,concurrent,64,3,34,3363418118,0,0,61005,19068780,999620880,1018750665
turso,concurrent,64,3,34,4382169193,0,0,8877,14662446,1196622506,1211293829
turso,concurrent,64,3,34,5593463382,0,0,7003,491378,3607274801,3607773182
turso,concurrent,64,3,34,9201237156,0,0,7784,17730525,1116857721,1134596030
turso,concurrent,64,3,34,10335833476,0,0,9087,2709493,438501563,441220143
turso,concurrent,64,3,34,10777053850,0,0,5230,433918,319870092,320309240
turso,concurrent,64,3,34,11097363401,0,0,8536,596996,1657914451,1658519983
turso,concurrent,64,3,34,12755884246,0,0,6743,14666273,185225265,199898281
turso,concurrent,64,3,34,12955782748,0,0,6933,851627,1228367193,1229225753
turso,concurrent,64,3,34,14185008771,0,0,6703,9143914,154854138,164004755
turso,concurrent,64,3,34,14349013697,0,0,5771,20373813,1166900343,1187279927
turso,concurrent,64,3,34,15536294005,0,0,6673,489603,349886709,350382985
turso,concurrent,64,3,34,15886677351,0,0,6813,15562254,2869046414,2884615481
turso,concurrent,64,3,34,18771293203,0,0,7063,11804874,546183004,557994941
turso,concurrent,64,3,34,19329288555,0,0,8816,54256094,735083183,789348093
turso,concurrent,64,3,34,20118637780,0,0,8305,22512859,711510164,734031328
turso,concurrent,64,3,34,20852669379,0,0,6783,552643,2279779426,2280338852
turso,concurrent,64,3,34,23133008602,0,0,7995,11847054,488935826,500790875
turso,concurrent,64,3,34,23633799708,0,0,7003,586577,237277100,237870680
turso,concurrent,64,3,34,23871670788,0,0,8536,24094553,175589785,199692874
turso,concurrent,64,3,34,24071364013,0,0,6672,574103,232916603,233497378
turso,concurrent,64,3,34,24304861641,0,0,5480,441534,103396314,103843328
turso,concurrent,64,3,34,24408705200,0,0,5370,431995,418772618,419209983
turso,concurrent,64,3,34,24827915443,0,0,7013,31604845,234821125,266432983
turso,concurrent,64,3,34,25094348727,0,0,13586,8640733,990371348,999025667
turso,concurrent,64,3,34,26093374574,0,0,8306,19505835,2135477488,2154991629
turso,concurrent,64,3,34,28248366664,0,0,16301,607596,657144523,657768420
turso,concurrent,64,3,34,28906135465,0,0,6803,498070,1098656035,1099160908
turso,concurrent,64,3,34,30005296554,0,0,5220,528497,889822686,890356403
turso,concurrent,64,3,34,30895653307,0,0,8316,16480056,1858918669,1875407041
turso,concurrent,64,3,34,32771060708,0,0,7905,19333831,595621187,614962923
turso,concurrent,64,3,35,1102751,1,0,98258561,358967,1083398507,1182016035
turso,concurrent,64,3,35,1183119157,1,0,48331,3524991,1590165869,1593739191
turso,concurrent,64,3,35,2776858649,1,0,9077,5977469,2859844240,2865830786
turso,concurrent,64,3,35,5642689716,0,0,7825,14510870,348162014,362680709
turso,concurrent,64,3,35,6005370706,0,0,6031,479916,201232228,201718175
turso,concurrent,64,3,35,6207089422,0,0,5019,451562,1381171025,1381627606
turso,concurrent,64,3,35,7588717298,0,0,7965,9027914,434117953,443153832
turso,concurrent,64,3,35,8031871360,0,0,6352,629919,723500167,724136438
turso,concurrent,64,3,35,8756008119,0,0,9207,26828051,229376853,256214111
turso,concurrent,64,3,35,9012223061,0,0,6201,486849,344396079,344889129
turso,concurrent,64,3,35,9357112581,0,0,7635,544417,35271072,35823124
turso,concurrent,64,3,35,9392935945,0,0,5390,456742,517713295,518175427
turso,concurrent,64,3,35,9911111813,0,0,13145,12170946,755919027,768103118
turso,concurrent,64,3,35,10679215311,0,0,7755,684732,891436120,892128607
turso,concurrent,64,3,35,11571344279,0,0,7293,569365,433988518,434565176
turso,concurrent,64,3,35,12005909735,0,0,9418,8102919,1020350354,1028462691
turso,concurrent,64,3,35,13034373047,0,0,6292,482821,767151792,767640905
turso,concurrent,64,3,35,13802014693,0,0,7955,8171709,1544751969,1552931633
turso,concurrent,64,3,35,15354946717,0,0,8997,17776241,1345302635,1363087873
turso,concurrent,64,3,35,16718034791,0,0,8215,11887200,400038949,411934364
turso,concurrent,64,3,35,17129969426,0,0,6592,468334,516076406,516551332
turso,concurrent,64,3,35,17646521059,0,0,5460,493612,2837637419,2838136491
turso,concurrent,64,3,35,20484657931,0,0,8186,25975341,330238857,356222384
turso,concurrent,64,3,35,20840880715,0,0,7123,524099,694957641,695488863
turso,concurrent,64,3,35,21536369790,0,0,6722,13634146,1206546230,1220187098
turso,concurrent,64,3,35,22756557279,0,0,7995,21972369,1040526333,1062506697
turso,concurrent,64,3,35,23819064357,0,0,7775,15722987,83117782,98848544
turso,concurrent,64,3,35,23917913292,0,0,7454,565907,150622314,151195675
turso,concurrent,64,3,35,24069109188,0,0,67066,687097,1893579930,1894334093
turso,concurrent,64,3,35,25963443662,0,0,8727,11396072,21835912,33240711
turso,concurrent,64,3,35,25996684934,0,0,13665,510494,1360171340,1360695499
turso,concurrent,64,3,35,27357380984,0,0,9428,16400716,2733136580,2749546724
turso,concurrent,64,3,35,30106927999,0,0,6823,516394,126060950,126584167
turso,concurrent,64,3,35,30233522506,0,0,5750,508480,142683675,143197905
turso,concurrent,64,3,35,30376720701,0,0,8106,710721,2557337631,2558056458
turso,concurrent,64,3,35,32934777550,0,0,8907,23629355,23106529,46744791
turso,concurrent,64,3,35,32981522602,0,0,5410,546872,443512308,444064590
turso,concurrent,64,3,36,166685,1,0,80405013,460419,1658478696,1739344128
turso,concurrent,64,3,36,1739511124,1,0,49253,10600211,477333734,487983198
turso,concurrent,64,3,36,2227494613,1,0,8035,6962187,255885752,262855974
turso,concurrent,64,3,36,2490350837,1,0,5400,451702,155619424,156076526
turso,concurrent,64,3,36,2646427623,1,0,5290,413861,79251997,79671148
turso,concurrent,64,3,36,2726099242,1,0,5060,587478,814136467,814729005
turso,concurrent,64,3,36,3540828537,0,0,8596,9158892,223321127,232488615
turso,concurrent,64,3,36,3773317452,0,0,6502,527386,2093410674,2093944562
turso,concurrent,64,3,36,5867262404,0,0,7114,20279254,1515352967,1535639335
turso,concurrent,64,3,36,7402903843,0,0,11392,18726544,851283097,870021033
turso,concurrent,64,3,36,8272925266,0,0,7785,6138222,114561883,120707890
turso,concurrent,64,3,36,8393633546,0,0,6463,481939,876163102,876651504
turso,concurrent,64,3,36,9270285320,0,0,7074,30748538,1810448743,1841204355
turso,concurrent,64,3,36,11111490056,0,0,8225,21922826,1760490047,1782421098
turso,concurrent,64,3,36,12893911525,0,0,8255,10565506,579707901,590281662
turso,concurrent,64,3,36,13484193377,0,0,7384,9530112,157441050,166978546
turso,concurrent,64,3,36,13651172304,0,0,6612,480026,2085563748,2086050386
turso,concurrent,64,3,36,15737223482,0,0,9377,9571651,228639822,238220850
turso,concurrent,64,3,36,15975444572,0,0,5901,549246,20326504,20881651
turso,concurrent,64,3,36,15996326624,0,0,13365,740558,1696874243,1697628166
turso,concurrent,64,3,36,17693955111,0,0,6863,567561,460776593,461351017
turso,concurrent,64,3,36,18155306439,0,0,8305,45804627,3622378812,3668191744
turso,concurrent,64,3,36,21823498573,0,0,8086,22477742,20641107,43126935
turso,concurrent,64,3,36,21866625829,0,0,6372,497047,434572059,435075478
turso,concurrent,64,3,36,22301701558,0,0,5540,458946,187134207,187598693
turso,concurrent,64,3,36,22489300542,0,0,6582,24412092,328458107,352876781
turso,concurrent,64,3,36,22842177733,0,0,8486,23177031,505002582,528188099
turso,concurrent,64,3,36,23370366104,0,0,8546,603288,528100525,528712359
turso,concurrent,64,3,36,23899078824,0,0,8916,14699146,548572252,563280314
turso,concurrent,64,3,36,24462359418,0,0,5911,492690,85589205,86087806
turso,concurrent,64,3,36,24548447545,0,0,6843,537875,195349067,195893785
turso,concurrent,64,3,36,24744341620,0,0,6522,479144,293348529,293834195
turso,concurrent,64,3,36,25038176217,0,0,8185,17490643,544514525,562013353
turso,concurrent,64,3,36,25600199218,0,0,5780,484996,290541863,291032639
turso,concurrent,64,3,36,25891232148,0,0,6802,515022,1624652631,1625174455
turso,concurrent,64,3,36,27516406854,0,0,8376,20519948,734095780,754624104
turso,concurrent,64,3,36,28271031539,0,0,7293,594752,23886591,24488636
turso,concurrent,64,3,36,28295520607,0,0,6793,503971,454159848,454670612
turso,concurrent,64,3,36,28750191520,0,0,5119,539919,234472178,235017216
turso,concurrent,64,3,36,28985209046,0,0,6292,556340,442212315,442774947
turso,concurrent,64,3,36,29427984324,0,0,7183,618597,459787708,460413488
turso,concurrent,64,3,36,29888398453,0,0,7053,747891,645140233,645895177
turso,concurrent,64,3,36,30534293901,0,0,6081,579734,178441625,179027440
turso,concurrent,64,3,36,30713321632,0,0,6542,12791707,2398477333,2411275582
turso,concurrent,64,3,37,381,1,0,4721799,419943,885373681,890515423
turso,concurrent,64,3,37,890516165,1,0,7714,492429,132957143,133457286
turso,concurrent,64,3,37,1023973671,1,0,72256,600954,637520596,638193806
turso,concurrent,64,3,37,1662167707,1,0,5220,422667,311294642,311722529
turso,concurrent,64,3,37,1973890516,1,0,7104,502518,490383097,490892719
turso,concurrent,64,3,37,2464783816,1,0,7243,30133197,122169969,152310409
turso,concurrent,64,3,37,2617094495,1,0,5390,620982,490163242,490789614
turso,concurrent,64,3,37,3107884360,0,0,11001,550548,2103746597,2104308146
turso,concurrent,64,3,37,5212192887,0,0,8325,11836584,34075927,45920836
turso,concurrent,64,3,37,5258114694,0,0,6122,443287,1027336054,1027785463
turso,concurrent,64,3,37,6285900558,0,0,6653,473663,169558384,170038700
turso,concurrent,64,3,37,6455939519,0,0,7133,8391995,34219828,42618956
turso,concurrent,64,3,37,6498558746,0,0,4879,453045,89349791,89807715
turso,concurrent,64,3,37,6588366731,0,0,4499,528327,1172806117,1173338943
turso,concurrent,64,3,37,7761706004,0,0,6974,11202056,580599704,591808734
turso,concurrent,64,3,37,8353514988,0,0,5691,552472,2900531162,2901089325
turso,concurrent,64,3,37,11254604824,0,0,7484,11183362,61306667,72497513
turso,concurrent,64,3,37,11327103299,0,0,6342,475758,134776695,135258795
turso,concurrent,64,3,37,11462362344,0,0,5010,505834,21784054,22294898
turso,concurrent,64,3,37,11484657663,0,0,8716,568102,1673276928,1673853746
turso,concurrent,64,3,37,13158511690,0,0,8857,12376933,1297158273,1309544063
turso,concurrent,64,3,37,14468056043,0,0,7614,7062737,172122521,179192872
turso,concurrent,64,3,37,14647249217,0,0,5991,471099,273962230,274439320
turso,concurrent,64,3,37,14921688778,0,0,5350,436443,85890043,86331836
turso,concurrent,64,3,37,15008020925,0,0,4969,438928,771831021,772274918
turso,concurrent,64,3,37,15780296144,0,0,7604,26902872,1558380394,1585290870
turso,concurrent,64,3,37,17365587475,0,0,6382,539107,1097925969,1098471458
turso,concurrent,64,3,37,18464059223,0,0,8266,6237530,121216038,127461834
turso,concurrent,64,3,37,18591521458,0,0,6492,449929,1005221417,1005677838
turso,concurrent,64,3,37,19597199707,0,0,6883,19629017,27202448,46838348
turso,concurrent,64,3,37,19644038415,0,0,6453,462703,1369502276,1369971432
turso,concurrent,64,3,37,21014010268,0,0,7494,14643190,62622920,77273604
turso,concurrent,64,3,37,21091284113,0,0,4829,443166,1622796148,1623244143
turso,concurrent,64,3,37,22714538646,0,0,7223,19952448,127532537,147492208
turso,concurrent,64,3,37,22862031094,0,0,6823,613027,58796731,59416581
turso,concurrent,64,3,37,22921447906,0,0,5270,558203,147795119,148358592
turso,concurrent,64,3,37,23069806879,0,0,7885,774682,88738277,89520844
turso,concurrent,64,3,37,23159327983,0,0,11212,664363,1018719537,1019395112
turso,concurrent,64,3,37,24178723405,0,0,9568,26141526,823487340,849638434
turso,concurrent,64,3,37,25028362079,0,0,8155,38620702,1168636791,1207265648
turso,concurrent,64,3,37,26235628167,0,0,9338,23899635,812309700,836218673
turso,concurrent,64,3,37,27071847140,0,0,6272,515954,272937986,273460212
turso,concurrent,64,3,37,27345307773,0,0,6913,532084,741588338,742127335
turso,concurrent,64,3,37,28087435348,0,0,5400,446432,39134822,39586654
turso,concurrent,64,3,37,28127022374,0,0,4718,505775,1651767653,1652278146
turso,concurrent,64,3,37,29779301091,0,0,6873,544177,311703612,312254662
turso,concurrent,64,3,37,30091556144,0,0,7404,587338,370995840,371590582
turso,concurrent,64,3,37,30463146996,0,0,5931,563804,962843747,963413482
turso,concurrent,64,3,37,31426560738,0,0,7394,37987988,1111797342,1149792724
turso,concurrent,64,3,37,32576353853,0,0,7164,21583314,737852258,759442736
turso,concurrent,64,3,38,744094,1,0,17594408,438738,1058050939,1076084085
turso,concurrent,64,3,38,1076828771,1,0,72147,12011253,498920185,511003585
turso,concurrent,64,3,38,1587832586,1,0,6072,504732,3292769613,3293280417
turso,concurrent,64,3,38,4881113223,0,0,7144,17470034,4219859626,4237336804
turso,concurrent,64,3,38,9118450318,0,0,7975,19919325,1121331171,1141258471
turso,concurrent,64,3,38,10259709881,0,0,8667,17462058,3046646862,3064117587
turso,concurrent,64,3,38,13323827819,0,0,9027,8441518,248264612,256715157
turso,concurrent,64,3,38,13580543246,0,0,5580,610392,243108673,243724645
turso,concurrent,64,3,38,13824268152,0,0,5159,436173,22171064,22612396
turso,concurrent,64,3,38,13846881641,0,0,5992,479825,1915979766,1916465583
turso,concurrent,64,3,38,15763347745,0,0,7183,25877998,231955469,257840650
turso,concurrent,64,3,38,16021188656,0,0,4939,467132,637527117,637999188
turso,concurrent,64,3,38,16659188125,0,0,5360,469025,2381445677,2381920062
turso,concurrent,64,3,38,19041108578,0,0,9307,34689695,618027274,652726276
turso,concurrent,64,3,38,19693835235,0,0,6853,504903,69845048,70356804
turso,concurrent,64,3,38,19764192310,0,0,5510,458976,674898152,675362638
turso,concurrent,64,3,38,20439555328,0,0,8136,18086126,1647151092,1665245354
turso,concurrent,64,3,38,22104801904,0,0,9467,23127168,1040439610,1063576245
turso,concurrent,64,3,38,23168378430,0,0,7585,11316272,173672757,184996614
turso,concurrent,64,3,38,23353375345,0,0,6362,528887,273185114,273720363
turso,concurrent,64,3,38,23627095878,0,0,6342,562642,1044313669,1044882653
turso,concurrent,64,3,38,24671978812,0,0,6662,12962359,794794029,807763050
turso,concurrent,64,3,38,25479742222,0,0,7505,19251054,149358960,168617519
turso,concurrent,64,3,38,25648359981,0,0,5090,480958,127241908,127727956
turso,concurrent,64,3,38,25776088177,0,0,5249,464627,384692022,385161898
turso,concurrent,64,3,38,26161250537,0,0,12694,31643036,173937907,205593637
turso,concurrent,64,3,38,26366844425,0,0,5450,850315,2236863009,2237718774
turso,concurrent,64,3,38,28604563509,0,0,6703,482390,70198275,70687368
turso,concurrent,64,3,38,28675251137,0,0,4980,445641,776593256,777043877
turso,concurrent,64,3,38,29452295395,0,0,7334,557282,49370135,49934751
turso,concurrent,64,3,38,29502230396,0,0,4849,514611,574632334,575151794
turso,concurrent,64,3,38,30077382430,0,0,5260,410705,67719067,68135032
turso,concurrent,64,3,38,30145517702,0,0,5140,453165,1259149766,1259608071
turso,concurrent,64,3,38,31405136173,0,0,8546,16235955,664017852,680262353
turso,concurrent,64,3,38,32085398827,0,0,8005,21856079,462276694,484140778
turso,concurrent,64,3,38,32569539906,0,0,6622,641581,496474481,497122684
turso,concurrent,64,3,39,1410732,1,0,89422077,440992,2063694263,2153557332
turso,concurrent,64,3,39,2154968526,1,0,53391,8939687,3789166127,3798159205
turso,concurrent,64,3,39,5953128071,0,0,8306,9988246,303954051,313950603
turso,concurrent,64,3,39,6267078954,0,0,5320,468815,954696965,955171100
turso,concurrent,64,3,39,7222250344,0,0,7394,10361491,1503549025,1513917910
turso,concurrent,64,3,39,8736169065,0,0,7414,20413968,749591148,770012530
turso,concurrent,64,3,39,9506181885,0,0,6262,591085,547058105,547655452
turso,concurrent,64,3,39,10053837738,0,0,8967,17519507,406831336,424359810
turso,concurrent,64,3,39,10478197949,0,0,8235,679563,46626928,47314726
turso,concurrent,64,3,39,10525513907,0,0,5871,497719,146155486,146659076
turso,concurrent,64,3,39,10672173384,0,0,7124,599481,2010323359,2010929964
turso,concurrent,64,3,39,12683103749,0,0,9077,9333762,220019787,229362626
turso,concurrent,64,3,39,12912466626,0,0,5140,517396,521858557,522381093
turso,concurrent,64,3,39,13434848099,0,0,7915,9028716,895383939,904420570
turso,concurrent,64,3,39,14339269050,0,0,7354,10178986,263127426,273313766
turso,concurrent,64,3,39,14612583207,0,0,7995,15417681,2301309812,2316735488
turso,concurrent,64,3,39,16929319035,0,0,6803,18344825,412205406,430557034
turso,concurrent,64,3,39,17359877130,0,0,7634,485476,1312244268,1312737378
turso,concurrent,64,3,39,18672614910,0,0,7384,2910231,1639371463,1642289078
turso,concurrent,64,3,39,20314904389,0,0,8366,26430711,2063396391,2089835468
turso,concurrent,64,3,39,22404740238,0,0,8376,38728355,162570398,201307129
turso,concurrent,64,3,39,22606047638,0,0,7384,13447854,2489078827,2502534065
turso,concurrent,64,3,39,25108582053,0,0,7935,28273789,2484951669,2513233393
turso,concurrent,64,3,39,27621815787,0,0,7995,7815246,117207555,125030796
turso,concurrent,64,3,39,27746846904,0,0,5340,495885,743513110,744014335
turso,concurrent,64,3,39,28490861619,0,0,5871,551571,538427400,538984842
turso,concurrent,64,3,39,29029846842,0,0,6432,536732,238404778,238947942
turso,concurrent,64,3,39,29268795015,0,0,5631,570035,110677985,111253651
turso,concurrent,64,3,39,29380049076,0,0,6793,576798,630468349,631051940
turso,concurrent,64,3,39,30011101297,0,0,5029,488712,1661757733,1662251474
turso,concurrent,64,3,39,31673353132,0,0,8546,22472743,428545228,451026517
turso,concurrent,64,3,39,32124379939,0,0,7825,20356991,1137612882,1157977698
turso,concurrent,64,3,40,800070,1,0,8894262,678981,3662506216,3672079459
turso,concurrent,64,3,40,3672879910,0,0,50175,6187124,175956226,182193525
turso,concurrent,64,3,40,3855073715,0,0,5912,517135,868607976,869131023
turso,concurrent,64,3,40,4724204979,0,0,7824,7474033,61980730,69462587
turso,concurrent,64,3,40,4793667826,0,0,6262,631381,549563572,550201215
turso,concurrent,64,3,40,5343869713,0,0,6963,483602,569698765,570189330
turso,concurrent,64,3,40,5914059454,0,0,5711,631922,1084104920,1084742553
turso,concurrent,64,3,40,6998802308,0,0,7434,17592865,1679384051,1696984350
turso,concurrent,64,3,40,8695787029,0,0,8947,9419674,536771125,546199746
turso,concurrent,64,3,40,9241987516,0,0,6192,505524,1378646931,1379158647
turso,concurrent,64,3,40,10621146613,0,0,10810,11801708,1055341488,1067154006
turso,concurrent,64,3,40,11688300890,0,0,6773,669624,480813680,481490077
turso,concurrent,64,3,40,12169791297,0,0,6872,8929940,452543559,461480371
turso,concurrent,64,3,40,12631271910,0,0,5971,569264,66314797,66890032
turso,concurrent,64,3,40,12698162232,0,0,4910,465398,582603584,583073892
turso,concurrent,64,3,40,13281236555,0,0,8396,14623041,469959641,484591078
turso,concurrent,64,3,40,13765827884,0,0,6853,662349,372359823,373029025
turso,concurrent,64,3,40,14138857651,0,0,6141,611534,110086068,110703743
turso,concurrent,64,3,40,14249561654,0,0,6002,476499,3473283738,3473766239
turso,concurrent,64,3,40,17723328244,0,0,14707,13588881,2419290355,2432893943
turso,concurrent,64,3,40,20156222548,0,0,8045,31677441,72305541,103991027
turso,concurrent,64,3,40,20260213995,0,0,10990,666869,112146525,112824384
turso,concurrent,64,3,40,20373038781,0,0,7244,528988,371618223,372154455
turso,concurrent,64,3,40,20745193446,0,0,6322,506246,463475446,463988014
turso,concurrent,64,3,40,21209181820,0,0,14818,605352,55559063,56179233
turso,concurrent,64,3,40,21265361423,0,0,8106,41786916,54760937,96555959
turso,concurrent,64,3,40,21361917702,0,0,7334,15046591,581169338,596223263
turso,concurrent,64,3,40,21958141336,0,0,6372,491948,88846812,89345132
turso,concurrent,64,3,40,22047486719,0,0,5169,533657,2454605380,2455144206
turso,concurrent,64,3,40,24502631336,0,0,9177,16815308,2538232944,2555057429
turso,concurrent,64,3,40,27057689166,0,0,8856,28898648,148432813,177340317
turso,concurrent,64,3,40,27235029884,0,0,13495,556571,2178365662,2178935728
turso,concurrent,64,3,40,29413965993,0,0,8065,642332,307750303,308400700
turso,concurrent,64,3,40,29722376582,0,0,4949,436344,295368330,295809623
turso,concurrent,64,3,40,30018186455,0,0,5711,505524,416156852,416668087
turso,concurrent,64,3,40,30434854793,0,0,5841,516594,586258852,586781287
turso,concurrent,64,3,40,31021636380,0,0,8837,23344789,131144492,154498118
turso,concurrent,64,3,40,31176134878,0,0,5901,437386,532708168,533151455
turso,concurrent,64,3,40,31709286634,0,0,7193,626783,1684071125,1684705101
turso,concurrent,64,3,41,175401,1,0,9603691,629217,387936644,398169552
turso,concurrent,64,3,41,398345364,1,0,6002,373064,545003047,545382113
turso,concurrent,64,3,41,943727838,1,0,9007,570085,165492342,166071434
turso,concurrent,64,3,41,1109799543,1,0,49784,6026801,420904781,426981366
turso,concurrent,64,3,41,1536781160,1,0,8305,455219,338718837,339182361
turso,concurrent,64,3,41,1875964192,1,0,8316,618337,305535344,306161997
turso,concurrent,64,3,41,2182126539,1,0,5771,11796168,766020538,777822477
turso,concurrent,64,3,41,2959949286,1,0,5420,434550,841979822,842419792
turso,concurrent,64,3,41,3802369379,0,0,8546,4119313,493883501,498011360
turso,concurrent,64,3,41,4300381431,0,0,7614,6347026,41315497,47670137
turso,concurrent,64,3,41,4348051949,0,0,5670,431545,648378833,648816048
turso,concurrent,64,3,41,4996868288,0,0,5661,502618,272144911,272653190
turso,concurrent,64,3,41,5269521858,0,0,5300,458145,3017772590,3018236035
turso,concurrent,64,3,41,8287758264,0,0,8406,11928718,1867530108,1879467232
turso,concurrent,64,3,41,10167225856,0,0,8757,20337614,3869628137,3889974508
turso,concurrent,64,3,41,14057200755,0,0,7464,7909013,209275535,217192012
turso,concurrent,64,3,41,14274393058,0,0,6522,724727,766876182,767607431
turso,concurrent,64,3,41,15042001060,0,0,6552,9878790,199997328,209882670
turso,concurrent,64,3,41,15251884021,0,0,5521,453997,320911446,321370964
turso,concurrent,64,3,41,15573255226,0,0,7023,17476686,587880922,605364631
turso,concurrent,64,3,41,16178620138,0,0,6492,502568,2279246492,2279755552
turso,concurrent,64,3,41,18458376110,0,0,8015,6193346,133006887,139208248
turso,concurrent,64,3,41,18597584618,0,0,6212,474886,25624810,26105908
turso,concurrent,64,3,41,18623690897,0,0,7043,550749,490118688,490676480
turso,concurrent,64,3,41,19114367798,0,0,8536,19527717,297192823,316729076
turso,concurrent,64,3,41,19431097144,0,0,6462,552713,535531836,536091011
turso,concurrent,64,3,41,19967188556,0,0,6302,525471,730947650,731479423
turso,concurrent,64,3,41,20698668350,0,0,8216,31488875,450198263,481695354
turso,concurrent,64,3,41,21180363935,0,0,5490,439289,187758926,188203705
turso,concurrent,64,3,41,21368567920,0,0,7555,17553421,83688178,101249154
turso,concurrent,64,3,41,21469817354,0,0,5691,665656,107834199,108505546
turso,concurrent,64,3,41,21578323160,0,0,5250,452414,717253250,717710914
turso,concurrent,64,3,41,22296034485,0,0,7213,516906,1218987485,1219511604
turso,concurrent,64,3,41,23515557911,0,0,8857,16797775,864988006,881794638
turso,concurrent,64,3,41,24397352820,0,0,6482,20360056,456339221,476705759
turso,concurrent,64,3,41,24874058940,0,0,8326,32814486,365315571,398138383
turso,concurrent,64,3,41,25272197644,0,0,8245,743032,1021119185,1021870462
turso,concurrent,64,3,41,26294068366,0,0,7014,16348537,735944789,752300340
turso,concurrent,64,3,41,27046369086,0,0,6172,581928,676411077,676999177
turso,concurrent,64,3,41,27723368563,0,0,5881,463124,136983890,137452895
turso,concurrent,64,3,41,27860821749,0,0,6292,469506,1109752694,1110228492
turso,concurrent,64,3,41,28971050621,0,0,7615,553744,34776940,35338299
turso,concurrent,64,3,41,29006389220,0,0,5551,574414,310809385,311389350
turso,concurrent,64,3,41,29317778790,0,0,5580,503270,1832344537,1832853387
turso,concurrent,64,3,41,31150632449,0,0,8405,20302278,2157413298,2177723981
turso,concurrent,64,3,42,1087422,1,0,24491112,479604,930310772,955281488
turso,concurrent,64,3,42,956369681,1,0,6463,399083,205543152,205948698
turso,concurrent,64,3,42,1162318659,1,0,63781,9292052,1231431445,1240787278
turso,concurrent,64,3,42,2403106138,1,0,5811,8975506,89275270,98256587
turso,concurrent,64,3,42,2501362986,1,0,6432,489243,697710997,698206672
turso,concurrent,64,3,42,3199570148,0,0,7534,6380208,85635503,92023245
turso,concurrent,64,3,42,3291593694,0,0,5461,513138,254969202,255487801
turso,concurrent,64,3,42,3547081806,0,0,7955,672489,397823730,398504174
turso,concurrent,64,3,42,3945586240,0,0,5671,534568,416054750,416594989
turso,concurrent,64,3,42,4362182311,0,0,6693,8952722,2667389154,2676348569
turso,concurrent,64,3,42,7038531251,0,0,8506,14614936,473039242,487662684
turso,concurrent,64,3,42,7526194205,0,0,7184,13611864,893424512,907043560
turso,concurrent,64,3,42,8433238145,0,0,6042,514500,1175925604,1176446146
turso,concurrent,64,3,42,9609684711,0,0,12103,11371457,3618982071,3630365631
turso,concurrent,64,3,42,13240050763,0,0,14678,8020473,970844102,978879253
turso,concurrent,64,3,42,14218930277,0,0,5711,547853,175667982,176221546
turso,concurrent,64,3,42,14395152214,0,0,8957,20308209,80831949,101149115
turso,concurrent,64,3,42,14496302310,0,0,6152,534138,1657245479,1657785769
turso,concurrent,64,3,42,16154088319,0,0,7163,20586564,586047864,606641591
turso,concurrent,64,3,42,16760730331,0,0,7014,478332,1277215323,1277700669
turso,concurrent,64,3,42,18038431381,0,0,8436,28912144,38775473,67696053
turso,concurrent,64,3,42,18106127735,0,0,6602,565788,315323633,315896023
turso,concurrent,64,3,42,18422024169,0,0,7063,524751,357288014,357819828
turso,concurrent,64,3,42,18779844217,0,0,5240,449138,3227495840,3227950218
turso,concurrent,64,3,42,22007794835,0,0,7865,28760658,305374670,334143193
turso,concurrent,64,3,42,22341938419,0,0,12313,598199,1042072972,1042683484
turso,concurrent,64,3,42,23384622233,0,0,8246,17796399,1853665477,1871470122
turso,concurrent,64,3,42,25256092606,0,0,8786,9298776,174610987,183918549
turso,concurrent,64,3,42,25440011566,0,0,6132,486428,173852035,174344595
turso,concurrent,64,3,42,25614356552,0,0,6662,473133,67967896,68447691
turso,concurrent,64,3,42,25682804494,0,0,4829,749814,463413279,464167922
turso,concurrent,64,3,42,26146972777,0,0,7885,26961973,700362981,727332839
turso,concurrent,64,3,42,26874306016,0,0,6582,536412,49621469,50164463
turso,concurrent,64,3,42,26924480088,0,0,5340,537194,635437886,635980420
turso,concurrent,64,3,42,27560460788,0,0,6092,535530,398729689,399271311
turso,concurrent,64,3,42,27959732370,0,0,7584,638786,141196258,141842628
turso,concurrent,64,3,42,28101575288,0,0,6022,491597,78367720,78865339
turso,concurrent,64,3,42,28180440957,0,0,5080,464807,1056410654,1056880541
turso,concurrent,64,3,42,29237321919,0,0,7033,582500,477463258,478052791
turso,concurrent,64,3,42,29715374991,0,0,6001,592468,481238903,481837372
turso,concurrent,64,3,42,30197212634,0,0,5300,514721,126962611,127482632
turso,concurrent,64,3,42,30324695587,0,0,7073,509001,235022075,235538149
turso,concurrent,64,3,42,30560233966,0,0,6302,541953,2812319057,2812867312
turso,concurrent,64,3,43,1211657,1,0,1543522,602677,200162089,202308288
turso,concurrent,64,3,43,203520306,1,0,6051,386009,1850810680,1851202740
turso,concurrent,64,3,43,2054723537,1,0,64912,532836,1910047993,1910645741
turso,concurrent,64,3,43,3965369549,0,0,7905,15150126,494415675,509573706
turso,concurrent,64,3,43,4474943536,0,0,7394,28777780,129472106,158257280
turso,concurrent,64,3,43,4633201608,0,0,6192,490145,272893532,273389869
turso,concurrent,64,3,43,4906591768,0,0,5621,580745,1141064726,1141651092
turso,concurrent,64,3,43,6048243130,0,0,5952,465979,309967587,310439518
turso,concurrent,64,3,43,6358683049,0,0,7414,14592043,75736054,90335511
turso,concurrent,64,3,43,6449019271,0,0,6843,492299,353845719,354344861
turso,concurrent,64,3,43,6803364533,0,0,6662,455109,767178032,767639803
turso,concurrent,64,3,43,7571004616,0,0,8046,8401392,483779176,492188614
turso,concurrent,64,3,43,8063193681,0,0,5801,459768,476799496,477265065
turso,concurrent,64,3,43,8540459126,0,0,14617,540630,51530291,52085538
turso,concurrent,64,3,43,8592545356,0,0,14808,4204013,110796247,115015068
turso,concurrent,64,3,43,8707560735,0,0,7214,469135,141956482,142432831
turso,concurrent,64,3,43,8849993817,0,0,5600,618177,43353732,43977509
turso,concurrent,64,3,43,8893972298,0,0,6412,475518,45361771,45843701
turso,concurrent,64,3,43,8939816340,0,0,7484,513128,272492477,273013089
turso,concurrent,64,3,43,9212829719,0,0,6332,475908,198887945,199370185
turso,concurrent,64,3,43,9412200164,0,0,5700,498180,400931544,401435424
turso,concurrent,64,3,43,9813635960,0,0,8947,6475698,327267630,333752275
turso,concurrent,64,3,43,10147388656,0,0,7985,520773,1257307310,1257836068
turso,concurrent,64,3,43,11405225094,0,0,7695,516915,515278411,515803021
turso,concurrent,64,3,43,11921028476,0,0,7464,537023,123990904,124535391
turso,concurrent,64,3,43,12045564238,0,0,8516,9033235,509761771,518803522
turso,concurrent,64,3,43,12564368161,0,0,7033,454007,185364317,185825357
turso,concurrent,64,3,43,12750193769,0,0,5440,458936,219283298,219747674
turso,concurrent,64,3,43,12969941673,0,0,6192,732432,1002853850,1003592474
turso,concurrent,64,3,43,13973534418,0,0,7604,12766028,911908288,924681920
turso,concurrent,64,3,43,14898216739,0,0,9127,10887994,462852250,473749371
turso,concurrent,64,3,43,15371966371,0,0,6692,756307,347472925,348235924
turso,concurrent,64,3,43,15720202916,0,0,8106,29416474,116449074,145873654
turso,concurrent,64,3,43,15866086529,0,0,5971,534599,632917630,633458200
turso,concurrent,64,3,43,16499544980,0,0,6111,565457,289058625,289630193
turso,concurrent,64,3,43,16789175463,0,0,8496,501567,454393349,454903412
turso,concurrent,64,3,43,17244079125,0,0,6412,529039,1259371083,1259906534
turso,concurrent,64,3,43,18503985960,0,0,8406,45586285,189421703,235016394
turso,concurrent,64,3,43,18739002645,0,0,6051,559586,1246158914,1246724551
turso,concurrent,64,3,43,19985727487,0,0,8526,30603084,3726957697,3757569307
turso,concurrent,64,3,43,23743297084,0,0,9157,18360745,795277892,813647794
turso,concurrent,64,3,43,24556945119,0,0,8526,653683,2137485988,2138148197
turso,concurrent,64,3,43,26695093617,0,0,8937,26059460,395334824,421403221
turso,concurrent,64,3,43,27116497229,0,0,7835,565937,940457758,941031530
turso,concurrent,64,3,43,28057529019,0,0,5561,473793,422504269,422983623
turso,concurrent,64,3,43,28480513023,0,0,7454,741379,562718143,563466976
turso,concurrent,64,3,43,29043980310,0,0,7835,557902,907814754,908380491
turso,concurrent,64,3,43,29952361012,0,0,5340,441102,845364299,845810741
turso,concurrent,64,3,43,30798172043,0,0,7304,14628783,1235369015,1250005102
turso,concurrent,64,3,43,32048177545,0,0,7875,6179801,1344180637,1350368313
turso,concurrent,64,3,44,238360,1,0,4668739,415655,217978846,223063240
turso,concurrent,64,3,44,223302191,1,0,7084,394123,877381231,877782438
turso,concurrent,64,3,44,1101084869,1,0,48241,3824737,65984544,69857522
turso,concurrent,64,3,44,1170942641,1,0,6843,710230,318314307,319031380
turso,concurrent,64,3,44,1489974261,1,0,5330,456732,4415019567,4415481629
turso,concurrent,64,3,44,5905456812,0,0,8005,9180232,456714889,465903126
turso,concurrent,64,3,44,6371360289,0,0,7053,11213889,184446777,195667719
turso,concurrent,64,3,44,6567028308,0,0,5661,462423,145186948,145655032
turso,concurrent,64,3,44,6712683640,0,0,6753,451261,766940033,767398047
turso,concurrent,64,3,44,7480082518,0,0,7083,18649419,191811723,210468225
turso,concurrent,64,3,44,7690551145,0,0,8706,812002,872894996,873715704
turso,concurrent,64,3,44,8564267169,0,0,7645,537153,276689205,277234003
turso,concurrent,64,3,44,8841501443,0,0,5871,14624655,4240090539,4254721065
turso,concurrent,64,3,44,13096222869,0,0,8266,11730493,240804206,252542965
turso,concurrent,64,3,44,13348766064,0,0,7093,23424039,82482563,105913695
turso,concurrent,64,3,44,13454680049,0,0,5641,549267,3350941926,3351496834
turso,concurrent,64,3,44,16806177263,0,0,7875,23112370,992020640,1015140885
turso,concurrent,64,3,44,17821319420,0,0,8426,34907385,426200794,461116605
turso,concurrent,64,3,44,18282436415,0,0,6822,498782,294429619,294935223
turso,concurrent,64,3,44,18577371919,0,0,6763,474045,54847800,55328608
turso,concurrent,64,3,44,18632700847,0,0,6101,462362,45345111,45813574
turso,concurrent,64,3,44,18678514682,0,0,5450,478964,704004732,704489146
turso,concurrent,64,3,44,19383004209,0,0,9147,31884332,143978387,175871866
turso,concurrent,64,3,44,19558876476,0,0,7384,691765,3073369415,3074068564
turso,concurrent,64,3,44,22632945420,0,0,8116,15739288,887668751,903416155
turso,concurrent,64,3,44,23536361865,0,0,6062,488552,549042158,549536772
turso,concurrent,64,3,44,24085898878,0,0,7113,23264527,50991144,74262784
turso,concurrent,64,3,44,24160161982,0,0,6813,484404,704870175,705361392
turso,concurrent,64,3,44,24865523635,0,0,6582,17432212,754001880,771440674
turso,concurrent,64,3,44,25636964700,0,0,7194,511425,195259859,195778478
turso,concurrent,64,3,44,25832743458,0,0,5170,469606,2955146113,2955620889
turso,concurrent,64,3,44,28788364727,0,0,8416,23439287,1173820702,1197268405
turso,concurrent,64,3,44,29985633402,0,0,6212,492710,153712995,154211917
turso,concurrent,64,3,44,30139855448,0,0,5300,461842,778105380,778572522
turso,concurrent,64,3,44,30918428361,0,0,7764,9065456,74811088,83884308
turso,concurrent,64,3,44,31002312970,0,0,6482,494102,540587526,541088110
turso,concurrent,64,3,44,31543401301,0,0,6001,458986,758342219,758807206
turso,concurrent,64,3,44,32302208798,0,0,7785,21690276,1100910701,1122608762
turso,concurrent,64,3,45,160333,1,0,63217162,420884,587924775,651562821
turso,concurrent,64,3,45,651723565,1,0,6001,437766,1144287437,1144731204
turso,concurrent,64,3,45,1796455159,1,0,51958,500295,1701170649,1701722902
turso,concurrent,64,3,45,3498178322,0,0,7805,11866850,602911804,614786459
turso,concurrent,64,3,45,4112965151,0,0,6442,428067,929736749,930171258
turso,concurrent,64,3,45,5043136921,0,0,8416,19420644,1063644573,1083073633
turso,concurrent,64,3,45,6126210855,0,0,5751,534078,942861934,943401763
turso,concurrent,64,3,45,7069612898,0,0,7404,11169024,90594410,101770838
turso,concurrent,64,3,45,7171384026,0,0,6362,711853,778151678,778869893
turso,concurrent,64,3,45,7950254700,0,0,6462,10480055,54311068,64797585
turso,concurrent,64,3,45,8015052595,0,0,6332,521083,765450662,765978077
turso,concurrent,64,3,45,8781031063,0,0,8847,12472083,210193988,222674918
turso,concurrent,64,3,45,9003706261,0,0,5239,456993,414756089,415218321
turso,concurrent,64,3,45,9418924863,0,0,5040,473743,75461055,75939838
turso,concurrent,64,3,45,9494864952,0,0,5079,477221,772374637,772856937
turso,concurrent,64,3,45,10267722269,0,0,16411,17573169,186486264,204075844
turso,concurrent,64,3,45,10471798504,0,0,7454,711432,1106745340,1107464226
turso,concurrent,64,3,45,11579263521,0,0,5250,444880,139794593,140244723
turso,concurrent,64,3,45,11719508645,0,0,7915,499372,1390346587,1390853874
turso,concurrent,64,3,45,13110363180,0,0,17423,25906642,396151785,422075850
turso,concurrent,64,3,45,13532439251,0,0,9217,14964286,3296062856,3311036359
turso,concurrent,64,3,45,16843475901,0,0,8827,18192817,235620915,253822559
turso,concurrent,64,3,45,17097298711,0,0,5690,482130,920845942,921333762
turso,concurrent,64,3,45,18018632704,0,0,6763,23126356,449602810,472735929
turso,concurrent,64,3,45,18491368893,0,0,5130,445781,2676531154,2676982065
turso,concurrent,64,3,45,21168351369,0,0,7734,10371700,464513565,474892999
turso,concurrent,64,3,45,21643244678,0,0,7825,26225154,1614816871,1641049850
turso,concurrent,64,3,45,23284294919,0,0,9318,16841998,6447359139,6464210455
turso,concurrent,64,3,45,29748505774,0,0,8977,17117258,1298851498,1315977733
turso,concurrent,64,3,45,31064483868,0,0,9167,20337574,1210002121,1230348862
turso,concurrent,64,3,45,32294833021,0,0,7484,12070325,223295218,235373027
turso,concurrent,64,3,45,32530206269,0,0,5370,510804,851720111,852236285
turso,concurrent,64,3,46,887826,1,0,32331315,526063,2593641301,2626498679
turso,concurrent,64,3,46,2627387146,1,0,54142,13450079,1316774977,1330279198
turso,concurrent,64,3,46,3957666614,0,0,8286,5356757,1585082879,1590447922
turso,concurrent,64,3,46,5548114836,0,0,7935,23224822,364828973,388061730
turso,concurrent,64,3,46,5936176857,0,0,7253,502489,1739730737,1740240479
turso,concurrent,64,3,46,7676417797,0,0,10049,14969595,244694646,259674290
turso,concurrent,64,3,46,7936092368,0,0,5480,532575,515987098,516525153
turso,concurrent,64,3,46,8452617742,0,0,6121,504803,309152399,309663323
turso,concurrent,64,3,46,8762281425,0,0,8506,14562788,2721966665,2736537959
turso,concurrent,64,3,46,11498820265,0,0,9468,17515129,166245693,183770290
turso,concurrent,64,3,46,11682590956,0,0,6753,577700,79113998,79698451
turso,concurrent,64,3,46,11762289707,0,0,6122,586326,344879060,345471508
turso,concurrent,64,3,46,12107761476,0,0,7083,11743739,959675368,971426190
turso,concurrent,64,3,46,13079187967,0,0,7744,693599,58824273,59525616
turso,concurrent,64,3,46,13138713874,0,0,5741,626552,120467626,121099919
turso,concurrent,64,3,46,13259814174,0,0,8346,19050866,274125358,293184570
turso,concurrent,64,3,46,13552999004,0,0,5200,501446,987597584,988104230
turso,concurrent,64,3,46,14541104075,0,0,6743,18654208,803696948,822357899
turso,concurrent,64,3,46,15363462194,0,0,5500,463284,929056635,929525419
turso,concurrent,64,3,46,16292987984,0,0,8085,7573720,497116332,504698137
turso,concurrent,64,3,46,16797686432,0,0,6643,487239,1332530496,1333024378
turso,concurrent,64,3,46,18130711101,0,0,7263,8933166,432025253,440965682
turso,concurrent,64,3,46,18571677074,0,0,5550,499283,930050930,930555763
turso,concurrent,64,3,46,19502233078,0,0,7694,15803039,49325200,65135933
turso,concurrent,64,3,46,19567369381,0,0,5901,482350,1579171314,1579659565
turso,concurrent,64,3,46,21147029307,0,0,9127,16145885,1219159069,1235314081
turso,concurrent,64,3,46,22382343799,0,0,10349,34285292,2353105333,2387400974
turso,concurrent,64,3,46,24769745123,0,0,8035,31188388,95720422,126916845
turso,concurrent,64,3,46,24896662209,0,0,6933,23242145,36167423,59416501
turso,concurrent,64,3,46,24956079201,0,0,10870,708678,113561004,114280552
turso,concurrent,64,3,46,25070360073,0,0,7214,542033,655871631,656420878
turso,concurrent,64,3,46,25726781202,0,0,5240,489273,548655479,549149992
turso,concurrent,64,3,46,26275931414,0,0,7394,30004825,1199149314,1229161533
turso,concurrent,64,3,46,27505103897,0,0,6372,466370,573359432,573832174
turso,concurrent,64,3,46,28078936332,0,0,5600,467903,486955920,487429423
turso,concurrent,64,3,46,28566365996,0,0,5701,648774,622168929,622823404
turso,concurrent,64,3,46,29189189700,0,0,8005,600854,122307418,122916277
turso,concurrent,64,3,46,29312106267,0,0,8366,728054,1513579530,1514315950
turso,concurrent,64,3,46,30826422448,0,0,7554,35667049,618594765,654269368
turso,concurrent,64,3,46,31480692137,0,0,7374,532364,1688982873,1689522611
turso,concurrent,64,3,47,252427,1,0,81325640,413060,110215752,191954452
turso,concurrent,64,3,47,192207590,1,0,8396,377673,355748650,356134719
turso,concurrent,64,3,47,548342769,1,0,6803,424922,184292775,184724500
turso,concurrent,64,3,47,733067650,1,0,7154,406717,2257706158,2258120029
turso,concurrent,64,3,47,2991187939,1,0,59012,14659520,366034318,380752850
turso,concurrent,64,3,47,3371941259,0,0,6993,16334090,23297259,39638342
turso,concurrent,64,3,47,3411579882,0,0,6523,789409,386421946,387217878
turso,concurrent,64,3,47,3798798071,0,0,6923,497669,611556615,612061207
turso,concurrent,64,3,47,4410859528,0,0,6863,23071834,75046713,98125410
turso,concurrent,64,3,47,4508986230,0,0,7104,472862,916724355,917204321
turso,concurrent,64,3,47,5426191032,0,0,7184,522526,3385517204,3386046914
turso,concurrent,64,3,47,8812238397,0,0,7474,18360424,601760471,620128369
turso,concurrent,64,3,47,9432367147,0,0,5230,452093,490405199,490862522
turso,concurrent,64,3,47,9923230179,0,0,8315,6435773,178833625,185277713
turso,concurrent,64,3,47,10108508244,0,0,6192,490295,327608593,328105080
turso,concurrent,64,3,47,10436613715,0,0,8186,661838,365865689,366535713
turso,concurrent,64,3,47,10803149709,0,0,5861,425112,57826601,58257574
turso,concurrent,64,3,47,10861408355,0,0,7154,479725,1384020119,1384506998
turso,concurrent,64,3,47,12245915764,0,0,7795,20229721,1784701631,1804939147
turso,concurrent,64,3,47,14050855192,0,0,7925,9672851,1811905502,1821586278
turso,concurrent,64,3,47,15872441700,0,0,7034,3352716,233735878,237095628
turso,concurrent,64,3,47,16109537608,0,0,6152,489233,913943097,914438482
turso,concurrent,64,3,47,17023976491,0,0,6563,540099,503209148,503755810
turso,concurrent,64,3,47,17527732521,0,0,6062,529589,3607175063,3607710714
turso,concurrent,64,3,47,21135443576,0,0,7745,20522703,433391992,453922440
turso,concurrent,64,3,47,21589366397,0,0,8626,19479416,1247469657,1266957699
turso,concurrent,64,3,47,22856324406,0,0,13786,11941562,779610299,791565647
turso,concurrent,64,3,47,23647890455,0,0,8857,523698,301410601,301943156
turso,concurrent,64,3,47,23949833982,0,0,8095,513419,187839728,188361242
turso,concurrent,64,3,47,24138195464,0,0,5431,521143,1329697751,1330224325
turso,concurrent,64,3,47,25468420119,0,0,7444,35458846,2171493456,2206959746
turso,concurrent,64,3,47,27675380296,0,0,9758,6325085,456632905,462967748
turso,concurrent,64,3,47,28138348294,0,0,5170,513529,369029539,369548238
turso,concurrent,64,3,47,28507907492,0,0,7685,534759,383551740,384094184
turso,concurrent,64,3,47,28892001857,0,0,5320,500454,571271793,571777567
turso,concurrent,64,3,47,29463779715,0,0,7003,563233,287683460,288253696
turso,concurrent,64,3,47,29752033671,0,0,5661,488381,218934099,219428141
turso,concurrent,64,3,47,29971462113,0,0,6542,421656,87826627,88254825
turso,concurrent,64,3,47,30059717279,0,0,4498,466961,310844332,311315791
turso,concurrent,64,3,47,30371033280,0,0,5861,550399,139978400,140534660
turso,concurrent,64,3,47,30511568180,0,0,5861,562973,1623565940,1624134774
turso,concurrent,64,3,47,32135703194,0,0,8727,14958404,1270590423,1285557554
turso,concurrent,64,3,48,245804,1,0,9225858,700963,1324204806,1334131627
turso,concurrent,64,3,48,1334377872,1,0,52459,8844308,1676219700,1685116467
turso,concurrent,64,3,48,3019494590,0,0,8085,15541736,1400270842,1415820663
turso,concurrent,64,3,48,4435315734,0,0,10369,9137021,614722098,623869488
turso,concurrent,64,3,48,5059185522,0,0,7083,536573,2134247808,2134791464
turso,concurrent,64,3,48,7193977497,0,0,9207,17611110,248443860,266064177
turso,concurrent,64,3,48,7460041975,0,0,7644,20571155,1580731298,1601310097
turso,concurrent,64,3,48,9061352362,0,0,6572,9151598,735683115,744841285
turso,concurrent,64,3,48,9806194038,0,0,8957,7859459,204058351,211926767
turso,concurrent,64,3,48,10018121797,0,0,7644,536924,537524736,538069304
turso,concurrent,64,3,48,10556191482,0,0,8186,636671,92468686,93113543
turso,concurrent,64,3,48,10649305245,0,0,6122,530872,1367378749,1367915743
turso,concurrent,64,3,48,12017221239,0,0,7424,18276124,1142856847,1161140395
turso,concurrent,64,3,48,13178361995,0,0,7003,23153738,1027496507,1050657248
turso,concurrent,64,3,48,14229019634,0,0,6923,477702,216859334,217343959
turso,concurrent,64,3,48,14446363994,0,0,12373,17423055,195422746,212858174
turso,concurrent,64,3,48,14659222398,0,0,4889,458144,208598177,209061210
turso,concurrent,64,3,48,14868284421,0,0,5159,631893,716526208,717163260
turso,concurrent,64,3,48,15585448092,0,0,8095,18945117,1861663589,1880616801
turso,concurrent,64,3,48,17466065283,0,0,8346,569364,491915238,492492948
turso,concurrent,64,3,48,17958558612,0,0,9087,15716094,2420035351,2435760532
turso,concurrent,64,3,48,20394319525,0,0,8095,42902772,1278178280,1321089147
turso,concurrent,64,3,48,21715409033,0,0,7454,36129441,1843455021,1879591916
turso,concurrent,64,3,48,23595001250,0,0,8556,10641660,169500164,180150380
turso,concurrent,64,3,48,23775151910,0,0,7645,20905115,138848789,159761549
turso,concurrent,64,3,48,23934913719,0,0,4859,480727,408261315,408746901
turso,concurrent,64,3,48,24343660930,0,0,5100,464045,917653499,918122644
turso,concurrent,64,3,48,25261783834,0,0,7675,31780555,193230049,225018279
turso,concurrent,64,3,48,25486802504,0,0,6913,493461,1216301688,1216802062
turso,concurrent,64,3,48,26703604957,0,0,8676,24170446,98908397,123087519
turso,concurrent,64,3,48,26826692867,0,0,6843,513489,281530971,282051303
turso,concurrent,64,3,48,27108744761,0,0,18365,553223,520472512,521044100
turso,concurrent,64,3,48,27629789172,0,0,7113,578782,756451712,757037607
turso,concurrent,64,3,48,28386837790,0,0,6713,831549,160684660,161522922
turso,concurrent,64,3,48,28548361073,0,0,7073,467212,49310372,49784657
turso,concurrent,64,3,48,28598145950,0,0,4749,490165,1803632852,1804127766
turso,concurrent,64,3,48,30402273977,0,0,6863,633455,929656847,930297165
turso,concurrent,64,3,48,31332571503,0,0,8155,17016278,66830210,83854643
turso,concurrent,64,3,48,31416426516,0,0,5681,445781,165787819,166239281
turso,concurrent,64,3,48,31582666098,0,0,6803,538947,24413905,24959655
turso,concurrent,64,3,48,31607625984,0,0,5200,570566,245586779,246162545
turso,concurrent,64,3,48,31853788930,0,0,8376,37148564,1228528118,1265685058
turso,concurrent,64,3,49,631,1,0,2730261,455710,1139222830,1142408801
turso,concurrent,64,3,49,1142409834,1,0,55034,15391381,346256860,361703275
turso,concurrent,64,3,49,1504113500,1,0,6673,466340,189617292,190090305
turso,concurrent,64,3,49,1694204045,1,0,5711,473023,2217085451,2217564185
turso,concurrent,64,3,49,3911768631,0,0,7594,20307798,441387088,461702480
turso,concurrent,64,3,49,4373471732,0,0,6813,12025040,687873935,699905788
turso,concurrent,64,3,49,5073377831,0,0,5560,479926,1563669644,1564155130
turso,concurrent,64,3,49,6637533302,0,0,6452,6239593,153812293,160058338
turso,concurrent,64,3,49,6797592041,0,0,6422,412308,129820985,130239715
turso,concurrent,64,3,49,6927832627,0,0,7254,555057,2063966287,2064528598
turso,concurrent,64,3,49,8992361505,0,0,7274,14612372,1498258802,1512878448
turso,concurrent,64,3,49,10505240304,0,0,10440,7055432,20192481,27258353
turso,concurrent,64,3,49,10532499038,0,0,7053,529730,297077084,297613867
turso,concurrent,64,3,49,10830113196,0,0,6221,563644,334139646,334709511
turso,concurrent,64,3,49,11164823088,0,0,7765,491016,2352961692,2353460473
turso,concurrent,64,3,49,13518283911,0,0,9599,10467500,1060638723,1071115822
turso,concurrent,64,3,49,14589400113,0,0,9408,11595730,171386303,182991441
turso,concurrent,64,3,49,14772392506,0,0,7203,491508,2120746032,2121244743
turso,concurrent,64,3,49,16893637619,0,0,7675,17478369,32347836,49833880
turso,concurrent,64,3,49,16943471880,0,0,6272,480476,263053537,263540285
turso,concurrent,64,3,49,17207012506,0,0,6281,541763,22384416,22932460
turso,concurrent,64,3,49,17229945277,0,0,5590,488582,65774358,66268530
turso,concurrent,64,3,49,17296214107,0,0,6322,552222,994187668,994746212
turso,concurrent,64,3,49,18290960590,0,0,8636,24078673,48619919,72707228
turso,concurrent,64,3,49,18363668089,0,0,5019,458445,741227537,741691001
turso,concurrent,64,3,49,19105359371,0,0,7033,24009272,1540808548,1564824853
turso,concurrent,64,3,49,20670184535,0,0,8295,18896566,359060378,377965239
turso,concurrent,64,3,49,21048150025,0,0,6151,663152,348213852,348883155
turso,concurrent,64,3,49,21397033411,0,0,7304,26431673,1403731943,1430170920
turso,concurrent,64,3,49,22827204551,0,0,8626,29591025,581710359,611310010
turso,concurrent,64,3,49,23438514961,0,0,6302,502028,487382124,487890454
turso,concurrent,64,3,49,23926405645,0,0,6993,20727109,1413871355,1434605457
turso,concurrent,64,3,49,25361011524,0,0,7354,11895775,875747758,887650887
turso,concurrent,64,3,49,26248680225,0,0,8105,7469534,236275991,243753630
turso,concurrent,64,3,49,26492434146,0,0,6312,757890,1433263655,1434027857
turso,concurrent,64,3,49,27926462273,0,0,6512,431724,101124349,101562585
turso,concurrent,64,3,49,28028025219,0,0,7845,470167,795869138,796347150
turso,concurrent,64,3,49,28824372690,0,0,6742,514441,912260883,912782066
turso,concurrent,64,3,49,29737155057,0,0,6142,598880,3608542574,3609147596
turso,concurrent,64,3,50,203314,1,0,33372369,420844,778737293,812530506
turso,concurrent,64,3,50,812734321,1,0,6572,410655,1044188693,1044605920
turso,concurrent,64,3,50,1857340531,1,0,56586,6122754,386302831,392482171
turso,concurrent,64,3,50,2249823084,1,0,7554,9674734,476784068,486466356
turso,concurrent,64,3,50,2736289741,1,0,7113,502949,1688201800,1688711862
turso,concurrent,64,3,50,4425002093,0,0,7174,10762437,64689240,75458851
turso,concurrent,64,3,50,4500461275,0,0,6252,492549,368835783,369334584
turso,concurrent,64,3,50,4869796120,0,0,6542,594702,1479737275,1480338519
turso,concurrent,64,3,50,6350134970,0,0,7654,6238161,648305565,654551380
turso,concurrent,64,3,50,7004687512,0,0,5511,477060,130362807,130845378
turso,concurrent,64,3,50,7135533281,0,0,6883,466590,887361892,887835365
turso,concurrent,64,3,50,8023368856,0,0,7564,9241888,1008815058,1018064510
turso,concurrent,64,3,50,9041433628,0,0,6292,26571747,640805744,667383783
turso,concurrent,64,3,50,9708817692,0,0,6592,14996917,123552187,138555696
turso,concurrent,64,3,50,9847373658,0,0,6061,438879,246544767,246989707
turso,concurrent,64,3,50,10094363755,0,0,7064,735518,642767205,643509787
turso,concurrent,64,3,50,10737873922,0,0,7074,412147,1160316331,1160735552
turso,concurrent,64,3,50,11898610415,0,0,6161,478693,723320158,723805012
turso,concurrent,64,3,50,12622415709,0,0,6933,17265327,1143827619,1161099879
turso,concurrent,64,3,50,13783515869,0,0,7103,16132340,1032966037,1049105480
turso,concurrent,64,3,50,14832621590,0,0,6672,16000692,572733811,588741175
turso,concurrent,64,3,50,15421363076,0,0,6682,486338,92973188,93466208
turso,concurrent,64,3,50,15514829835,0,0,14187,484544,630132625,630631356
turso,concurrent,64,3,50,16145461482,0,0,7945,28968680,1132652943,1161629568
turso,concurrent,64,3,50,17307091441,0,0,6192,526483,369651072,370183747
turso,concurrent,64,3,50,17677275509,0,0,6772,565888,2818839952,2819412612
turso,concurrent,64,3,50,20496688521,0,0,8987,13916699,803888750,817814436
turso,concurrent,64,3,50,21314503348,0,0,19326,20147235,90816709,110983270
turso,concurrent,64,3,50,21425486909,0,0,6642,479195,610048639,610534476
turso,concurrent,64,3,50,22036021655,0,0,5370,621983,579279022,579906375
turso,concurrent,64,3,50,22615928291,0,0,6793,29669382,99648534,129324709
turso,concurrent,64,3,50,22745253250,0,0,6362,525532,937873781,938405675
turso,concurrent,64,3,50,23683659266,0,0,6051,500044,2642707864,2643213959
turso,concurrent,64,3,50,26326884385,0,0,8696,21516829,442959495,464485020
turso,concurrent,64,3,50,26791369647,0,0,6332,509932,1210206296,1210722560
turso,concurrent,64,3,50,28002092528,0,0,7354,464787,996320402,996792543
turso,concurrent,64,3,50,28998885402,0,0,7724,481549,405990179,406479452
turso,concurrent,64,3,50,29405365164,0,0,6833,721963,384523083,385251879
turso,concurrent,64,3,50,29790617263,0,0,6282,560087,692175922,692742291
turso,concurrent,64,3,50,30483359935,0,0,6623,519780,325586298,326112701
turso,concurrent,64,3,50,30809472906,0,0,8066,32406506,145623643,178038215
turso,concurrent,64,3,50,30987511401,0,0,6172,487810,1197726469,1198220451
turso,concurrent,64,3,50,32185732142,0,0,7935,7144812,48452333,55605080
turso,concurrent,64,3,50,32241337532,0,0,6593,469065,217421205,217896863
turso,concurrent,64,3,50,32459234815,0,0,5551,950132,920869417,921825100
turso,concurrent,64,3,51,956996,1,0,14741606,362093,1559623940,1574727639
turso,concurrent,64,3,51,1575685046,1,0,51808,5684556,203721645,209458009
turso,concurrent,64,3,51,1785143375,1,0,5551,485556,192728814,193219921
turso,concurrent,64,3,51,1978363656,1,0,7214,545710,470023992,470576916
turso,concurrent,64,3,51,2448940802,1,0,6603,9234013,104466634,113707250
turso,concurrent,64,3,51,2562648603,1,0,6202,612465,45185650,45804317
turso,concurrent,64,3,51,2608453241,1,0,5590,522346,70497058,71024994
turso,concurrent,64,3,51,2679478445,1,0,5260,443918,226235346,226684524
turso,concurrent,64,3,51,2906163319,1,0,7525,662810,127469408,128139743
turso,concurrent,64,3,51,3034303863,0,0,5591,686966,192014536,192707093
turso,concurrent,64,3,51,3227011366,0,0,6843,4489101,748028448,752524392
turso,concurrent,64,3,51,3979536139,0,0,8105,1138759,3315448916,3316595780
turso,concurrent,64,3,51,7296132300,0,0,8967,15409425,294165571,309583963
turso,concurrent,64,3,51,7605716583,0,0,6853,5940820,372469229,378416902
turso,concurrent,64,3,51,7984133715,0,0,5090,652461,1400122813,1400780364
turso,concurrent,64,3,51,9384914470,0,0,7955,5656714,1859173480,1864838149
turso,concurrent,64,3,51,11249752909,0,0,7244,8243584,356763485,365014313
turso,concurrent,64,3,51,11614767993,0,0,5911,553655,930804513,931364079
turso,concurrent,64,3,51,12546132362,0,0,7644,6967787,948616061,955591492
turso,concurrent,64,3,51,13501724215,0,0,9859,17138128,904983561,922131548
turso,concurrent,64,3,51,14423856114,0,0,8516,17590832,684553470,702152818
turso,concurrent,64,3,51,15126009283,0,0,7133,534579,912785062,913326774
turso,concurrent,64,3,51,16039336568,0,0,8466,33931905,410904281,444844652
turso,concurrent,64,3,51,16484181481,0,0,5881,556290,119739712,120301883
turso,concurrent,64,3,51,16604483594,0,0,5341,463875,48509040,48978256
turso,concurrent,64,3,51,16653462100,0,0,5932,694781,620796830,621497543
turso,concurrent,64,3,51,17274960013,0,0,6843,670906,1160516508,1161194257
turso,concurrent,64,3,51,18436154661,0,0,9548,19903305,361709177,381622030
turso,concurrent,64,3,51,18817776921,0,0,6943,697817,659713260,660418020
turso,concurrent,64,3,51,19478195242,0,0,7103,18487113,1220768746,1239262962
turso,concurrent,64,3,51,20717458614,0,0,7714,30389361,426191225,456588300
turso,concurrent,64,3,51,21174047356,0,0,8105,497920,614283901,614789926
turso,concurrent,64,3,51,21788837632,0,0,7514,40965125,525405239,566377878
turso,concurrent,64,3,51,22355225270,0,0,6382,556179,454953817,455516378
turso,concurrent,64,3,51,22810741918,0,0,7134,43304780,544743017,588054931
turso,concurrent,64,3,51,23398797149,0,0,6403,492900,1907673482,1908172785
turso,concurrent,64,3,51,25306970225,0,0,8596,11956821,485825047,497790464
turso,concurrent,64,3,51,25804761089,0,0,6743,450009,234873905,235330657
turso,concurrent,64,3,51,26040092127,0,0,7685,23684109,148427081,172118875
turso,concurrent,64,3,51,26212211373,0,0,6943,549607,388049317,388605867
turso,concurrent,64,3,51,26600817500,0,0,6352,543215,128625710,129175277
turso,concurrent,64,3,51,26729992997,0,0,5400,728936,908819951,909554287
turso,concurrent,64,3,51,27639547524,0,0,6603,526112,100984434,101517149
turso,concurrent,64,3,51,27741065024,0,0,5440,658493,421069471,421733404
turso,concurrent,64,3,51,28162798789,0,0,7073,561129,234891629,235459831
turso,concurrent,64,3,51,28398258870,0,0,6321,568934,305965455,306540710
turso,concurrent,64,3,51,28704799972,0,0,7604,515523,951031599,951554726
turso,concurrent,64,3,51,29656354988,0,0,6011,535150,379512438,380053599
turso,concurrent,64,3,51,30036408879,0,0,4488,468114,301961390,302433992
turso,concurrent,64,3,51,30338843242,0,0,7444,527184,1733989986,1734524614
turso,concurrent,64,3,51,32073368317,0,0,15830,31526135,315188268,346730233
turso,concurrent,64,3,51,32420098780,0,0,5139,527455,481827324,482359918
turso,concurrent,64,3,51,32902459230,0,0,13886,596856,436301152,436911894
turso,concurrent,64,3,52,90762,1,0,50752372,366281,3347168426,3398287079
turso,concurrent,64,3,52,3398378292,0,0,55465,13786183,462135417,475977065
turso,concurrent,64,3,52,3874355688,0,0,7624,645578,715750115,716403317
turso,concurrent,64,3,52,4590759315,0,0,6983,21407253,305730612,327144848
turso,concurrent,64,3,52,4917904384,0,0,5620,525512,1142947538,1143478670
turso,concurrent,64,3,52,6061383695,0,0,6713,502147,545476471,545985331
turso,concurrent,64,3,52,6607369336,0,0,8657,30071461,307673719,337753837
turso,concurrent,64,3,52,6945123453,0,0,6492,714879,138257514,138978885
turso,concurrent,64,3,52,7084102588,0,0,5511,482670,232098879,232587060
turso,concurrent,64,3,52,7316690650,0,0,6733,450630,554035080,554492443
turso,concurrent,64,3,52,7871183474,0,0,7724,10661778,363749255,374418757
turso,concurrent,64,3,52,8245602492,0,0,5611,459958,329505933,329971502
turso,concurrent,64,3,52,8575574585,0,0,8566,20273623,1271764198,1292046387
turso,concurrent,64,3,52,9867621363,0,0,9077,6517127,585675391,592201595
turso,concurrent,64,3,52,10459823348,0,0,8496,694030,241304750,242007276
turso,concurrent,64,3,52,10701831014,0,0,8136,671757,278814876,279494769
turso,concurrent,64,3,52,10981326023,0,0,11041,461802,987335679,987808522
turso,concurrent,64,3,52,11969135247,0,0,7754,581678,2548637957,2549227389
turso,concurrent,64,3,52,14518363056,0,0,7064,14689186,518123369,532819619
turso,concurrent,64,3,52,15051182996,0,0,6562,730499,573107125,573844186
turso,concurrent,64,3,52,15625027573,0,0,9107,23214032,455612449,478835588
turso,concurrent,64,3,52,16103863472,0,0,6863,488011,144118943,144613817
turso,concurrent,64,3,52,16248477559,0,0,5220,465859,1838606323,1839077402
turso,concurrent,64,3,52,18087555341,0,0,8756,24672483,1663913571,1688594810
turso,concurrent,64,3,52,19776150563,0,0,8186,11870948,2348196221,2360075355
turso,concurrent,64,3,52,22136226278,0,0,7525,16455358,1469183121,1485646004
turso,concurrent,64,3,52,23621872823,0,0,18285,3621132,132678457,136317874
turso,concurrent,64,3,52,23758191418,0,0,13546,37166638,2213348481,2250528665
turso,concurrent,64,3,52,26008720804,0,0,7264,12150736,59330990,71488990
turso,concurrent,64,3,52,26080210014,0,0,6763,24216463,665152704,689375930
turso,concurrent,64,3,52,26769586324,0,0,7194,527365,118314083,118848642
turso,concurrent,64,3,52,26888435246,0,0,5060,657771,3857400706,3858063537
turso,concurrent,64,3,52,30746499173,0,0,8456,41935155,2624533221,2666476832
turso,concurrent,64,3,53,411,1,0,61552421,388343,1416572983,1478513747
turso,concurrent,64,3,53,1478514518,1,0,47129,8959586,264841550,273848265
turso,concurrent,64,3,53,1752363003,1,0,5420,432266,2175558646,2175996332
turso,concurrent,64,3,53,3928359666,0,0,8025,26608386,135415732,162032143
turso,concurrent,64,3,53,4090392039,0,0,5009,472222,932838390,933315621
turso,concurrent,64,3,53,5023708362,0,0,7564,14608074,760524046,775139684
turso,concurrent,64,3,53,5798848276,0,0,6583,859361,398109779,398975723
turso,concurrent,64,3,53,6197824290,0,0,5230,474074,223383736,223863040
turso,concurrent,64,3,53,6421687650,0,0,6893,8972770,1380383057,1389362720
turso,concurrent,64,3,53,7811051512,0,0,8336,15762492,413854047,429624875
turso,concurrent,64,3,53,8240676758,0,0,5961,477010,1086864998,1087347969
turso,concurrent,64,3,53,9328025107,0,0,6832,6212061,182452784,188671677
turso,concurrent,64,3,53,9516697086,0,0,6592,510894,117638338,118155824
turso,concurrent,64,3,53,9634853171,0,0,5761,502809,191278136,191786706
turso,concurrent,64,3,53,9826640147,0,0,5901,18160577,1499185942,1517352420
turso,concurrent,64,3,53,11343992977,0,0,7464,539148,2682901804,2683448416
turso,concurrent,64,3,53,14027441814,0,0,8396,6150976,1209018786,1215178158
turso,concurrent,64,3,53,15242620833,0,0,7655,10540007,498823463,509371125
turso,concurrent,64,3,53,15751992248,0,0,8046,17462950,1151366293,1168837289
turso,concurrent,64,3,53,16920829948,0,0,7534,571809,274540581,275119924
turso,concurrent,64,3,53,17195950172,0,0,4890,460468,562897602,563362960
turso,concurrent,64,3,53,17759313453,0,0,6172,647101,110664088,111317361
turso,concurrent,64,3,53,17870631215,0,0,8536,17811097,724055395,741875028
turso,concurrent,64,3,53,18612506614,0,0,7113,521624,528984343,529513080
turso,concurrent,64,3,53,19142020074,0,0,8446,15188799,1417032450,1432229695
turso,concurrent,64,3,53,20574250129,0,0,7794,21090345,1481006950,1502105089
turso,concurrent,64,3,53,22076355610,0,0,9618,14789606,1209605914,1224405138
turso,concurrent,64,3,53,23300761088,0,0,9778,19968799,888635195,908613772
turso,concurrent,64,3,53,24209375281,0,0,7725,15881526,741799436,757688687
turso,concurrent,64,3,53,24967064258,0,0,6763,14643210,992024667,1006674640
turso,concurrent,64,3,53,25973739118,0,0,6062,793397,1658832753,1659632212
turso,concurrent,64,3,53,27633371721,0,0,8636,9501699,3024224374,3033734709
turso,concurrent,64,3,53,30667106921,0,0,7955,9745388,2249778079,2259531422
turso,concurrent,64,3,53,32926649333,0,0,8176,8257290,263116706,271382172
turso,concurrent,64,3,54,124585,1,0,2229888,516635,1481358624,1484105147
turso,concurrent,64,3,54,1484230083,1,0,51848,522956,1053585975,1054160779
turso,concurrent,64,3,54,2538391132,1,0,7464,11531057,116409159,127947680
turso,concurrent,64,3,54,2666339113,1,0,7104,459978,87444926,87912008
turso,concurrent,64,3,54,2754251331,1,0,5791,588130,2990226115,2990820036
turso,concurrent,64,3,54,5745071907,0,0,7774,6945545,462680176,469633495
turso,concurrent,64,3,54,6214705693,0,0,5711,487059,602918586,603411356
turso,concurrent,64,3,54,6818117460,0,0,8185,12536675,514360189,526905049
turso,concurrent,64,3,54,7345022749,0,0,5911,499853,1382109304,1382615068
turso,concurrent,64,3,54,8727638729,0,0,8466,26132829,715461490,741602785
turso,concurrent,64,3,54,9469241914,0,0,5852,470527,1757854014,1758330393
turso,concurrent,64,3,54,11227572668,0,0,8917,15277627,266151471,281438015
turso,concurrent,64,3,54,11509010974,0,0,6713,559054,1352673844,1353239611
turso,concurrent,64,3,54,12862250966,0,0,7764,12050939,103765982,115824685
turso,concurrent,64,3,54,12978076042,0,0,6773,506786,85621126,86134685
turso,concurrent,64,3,54,13064211147,0,0,6021,516875,792036446,792559342
turso,concurrent,64,3,54,13856770931,0,0,8246,13152767,2950396631,2963557644
turso,concurrent,64,3,54,16820329356,0,0,12333,23602354,942015036,965629723
turso,concurrent,64,3,54,17785959330,0,0,5761,547744,1186853783,1187407288
turso,concurrent,64,3,54,18973366898,0,0,6632,8989993,339345329,348341954
turso,concurrent,64,3,54,19321709193,0,0,6452,515072,620753939,621275463
turso,concurrent,64,3,54,19942984947,0,0,5220,465699,186516802,186987721
turso,concurrent,64,3,54,20129972948,0,0,7885,14325841,289579718,303913444
turso,concurrent,64,3,54,20433886682,0,0,6141,571639,345132058,345709838
turso,concurrent,64,3,54,20779596921,0,0,6593,542483,294147998,294697074
turso,concurrent,64,3,54,21074294546,0,0,5871,456732,310824734,311287337
turso,concurrent,64,3,54,21385582174,0,0,7163,17699527,1721200383,1738907073
turso,concurrent,64,3,54,23124489598,0,0,7975,11843768,516108988,527960731
turso,concurrent,64,3,54,23652450739,0,0,7434,706243,60906943,61620620
turso,concurrent,64,3,54,23714071570,0,0,5861,39017470,601872453,640895784
turso,concurrent,64,3,54,24354967714,0,0,5982,490585,723403626,723900193
turso,concurrent,64,3,54,25078868207,0,0,8727,10412767,154764650,165186144
turso,concurrent,64,3,54,25244054582,0,0,6752,622275,2079341637,2079970664
turso,concurrent,64,3,54,27324043821,0,0,8907,21687020,855615843,877311770
turso,concurrent,64,3,54,28201356021,0,0,7344,492930,29535630,30035904
turso,concurrent,64,3,54,28231392336,0,0,7354,496306,203014010,203517670
turso,concurrent,64,3,54,28434910327,0,0,6572,542173,1046574706,1047123451
turso,concurrent,64,3,54,29482034068,0,0,7194,617605,343360655,343985454
turso,concurrent,64,3,54,29826019833,0,0,5480,496046,73895792,74397318
turso,concurrent,64,3,54,29900417381,0,0,4338,447966,172977725,173430029
turso,concurrent,64,3,54,30073847701,0,0,4779,433728,1520517071,1520955578
turso,concurrent,64,3,54,31594803650,0,0,9107,25741962,1764180931,1789932000
turso,concurrent,64,3,55,1411093,1,0,1615308,707665,762448698,764771671
turso,concurrent,64,3,55,766183205,1,0,6412,387281,364435801,364829494
turso,concurrent,64,3,55,1131013100,1,0,89599,11696470,957314453,969100522
turso,concurrent,64,3,55,2100113973,1,0,8115,12535172,1892829575,1905372862
turso,concurrent,64,3,55,4005487125,0,0,6663,34397203,137663382,172067248
turso,concurrent,64,3,55,4177554944,0,0,8626,23040014,512704143,535752783
turso,concurrent,64,3,55,4713308038,0,0,5801,685313,285769318,286460432
turso,concurrent,64,3,55,4999768861,0,0,8466,514822,1897322532,1897845820
turso,concurrent,64,3,55,6897615051,0,0,7655,14582886,2574162267,2588752808
turso,concurrent,64,3,55,9486368611,0,0,7323,11779016,1061566222,1073352561
turso,concurrent,64,3,55,10559721863,0,0,9218,6217662,566414267,572641147
turso,concurrent,64,3,55,11132363261,0,0,6211,459197,452743626,453209034
turso,concurrent,64,3,55,11585572536,0,0,4999,502238,837664610,838171847
turso,concurrent,64,3,55,12423744684,0,0,7243,9149825,279634923,288791991
turso,concurrent,64,3,55,12712536956,0,0,5680,631051,282978212,283614943
turso,concurrent,64,3,55,12996152159,0,0,5020,456100,575235362,575696482
turso,concurrent,64,3,55,13571848871,0,0,7474,9397913,120874594,130279981
turso,concurrent,64,3,55,13702129814,0,0,7013,570817,1029133266,1029711096
turso,concurrent,64,3,55,14731841231,0,0,9217,11792801,801169149,812971167
turso,concurrent,64,3,55,15544812678,0,0,7284,31697730,390400302,422105316
turso,concurrent,64,3,55,15966918335,0,0,7073,24327082,3730919813,3755253968
turso,concurrent,64,3,55,19722172644,0,0,8245,31639170,858650177,890297592
turso,concurrent,64,3,55,20612470596,0,0,8567,11447950,1271726357,1283182874
turso,concurrent,64,3,55,21895653790,0,0,7294,26458764,992321187,1018787245
turso,concurrent,64,3,55,22914441365,0,0,7735,10348326,2011515468,2021871529
turso,concurrent,64,3,55,24936313195,0,0,8276,26518757,159792066,186319099
turso,concurrent,64,3,55,25122632615,0,0,6903,594311,23581255,24182469
turso,concurrent,64,3,55,25146815374,0,0,7505,591075,85325458,85924038
turso,concurrent,64,3,55,25232739652,0,0,5781,568172,304809645,305383598
turso,concurrent,64,3,55,25538123550,0,0,7985,594472,278216166,278818623
turso,concurrent,64,3,55,25816942544,0,0,6582,589122,163813704,164409408
turso,concurrent,64,3,55,25981352193,0,0,4939,435101,802272871,802712911
turso,concurrent,64,3,55,26784065335,0,0,6963,14778515,202312476,217097954
turso,concurrent,64,3,55,27001174009,0,0,6563,517476,850625105,851149144
turso,concurrent,64,3,55,27852323444,0,0,13495,534328,50270294,50818117
turso,concurrent,64,3,55,27903141861,0,0,7414,665145,1485489108,1486161667
turso,concurrent,64,3,55,29389303949,0,0,13976,600032,447511535,448125543
turso,concurrent,64,3,55,29837429852,0,0,6312,494183,588433585,588934080
turso,concurrent,64,3,55,30426364242,0,0,7164,530571,450214133,450751868
turso,concurrent,64,3,55,30877116521,0,0,8877,27583757,612708087,640300721
turso,concurrent,64,3,55,31517417513,0,0,6672,464166,514013945,514484783
turso,concurrent,64,3,55,32031902587,0,0,7013,10204374,1200240863,1210452250
turso,concurrent,64,3,56,689091,1,0,36662988,418680,1347699808,1384781476
turso,concurrent,64,3,56,1385470907,1,0,51107,3239122,136614473,139904702
turso,concurrent,64,3,56,1525375859,1,0,6222,454848,2996819324,2997280394
turso,concurrent,64,3,56,4522656594,0,0,7574,12094602,67353837,79456013
turso,concurrent,64,3,56,4602112878,0,0,6121,461180,255889008,256356309
turso,concurrent,64,3,56,4858469838,0,0,6923,579193,674927728,675513844
turso,concurrent,64,3,56,5533983973,0,0,6172,526493,3348108520,3348641185
turso,concurrent,64,3,56,8882625538,0,0,8987,15639059,3401774611,3417422657
turso,concurrent,64,3,56,12300048916,0,0,7765,12758043,2451069989,2463835797
turso,concurrent,64,3,56,14763885925,0,0,8075,11829050,48398922,60236047
turso,concurrent,64,3,56,14824122353,0,0,7654,525712,620682515,621215881
turso,concurrent,64,3,56,15445338654,0,0,7854,506075,910219672,910733601
turso,concurrent,64,3,56,16356072456,0,0,6162,12747783,1232382230,1245136175
turso,concurrent,64,3,56,17601209021,0,0,7094,603569,205319560,205930223
turso,concurrent,64,3,56,17807139635,0,0,9067,20806749,735212597,756028413
turso,concurrent,64,3,56,18563168479,0,0,7084,625039,77633714,78265837
turso,concurrent,64,3,56,18641434617,0,0,6091,683420,549267143,549956654
turso,concurrent,64,3,56,19191392013,0,0,7093,23150502,1292627654,1315785249
turso,concurrent,64,3,56,20507177613,0,0,10870,29974107,792909273,822894250
turso,concurrent,64,3,56,21330072234,0,0,8677,21948634,566262831,588220142
turso,concurrent,64,3,56,21918292767,0,0,6633,491888,1491340478,1491838999
turso,concurrent,64,3,56,23410132097,0,0,7845,13527965,996350329,1009886139
turso,concurrent,64,3,56,24420018526,0,0,6833,20370607,874973678,895351118
turso,concurrent,64,3,56,25315369874,0,0,6823,17992079,1999157891,2017156793
turso,concurrent,64,3,56,27332527038,0,0,7504,19619049,340084473,359711026
turso,concurrent,64,3,56,27692238325,0,0,5209,427547,1362639868,1363072624
turso,concurrent,64,3,56,29055311360,0,0,7774,539799,1977273018,1977820591
turso,concurrent,64,3,56,31033132382,0,0,8596,29021890,446833174,475863660
turso,concurrent,64,3,56,31508996433,0,0,7033,508871,216786597,217302501
turso,concurrent,64,3,56,31726299194,0,0,5801,560558,976660947,977227306
turso,concurrent,64,3,56,32703526811,0,0,7143,17038049,440690524,457735716
turso,concurrent,64,3,57,1383631,1,0,8029080,720169,611657996,620407245
turso,concurrent,64,3,57,621791407,1,0,6723,467101,2690088875,2690562699
turso,concurrent,64,3,57,3312354477,0,0,58991,5481263,384282168,389822422
turso,concurrent,64,3,57,3702177170,0,0,5550,479555,144140244,144625349
turso,concurrent,64,3,57,3846802779,0,0,5651,499973,389585506,390091130
turso,concurrent,64,3,57,4236894400,0,0,6592,21931341,2019554528,2041492461
turso,concurrent,64,3,57,6278387081,0,0,6222,460569,2040650964,2041117755
turso,concurrent,64,3,57,8319505146,0,0,9358,14586092,192203502,206798952
turso,concurrent,64,3,57,8526304368,0,0,5430,776546,265263887,266045863
turso,concurrent,64,3,57,8792350932,0,0,8737,19406157,776593657,796008551
turso,concurrent,64,3,57,9588359714,0,0,6923,806492,1221037683,1221851098
turso,concurrent,64,3,57,10810211393,0,0,17694,20724574,911581091,932323359
turso,concurrent,64,3,57,11742535143,0,0,7133,535992,744595551,745138676
turso,concurrent,64,3,57,12487674080,0,0,6502,5658587,380272713,385937802
turso,concurrent,64,3,57,12873612142,0,0,5641,735879,140693820,141435340
turso,concurrent,64,3,57,13015047853,0,0,7194,568292,480392947,480968433
turso,concurrent,64,3,57,13496016596,0,0,7725,9116241,796521118,805645084
turso,concurrent,64,3,57,14301662441,0,0,5972,500604,2155189613,2155696189
turso,concurrent,64,3,57,16457358930,0,0,9027,12770667,582206816,594986510
turso,concurrent,64,3,57,17052345730,0,0,6663,491938,2316027402,2316526003
turso,concurrent,64,3,57,19368872133,0,0,6562,20292078,572343425,592642065
turso,concurrent,64,3,57,19961514500,0,0,5931,499643,839771586,840277160
turso,concurrent,64,3,57,20801792050,0,0,8646,26952706,583092477,610053829
turso,concurrent,64,3,57,21411846190,0,0,8546,11533843,411002776,422545165
turso,concurrent,64,3,57,21834391657,0,0,6943,590124,1306529745,1307126812
turso,concurrent,64,3,57,23141518750,0,0,7955,12520314,1439642351,1452170620
turso,concurrent,64,3,57,24593689671,0,0,7013,24088612,198008555,222104180
turso,concurrent,64,3,57,24815794122,0,0,8215,26832660,688949876,715790751
turso,concurrent,64,3,57,25531585183,0,0,8556,6718698,376953971,383681225
turso,concurrent,64,3,57,25915266679,0,0,6091,534849,135349256,135890196
turso,concurrent,64,3,57,26051157286,0,0,6151,6209927,698069354,704285432
turso,concurrent,64,3,57,26755443449,0,0,7183,523889,1766065007,1766596079
turso,concurrent,64,3,57,28522039878,0,0,7755,662199,603203354,603873308
turso,concurrent,64,3,57,29125924046,0,0,7294,660406,159218464,159886164
turso,concurrent,64,3,57,29285810470,0,0,5780,588772,1340778127,1341372679
turso,concurrent,64,3,57,30627183541,0,0,9959,23825004,217145104,240980067
turso,concurrent,64,3,57,30868164019,0,0,7374,28132943,2466127310,2494267627
turso,concurrent,64,3,58,198425,1,0,2842212,457403,745724583,749024198
turso,concurrent,64,3,58,749223003,1,0,6792,445751,354948260,355400803
turso,concurrent,64,3,58,1104624067,1,0,44605,485896,620963855,621494356
turso,concurrent,64,3,58,1726118834,1,0,5190,435862,216036803,216477855
turso,concurrent,64,3,58,1942597059,1,0,6483,553704,771619583,772179770
turso,concurrent,64,3,58,2714777470,1,0,7474,11822377,538748967,550578818
turso,concurrent,64,3,58,3265356538,0,0,8506,23126948,167846734,190982188
turso,concurrent,64,3,58,3456339006,0,0,5631,423880,599604423,600033934
turso,concurrent,64,3,58,4056373200,0,0,5621,634327,1303195254,1303835202
turso,concurrent,64,3,58,5360209394,0,0,7864,25963901,1016735493,1042707258
turso,concurrent,64,3,58,6402917083,0,0,13886,16385336,5249136384,5265535606
turso,concurrent,64,3,58,11668453100,0,0,8696,6216179,184327892,190552767
turso,concurrent,64,3,58,11859006388,0,0,15770,543966,298879716,299439452
turso,concurrent,64,3,58,12158446211,0,0,7855,14556887,146802146,161366888
turso,concurrent,64,3,58,12319813489,0,0,5982,467832,1693015613,1693489427
turso,concurrent,64,3,58,14013303206,0,0,7755,11845090,715191200,727044045
turso,concurrent,64,3,58,14740347611,0,0,8216,14654521,128469575,143132312
turso,concurrent,64,3,58,14883480965,0,0,7183,517276,198352124,198876583
turso,concurrent,64,3,58,15082357918,0,0,6002,508379,527244229,527758610
turso,concurrent,64,3,58,15610116849,0,0,7915,32306618,937657463,969971996
turso,concurrent,64,3,58,16580089226,0,0,5941,523638,10468433,10998012
turso,concurrent,64,3,58,16591087638,0,0,7124,544167,35202242,35753533
turso,concurrent,64,3,58,16626841511,0,0,13025,605492,756174700,756793217
turso,concurrent,64,3,58,17383635109,0,0,6843,587017,93810678,94404538
turso,concurrent,64,3,58,17478040008,0,0,5821,491868,1357751264,1358248953
turso,concurrent,64,3,58,18836289331,0,0,7333,18226041,50816564,69049938
turso,concurrent,64,3,58,18905339560,0,0,6382,37333443,56719332,94059157
turso,concurrent,64,3,58,18999398998,0,0,7885,35856125,404912826,440776836
turso,concurrent,64,3,58,19440176095,0,0,5650,507628,24931212,25444490
turso,concurrent,64,3,58,19465620865,0,0,4900,476379,110654390,111135669
turso,concurrent,64,3,58,19576756824,0,0,5200,442535,79209357,79657092
turso,concurrent,64,3,58,19656414217,0,0,5059,502669,186151453,186659181
turso,concurrent,64,3,58,19843073888,0,0,6362,547554,806503493,807057409
turso,concurrent,64,3,58,20650142037,0,0,8667,14532340,671063968,685604975
turso,concurrent,64,3,58,21335747272,0,0,6603,23132347,1034952256,1058091206
turso,concurrent,64,3,58,22393838808,0,0,6443,509261,599015481,599531185
turso,concurrent,64,3,58,22993370373,0,0,7714,18021514,1468035315,1486064543
turso,concurrent,64,3,58,24479435288,0,0,7244,11825022,18617418,30449684
turso,concurrent,64,3,58,24509885323,0,0,5480,552343,101087498,101645321
turso,concurrent,64,3,58,24611531045,0,0,6913,493190,123771040,124271143
turso,concurrent,64,3,58,24735802408,0,0,4739,462272,712307278,712774289
turso,concurrent,64,3,58,25448577108,0,0,8726,20439567,850553330,871001623
turso,concurrent,64,3,58,26319579031,0,0,7534,10661807,238575951,249245292
turso,concurrent,64,3,58,26568824724,0,0,6893,507668,20145722,20660283
turso,concurrent,64,3,58,26589485288,0,0,4769,480326,1819779620,1820264715
turso,concurrent,64,3,58,28409750413,0,0,6783,584102,502115985,502706870
turso,concurrent,64,3,58,28912457504,0,0,5220,484374,377911618,378401212
turso,concurrent,64,3,58,29290859097,0,0,7564,553264,1635537218,1636098046
turso,concurrent,64,3,58,30926957584,0,0,8687,25986352,1103758123,1129753162
turso,concurrent,64,3,58,32056711027,0,0,6732,11854729,756790852,768652313
turso,concurrent,64,3,58,32825363631,0,0,6151,578612,28410677,28995440
turso,concurrent,64,3,58,32854359372,0,0,5090,485816,289631937,290122843
turso,concurrent,64,3,59,5000,1,0,3924284,473915,383009958,387408157
turso,concurrent,64,3,59,387413537,1,0,6442,418049,2525017598,2525442089
turso,concurrent,64,3,59,2912855927,1,0,58400,17377319,1199256445,1216692164
turso,concurrent,64,3,59,4129548472,0,0,7574,14556426,389892044,404456044
turso,concurrent,64,3,59,4534004857,0,0,8065,3371342,436937382,440316789
turso,concurrent,64,3,59,4974322126,0,0,5982,432847,2418647241,2419086070
turso,concurrent,64,3,59,7393408486,0,0,7735,10052347,255979169,266039251
turso,concurrent,64,3,59,7659448007,0,0,9218,17497926,224477569,241984713
turso,concurrent,64,3,59,7901433010,0,0,5320,458626,225121133,225585079
turso,concurrent,64,3,59,8127018951,0,0,6933,699670,1828999115,1829705718
turso,concurrent,64,3,59,9956725070,0,0,8836,6162057,1283465116,1289636009
turso,concurrent,64,3,59,11246361370,0,0,6372,497839,136405920,136910131
turso,concurrent,64,3,59,11383271761,0,0,5240,478904,62859718,63343862
turso,concurrent,64,3,59,11446616013,0,0,6663,500514,363240897,363748074
turso,concurrent,64,3,59,11810364307,0,0,6342,496437,778162327,778665106
turso,concurrent,64,3,59,12589029794,0,0,8647,17267441,222034499,239310587
turso,concurrent,64,3,59,12828340732,0,0,6081,446182,557028308,557480571
turso,concurrent,64,3,59,13385822064,0,0,6362,3987544,1368389086,1372382992
turso,concurrent,64,3,59,14758205447,0,0,8496,6212902,335942679,342164077
turso,concurrent,64,3,59,15100369754,0,0,5851,448787,2069478237,2069932875
turso,concurrent,64,3,59,17170302870,0,0,7414,10554985,476373984,486936383
turso,concurrent,64,3,59,17657239533,0,0,5962,510763,1652602418,1653119143
turso,concurrent,64,3,59,19310358997,0,0,7434,17019444,35774942,52801820
turso,concurrent,64,3,59,19363161087,0,0,7404,629187,28143373,28779964
turso,concurrent,64,3,59,19391941332,0,0,5030,457463,132532160,132994653
turso,concurrent,64,3,59,19524936286,0,0,7294,644075,93770612,94421981
turso,concurrent,64,3,59,19619358568,0,0,5330,444789,764567135,765017254
turso,concurrent,64,3,59,20384376103,0,0,8836,9035429,1310672212,1319716477
turso,concurrent,64,3,59,21704092961,0,0,8245,16385778,2446898107,2463292130
turso,concurrent,64,3,59,24167385432,0,0,8616,14807360,1674601077,1689417053
turso,concurrent,64,3,59,25856802945,0,0,8106,43931112,1567464494,1611403712
turso,concurrent,64,3,59,27468206908,0,0,8916,17753198,724230716,741992830
turso,concurrent,64,3,59,28210200008,0,0,5310,516013,1261645696,1262167019
turso,concurrent,64,3,59,29472376906,0,0,6382,571559,653724089,654302030
turso,concurrent,64,3,59,30126679257,0,0,6943,488291,448220512,448715746
turso,concurrent,64,3,59,30575395274,0,0,7514,607766,921674176,922289456
turso,concurrent,64,3,59,31497685140,0,0,8737,9014168,697106597,706129502
turso,concurrent,64,3,59,32203814932,0,0,7164,17797291,57022083,74826538
turso,concurrent,64,3,59,32278641720,0,0,5150,551611,315438720,315995481
turso,concurrent,64,3,59,32594637451,0,0,5601,463024,122076612,122545237
turso,concurrent,64,3,59,32717182978,0,0,5280,504341,63690726,64200347
turso,concurrent,64,3,59,32781383556,0,0,5470,527987,571825508,572358965
turso,concurrent,64,3,60,830848,1,0,1102080,727672,1823544233,1825373985
turso,concurrent,64,3,60,1826205204,1,0,48211,6026220,296369790,302444221
turso,concurrent,64,3,60,2128649676,1,0,7123,935816,756811912,757754851
turso,concurrent,64,3,60,2886404868,1,0,6653,472681,797338681,797818015
turso,concurrent,64,3,60,3684223163,0,0,6642,9606105,2004052277,2013665024
turso,concurrent,64,3,60,5697888759,0,0,6793,14795026,780170948,794972767
turso,concurrent,64,3,60,6492861836,0,0,7715,6167177,783787901,789962793
turso,concurrent,64,3,60,7282824930,0,0,7344,551470,931443689,932002503
turso,concurrent,64,3,60,8214827744,0,0,6332,11814202,545369108,557189642
turso,concurrent,64,3,60,8772018197,0,0,7695,22246596,522414697,544668988
turso,concurrent,64,3,60,9316687605,0,0,6823,468114,110201936,110676873
turso,concurrent,64,3,60,9427364858,0,0,7154,546000,121352465,121905619
turso,concurrent,64,3,60,9549270698,0,0,5400,493111,70544718,71043229
turso,concurrent,64,3,60,9620314438,0,0,14488,775954,320709165,321499607
turso,concurrent,64,3,60,9941814425,0,0,9428,6276443,140089560,146375431
turso,concurrent,64,3,60,10088190196,0,0,5660,525812,546559815,547091287
turso,concurrent,64,3,60,10635281734,0,0,5651,541792,311833659,312381102
turso,concurrent,64,3,60,10947664018,0,0,7434,570687,2828900514,2829478635
turso,concurrent,64,3,60,13777143014,0,0,8265,9666410,448613393,458288068
turso,concurrent,64,3,60,14235431372,0,0,6022,474064,46981478,47461564
turso,concurrent,64,3,60,14282893186,0,0,5711,474105,1430033280,1430513096
turso,concurrent,64,3,60,15713406712,0,0,12845,11404789,336588097,348005731
turso,concurrent,64,3,60,16061412914,0,0,5680,665997,449777329,450449006
turso,concurrent,64,3,60,16511862151,0,0,5039,557061,741425861,741987961
turso,concurrent,64,3,60,17253850482,0,0,7734,548665,1925655774,1926212173
turso,concurrent,64,3,60,19180062896,0,0,7053,17673848,88467978,106148879
turso,concurrent,64,3,60,19286212075,0,0,5270,520683,2159142120,2159668073
turso,concurrent,64,3,60,21445880609,0,0,9207,21641405,738339407,759990019
turso,concurrent,64,3,60,22205870968,0,0,5100,465558,3086479271,3086949929
turso,concurrent,64,3,60,25292821278,0,0,8065,17479061,642179035,659666161
turso,concurrent,64,3,60,25952487850,0,0,5811,564465,910361389,910931665
turso,concurrent,64,3,60,26863419886,0,0,7724,25715823,882280524,908004071
turso,concurrent,64,3,60,27771424238,0,0,7454,503460,119894885,120405799
turso,concurrent,64,3,60,27891842340,0,0,6111,500675,1362306619,1362813405
turso,concurrent,64,3,60,29254656107,0,0,7193,581627,232849717,233438537
turso,concurrent,64,3,60,29488095094,0,0,13827,617545,110179935,110811307
turso,concurrent,64,3,60,29598906691,0,0,6573,518678,759560939,760086190
turso,concurrent,64,3,60,30358993212,0,0,7194,587658,331119849,331714701
turso,concurrent,64,3,60,30690708424,0,0,17723,15538570,531521319,547077612
turso,concurrent,64,3,60,31237786386,0,0,6543,615441,604911156,605533140
turso,concurrent,64,3,60,31843319927,0,0,22452,11200444,643251749,654474645
turso,concurrent,64,3,60,32497794943,0,0,6442,468093,410968583,411443118
turso,concurrent,64,3,60,32909238291,0,0,6232,560467,400562949,401129648
turso,concurrent,64,3,61,3266,1,0,4343074,506817,19165032,24014923
turso,concurrent,64,3,61,24018901,1,0,8135,533016,750136406,750677557
turso,concurrent,64,3,61,774696669,1,0,6783,456651,381423134,381886568
turso,concurrent,64,3,61,1156583588,1,0,61496,3261023,144638994,147961513
turso,concurrent,64,3,61,1304545331,1,0,5020,422137,117332871,117760028
turso,concurrent,64,3,61,1422306221,1,0,6662,462884,282767564,283237110
turso,concurrent,64,3,61,1705543722,1,0,7203,510514,64946826,65464543
turso,concurrent,64,3,61,1771008585,1,0,5490,416006,1319492263,1319913759
turso,concurrent,64,3,61,3090922725,0,0,8867,20279464,176756827,197045158
turso,concurrent,64,3,61,3287969015,0,0,8105,3721102,464661614,468390821
turso,concurrent,64,3,61,3756360216,0,0,6192,467903,308041022,308515117
turso,concurrent,64,3,61,4064875613,0,0,5160,436463,498607706,499049329
turso,concurrent,64,3,61,4563925243,0,0,7053,20334789,421180481,441522323
turso,concurrent,64,3,61,5005447846,0,0,6171,444749,513931409,514382329
turso,concurrent,64,3,61,5519830497,0,0,5380,440551,321969594,322415525
turso,concurrent,64,3,61,5842246402,0,0,6512,656388,688194862,688857762
turso,concurrent,64,3,61,6531104515,0,0,7084,10820617,580738214,591565915
turso,concurrent,64,3,61,7122671372,0,0,7975,560177,87680161,88248313
turso,concurrent,64,3,61,7210919935,0,0,5250,661999,794411798,795079047
turso,concurrent,64,3,61,8005999373,0,0,8105,8654420,295322033,303984558
turso,concurrent,64,3,61,8309984322,0,0,5550,476088,846892212,847373850
turso,concurrent,64,3,61,9157358593,0,0,8486,19258428,192723463,211990377
turso,concurrent,64,3,61,9369349261,0,0,5841,447865,2610637361,2611091067
turso,concurrent,64,3,61,11980440748,0,0,9067,28778020,717156117,745943204
turso,concurrent,64,3,61,12726384213,0,0,7894,5787561,465682991,471478446
turso,concurrent,64,3,61,13197863151,0,0,14497,9032223,216632005,225678725
turso,concurrent,64,3,61,13423542267,0,0,6041,468715,250731546,251206302
turso,concurrent,64,3,61,13674748830,0,0,5260,498089,739708881,740212230
turso,concurrent,64,3,61,14414961321,0,0,7855,12192496,1560689981,1572890332
turso,concurrent,64,3,61,15987852024,0,0,8266,19131628,632124374,651264268
turso,concurrent,64,3,61,16639116673,0,0,7063,525862,512942363,513475288
turso,concurrent,64,3,61,17152592222,0,0,5921,467452,385117936,385591309
turso,concurrent,64,3,61,17538183791,0,0,5390,495526,1533608663,1534109579
turso,concurrent,64,3,61,19072303579,0,0,7244,21954414,2996396337,3018357995
turso,concurrent,64,3,61,22090661814,0,0,8015,25915970,137591036,163515021
turso,concurrent,64,3,61,22254177095,0,0,5912,498601,930683724,931188237
turso,concurrent,64,3,61,23185365743,0,0,8005,17402106,18261597,35671708
turso,concurrent,64,3,61,23221037731,0,0,5210,474656,50790545,51270411
turso,concurrent,64,3,61,23272308392,0,0,4689,489684,145462127,145956500
turso,concurrent,64,3,61,23418265273,0,0,7564,482791,456616274,457106629
turso,concurrent,64,3,61,23875372222,0,0,9578,8500209,332786123,341295910
turso,concurrent,64,3,61,24216668422,0,0,5531,470177,503678664,504154372
turso,concurrent,64,3,61,24720823084,0,0,5691,457904,1756991296,1757454891
turso,concurrent,64,3,61,26478278386,0,0,7744,14890236,1159561727,1174459707
turso,concurrent,64,3,61,27652738484,0,0,7614,666408,1549931872,1550605894
turso,concurrent,64,3,61,29203344669,0,0,6703,482530,713605277,714094510
turso,concurrent,64,3,61,29917439469,0,0,6813,703147,680787765,681497725
turso,concurrent,64,3,61,30598937615,0,0,7855,540660,1019458771,1020007286
turso,concurrent,64,3,61,31618945262,0,0,8646,7604108,921084382,928697136
turso,concurrent,64,3,61,32547642839,0,0,8616,32064101,712466067,744538784
turso,concurrent,64,3,62,1405192,1,0,83619048,425983,1119259352,1203304383
turso,concurrent,64,3,62,1204709936,1,0,49092,6074232,2576523021,2582646345
turso,concurrent,64,3,62,3787356662,0,0,8656,12511619,1423665635,1436185910
turso,concurrent,64,3,62,5223542952,0,0,8386,9829848,2629410514,2639248748
turso,concurrent,64,3,62,7862792010,0,0,8135,11722779,208205025,219935939
turso,concurrent,64,3,62,8082728500,0,0,6322,468474,29659905,30134701
turso,concurrent,64,3,62,8112863511,0,0,6513,611283,151941503,152559299
turso,concurrent,64,3,62,8265423111,0,0,5881,491237,1476493404,1476990522
turso,concurrent,64,3,62,9742414164,0,0,14377,26595312,832325947,858935636
turso,concurrent,64,3,62,10601350832,0,0,7444,577770,475654997,476240211
turso,concurrent,64,3,62,11077591273,0,0,6332,493862,3617265112,3617765306
turso,concurrent,64,3,62,14695356960,0,0,7714,31233394,1220537910,1251779018
turso,concurrent,64,3,62,15947136329,0,0,8456,24404358,401532347,425945161
turso,concurrent,64,3,62,16373081851,0,0,6101,459056,1468638995,1469104152
turso,concurrent,64,3,62,17842186313,0,0,7935,25017996,108904668,133930599
turso,concurrent,64,3,62,17976117273,0,0,7474,585926,238827956,239421356
turso,concurrent,64,3,62,18215538859,0,0,6282,595233,680594811,681196326
turso,concurrent,64,3,62,18896736367,0,0,8466,11981167,3370356358,3382345991
turso,concurrent,64,3,62,22279082749,0,0,9097,49400653,399831077,449240827
turso,concurrent,64,3,62,22728323766,0,0,13586,24075097,848259240,872347923
turso,concurrent,64,3,62,23600671920,0,0,5801,543355,127833475,128382631
turso,concurrent,64,3,62,23729054721,0,0,6572,18412252,2063088510,2081507334
turso,concurrent,64,3,62,25810562476,0,0,8696,9651291,45980529,55640516
turso,concurrent,64,3,62,25866203282,0,0,6092,501596,307259067,307766755
turso,concurrent,64,3,62,26173970488,0,0,8405,20288502,235255696,255552603
turso,concurrent,64,3,62,26429523402,0,0,5540,487260,1004063973,1004556773
turso,concurrent,64,3,62,27434080485,0,0,5620,592087,382637366,383235073
turso,concurrent,64,3,62,27817315809,0,0,5430,443758,292297015,292746203
turso,concurrent,64,3,62,28110062242,0,0,5671,486047,1169550674,1170042392
turso,concurrent,64,3,62,29280104915,0,0,6903,584262,1068333953,1068925118
turso,concurrent,64,3,62,30349030353,0,0,7134,564665,326414030,326985829
turso,concurrent,64,3,62,30676016592,0,0,8807,20765281,210252959,231027047
turso,concurrent,64,3,62,30907044000,0,0,6252,1639874,485107913,486754039
turso,concurrent,64,3,62,31393808279,0,0,5290,438497,762756859,763200646
turso,concurrent,64,3,62,32157009196,0,0,7093,14670602,137509401,152187096
turso,concurrent,64,3,62,32309196543,0,0,6041,557873,343354444,343918358
turso,concurrent,64,3,62,32653115141,0,0,6643,593059,774340245,774939947
turso,concurrent,64,3,63,1230683,1,0,26350239,500625,772092554,798943418
turso,concurrent,64,3,63,800174452,1,0,7023,418660,1342234466,1342660149
turso,concurrent,64,3,63,2142834871,1,0,56116,18225459,103800317,122081892
turso,concurrent,64,3,63,2264917014,1,0,6292,495114,2261899279,2262400685
turso,concurrent,64,3,63,4527318029,0,0,6964,7469865,78631406,86108235
turso,concurrent,64,3,63,4613426775,0,0,5591,458064,375200934,375664589
turso,concurrent,64,3,63,4989091704,0,0,5740,550920,45378343,45935003
turso,concurrent,64,3,63,5035026948,0,0,5290,475147,66863933,67344370
turso,concurrent,64,3,63,5102371608,0,0,6112,666748,81153636,81826496
turso,concurrent,64,3,63,5184198895,0,0,5731,509762,499047215,499562708
turso,concurrent,64,3,63,5683761974,0,0,7474,554656,294383843,294945973
turso,concurrent,64,3,63,5978708217,0,0,5831,490876,491022213,491518920
turso,concurrent,64,3,63,6470227508,0,0,7624,23604659,240879056,264491339
turso,concurrent,64,3,63,6734719218,0,0,5140,430763,122566346,123002249
turso,concurrent,64,3,63,6857721838,0,0,6803,492439,791955013,792454255
turso,concurrent,64,3,63,7650176483,0,0,7324,12571781,242196693,254775798
turso,concurrent,64,3,63,7904952541,0,0,6483,537945,186405722,186950150
turso,concurrent,64,3,63,8091903473,0,0,5811,512968,249775412,250294191
turso,concurrent,64,3,63,8342197935,0,0,4899,516434,141290716,141812049
turso,concurrent,64,3,63,8484010275,0,0,6031,539348,849150914,849696293
turso,concurrent,64,3,63,9333706838,0,0,6913,21093371,1659562630,1680662914
turso,concurrent,64,3,63,11014370113,0,0,9799,14860429,817972104,832842332
turso,concurrent,64,3,63,11847212835,0,0,6993,530721,809948374,810486088
turso,concurrent,64,3,63,12657699224,0,0,7344,28701626,908600517,937309487
turso,concurrent,64,3,63,13595008971,0,0,6372,14601181,21747825,36355378
turso,concurrent,64,3,63,13631364660,0,0,6001,450710,240459044,240915755
turso,concurrent,64,3,63,13872280816,0,0,6302,497158,1149362833,1149866293
turso,concurrent,64,3,63,15022147389,0,0,7163,8983110,119012180,128002453
turso,concurrent,64,3,63,15150150163,0,0,6042,571208,166190699,166767949
turso,concurrent,64,3,63,15316918433,0,0,5460,467883,850854237,851327580
turso,concurrent,64,3,63,16168246334,0,0,6221,19334111,35483213,54823545
turso,concurrent,64,3,63,16223070119,0,0,6432,486658,1270142819,1270635909
turso,concurrent,64,3,63,17493706599,0,0,6111,530231,2774467767,2775004109
turso,concurrent,64,3,63,20268721939,0,0,12133,13768940,273859266,287640339
turso,concurrent,64,3,63,20556362588,0,0,7003,550860,1114666035,1115223898
turso,concurrent,64,3,63,21671586936,0,0,8827,25951888,36556717,62517432
turso,concurrent,64,3,63,21734104689,0,0,6973,519360,1462060802,1462587135
turso,concurrent,64,3,63,23196692104,0,0,7505,17462459,761237943,778707907
turso,concurrent,64,3,63,23975400372,0,0,7324,11854588,3460945338,3472807250
turso,concurrent,64,3,63,27448207992,0,0,7595,31738245,1190904246,1222650086
turso,concurrent,64,3,63,28670858379,0,0,5210,473173,574774802,575253185
turso,concurrent,64,3,63,29246112105,0,0,7725,731981,446821402,447561108
turso,concurrent,64,3,63,29693673593,0,0,6221,546021,1070597603,1071149845
turso,concurrent,64,3,63,30764823810,0,0,7203,31986004,2384019283,2416012490
