engine,mode,connections,run,connection,started_ns,warmup,restarts,begin_ns,work_ns,commit_ns,total_ns
turso,concurrent,32,3,0,4899,1,0,2629752,685263,41436606,44751621
turso,concurrent,32,3,0,44757361,1,0,8987,375438,156829777,157214202
turso,concurrent,32,3,0,201971934,1,0,5861,317309,116986758,117309928
turso,concurrent,32,3,0,319282173,1,0,6211,350372,204556370,204912953
turso,concurrent,32,3,0,524195436,1,0,6082,430943,71670813,72107838
turso,concurrent,32,3,0,596303725,1,0,6412,482440,117058644,117547496
turso,concurrent,32,3,0,713851522,1,0,5180,329471,46193601,46528252
turso,concurrent,32,3,0,760380025,1,0,5731,305376,121141327,121452434
turso,concurrent,32,3,0,881832820,1,0,6683,365760,43501632,43874075
turso,concurrent,32,3,0,925707606,1,0,5781,368525,13753731,14128037
turso,concurrent,32,3,0,939835904,1,0,5891,458185,287258047,287722123
turso,concurrent,32,3,0,1227558347,1,0,46187,779341,66441336,67266864
turso,concurrent,32,3,0,1294825502,1,0,5550,580245,570347428,570933223
turso,concurrent,32,3,0,1865759006,1,0,5581,380317,90187893,90573791
turso,concurrent,32,3,0,1956333047,1,0,6332,473103,113544473,114023908
turso,concurrent,32,3,0,2070357225,1,0,7795,3265171,30374142,33647108
turso,concurrent,32,3,0,2104004593,1,0,5451,436834,140035598,140477883
turso,concurrent,32,3,0,2244483198,1,0,6161,453295,231820946,232280402
turso,concurrent,32,3,0,2476763950,1,0,5911,452645,14778064,15236620
turso,concurrent,32,3,0,2492000790,1,0,5320,434911,35395346,35835577
turso,concurrent,32,3,0,2527836677,1,0,6933,474546,588247404,588728883
turso,concurrent,32,3,0,3116565820,0,0,7214,595163,95767570,96369947
turso,concurrent,32,3,0,3212936018,0,0,7854,3345142,296203306,299556302
turso,concurrent,32,3,0,3512492570,0,0,5902,561188,338949312,339516402
turso,concurrent,32,3,0,3852009223,0,0,6983,529419,96334971,96871373
turso,concurrent,32,3,0,3948880866,0,0,5520,436173,62954757,63396450
turso,concurrent,32,3,0,4012277597,0,0,5510,512637,321047944,321566091
turso,concurrent,32,3,0,4333843910,0,0,7414,11901497,37258892,49167803
turso,concurrent,32,3,0,4383011973,0,0,5892,486167,201424681,201916740
turso,concurrent,32,3,0,4584929074,0,0,5841,487981,54244662,54738484
turso,concurrent,32,3,0,4639667909,0,0,6993,468113,439199079,439674185
turso,concurrent,32,3,0,5079342385,0,0,7364,468294,108577721,109053379
turso,concurrent,32,3,0,5188396025,0,0,5500,440882,32366561,32812943
turso,concurrent,32,3,0,5221210451,0,0,5611,587819,27907177,28500607
turso,concurrent,32,3,0,5249711398,0,0,5811,436413,332646339,333088563
turso,concurrent,32,3,0,5582800242,0,0,9368,682929,225289370,225981667
turso,concurrent,32,3,0,5808782230,0,0,6312,465247,76127964,76599523
turso,concurrent,32,3,0,5885382013,0,0,5681,496467,197665829,198167977
turso,concurrent,32,3,0,6083550350,0,0,6653,517156,133665318,134189127
turso,concurrent,32,3,0,6217739748,0,0,5791,410775,89323180,89739746
turso,concurrent,32,3,0,6307479895,0,0,5410,451202,44328982,44785594
turso,concurrent,32,3,0,6352265700,0,0,6161,513309,57231118,57750588
turso,concurrent,32,3,0,6410016588,0,0,7104,6454849,155593644,162055597
turso,concurrent,32,3,0,6572072506,0,0,6221,472111,18461725,18940057
turso,concurrent,32,3,0,6591012824,0,0,5179,474666,87740344,88220189
turso,concurrent,32,3,0,6679233304,0,0,7103,489604,282903952,283400659
turso,concurrent,32,3,0,6962634243,0,0,6422,605513,116863686,117475621
turso,concurrent,32,3,0,7080110224,0,0,5932,473062,267107196,267586190
turso,concurrent,32,3,0,7347696714,0,0,7905,562992,22709610,23280507
turso,concurrent,32,3,0,7370977542,0,0,9909,433227,80957606,81400742
turso,concurrent,32,3,0,7452378715,0,0,12003,554276,53064636,53630915
turso,concurrent,32,3,0,7506010000,0,0,9288,6373876,527206558,533589722
turso,concurrent,32,3,0,8039600063,0,0,10479,4042258,339050662,343103399
turso,concurrent,32,3,0,8382703743,0,0,7424,500194,34374049,34881667
turso,concurrent,32,3,0,8417585681,0,0,5931,421105,28177697,28604733
turso,concurrent,32,3,0,8446190715,0,0,6302,433738,28097075,28537115
turso,concurrent,32,3,0,8474728111,0,0,7504,627153,237510741,238145398
turso,concurrent,32,3,0,8712873780,0,0,7894,6414303,180720345,187142542
turso,concurrent,32,3,0,8900016583,0,0,8015,564224,30550986,31123225
turso,concurrent,32,3,0,8931140049,0,0,5951,698778,87329790,88034519
turso,concurrent,32,3,0,9019174858,0,0,5972,531452,100846274,101383698
turso,concurrent,32,3,0,9120558816,0,0,6593,511675,288520690,289038958
turso,concurrent,32,3,0,9409598124,0,0,6743,564586,208528194,209099523
turso,concurrent,32,3,0,9618697958,0,0,6973,487870,365495010,365989853
turso,concurrent,32,3,0,9984688092,0,0,9588,7835164,262483982,270328734
turso,concurrent,32,3,0,10255019401,0,0,7945,538846,356866800,357413591
turso,concurrent,32,3,0,10612433232,0,0,7494,535390,14468441,15011325
turso,concurrent,32,3,0,10627444797,0,0,5671,662981,104726675,105395327
turso,concurrent,32,3,0,10732840434,0,0,7304,538276,347890863,348436443
turso,concurrent,32,3,0,11081277118,0,0,8376,3654675,29079840,32742891
turso,concurrent,32,3,0,11114020279,0,0,5471,489153,118497589,118992213
turso,concurrent,32,3,0,11233012752,0,0,5471,399924,39125715,39531110
turso,concurrent,32,3,0,11272544133,0,0,5761,478803,17026517,17511081
turso,concurrent,32,3,0,11290055464,0,0,5791,498851,483471456,483976098
turso,concurrent,32,3,0,11774031832,0,0,6473,601244,97273582,97881299
turso,concurrent,32,3,0,11871913452,0,0,6572,657431,140441274,141105277
turso,concurrent,32,3,0,12013018999,0,0,9949,1245169,99721612,100976730
turso,concurrent,32,3,0,12113996009,0,0,6943,6778260,65218969,72004172
turso,concurrent,32,3,0,12186000442,0,0,5771,426575,53570890,54003236
turso,concurrent,32,3,0,12240004029,0,0,5330,455119,198546320,199006769
turso,concurrent,32,3,0,12439011079,0,0,6332,499863,362194362,362700557
turso,concurrent,32,3,0,12801711896,0,0,6002,446412,73664956,74117370
turso,concurrent,32,3,0,12875829627,0,0,8416,747260,256519667,257275343
turso,concurrent,32,3,0,13133105331,0,0,8025,14979565,99066415,114054005
turso,concurrent,32,3,0,13247159696,0,0,8296,1355327,26070782,27434405
turso,concurrent,32,3,0,13274594312,0,0,5981,602417,155203097,155811495
turso,concurrent,32,3,0,13430406078,0,0,6031,630670,115983756,116620457
turso,concurrent,32,3,0,13547026925,0,0,7655,559545,210419003,210986203
turso,concurrent,32,3,0,13758013408,0,0,7394,443507,255960744,256411645
turso,concurrent,32,3,0,14014425373,0,0,7214,635900,216963020,217606134
turso,concurrent,32,3,0,14232032429,0,0,15840,554285,463036057,463606182
turso,concurrent,32,3,0,14695639062,0,0,9879,3845957,192167544,196023380
turso,concurrent,32,3,0,14891662932,0,0,5591,468814,39874999,40349404
turso,concurrent,32,3,0,14932012647,0,0,6142,505273,17992529,18503944
turso,concurrent,32,3,0,14950516832,0,0,5220,498340,67502889,68006449
turso,concurrent,32,3,0,15018523622,0,0,5540,444379,587881933,588331852
turso,concurrent,32,3,0,15606855885,0,0,8727,5663506,311215642,316887875
turso,concurrent,32,3,0,15923744061,0,0,5851,440932,502595399,503042182
turso,concurrent,32,3,0,16426786554,0,0,6953,487099,158394079,158888131
turso,concurrent,32,3,0,16585675075,0,0,2322903,1165680,300251554,303740137
turso,concurrent,32,3,0,16889415572,0,0,8606,4345279,200597801,204951686
turso,concurrent,32,3,0,17094367650,0,0,6392,523508,211964127,212494027
turso,concurrent,32,3,0,17306862098,0,0,6272,503680,81760621,82270573
turso,concurrent,32,3,0,17389132992,0,0,6732,449027,277969812,278425571
turso,concurrent,32,3,0,17667559074,0,0,6062,557181,166217380,166780623
turso,concurrent,32,3,0,17834339937,0,0,7925,7254990,278953067,286215982
turso,concurrent,32,3,0,18120556229,0,0,6112,430642,524927418,525364172
turso,concurrent,32,3,0,18645920691,0,0,6722,484134,279361397,279852253
turso,concurrent,32,3,0,18925773315,0,0,14918,7816740,364329260,372160918
turso,concurrent,32,3,0,19297934604,0,0,7053,729527,347400457,348137037
turso,concurrent,32,3,0,19646072262,0,0,7474,547644,98545432,99100550
turso,concurrent,32,3,0,19745173093,0,0,7193,641410,196188692,196837295
turso,concurrent,32,3,0,19942010659,0,0,5570,514551,8317774,8837895
turso,concurrent,32,3,0,19950848805,0,0,5019,440562,404535534,404981115
turso,concurrent,32,3,0,20355830331,0,0,8596,4381858,47139425,51529879
turso,concurrent,32,3,0,20407360441,0,0,5691,500244,280984630,281490565
turso,concurrent,32,3,0,20688851376,0,0,7574,770104,178015591,178793269
turso,concurrent,32,3,0,20867644876,0,0,5610,466971,229729599,230202180
turso,concurrent,32,3,0,21097847437,0,0,8205,585475,380405714,380999394
turso,concurrent,32,3,0,21478847122,0,0,8155,5837384,12897417,18742956
turso,concurrent,32,3,0,21497590438,0,0,5711,465949,56553859,57025519
turso,concurrent,32,3,0,21554616278,0,0,5691,478162,62535927,63019780
turso,concurrent,32,3,0,21617636338,0,0,5811,489504,31607870,32103185
turso,concurrent,32,3,0,21649739793,0,0,5020,496006,220773089,221274115
turso,concurrent,32,3,0,21871014188,0,0,7465,531793,61155782,61695040
turso,concurrent,32,3,0,21932709469,0,0,6162,498280,140803517,141307959
turso,concurrent,32,3,0,22074017859,0,0,5461,462312,140006573,140474346
turso,concurrent,32,3,0,22214492485,0,0,6062,582118,96820187,97408367
turso,concurrent,32,3,0,22311901163,0,0,6512,479986,160629015,161115513
turso,concurrent,32,3,0,22473018570,0,0,7634,1765301,85747804,87520739
turso,concurrent,32,3,0,22560539670,0,0,6212,763049,90842117,91611378
turso,concurrent,32,3,0,22652151289,0,0,6141,490997,328211010,328708148
turso,concurrent,32,3,0,22980859667,0,0,6062,417337,77733724,78157123
turso,concurrent,32,3,0,23059017050,0,0,6783,654605,150181381,150842769
turso,concurrent,32,3,0,23209860070,0,0,5510,566179,36480794,37052483
turso,concurrent,32,3,0,23246912824,0,0,5751,504952,83444389,83955092
turso,concurrent,32,3,0,23330868216,0,0,5461,509401,434756086,435270948
turso,concurrent,32,3,0,23766139504,0,0,8336,4331463,150104517,154444316
turso,concurrent,32,3,0,23920584060,0,0,5520,470688,238452638,238928846
turso,concurrent,32,3,0,24159513578,0,0,5380,457193,95855557,96318130
turso,concurrent,32,3,0,24255831948,0,0,5681,604100,209094403,209704184
turso,concurrent,32,3,0,24465536402,0,0,7203,494283,486979133,487480619
turso,concurrent,32,3,0,24953017283,0,0,8466,6632725,278589050,285230241
turso,concurrent,32,3,0,25238247815,0,0,6632,477121,9279258,9763011
turso,concurrent,32,3,0,25248011097,0,0,5350,473564,79689533,80168447
turso,concurrent,32,3,0,25328179844,0,0,5942,439399,294715729,295161070
turso,concurrent,32,3,0,25623341174,0,0,6472,648023,39849200,40503695
turso,concurrent,32,3,0,25663845140,0,0,6482,778920,42453804,43239206
turso,concurrent,32,3,0,25707084596,0,0,5290,473233,49113009,49591532
turso,concurrent,32,3,0,25756676379,0,0,5721,723215,381609636,382338572
turso,concurrent,32,3,0,26139015372,0,0,8305,3630821,224007172,227646298
turso,concurrent,32,3,0,26366661930,0,0,6653,510844,18831813,19349310
turso,concurrent,32,3,0,26386011470,0,0,4850,406236,395306309,395717395
turso,concurrent,32,3,0,26781729126,0,0,4829,440161,358424458,358869448
turso,concurrent,32,3,0,27140598915,0,0,8937,4083846,408127121,412219904
turso,concurrent,32,3,0,27552819019,0,0,7063,649095,105234574,105890732
turso,concurrent,32,3,0,27658709991,0,0,5731,655887,54482471,55144089
turso,concurrent,32,3,0,27713854331,0,0,5901,563053,104408534,104977488
turso,concurrent,32,3,0,27818832080,0,0,5480,433588,96745005,97184073
turso,concurrent,32,3,0,27916016514,0,0,6402,527085,70668782,71202269
turso,concurrent,32,3,0,27987219053,0,0,5671,542033,295228586,295776290
turso,concurrent,32,3,0,28282995894,0,0,16131,9822844,85072029,94911004
turso,concurrent,32,3,0,28377907219,0,0,6402,473904,7268084,7748390
turso,concurrent,32,3,0,28385655980,0,0,4879,467232,40899221,41371332
turso,concurrent,32,3,0,28427027583,0,0,5470,478152,162509925,162993547
turso,concurrent,32,3,0,28590021440,0,0,7725,487019,237894044,238388788
turso,concurrent,32,3,0,28828410598,0,0,7544,728796,138078445,138814785
turso,concurrent,32,3,0,28967225654,0,0,7805,494242,60891254,61393301
turso,concurrent,32,3,0,29028619185,0,0,6122,516955,268855965,269379042
turso,concurrent,32,3,0,29297998497,0,0,7074,528727,261567664,262103465
turso,concurrent,32,3,0,29560102402,0,0,16421,1512264,98656231,100184916
turso,concurrent,32,3,0,29660287578,0,0,6002,508629,50352088,50866719
turso,concurrent,32,3,0,29711154577,0,0,5911,664013,1374607499,1375277423
turso,concurrent,32,3,0,31086432361,0,0,8797,14973252,820453486,835435535
turso,concurrent,32,3,0,31921868397,0,0,15469,542133,437426204,437983806
turso,concurrent,32,3,0,32359852554,0,0,8646,6027804,360837922,366874372
turso,concurrent,32,3,0,32726727277,0,0,6823,808345,166477811,167292979
turso,concurrent,32,3,0,32894020557,0,0,7374,471559,166543606,167022539
turso,concurrent,32,3,1,16511,1,0,14166130,554767,94109011,108829908
turso,concurrent,32,3,1,108846799,1,0,6362,308783,446555580,446870725
turso,concurrent,32,3,1,555717845,1,0,6893,396187,115079741,115482821
turso,concurrent,32,3,1,671200966,1,0,7043,345933,98137302,98490278
turso,concurrent,32,3,1,769691484,1,0,6653,530541,205326243,205863437
turso,concurrent,32,3,1,975555442,1,0,5991,479635,38573223,39058849
turso,concurrent,32,3,1,1014614581,1,0,7023,359799,14809704,15176526
turso,concurrent,32,3,1,1029791347,1,0,62207,9532947,407625375,417220529
turso,concurrent,32,3,1,1447012147,1,0,6482,495024,92025801,92527307
turso,concurrent,32,3,1,1539540366,1,0,7404,542934,168751321,169301659
turso,concurrent,32,3,1,1708842346,1,0,6592,473093,793679566,794159251
turso,concurrent,32,3,1,2503001968,1,0,7584,9957699,86256053,96221336
turso,concurrent,32,3,1,2599223595,1,0,6162,405274,17067474,17478910
turso,concurrent,32,3,1,2616702726,1,0,4769,412077,149278288,149695134
turso,concurrent,32,3,1,2766398111,1,0,6191,388423,137220938,137615552
turso,concurrent,32,3,1,2904013893,1,0,6252,521875,22474015,23002142
turso,concurrent,32,3,1,2927016315,1,0,8826,676096,159815490,160500412
turso,concurrent,32,3,1,3087517460,0,0,6863,556810,234762085,235325758
turso,concurrent,32,3,1,3322843498,0,0,7865,4211487,25773912,29993264
turso,concurrent,32,3,1,3352837042,0,0,6502,509542,247155158,247671202
turso,concurrent,32,3,1,3600508465,0,0,6302,665175,3390337,4061814
turso,concurrent,32,3,1,3604570499,0,0,4980,445841,12670978,13121799
turso,concurrent,32,3,1,3617692949,0,0,4459,497859,171327081,171829399
turso,concurrent,32,3,1,3789522719,0,0,6633,529389,91560442,92096464
turso,concurrent,32,3,1,3881619433,0,0,6222,519730,188519582,189045534
turso,concurrent,32,3,1,4070665227,0,0,6713,564996,33281538,33853247
turso,concurrent,32,3,1,4104518764,0,0,6573,456822,197852952,198316347
turso,concurrent,32,3,1,4302835371,0,0,7875,713817,431294575,432016267
turso,concurrent,32,3,1,4734851908,0,0,6132,479044,106670252,107155428
turso,concurrent,32,3,1,4842007566,0,0,6022,464286,182156304,182626612
turso,concurrent,32,3,1,5024634489,0,0,5841,466450,378602261,379074552
turso,concurrent,32,3,1,5403709332,0,0,7574,3382302,62633161,66023037
turso,concurrent,32,3,1,5469732609,0,0,6132,447153,104461525,104914810
turso,concurrent,32,3,1,5574649042,0,0,5991,483423,348926337,349415751
turso,concurrent,32,3,1,5924065083,0,0,7645,442525,70193195,70643365
turso,concurrent,32,3,1,5994708788,0,0,7494,690493,136070908,136768895
turso,concurrent,32,3,1,6131477963,0,0,7224,541201,183660072,184208497
turso,concurrent,32,3,1,6315686770,0,0,6241,444208,234725546,235175995
turso,concurrent,32,3,1,6550863067,0,0,7744,7610170,21841201,29459115
turso,concurrent,32,3,1,6580322422,0,0,6613,578521,15936591,16521725
turso,concurrent,32,3,1,6596844387,0,0,5130,474696,167082031,167561857
turso,concurrent,32,3,1,6764406594,0,0,5631,453596,121607797,122067024
turso,concurrent,32,3,1,6886473889,0,0,7444,604190,913416714,914028348
turso,concurrent,32,3,1,7800502588,0,0,7955,4058858,208261422,212328235
turso,concurrent,32,3,1,8012831073,0,0,7054,468413,33200175,33675642
turso,concurrent,32,3,1,8046506965,0,0,5490,408281,301125463,301539234
turso,concurrent,32,3,1,8348046700,0,0,6933,525291,104123628,104655852
turso,concurrent,32,3,1,8452702822,0,0,5571,472732,98779323,99257626
turso,concurrent,32,3,1,8551960829,0,0,5690,465188,250430038,250900916
turso,concurrent,32,3,1,8802862045,0,0,7474,3561901,434929233,438498608
turso,concurrent,32,3,1,9241360944,0,0,8466,443576,197909529,198361571
turso,concurrent,32,3,1,9439722796,0,0,6251,514722,5977138,6498111
turso,concurrent,32,3,1,9446221237,0,0,7333,644867,186738510,187390710
turso,concurrent,32,3,1,9633612259,0,0,6552,459728,557150728,557617008
turso,concurrent,32,3,1,10191229518,0,0,7003,9003909,70172526,79183438
turso,concurrent,32,3,1,10270413267,0,0,8366,762027,122583960,123354353
turso,concurrent,32,3,1,10393767901,0,0,5089,450270,208623103,209078462
turso,concurrent,32,3,1,10602846603,0,0,6763,554226,94927586,95488575
turso,concurrent,32,3,1,10698335458,0,0,6342,454928,75402064,75863334
turso,concurrent,32,3,1,10774199053,0,0,5811,540029,15468947,16014787
turso,concurrent,32,3,1,10790214121,0,0,7043,686666,9106152,9799861
turso,concurrent,32,3,1,10800014232,0,0,6192,548926,3734496,4289614
turso,concurrent,32,3,1,10804304117,0,0,4939,479595,26218351,26702885
turso,concurrent,32,3,1,10831007292,0,0,5831,542974,184318083,184866888
turso,concurrent,32,3,1,11015874582,0,0,9207,8255156,20877604,29141967
turso,concurrent,32,3,1,11045018993,0,0,6883,513169,88314437,88834489
turso,concurrent,32,3,1,11133853803,0,0,6602,579794,192916668,193503064
turso,concurrent,32,3,1,11327357127,0,0,7194,461310,131750696,132219200
turso,concurrent,32,3,1,11459576608,0,0,4989,447384,16803155,17255528
turso,concurrent,32,3,1,11476832407,0,0,4849,437706,32574534,33017089
turso,concurrent,32,3,1,11509849856,0,0,7034,395837,117761781,118164652
turso,concurrent,32,3,1,11628014798,0,0,7224,686205,101849887,102543316
turso,concurrent,32,3,1,11730558384,0,0,6452,575696,172154523,172736671
turso,concurrent,32,3,1,11903295385,0,0,6813,515232,101393787,101915832
turso,concurrent,32,3,1,12005211888,0,0,14467,640098,117323905,117978470
turso,concurrent,32,3,1,12123190688,0,0,8687,9524281,34277948,43810916
turso,concurrent,32,3,1,12167001964,0,0,5611,472351,110256820,110734782
turso,concurrent,32,3,1,12277737047,0,0,6392,666056,125344358,126016806
turso,concurrent,32,3,1,12403754183,0,0,5861,416245,101931942,102354048
turso,concurrent,32,3,1,12506108452,0,0,6312,472482,113047395,113526189
turso,concurrent,32,3,1,12619634932,0,0,6171,550469,135643621,136200261
turso,concurrent,32,3,1,12755835544,0,0,6883,697817,677884847,678589547
turso,concurrent,32,3,1,13434425372,0,0,7975,8121904,62455225,70585104
turso,concurrent,32,3,1,13505010737,0,0,6261,446323,10082484,10535068
turso,concurrent,32,3,1,13515546116,0,0,5740,491318,580120579,580617637
turso,concurrent,32,3,1,14096164053,0,0,6042,512307,275118150,275636499
turso,concurrent,32,3,1,14371800823,0,0,8426,3437766,311581142,315027334
turso,concurrent,32,3,1,14686828528,0,0,6081,460890,190273310,190740281
turso,concurrent,32,3,1,14877569219,0,0,7324,560808,60932492,61500624
turso,concurrent,32,3,1,14939070093,0,0,6112,503710,201353117,201862939
turso,concurrent,32,3,1,15140933392,0,0,6332,655978,558995329,559657639
turso,concurrent,32,3,1,15700591472,0,0,7093,14945510,156369829,171322432
turso,concurrent,32,3,1,15871914314,0,0,7143,603809,101872069,102483021
turso,concurrent,32,3,1,15974397637,0,0,6953,471720,36890658,37369331
turso,concurrent,32,3,1,16011767268,0,0,5751,510854,159688401,160205006
turso,concurrent,32,3,1,16171972564,0,0,6813,465939,89999117,90471869
turso,concurrent,32,3,1,16262444683,0,0,5110,457573,369860407,370323090
turso,concurrent,32,3,1,16632768134,0,0,8856,1921345,148838288,150768489
turso,concurrent,32,3,1,16783537044,0,0,6633,450169,276849217,277306019
turso,concurrent,32,3,1,17060843324,0,0,6602,524891,66188388,66719881
turso,concurrent,32,3,1,17127563476,0,0,5460,450961,126728099,127184520
turso,concurrent,32,3,1,17254748487,0,0,7083,558404,84407285,84972772
turso,concurrent,32,3,1,17339721560,0,0,5640,500434,11870999,12377073
turso,concurrent,32,3,1,17352098894,0,0,4969,509652,18076017,18590638
turso,concurrent,32,3,1,17370689802,0,0,6172,639016,271591586,272236774
turso,concurrent,32,3,1,17642926937,0,0,6662,463826,58312548,58783036
turso,concurrent,32,3,1,17701710534,0,0,16501,611604,21793542,22421647
turso,concurrent,32,3,1,17724132561,0,0,6994,602947,301901678,302511619
turso,concurrent,32,3,1,18026644481,0,0,8145,11443803,88177959,99629907
turso,concurrent,32,3,1,18126274649,0,0,5721,460669,341340714,341807104
turso,concurrent,32,3,1,18468082023,0,0,5521,438327,155915642,156359490
turso,concurrent,32,3,1,18624441763,0,0,8095,1000518,8964835,9973448
turso,concurrent,32,3,1,18634415482,0,0,5711,651500,744798694,745455905
turso,concurrent,32,3,1,19379871668,0,0,8356,3333950,184628730,187971036
turso,concurrent,32,3,1,19567843445,0,0,6121,457253,111549098,112012472
turso,concurrent,32,3,1,19679856178,0,0,6272,431374,16556100,16993746
turso,concurrent,32,3,1,19696850194,0,0,4809,595744,80884879,81485432
turso,concurrent,32,3,1,19778335926,0,0,6062,552492,147683539,148242093
turso,concurrent,32,3,1,19926578430,0,0,8766,560879,362057704,362627349
turso,concurrent,32,3,1,20289206129,0,0,8816,15598993,315432098,331039907
turso,concurrent,32,3,1,20620246408,0,0,7073,545580,31647134,32199787
turso,concurrent,32,3,1,20652446465,0,0,5691,616513,85197486,85819690
turso,concurrent,32,3,1,20738266416,0,0,5721,518167,9228323,9752211
turso,concurrent,32,3,1,20748019038,0,0,6973,602056,129152934,129761963
turso,concurrent,32,3,1,20877781262,0,0,5470,612115,311251029,311868614
turso,concurrent,32,3,1,21189650246,0,0,6392,601816,28307573,28915781
turso,concurrent,32,3,1,21218566277,0,0,6803,9347818,67832551,77187172
turso,concurrent,32,3,1,21295753719,0,0,5129,495305,22194638,22695072
turso,concurrent,32,3,1,21318449072,0,0,5200,562602,100327354,100895156
turso,concurrent,32,3,1,21419345660,0,0,5481,467943,419395333,419868757
turso,concurrent,32,3,1,21839214677,0,0,6703,567120,310545197,311119020
turso,concurrent,32,3,1,22150334067,0,0,6713,455279,264050578,264512570
turso,concurrent,32,3,1,22414846898,0,0,8426,6886243,80303982,87198651
turso,concurrent,32,3,1,22502045820,0,0,6833,481428,69877199,70365460
turso,concurrent,32,3,1,22572411511,0,0,6652,724097,245311850,246042599
turso,concurrent,32,3,1,22818454360,0,0,5660,494954,34939195,35439809
turso,concurrent,32,3,1,22853894411,0,0,5350,466280,88818158,89289788
turso,concurrent,32,3,1,22943184479,0,0,7304,677298,169416526,170101128
turso,concurrent,32,3,1,23113285988,0,0,7073,502729,247389380,247899182
turso,concurrent,32,3,1,23361185531,0,0,6532,524921,309805000,310336453
turso,concurrent,32,3,1,23671522255,0,0,8866,6258289,531949968,538217123
turso,concurrent,32,3,1,24209739668,0,0,7745,508590,28291462,28807797
turso,concurrent,32,3,1,24238547755,0,0,5621,541311,236606305,237153237
turso,concurrent,32,3,1,24475701262,0,0,6823,532705,275700279,276239807
turso,concurrent,32,3,1,24751941340,0,0,9548,4330050,117182989,121522587
turso,concurrent,32,3,1,24873464307,0,0,7565,602136,93599640,94209341
turso,concurrent,32,3,1,24967673948,0,0,6572,484194,109668991,110159757
turso,concurrent,32,3,1,25077833966,0,0,5109,457243,140543918,141006270
turso,concurrent,32,3,1,25218840506,0,0,5490,484835,65685901,66176226
turso,concurrent,32,3,1,25285017102,0,0,5621,498681,264763012,265267314
turso,concurrent,32,3,1,25550284666,0,0,6092,508459,49927997,50442548
turso,concurrent,32,3,1,25600727375,0,0,5400,676386,12021243,12703029
turso,concurrent,32,3,1,25613430704,0,0,5922,583000,96931977,97520899
turso,concurrent,32,3,1,25710951883,0,0,6693,567411,52294022,52868126
turso,concurrent,32,3,1,25763820249,0,0,5741,405395,717671650,718082786
turso,concurrent,32,3,1,26481903325,0,0,7715,3435402,65418225,68861342
turso,concurrent,32,3,1,26550764958,0,0,6472,604370,65453542,66064384
turso,concurrent,32,3,1,26616829703,0,0,5641,422487,502864607,503292735
turso,concurrent,32,3,1,27120122799,0,0,8145,9339934,491553605,500901684
turso,concurrent,32,3,1,27621024824,0,0,7143,453286,48196871,48657300
turso,concurrent,32,3,1,27669682424,0,0,6162,662049,109844232,110512443
turso,concurrent,32,3,1,27780195167,0,0,5861,519951,63967067,64492879
turso,concurrent,32,3,1,27844688387,0,0,5390,468294,163834443,164308127
turso,concurrent,32,3,1,28008996895,0,0,6512,461331,388207085,388674928
turso,concurrent,32,3,1,28397672113,0,0,8586,805290,296955154,297769030
turso,concurrent,32,3,1,28695441434,0,0,6692,505073,43498907,44010672
turso,concurrent,32,3,1,28739452376,0,0,5501,516755,48852718,49374974
turso,concurrent,32,3,1,28788827590,0,0,5861,420884,43468539,43895284
turso,concurrent,32,3,1,28832723125,0,0,5701,454097,326050213,326510011
turso,concurrent,32,3,1,29159233487,0,0,6783,449948,134303152,134759883
turso,concurrent,32,3,1,29293993641,0,0,6913,491477,146910010,147408400
turso,concurrent,32,3,1,29441402381,0,0,7975,12539070,67069070,79616115
turso,concurrent,32,3,1,29521018747,0,0,7644,12730060,397261188,409998892
turso,concurrent,32,3,1,29931017900,0,0,6783,525421,77299073,77831277
turso,concurrent,32,3,1,30008849437,0,0,6061,572660,697949667,698528388
turso,concurrent,32,3,1,30707378177,0,0,10600,5847323,611252892,617110815
turso,concurrent,32,3,1,31324489343,0,0,8816,7840945,225282829,233132590
turso,concurrent,32,3,1,31557622233,0,0,6312,480407,1492530383,1493017102
turso,concurrent,32,3,2,11021,1,0,2877740,696344,49271398,52845482
turso,concurrent,32,3,2,52857094,1,0,7304,346153,203166338,203519795
turso,concurrent,32,3,2,256377279,1,0,6653,334601,128138300,128479554
turso,concurrent,32,3,2,384857154,1,0,5610,384776,233838462,234228848
turso,concurrent,32,3,2,619086292,1,0,6402,340492,60577121,60924015
turso,concurrent,32,3,2,680010919,1,0,6883,395466,109351732,109754081
turso,concurrent,32,3,2,789765281,1,0,6121,351654,88656613,89014388
turso,concurrent,32,3,2,878779919,1,0,6162,343939,550244247,550594348
turso,concurrent,32,3,2,1429374507,1,0,43262,13982984,460287140,474313386
turso,concurrent,32,3,2,1903688804,1,0,7224,502017,95637806,96147047
turso,concurrent,32,3,2,1999836091,1,0,6322,524330,222317022,222847674
turso,concurrent,32,3,2,2222684046,1,0,8836,6685866,25817123,32511825
turso,concurrent,32,3,2,2255196161,1,0,5902,448977,30788564,31243443
turso,concurrent,32,3,2,2286439974,1,0,5861,453506,324901516,325360883
turso,concurrent,32,3,2,2611801177,1,0,7254,790552,278317547,279115353
turso,concurrent,32,3,2,2890916841,1,0,7043,442465,107545404,107994912
turso,concurrent,32,3,2,2998911973,1,0,5901,399675,238402964,238808540
turso,concurrent,32,3,2,3237721244,0,0,7194,2444552,40762083,43213829
turso,concurrent,32,3,2,3280935313,0,0,4829,447054,24631155,25083038
turso,concurrent,32,3,2,3306018662,0,0,5290,450470,96538135,96993895
turso,concurrent,32,3,2,3403012837,0,0,6122,611484,41383945,42001551
turso,concurrent,32,3,2,3445014639,0,0,5640,478724,61042940,61527304
turso,concurrent,32,3,2,3506542153,0,0,5580,506436,33267742,33779758
turso,concurrent,32,3,2,3540322171,0,0,5871,470268,80524228,81000367
turso,concurrent,32,3,2,3621322789,0,0,5911,439629,132520919,132966459
turso,concurrent,32,3,2,3754289489,0,0,5691,435582,149503342,149944615
turso,concurrent,32,3,2,3904234365,0,0,5941,505774,184269562,184781277
turso,concurrent,32,3,2,4089015892,0,0,5521,448696,20547721,21001938
turso,concurrent,32,3,2,4110018061,0,0,5590,492149,390678608,391176347
turso,concurrent,32,3,2,4501194688,0,0,8236,4155962,20488468,24652666
turso,concurrent,32,3,2,4525847685,0,0,6142,447454,49523755,49977351
turso,concurrent,32,3,2,4575825256,0,0,5611,471489,113511161,113988261
turso,concurrent,32,3,2,4689813807,0,0,6112,486357,59471766,59964235
turso,concurrent,32,3,2,4749779585,0,0,5550,484775,31732114,32222439
turso,concurrent,32,3,2,4782002294,0,0,5771,645438,307152265,307803474
turso,concurrent,32,3,2,5089806059,0,0,6993,735197,14430839,15173029
turso,concurrent,32,3,2,5104979379,0,0,10580,487610,332980249,333478439
turso,concurrent,32,3,2,5438458068,0,0,8516,3369628,34179392,37557536
turso,concurrent,32,3,2,5476015834,0,0,5140,413440,7613336,8031916
turso,concurrent,32,3,2,5484048020,0,0,5130,407268,26200477,26612875
turso,concurrent,32,3,2,5510661205,0,0,5440,454487,70799900,71259827
turso,concurrent,32,3,2,5581921334,0,0,8035,477441,101864114,102349590
turso,concurrent,32,3,2,5684271204,0,0,7294,689191,203916643,204613128
turso,concurrent,32,3,2,5888884582,0,0,6432,578532,29827340,30412304
turso,concurrent,32,3,2,5919297487,0,0,4389,429801,25006844,25441034
turso,concurrent,32,3,2,5944738852,0,0,5099,460479,38645239,39110817
turso,concurrent,32,3,2,5983850069,0,0,6863,483472,177235500,177725835
turso,concurrent,32,3,2,6161576275,0,0,6973,539708,176554475,177101156
turso,concurrent,32,3,2,6338677731,0,0,7194,460930,128414451,128882575
turso,concurrent,32,3,2,6467560566,0,0,8025,5633279,88083111,93724415
turso,concurrent,32,3,2,6561285332,0,0,6532,618217,500435895,501060644
turso,concurrent,32,3,2,7062346266,0,0,6563,483582,8689536,9179681
turso,concurrent,32,3,2,7071526188,0,0,5400,500654,74813173,75319227
turso,concurrent,32,3,2,7146845665,0,0,4699,409463,87754190,88168352
turso,concurrent,32,3,2,7235014278,0,0,5961,476940,116703023,117185924
turso,concurrent,32,3,2,7352200472,0,0,5821,431384,83244852,83682057
turso,concurrent,32,3,2,7435882859,0,0,5500,432516,158016696,158454712
turso,concurrent,32,3,2,7594337873,0,0,8917,9954002,217919585,227882504
turso,concurrent,32,3,2,7822220667,0,0,7474,766436,81680691,82454601
turso,concurrent,32,3,2,7904675568,0,0,4910,469706,227710178,228184794
turso,concurrent,32,3,2,8132860633,0,0,6552,499763,201242608,201748923
turso,concurrent,32,3,2,8334609836,0,0,5972,486167,79000694,79492833
turso,concurrent,32,3,2,8414102949,0,0,5631,559496,75732436,76297563
turso,concurrent,32,3,2,8490400783,0,0,5691,493551,366153502,366652744
turso,concurrent,32,3,2,8857053848,0,0,7464,7458533,448492986,455958983
turso,concurrent,32,3,2,9313014915,0,0,7995,588070,210917633,211513698
turso,concurrent,32,3,2,9524528893,0,0,6453,660355,230992051,231658859
turso,concurrent,32,3,2,9756188013,0,0,6221,492900,14006399,14505520
turso,concurrent,32,3,2,9770693954,0,0,6702,609090,226870554,227486346
turso,concurrent,32,3,2,9998180611,0,0,7624,6878940,72521197,79407761
turso,concurrent,32,3,2,10077588613,0,0,7734,474085,123109771,123591590
turso,concurrent,32,3,2,10201180484,0,0,7975,618367,353113587,353739929
turso,concurrent,32,3,2,10554920674,0,0,6131,493602,267926241,268425974
turso,concurrent,32,3,2,10823346878,0,0,6643,484364,42466388,42957395
turso,concurrent,32,3,2,10866304503,0,0,6994,657099,120853144,121517237
turso,concurrent,32,3,2,10987822030,0,0,7384,5061541,145829972,150898897
turso,concurrent,32,3,2,11138721247,0,0,6262,489814,256831236,257327312
turso,concurrent,32,3,2,11396048799,0,0,6001,511926,39452733,39970660
turso,concurrent,32,3,2,11436019769,0,0,6983,483443,98226309,98716735
turso,concurrent,32,3,2,11534736735,0,0,5881,636030,373608910,374250821
turso,concurrent,32,3,2,11908987826,0,0,7354,601275,124914116,125522745
turso,concurrent,32,3,2,12034511132,0,0,11501,9727636,50260173,59999310
turso,concurrent,32,3,2,12094510803,0,0,6482,457744,45876603,46340829
turso,concurrent,32,3,2,12140852013,0,0,5641,411075,319243971,319660687
turso,concurrent,32,3,2,12460512940,0,0,7103,581457,243868127,244456687
turso,concurrent,32,3,2,12704970008,0,0,6482,469085,149296602,149772169
turso,concurrent,32,3,2,12854742418,0,0,6572,478503,230418619,230903694
turso,concurrent,32,3,2,13085646492,0,0,6812,488442,122574161,123069415
turso,concurrent,32,3,2,13208716058,0,0,7204,7885779,55455888,63348871
turso,concurrent,32,3,2,13272065160,0,0,6482,524720,249281631,249812833
turso,concurrent,32,3,2,13521878243,0,0,5952,428788,393528576,393963316
turso,concurrent,32,3,2,13915841839,0,0,5941,435501,52966561,53408003
turso,concurrent,32,3,2,13969250164,0,0,7213,528658,258477873,259013744
turso,concurrent,32,3,2,14228264158,0,0,7864,520112,84495742,85023718
turso,concurrent,32,3,2,14313288087,0,0,7935,6293595,114895292,121196822
turso,concurrent,32,3,2,14434485209,0,0,5591,422056,673830238,674257885
turso,concurrent,32,3,2,15108743454,0,0,6593,517596,187300701,187824890
turso,concurrent,32,3,2,15296568745,0,0,6282,496797,21604756,22107835
turso,concurrent,32,3,2,15318676850,0,0,5250,547483,77665124,78217857
turso,concurrent,32,3,2,15396894897,0,0,5831,515583,10431844,10953258
turso,concurrent,32,3,2,15407848365,0,0,4859,606905,92397391,93009155
turso,concurrent,32,3,2,15500857811,0,0,7775,2310339,159823806,162141920
turso,concurrent,32,3,2,15662999982,0,0,6041,486037,225804472,226296550
turso,concurrent,32,3,2,15889296903,0,0,6122,458104,323497196,323961422
turso,concurrent,32,3,2,16213258595,0,0,7044,615271,60610614,61232929
turso,concurrent,32,3,2,16274491815,0,0,6201,471280,130186934,130664415
turso,concurrent,32,3,2,16405156551,0,0,5861,434119,138528936,138968916
turso,concurrent,32,3,2,16544125757,0,0,8085,504713,191104648,191617446
turso,concurrent,32,3,2,16735743414,0,0,8165,12744047,566523253,579275465
turso,concurrent,32,3,2,17315019210,0,0,7173,556410,138214302,138777885
turso,concurrent,32,3,2,17453797385,0,0,5942,592798,119748229,120346969
turso,concurrent,32,3,2,17574144604,0,0,5601,872126,416424216,417301943
turso,concurrent,32,3,2,17991447078,0,0,9328,10805067,3343008,14157403
turso,concurrent,32,3,2,18005604781,0,0,5290,611384,232107976,232724650
turso,concurrent,32,3,2,18238329712,0,0,7554,456201,126402314,126866069
turso,concurrent,32,3,2,18365196091,0,0,6563,563223,34084413,34654199
turso,concurrent,32,3,2,18399850530,0,0,6532,736791,227381197,228124520
turso,concurrent,32,3,2,18627975340,0,0,6612,592067,142102078,142700757
turso,concurrent,32,3,2,18770676469,0,0,6442,499092,53005474,53511008
turso,concurrent,32,3,2,18824187757,0,0,5410,441233,20631058,21077701
turso,concurrent,32,3,2,18845265628,0,0,4889,468324,133703551,134176764
turso,concurrent,32,3,2,18979442782,0,0,7364,9114939,498454407,507576710
turso,concurrent,32,3,2,19487019892,0,0,7104,511204,33008112,33526420
turso,concurrent,32,3,2,19520546532,0,0,5109,3275871,14388209,17669189
turso,concurrent,32,3,2,19538215992,0,0,5350,430593,283620173,284056116
turso,concurrent,32,3,2,19822272298,0,0,5751,514020,36913982,37433753
turso,concurrent,32,3,2,19859706271,0,0,6523,552442,401052742,401611707
turso,concurrent,32,3,2,20261318329,0,0,7995,3416066,261933092,265357153
turso,concurrent,32,3,2,20526675873,0,0,9247,633255,197528771,198171273
turso,concurrent,32,3,2,20724848999,0,0,6272,533447,18559519,19099238
turso,concurrent,32,3,2,20743948587,0,0,5791,568112,96668962,97242865
turso,concurrent,32,3,2,20841191712,0,0,7334,817532,421375890,422200756
turso,concurrent,32,3,2,21263392829,0,0,8776,10114625,48440962,58564363
turso,concurrent,32,3,2,21321957462,0,0,6222,583781,142655713,143245716
turso,concurrent,32,3,2,21465203498,0,0,6332,517116,81726266,82249714
turso,concurrent,32,3,2,21547453493,0,0,5811,453095,173094526,173553432
turso,concurrent,32,3,2,21721007205,0,0,6563,537694,250462700,251006957
turso,concurrent,32,3,2,21972014402,0,0,5681,502238,122919131,123427050
turso,concurrent,32,3,2,22095441753,0,0,8486,720760,9309375,10038621
turso,concurrent,32,3,2,22105480615,0,0,4288,454658,509940359,510399305
turso,concurrent,32,3,2,22615880330,0,0,8946,8685949,114442688,123137583
turso,concurrent,32,3,2,22739018275,0,0,6823,516234,573897708,574420765
turso,concurrent,32,3,2,23313439421,0,0,7113,491457,31582632,32081202
turso,concurrent,32,3,2,23345520824,0,0,5560,542294,133134797,133682651
turso,concurrent,32,3,2,23479203785,0,0,7283,571419,202110515,202689217
turso,concurrent,32,3,2,23681893374,0,0,9077,5516338,30331161,35856576
turso,concurrent,32,3,2,23717750491,0,0,7564,488863,262754462,263250889
turso,concurrent,32,3,2,23981001660,0,0,5982,442565,23389062,23837609
turso,concurrent,32,3,2,24004839569,0,0,5300,595373,276719903,277320576
turso,concurrent,32,3,2,24282160477,0,0,6673,487139,35065123,35558935
turso,concurrent,32,3,2,24317719662,0,0,4839,506927,206613311,207125077
turso,concurrent,32,3,2,24524845080,0,0,5701,516173,116343385,116865259
turso,concurrent,32,3,2,24641710640,0,0,6512,479294,57648525,58134331
turso,concurrent,32,3,2,24699845202,0,0,6823,5948644,330726226,336681693
turso,concurrent,32,3,2,25036527195,0,0,7885,519310,469101912,469629107
turso,concurrent,32,3,2,25506156623,0,0,6161,423990,81787252,82217403
turso,concurrent,32,3,2,25588374306,0,0,5681,587809,442801778,443395268
turso,concurrent,32,3,2,26031769854,0,0,9258,10735476,84866682,95611416
turso,concurrent,32,3,2,26127381500,0,0,5791,691425,34352118,35049334
turso,concurrent,32,3,2,26162431114,0,0,6372,450039,294341574,294797985
turso,concurrent,32,3,2,26457229389,0,0,5310,482480,487755820,488243610
turso,concurrent,32,3,2,26945473229,0,0,6853,525402,181639539,182171794
turso,concurrent,32,3,2,27127645333,0,0,8806,7848068,138403389,146260263
turso,concurrent,32,3,2,27273905857,0,0,6272,457984,640017437,640481693
turso,concurrent,32,3,2,27914387820,0,0,6433,540630,650928003,651475066
turso,concurrent,32,3,2,28565863197,0,0,10880,5769126,143110440,148890446
turso,concurrent,32,3,2,28714754034,0,0,6352,623937,56940649,57570938
turso,concurrent,32,3,2,28772325212,0,0,5710,490526,119920624,120416860
turso,concurrent,32,3,2,28892742294,0,0,6903,621312,371693506,372321721
turso,concurrent,32,3,2,29265064245,0,0,6402,546482,49680921,50233805
turso,concurrent,32,3,2,29315298280,0,0,4829,426796,70588791,71020416
turso,concurrent,32,3,2,29386319227,0,0,16040,600243,78083002,78699285
turso,concurrent,32,3,2,29465018872,0,0,9729,5921122,350591068,356521919
turso,concurrent,32,3,2,29821541052,0,0,6943,521404,100042667,100571014
turso,concurrent,32,3,2,29922112326,0,0,6202,433648,19993806,20433656
turso,concurrent,32,3,2,29942546323,0,0,6392,597197,128513256,129116845
turso,concurrent,32,3,2,30071663399,0,0,5631,437896,31439743,31883270
turso,concurrent,32,3,2,30103546919,0,0,4729,456311,36841194,37302234
turso,concurrent,32,3,2,30140849524,0,0,5210,464446,479699318,480168974
turso,concurrent,32,3,2,30621018778,0,0,8366,680614,433303115,433992095
turso,concurrent,32,3,2,31055011124,0,0,8225,3539168,109092102,112639495
turso,concurrent,32,3,2,31167650980,0,0,6302,478673,141881782,142366757
turso,concurrent,32,3,2,31310018007,0,0,6573,561129,207423259,207990961
turso,concurrent,32,3,2,31518009199,0,0,5250,438267,132520488,132964005
turso,concurrent,32,3,2,31650973494,0,0,6733,639988,97930722,98577443
turso,concurrent,32,3,2,31749551317,0,0,5911,457433,78447730,78911074
turso,concurrent,32,3,2,31828462853,0,0,7254,546420,518169767,518723441
turso,concurrent,32,3,2,32347186635,0,0,8206,7863557,179704288,187576051
turso,concurrent,32,3,2,32534762966,0,0,7304,468824,376455151,376931279
turso,concurrent,32,3,2,32911694525,0,0,6032,484163,163263627,163753822
turso,concurrent,32,3,3,20649,1,0,2896085,660987,306574935,310132007
turso,concurrent,32,3,3,310153017,1,0,6562,351674,49066783,49425019
turso,concurrent,32,3,3,359578436,1,0,7154,443016,29457542,29907712
turso,concurrent,32,3,3,389486408,1,0,5630,339090,160186991,160531711
turso,concurrent,32,3,3,550018511,1,0,6312,370028,35165463,35541803
turso,concurrent,32,3,3,585560865,1,0,5129,377182,61512436,61894747
turso,concurrent,32,3,3,647455882,1,0,5631,314844,206225670,206546145
turso,concurrent,32,3,3,854002237,1,0,8206,521614,15751411,16281231
turso,concurrent,32,3,3,870283899,1,0,6853,343618,296108417,296458888
turso,concurrent,32,3,3,1166743658,1,0,47330,5758585,111048223,116854138
turso,concurrent,32,3,3,1283598037,1,0,6592,510313,435913360,436430265
turso,concurrent,32,3,3,1720028622,1,0,8096,485275,33188322,33681693
turso,concurrent,32,3,3,1753710586,1,0,4859,444048,300654454,301103361
turso,concurrent,32,3,3,2054814218,1,0,5871,453526,341131178,341590575
turso,concurrent,32,3,3,2396405054,1,0,7915,6892274,365640094,372540283
turso,concurrent,32,3,3,2768945698,1,0,7163,433709,130315267,130756139
turso,concurrent,32,3,3,2899702077,1,0,6102,484574,164485212,164975888
turso,concurrent,32,3,3,3064678696,0,0,6362,501707,71305183,71813252
turso,concurrent,32,3,3,3136492198,0,0,6924,544296,112984297,113535517
turso,concurrent,32,3,3,3250028005,0,0,7485,8433021,108583703,117024209
turso,concurrent,32,3,3,3367052515,0,0,6231,416426,18540985,18963642
turso,concurrent,32,3,3,3386016427,0,0,5380,434741,698220818,698660939
turso,concurrent,32,3,3,4084677607,0,0,7454,660997,478669585,479338036
turso,concurrent,32,3,3,4564015933,0,0,8747,4012211,50788120,54809078
turso,concurrent,32,3,3,4618825231,0,0,41869,545510,94853686,95441065
turso,concurrent,32,3,3,4714266646,0,0,6673,547924,215451568,216006165
turso,concurrent,32,3,3,4930273101,0,0,6863,607086,33176960,33790909
turso,concurrent,32,3,3,4964064231,0,0,6392,575215,678092379,678673986
turso,concurrent,32,3,3,5642738508,0,0,7734,9230818,649835131,659073683
turso,concurrent,32,3,3,6301812542,0,0,8095,501566,76051830,76561491
turso,concurrent,32,3,3,6378374283,0,0,8456,14304541,207766367,222079364
turso,concurrent,32,3,3,6600453908,0,0,7624,9139174,62878504,72025302
turso,concurrent,32,3,3,6672479480,0,0,5250,670826,44730270,45406346
turso,concurrent,32,3,3,6717887249,0,0,6011,455730,1130140022,1130601763
turso,concurrent,32,3,3,7848489312,0,0,8316,3337918,11014744,14360978
turso,concurrent,32,3,3,7862850510,0,0,5400,585214,75807479,76398093
turso,concurrent,32,3,3,7939248883,0,0,6362,470458,56104652,56581472
turso,concurrent,32,3,3,7995830596,0,0,5941,521905,24766090,25293936
turso,concurrent,32,3,3,8021124852,0,0,6211,494603,146006134,146506948
turso,concurrent,32,3,3,8167632082,0,0,7113,552773,28468787,29028673
turso,concurrent,32,3,3,8196661005,0,0,5912,626722,410717378,411350012
turso,concurrent,32,3,3,8608011318,0,0,6903,471490,415266121,415744514
turso,concurrent,32,3,3,9023756123,0,0,8416,3467552,74632382,78108350
turso,concurrent,32,3,3,9101864753,0,0,5881,524600,11191206,11721687
turso,concurrent,32,3,3,9113586721,0,0,6372,489784,414768663,415264819
turso,concurrent,32,3,3,9528851830,0,0,6432,575176,15027885,15609493
turso,concurrent,32,3,3,9544461543,0,0,6332,667529,84881610,85555471
turso,concurrent,32,3,3,9630017336,0,0,7594,518559,41473865,42000018
turso,concurrent,32,3,3,9672017715,0,0,6542,451703,161997517,162455762
turso,concurrent,32,3,3,9834473777,0,0,7343,6143472,315905371,322056186
turso,concurrent,32,3,3,10156530305,0,0,6472,543526,312180282,312730280
turso,concurrent,32,3,3,10469260915,0,0,6292,512327,49874076,50392695
turso,concurrent,32,3,3,10519653971,0,0,7624,559756,79620453,80187833
turso,concurrent,32,3,3,10599842105,0,0,5530,576799,118502537,119084866
turso,concurrent,32,3,3,10718927242,0,0,6352,547563,7785962,8339877
turso,concurrent,32,3,3,10727267339,0,0,5190,563854,8489238,9058282
turso,concurrent,32,3,3,10736325871,0,0,5010,528126,116150600,116683736
turso,concurrent,32,3,3,10853009888,0,0,6833,604881,133395740,134007454
turso,concurrent,32,3,3,10987017622,0,0,8787,11702782,84040152,95751721
turso,concurrent,32,3,3,11082769654,0,0,9608,644015,93087093,93740716
turso,concurrent,32,3,3,11176510641,0,0,5610,454127,32046607,32506344
turso,concurrent,32,3,3,11209017256,0,0,5240,420022,334570520,334995782
turso,concurrent,32,3,3,11544013379,0,0,6071,487119,56238365,56731555
turso,concurrent,32,3,3,11600745184,0,0,7234,642041,145610337,146259612
turso,concurrent,32,3,3,11747005026,0,0,5941,536232,336731077,337273250
turso,concurrent,32,3,3,12084280770,0,0,8416,13504381,136603353,150116150
turso,concurrent,32,3,3,12234397260,0,0,6172,501055,218619516,219126743
turso,concurrent,32,3,3,12453524373,0,0,6974,577840,54724448,55309262
turso,concurrent,32,3,3,12508833995,0,0,6052,522335,422643501,423171888
turso,concurrent,32,3,3,12932006254,0,0,6673,506646,67348888,67862207
turso,concurrent,32,3,3,12999868811,0,0,6281,539348,109600141,110145770
turso,concurrent,32,3,3,13110014882,0,0,7403,521905,34034970,34564278
turso,concurrent,32,3,3,13144579411,0,0,7204,841958,34587142,35436304
turso,concurrent,32,3,3,13180015995,0,0,6341,533818,107316852,107857011
turso,concurrent,32,3,3,13287873267,0,0,5891,569815,322225858,322801564
turso,concurrent,32,3,3,13610675101,0,0,6482,619509,122322276,122948267
turso,concurrent,32,3,3,13733623638,0,0,5551,431774,17226605,17663930
turso,concurrent,32,3,3,13751287798,0,0,6101,458896,190276056,190741053
turso,concurrent,32,3,3,13942029131,0,0,6231,491177,94522832,95020240
turso,concurrent,32,3,3,14037049652,0,0,7725,774561,101532839,102315125
turso,concurrent,32,3,3,14139365028,0,0,6532,523438,257132003,257661973
turso,concurrent,32,3,3,14397027271,0,0,7765,8151842,68475895,76635502
turso,concurrent,32,3,3,14473663083,0,0,5210,512938,31789533,32307681
turso,concurrent,32,3,3,14505971044,0,0,5671,454908,90224391,90684970
turso,concurrent,32,3,3,14596656275,0,0,5570,473905,460546729,461026204
turso,concurrent,32,3,3,15057682759,0,0,6241,561009,209761041,210328291
turso,concurrent,32,3,3,15268011391,0,0,6413,502368,8485590,8994371
turso,concurrent,32,3,3,15277006013,0,0,4218,449157,246078528,246531903
turso,concurrent,32,3,3,15523538256,0,0,8687,3373595,131810659,135192941
turso,concurrent,32,3,3,15658731478,0,0,6061,651649,435222627,435880337
turso,concurrent,32,3,3,16094612086,0,0,7935,747540,357744525,358500000
turso,concurrent,32,3,3,16453112347,0,0,8105,761147,40736855,41506107
turso,concurrent,32,3,3,16494618694,0,0,6492,690944,192518246,193215682
turso,concurrent,32,3,3,16687834696,0,0,8326,5212375,55191830,60412531
turso,concurrent,32,3,3,16748247518,0,0,5630,522356,436909119,437437105
turso,concurrent,32,3,3,17185684963,0,0,6242,506255,194329443,194841940
turso,concurrent,32,3,3,17380527174,0,0,8736,1098223,405372864,406479823
turso,concurrent,32,3,3,17787007277,0,0,8286,10651508,243322847,253982641
turso,concurrent,32,3,3,18040990159,0,0,8336,2525825,85629502,88163663
turso,concurrent,32,3,3,18129154112,0,0,5300,454167,117221973,117681440
turso,concurrent,32,3,3,18246835802,0,0,4779,473403,127059254,127537436
turso,concurrent,32,3,3,18374373528,0,0,6052,428198,45876111,46310361
turso,concurrent,32,3,3,18420684130,0,0,5410,491718,108996372,109493500
turso,concurrent,32,3,3,18530177890,0,0,6813,835066,92659255,93501134
turso,concurrent,32,3,3,18623679275,0,0,7634,551150,309781747,310340531
turso,concurrent,32,3,3,18934020096,0,0,8076,9169251,73426676,82604003
turso,concurrent,32,3,3,19016624720,0,0,5730,667300,30600990,31274020
turso,concurrent,32,3,3,19047899010,0,0,4679,433328,83182825,83620832
turso,concurrent,32,3,3,19131520112,0,0,5841,551531,64619558,65176930
turso,concurrent,32,3,3,19196697292,0,0,5811,439099,273711326,274156236
turso,concurrent,32,3,3,19470853759,0,0,6051,525752,43467889,43999692
turso,concurrent,32,3,3,19514853731,0,0,6773,709669,25446754,26163196
turso,concurrent,32,3,3,19541017128,0,0,6833,620821,146657372,147285026
turso,concurrent,32,3,3,19688302435,0,0,6412,477020,24060059,24543491
turso,concurrent,32,3,3,19712846186,0,0,4649,459867,498073789,498538305
turso,concurrent,32,3,3,20211384751,0,0,8256,4111157,301623483,305742896
turso,concurrent,32,3,3,20517127947,0,0,6924,579243,18861689,19447856
turso,concurrent,32,3,3,20536576093,0,0,8396,603860,70880442,71492698
turso,concurrent,32,3,3,20608069061,0,0,5571,736709,174776811,175519091
turso,concurrent,32,3,3,20783588462,0,0,6662,488682,16991220,17486564
turso,concurrent,32,3,3,20801075298,0,0,4668,490335,443166346,443661349
turso,concurrent,32,3,3,21244736967,0,0,8787,25066617,351192784,376268188
turso,concurrent,32,3,3,21621005435,0,0,6823,525331,94843988,95376142
turso,concurrent,32,3,3,21716381868,0,0,7123,494443,138003785,138505351
turso,concurrent,32,3,3,21854887509,0,0,5741,492540,96989546,97487827
turso,concurrent,32,3,3,21952375616,0,0,5941,582890,306463396,307052227
turso,concurrent,32,3,3,22259428133,0,0,6753,560307,263844890,264411950
turso,concurrent,32,3,3,22523840333,0,0,8727,649445,195199064,195857236
turso,concurrent,32,3,3,22719697870,0,0,6853,525181,303793567,304325601
turso,concurrent,32,3,3,23024025215,0,0,6482,438207,112903473,113348162
turso,concurrent,32,3,3,23137373758,0,0,6082,474295,539948149,540428526
turso,concurrent,32,3,3,23677802545,0,0,8085,3404023,64800369,68212477
turso,concurrent,32,3,3,23746015323,0,0,5981,663021,114370662,115039664
turso,concurrent,32,3,3,23861055278,0,0,7765,622625,43980565,44610955
turso,concurrent,32,3,3,23905666553,0,0,8807,767799,70623066,71399672
turso,concurrent,32,3,3,23977066485,0,0,6052,662260,128154830,128823142
turso,concurrent,32,3,3,24105889918,0,0,7194,543274,11560834,12111302
turso,concurrent,32,3,3,24118001481,0,0,5049,464737,103364986,103834772
turso,concurrent,32,3,3,24221836614,0,0,6252,530370,188327098,188863720
turso,concurrent,32,3,3,24410700675,0,0,5851,475347,593744435,594225633
turso,concurrent,32,3,3,25004926649,0,0,8506,2731735,25345774,28086015
turso,concurrent,32,3,3,25033012934,0,0,5821,413340,231169315,231588476
turso,concurrent,32,3,3,25264601671,0,0,7023,511926,392544739,393063688
turso,concurrent,32,3,3,25657665720,0,0,6462,499944,91347169,91853575
turso,concurrent,32,3,3,25749519566,0,0,6492,648043,22673942,23328477
turso,concurrent,32,3,3,25772848274,0,0,4628,431635,90734323,91170586
turso,concurrent,32,3,3,25864019091,0,0,7374,563213,301411773,301982360
turso,concurrent,32,3,3,26166001681,0,0,7595,7118912,100897230,108023737
turso,concurrent,32,3,3,26274025718,0,0,5531,522305,63631634,64159470
turso,concurrent,32,3,3,26338185469,0,0,6031,486879,136276275,136769185
turso,concurrent,32,3,3,26474954884,0,0,7014,489894,341902514,342399422
turso,concurrent,32,3,3,26817354586,0,0,5992,500905,20971490,21478387
turso,concurrent,32,3,3,26838833214,0,0,5099,524711,47482242,48012052
turso,concurrent,32,3,3,26886845527,0,0,6001,457162,185542535,186005698
turso,concurrent,32,3,3,27072851515,0,0,7083,467092,84695118,85169293
turso,concurrent,32,3,3,27158021139,0,0,7684,9452255,73452064,82912003
turso,concurrent,32,3,3,27240933433,0,0,6212,924273,158377728,159308213
turso,concurrent,32,3,3,27400241987,0,0,5871,498871,65218829,65723571
turso,concurrent,32,3,3,27465965889,0,0,5530,491448,148264485,148761463
turso,concurrent,32,3,3,27614727682,0,0,7404,759513,66460492,67227409
turso,concurrent,32,3,3,27681955342,0,0,5139,530782,46069277,46605198
turso,concurrent,32,3,3,27728560890,0,0,5110,557191,346155018,346717319
turso,concurrent,32,3,3,28075278489,0,0,6553,507788,105777959,106292300
turso,concurrent,32,3,3,28181571129,0,0,6913,502569,313475225,313984707
turso,concurrent,32,3,3,28495556137,0,0,9408,6272966,106612203,112894577
turso,concurrent,32,3,3,28608450984,0,0,6503,587108,158708300,159301911
turso,concurrent,32,3,3,28767753186,0,0,6282,512156,51480327,51998765
turso,concurrent,32,3,3,28819752181,0,0,6533,668351,47189329,47864213
turso,concurrent,32,3,3,28867616635,0,0,5600,519210,73536764,74061574
turso,concurrent,32,3,3,28941678580,0,0,6923,536072,44634669,45177664
turso,concurrent,32,3,3,28986856545,0,0,5019,578993,283344733,283928745
turso,concurrent,32,3,3,29270785631,0,0,7324,521093,9699532,10227949
turso,concurrent,32,3,3,29281013810,0,0,4829,461531,71225843,71692203
turso,concurrent,32,3,3,29352706263,0,0,6332,462192,215448263,215916787
turso,concurrent,32,3,3,29568623400,0,0,7975,10560696,155831764,166400435
turso,concurrent,32,3,3,29735024216,0,0,6212,587969,91620305,92214486
turso,concurrent,32,3,3,29827238933,0,0,6171,509402,154872784,155388357
turso,concurrent,32,3,3,29982627571,0,0,5580,515503,37068132,37589215
turso,concurrent,32,3,3,30020217056,0,0,5521,577980,196925482,197508983
turso,concurrent,32,3,3,30217726360,0,0,6182,526323,732750101,733282606
turso,concurrent,32,3,3,30951009386,0,0,8246,3361082,529706935,533076263
turso,concurrent,32,3,3,31484085930,0,0,6883,721030,190010405,190738318
turso,concurrent,32,3,3,31674824488,0,0,6132,614750,461567455,462188337
turso,concurrent,32,3,3,32137013095,0,0,7465,12271384,739543189,751822038
turso,concurrent,32,3,3,32888835463,0,0,6583,444348,201139904,201590835
turso,concurrent,32,3,4,26159,1,0,3350192,581868,134605422,138537482
turso,concurrent,32,3,4,138564092,1,0,6622,341094,263532360,263880076
turso,concurrent,32,3,4,402444559,1,0,8045,449719,283631474,284089238
turso,concurrent,32,3,4,686534047,1,0,7064,402118,324065428,324474610
turso,concurrent,32,3,4,1011008988,1,0,7805,339591,564162147,564509543
turso,concurrent,32,3,4,1575519052,1,0,69752,610933,8763145,9443830
turso,concurrent,32,3,4,1584963222,1,0,5100,478413,146235627,146719140
turso,concurrent,32,3,4,1731682662,1,0,7074,600012,327496592,328103678
turso,concurrent,32,3,4,2059786750,1,0,8557,546631,44351004,44906192
turso,concurrent,32,3,4,2104693984,1,0,9328,2955036,94834840,97799204
turso,concurrent,32,3,4,2202493418,1,0,5771,434370,103805808,104245949
turso,concurrent,32,3,4,2306739677,1,0,7675,788888,107127255,107923818
turso,concurrent,32,3,4,2414663725,1,0,6152,410605,146961176,147377933
turso,concurrent,32,3,4,2562041998,1,0,5831,591817,109749282,110346930
turso,concurrent,32,3,4,2672389219,1,0,5470,397610,49055772,49458852
turso,concurrent,32,3,4,2721848341,1,0,5280,406156,92827723,93239159
turso,concurrent,32,3,4,2815087732,1,0,5490,388363,366054134,366447987
turso,concurrent,32,3,4,3181536501,0,0,8105,4281800,184858653,189148558
turso,concurrent,32,3,4,3370685289,0,0,5381,439128,125474123,125918632
turso,concurrent,32,3,4,3496604191,0,0,6162,461882,76245274,76713318
turso,concurrent,32,3,4,3573317749,0,0,7183,613778,132348875,132969836
turso,concurrent,32,3,4,3706287826,0,0,6282,500695,141701792,142208769
turso,concurrent,32,3,4,3848496835,0,0,6593,477270,157587336,158071199
turso,concurrent,32,3,4,4006568275,0,0,5921,484194,126408315,126898430
turso,concurrent,32,3,4,4133466976,0,0,6001,562872,22988636,23557509
turso,concurrent,32,3,4,4157024786,0,0,5059,425794,40938235,41369088
turso,concurrent,32,3,4,4198394235,0,0,8606,432085,76025931,76466622
turso,concurrent,32,3,4,4274861328,0,0,14938,862437,89591698,90469073
turso,concurrent,32,3,4,4365330681,0,0,6953,722353,86893396,87622702
turso,concurrent,32,3,4,4452953644,0,0,5540,407990,224202270,224615800
turso,concurrent,32,3,4,4677569744,0,0,6713,544147,533124894,533675754
turso,concurrent,32,3,4,5211245879,0,0,6252,493642,328539279,329039173
turso,concurrent,32,3,4,5540285322,0,0,8557,3244271,42053189,45306017
turso,concurrent,32,3,4,5585592862,0,0,5039,436354,37706396,38147789
turso,concurrent,32,3,4,5623740942,0,0,6733,495344,177308297,177810374
turso,concurrent,32,3,4,5801551577,0,0,6231,746960,54360681,55113872
turso,concurrent,32,3,4,5856665739,0,0,5872,456731,106282481,106745084
turso,concurrent,32,3,4,5963411094,0,0,5410,435291,146150056,146590757
turso,concurrent,32,3,4,6110002121,0,0,6041,429240,121572421,122007702
turso,concurrent,32,3,4,6232010334,0,0,5721,513168,42329160,42848049
turso,concurrent,32,3,4,6274858703,0,0,6803,462824,80804457,81274084
turso,concurrent,32,3,4,6356133047,0,0,6362,520092,49348564,49875018
turso,concurrent,32,3,4,6406008325,0,0,6212,12057711,7058819,19122742
turso,concurrent,32,3,4,6425131268,0,0,5600,452955,79907324,80365879
turso,concurrent,32,3,4,6505497528,0,0,5941,421135,220286250,220713326
turso,concurrent,32,3,4,6726211164,0,0,6923,735668,106814765,107557356
turso,concurrent,32,3,4,6833768932,0,0,8877,832901,23232206,24073984
turso,concurrent,32,3,4,6857843197,0,0,6742,515503,9234324,9756569
turso,concurrent,32,3,4,6867600046,0,0,5460,558574,257199591,257763625
turso,concurrent,32,3,4,7125364002,0,0,7414,546431,189904074,190457919
turso,concurrent,32,3,4,7315822161,0,0,7024,624959,94260727,94892710
turso,concurrent,32,3,4,7410715212,0,0,6642,585325,237150721,237742688
turso,concurrent,32,3,4,7648458150,0,0,7935,9433019,149013128,158454082
turso,concurrent,32,3,4,7806912502,0,0,6533,536342,373557553,374100428
turso,concurrent,32,3,4,8181013290,0,0,6082,530010,311044980,311581072
turso,concurrent,32,3,4,8492594632,0,0,7545,517416,170456528,170981489
turso,concurrent,32,3,4,8663576412,0,0,7354,6929084,136086878,143023316
turso,concurrent,32,3,4,8806600078,0,0,6722,481539,161759177,162247438
turso,concurrent,32,3,4,8968847828,0,0,6703,500163,482663151,483170017
turso,concurrent,32,3,4,9452018195,0,0,6994,502287,132275467,132784748
turso,concurrent,32,3,4,9584803203,0,0,5591,447564,111231719,111684874
turso,concurrent,32,3,4,9696488357,0,0,6582,456812,80698768,81162162
turso,concurrent,32,3,4,9777650780,0,0,7394,6643716,244760991,251412101
turso,concurrent,32,3,4,10029063142,0,0,8686,610402,281305114,281924202
turso,concurrent,32,3,4,10310987765,0,0,8106,521213,338175712,338705031
turso,concurrent,32,3,4,10649694930,0,0,7925,821260,512499608,513328793
turso,concurrent,32,3,4,11163024003,0,0,7975,5526047,33662286,39196308
turso,concurrent,32,3,4,11202220602,0,0,6422,489143,45566167,46061732
turso,concurrent,32,3,4,11248282705,0,0,6392,454507,72927585,73388484
turso,concurrent,32,3,4,11321671469,0,0,6331,473394,102855153,103334878
turso,concurrent,32,3,4,11425006619,0,0,6392,429530,283558267,283994189
turso,concurrent,32,3,4,11709001158,0,0,5831,505214,136283989,136795034
turso,concurrent,32,3,4,11845796453,0,0,6502,553955,36882402,37442859
turso,concurrent,32,3,4,11883239653,0,0,6973,625891,92386290,93019154
turso,concurrent,32,3,4,11976259178,0,0,6332,623005,304444967,305074304
turso,concurrent,32,3,4,12281333863,0,0,9117,6228793,106876091,113114001
turso,concurrent,32,3,4,12394448134,0,0,6553,577810,63672662,64257025
turso,concurrent,32,3,4,12458705509,0,0,6021,576107,15948393,16530521
turso,concurrent,32,3,4,12475236301,0,0,4999,459036,63149705,63613740
turso,concurrent,32,3,4,12538850372,0,0,5601,464686,37111545,37581832
turso,concurrent,32,3,4,12576432455,0,0,6482,570857,93821809,94399148
turso,concurrent,32,3,4,12670831933,0,0,6281,463084,417834939,418304304
turso,concurrent,32,3,4,13089136608,0,0,6563,505764,166229182,166741509
turso,concurrent,32,3,4,13255878317,0,0,7394,5348622,38255994,43612010
turso,concurrent,32,3,4,13299490608,0,0,6141,664685,174667323,175338149
turso,concurrent,32,3,4,13474828957,0,0,5721,545459,304479022,305030202
turso,concurrent,32,3,4,13779859439,0,0,7484,796894,5347881,6152259
turso,concurrent,32,3,4,13786011928,0,0,4919,524961,47082077,47611957
turso,concurrent,32,3,4,13833624126,0,0,5761,706623,40742275,41454659
turso,concurrent,32,3,4,13875079086,0,0,7394,556991,338765985,339330370
turso,concurrent,32,3,4,14214409747,0,0,8195,517707,281121679,281647581
turso,concurrent,32,3,4,14496057619,0,0,8816,4075901,60868681,64953398
turso,concurrent,32,3,4,14561011267,0,0,6883,498521,112351502,112856906
turso,concurrent,32,3,4,14673868493,0,0,6252,454327,101851471,102312050
turso,concurrent,32,3,4,14776180903,0,0,6643,422507,82175334,82604484
turso,concurrent,32,3,4,14858785567,0,0,5260,456892,142751754,143213906
turso,concurrent,32,3,4,15001999743,0,0,5481,498851,11507322,12011654
turso,concurrent,32,3,4,15014011708,0,0,5831,582579,100242254,100830664
turso,concurrent,32,3,4,15114842653,0,0,6652,702516,39286899,39996067
turso,concurrent,32,3,4,15154838980,0,0,6282,489003,80060123,80555408
turso,concurrent,32,3,4,15235394618,0,0,6102,518859,155103459,155628420
turso,concurrent,32,3,4,15391023318,0,0,6603,503530,409480515,409990648
turso,concurrent,32,3,4,15801014346,0,0,8977,8716397,4111347,12836721
turso,concurrent,32,3,4,15813851338,0,0,4989,415925,126985044,127405958
turso,concurrent,32,3,4,15941257586,0,0,6954,495074,15249253,15751281
turso,concurrent,32,3,4,15957009247,0,0,6161,508880,593027183,593542224
turso,concurrent,32,3,4,16550551762,0,0,6583,578602,18597050,19182235
turso,concurrent,32,3,4,16569734287,0,0,6442,483092,654354549,654844083
turso,concurrent,32,3,4,17224578630,0,0,8977,3424111,115325433,118758521
turso,concurrent,32,3,4,17343337422,0,0,7133,560067,57106262,57673462
turso,concurrent,32,3,4,17401011225,0,0,5300,483993,40698493,41187786
turso,concurrent,32,3,4,17442199251,0,0,4850,641680,324170276,324816806
turso,concurrent,32,3,4,17767016437,0,0,5560,449017,808979024,809433601
turso,concurrent,32,3,4,18576450290,0,0,9468,816982,53591940,54418390
turso,concurrent,32,3,4,18630868971,0,0,6983,511926,63153051,63671960
turso,concurrent,32,3,4,18694541312,0,0,6322,460238,89683842,90150402
turso,concurrent,32,3,4,18784691934,0,0,5791,461080,154574862,155041733
turso,concurrent,32,3,4,18939733947,0,0,7855,10835185,18158161,29001201
turso,concurrent,32,3,4,18968735429,0,0,5310,621182,470826457,471452949
turso,concurrent,32,3,4,19440188648,0,0,8025,548856,166773849,167330730
turso,concurrent,32,3,4,19607519619,0,0,6783,604129,22525834,23136746
turso,concurrent,32,3,4,19630656605,0,0,4779,437996,967692936,968135711
turso,concurrent,32,3,4,20598792868,0,0,8837,10004236,511561889,521574962
turso,concurrent,32,3,4,21120368010,0,0,5561,470036,64096452,64572049
turso,concurrent,32,3,4,21184940339,0,0,6352,537995,24885637,25429984
turso,concurrent,32,3,4,21210370563,0,0,7113,17703725,306718967,324429805
turso,concurrent,32,3,4,21534800659,0,0,7364,6808116,58430440,65245920
turso,concurrent,32,3,4,21600046819,0,0,5611,432576,45752860,46191047
turso,concurrent,32,3,4,21646238166,0,0,5340,463475,22322990,22791805
turso,concurrent,32,3,4,21669031674,0,0,5891,497710,54982184,55485785
turso,concurrent,32,3,4,21724517699,0,0,6473,564725,67944472,68515670
turso,concurrent,32,3,4,21793033639,0,0,5310,500194,28142061,28647565
turso,concurrent,32,3,4,21821681434,0,0,5110,665586,95268819,95939515
turso,concurrent,32,3,4,21917621180,0,0,5801,470678,85329936,85806415
turso,concurrent,32,3,4,22003427835,0,0,5761,399905,560057773,560463439
turso,concurrent,32,3,4,22563891685,0,0,8506,12663995,260041393,272713894
turso,concurrent,32,3,4,22836605849,0,0,6692,586297,175998305,176591294
turso,concurrent,32,3,4,23013197504,0,0,5350,455660,327863144,328324154
turso,concurrent,32,3,4,23341521959,0,0,6963,701874,7555236,8264073
turso,concurrent,32,3,4,23349786252,0,0,5009,478103,169216779,169699891
turso,concurrent,32,3,4,23519486373,0,0,6643,528327,12209728,12744698
turso,concurrent,32,3,4,23532231301,0,0,7014,3381299,314041034,317429347
turso,concurrent,32,3,4,23849660938,0,0,9608,5823208,226054945,231887761
turso,concurrent,32,3,4,24081549020,0,0,5701,595613,354520713,355122027
turso,concurrent,32,3,4,24436671278,0,0,5771,505624,347773782,348285177
turso,concurrent,32,3,4,24784956916,0,0,12594,9888148,96992281,106893023
turso,concurrent,32,3,4,24891850199,0,0,6012,650988,56512311,57169311
turso,concurrent,32,3,4,24949019840,0,0,5671,483613,110089904,110579188
turso,concurrent,32,3,4,25059599279,0,0,5129,476690,91144237,91626056
turso,concurrent,32,3,4,25151225555,0,0,6092,555979,36923119,37485190
turso,concurrent,32,3,4,25188711006,0,0,5630,484725,42655585,43145940
turso,concurrent,32,3,4,25231857206,0,0,5270,448457,28532867,28986594
turso,concurrent,32,3,4,25260844040,0,0,6112,455880,45840605,46302597
turso,concurrent,32,3,4,25307146838,0,0,5390,464587,223992754,224462731
turso,concurrent,32,3,4,25531609819,0,0,5730,476580,356491791,356974101
turso,concurrent,32,3,4,25888584212,0,0,6512,618828,25863982,26489322
turso,concurrent,32,3,4,25915073784,0,0,7174,3401738,131065633,134474545
turso,concurrent,32,3,4,26049548580,0,0,8676,1113662,49763006,50885344
turso,concurrent,32,3,4,26100434154,0,0,5921,649917,71782474,72438312
turso,concurrent,32,3,4,26172872796,0,0,7494,562532,34559118,35129144
turso,concurrent,32,3,4,26208002191,0,0,5781,558664,319569644,320134089
turso,concurrent,32,3,4,26528136671,0,0,6512,485076,36018692,36510280
turso,concurrent,32,3,4,26564647151,0,0,4358,444498,66572654,67021510
turso,concurrent,32,3,4,26631668913,0,0,6402,546681,18939577,19492660
turso,concurrent,32,3,4,26651161823,0,0,5771,453436,158575821,159035028
turso,concurrent,32,3,4,26810197152,0,0,7193,459577,54510003,54976773
turso,concurrent,32,3,4,26865174156,0,0,5550,528748,12969952,13504250
turso,concurrent,32,3,4,26878678737,0,0,5320,471349,108016663,108493332
turso,concurrent,32,3,4,26987172560,0,0,13917,426374,70157969,70598260
turso,concurrent,32,3,4,27057771211,0,0,6522,500805,89568714,90076041
turso,concurrent,32,3,4,27147847542,0,0,9739,10731920,37757943,48499602
turso,concurrent,32,3,4,27196347445,0,0,7093,544778,127342058,127893929
turso,concurrent,32,3,4,27324241554,0,0,5440,665436,162959723,163630599
turso,concurrent,32,3,4,27487872413,0,0,6803,487650,139643729,140138182
turso,concurrent,32,3,4,27628010886,0,0,5150,415043,179962805,180382998
turso,concurrent,32,3,4,27808394185,0,0,7514,665636,147208282,147881432
turso,concurrent,32,3,4,27956275858,0,0,6282,481749,66239505,66727536
turso,concurrent,32,3,4,28023003754,0,0,6362,695282,112243248,112944892
turso,concurrent,32,3,4,28135949046,0,0,8016,680363,53437400,54125779
turso,concurrent,32,3,4,28190075476,0,0,17403,638965,175894901,176551269
turso,concurrent,32,3,4,28366627095,0,0,9448,5030702,43842034,48882184
turso,concurrent,32,3,4,28415509610,0,0,5190,490024,113068095,113563309
turso,concurrent,32,3,4,28529073249,0,0,6973,936687,66357739,67301399
turso,concurrent,32,3,4,28596374898,0,0,5440,434260,350055868,350495568
turso,concurrent,32,3,4,28946870727,0,0,6442,555719,30531699,31093860
turso,concurrent,32,3,4,28977964968,0,0,7494,566709,640843816,641418019
turso,concurrent,32,3,4,29619383267,0,0,8557,14125182,487500167,501633906
turso,concurrent,32,3,4,30121017453,0,0,7124,569424,477146402,477722950
turso,concurrent,32,3,4,30598740753,0,0,7534,568373,229534821,230110728
turso,concurrent,32,3,4,30828851721,0,0,7134,543696,35450360,36001190
turso,concurrent,32,3,4,30864853221,0,0,5541,511775,267890764,268408080
turso,concurrent,32,3,4,31133261592,0,0,7133,732112,361020607,361759852
turso,concurrent,32,3,4,31495021704,0,0,5480,447936,824397256,824850672
turso,concurrent,32,3,4,32319872727,0,0,8646,6200590,224744042,230953278
turso,concurrent,32,3,4,32550826285,0,0,6843,482511,522971527,523460881
turso,concurrent,32,3,5,33383,1,0,1090668,432847,315468957,316992472
turso,concurrent,32,3,5,317026296,1,0,7214,436173,7539225,7982612
turso,concurrent,32,3,5,325009139,1,0,4889,366922,167589459,167961270
turso,concurrent,32,3,5,492970759,1,0,6913,440731,137430212,137877856
turso,concurrent,32,3,5,630848987,1,0,6132,350691,25442156,25798979
turso,concurrent,32,3,5,656648397,1,0,4809,318662,169416385,169739856
turso,concurrent,32,3,5,826388544,1,0,6362,461611,13881172,14349145
turso,concurrent,32,3,5,840738029,1,0,5871,402198,73696466,74104535
turso,concurrent,32,3,5,914842795,1,0,4990,327838,31661531,31994359
turso,concurrent,32,3,5,946838186,1,0,5851,359108,48423829,48788788
turso,concurrent,32,3,5,995627255,1,0,5590,391158,184805554,185202302
turso,concurrent,32,3,5,1180829867,1,0,51698,5736153,29357744,35145595
turso,concurrent,32,3,5,1215975723,1,0,6151,406377,392781476,393194004
turso,concurrent,32,3,5,1609169997,1,0,6012,392119,16443988,16842119
turso,concurrent,32,3,5,1626012426,1,0,5120,393623,288096890,288495633
turso,concurrent,32,3,5,1914508329,1,0,5932,426615,233685723,234118270
turso,concurrent,32,3,5,2148626890,1,0,8375,3337798,28401540,31747713
turso,concurrent,32,3,5,2180375275,1,0,6342,665726,194594213,195266281
turso,concurrent,32,3,5,2375641796,1,0,5330,424652,207628567,208058549
turso,concurrent,32,3,5,2583700505,1,0,5190,521975,58256141,58783306
turso,concurrent,32,3,5,2642484162,1,0,6753,617445,117597530,118221728
turso,concurrent,32,3,5,2760706221,1,0,6723,419110,32651960,33077793
turso,concurrent,32,3,5,2793784395,1,0,6893,446583,280132632,280586108
turso,concurrent,32,3,5,3074370744,0,0,7314,574734,302092828,302674876
turso,concurrent,32,3,5,3377045901,0,0,8295,4078576,67588150,71675021
turso,concurrent,32,3,5,3448721193,0,0,5720,565988,357143322,357715030
turso,concurrent,32,3,5,3806436523,0,0,6472,469226,167906006,168381704
turso,concurrent,32,3,5,3974818417,0,0,6152,570106,421858980,422435238
turso,concurrent,32,3,5,4397253896,0,0,8766,557382,138830615,139396763
turso,concurrent,32,3,5,4536650909,0,0,7014,679542,224548112,225234668
turso,concurrent,32,3,5,4761885847,0,0,6192,514411,49867062,50387665
turso,concurrent,32,3,5,4812273712,0,0,5992,462993,380037650,380506635
turso,concurrent,32,3,5,5192780588,0,0,5670,463515,174953253,175422438
turso,concurrent,32,3,5,5368204449,0,0,7674,520573,30540405,31068652
turso,concurrent,32,3,5,5399273412,0,0,5220,421786,227806760,228233766
turso,concurrent,32,3,5,5627507449,0,0,7274,641370,74855852,75504496
turso,concurrent,32,3,5,5703012276,0,0,5771,437435,149269552,149712758
turso,concurrent,32,3,5,5852725425,0,0,5650,461100,214174579,214641329
turso,concurrent,32,3,5,6067367014,0,0,6693,512477,116005206,116524376
turso,concurrent,32,3,5,6183891641,0,0,6943,570416,106901249,107478608
turso,concurrent,32,3,5,6291370519,0,0,6041,467182,163717423,164190646
turso,concurrent,32,3,5,6455561615,0,0,12694,2909110,58392398,61314202
turso,concurrent,32,3,5,6516876158,0,0,6462,453916,22676869,23137247
turso,concurrent,32,3,5,6540013745,0,0,5150,409843,91303328,91718321
turso,concurrent,32,3,5,6631732346,0,0,5220,478673,69630533,70114426
turso,concurrent,32,3,5,6701847063,0,0,6482,839504,112145504,112991490
turso,concurrent,32,3,5,6814838913,0,0,6783,586607,24017167,24610557
turso,concurrent,32,3,5,6839449831,0,0,5310,426374,93802814,94234498
turso,concurrent,32,3,5,6933684659,0,0,5450,443457,208987942,209436849
turso,concurrent,32,3,5,7143121789,0,0,6462,457433,59100215,59564110
turso,concurrent,32,3,5,7202686199,0,0,6683,527154,155461706,155995543
turso,concurrent,32,3,5,7358682052,0,0,5991,441514,135057114,135504619
turso,concurrent,32,3,5,7494186981,0,0,5831,439789,67966684,68412304
turso,concurrent,32,3,5,7562599527,0,0,6973,9220107,88197116,97424196
turso,concurrent,32,3,5,7660024124,0,0,6633,519580,49006589,49532802
turso,concurrent,32,3,5,7709557206,0,0,6102,463254,141999815,142469171
turso,concurrent,32,3,5,7852026787,0,0,6493,498370,138860210,139365073
turso,concurrent,32,3,5,7991392161,0,0,5430,475547,880815951,881296928
turso,concurrent,32,3,5,8872689380,0,0,9007,1775410,173985728,175770145
turso,concurrent,32,3,5,9048459815,0,0,5801,563263,127333822,127902886
turso,concurrent,32,3,5,9176363051,0,0,7374,512698,154491735,155011807
turso,concurrent,32,3,5,9331375118,0,0,5931,676136,517263116,517945183
turso,concurrent,32,3,5,9849320712,0,0,8326,6131719,339390124,345530169
turso,concurrent,32,3,5,10194851131,0,0,6092,459457,30008361,30473910
turso,concurrent,32,3,5,10225325252,0,0,4658,435943,189956212,190396813
turso,concurrent,32,3,5,10415724008,0,0,6042,520532,43408205,43934779
turso,concurrent,32,3,5,10459659048,0,0,5721,500184,302615695,303121600
turso,concurrent,32,3,5,10762780938,0,0,6182,649045,161463871,162119098
turso,concurrent,32,3,5,10924900366,0,0,9137,1737749,21038136,22785022
turso,concurrent,32,3,5,10947685689,0,0,15268,12581841,123353802,135950911
turso,concurrent,32,3,5,11083636960,0,0,6823,752981,1292455449,1293215253
turso,concurrent,32,3,5,12376852574,0,0,8035,2848755,479889117,482745907
turso,concurrent,32,3,5,12859598781,0,0,6202,496817,21750220,22253239
turso,concurrent,32,3,5,12881852261,0,0,4809,446242,67380157,67831208
turso,concurrent,32,3,5,12949683739,0,0,6452,668902,33660232,34335586
turso,concurrent,32,3,5,12984019626,0,0,6872,485907,783318817,783811596
turso,concurrent,32,3,5,13767831534,0,0,10399,12360684,125807151,138178234
turso,concurrent,32,3,5,13906010038,0,0,7094,538836,274979800,275525730
turso,concurrent,32,3,5,14181536048,0,0,7153,625380,343071550,343704083
turso,concurrent,32,3,5,14525240433,0,0,9317,11318997,83125747,94454061
turso,concurrent,32,3,5,14619694735,0,0,5390,489253,38467634,38962277
turso,concurrent,32,3,5,14658657202,0,0,5761,542554,31806053,32354368
turso,concurrent,32,3,5,14691011801,0,0,4999,457373,14867633,15330005
turso,concurrent,32,3,5,14706341997,0,0,4609,414171,19321377,19740157
turso,concurrent,32,3,5,14726082395,0,0,5340,495525,82674245,83175110
turso,concurrent,32,3,5,14809257775,0,0,5651,449849,8867511,9323011
turso,concurrent,32,3,5,14818581006,0,0,5180,442135,220383694,220831009
turso,concurrent,32,3,5,15039412276,0,0,6001,440010,633772704,634218715
turso,concurrent,32,3,5,15673631271,0,0,8996,6940296,302787499,309736791
turso,concurrent,32,3,5,15983368574,0,0,6753,723655,42181641,42912049
turso,concurrent,32,3,5,16026280863,0,0,6553,466310,51331876,51804739
turso,concurrent,32,3,5,16078085823,0,0,5851,507898,67585445,68099194
turso,concurrent,32,3,5,16146185227,0,0,5671,443096,109483079,109931846
turso,concurrent,32,3,5,16256117374,0,0,7564,453356,83430432,83891352
turso,concurrent,32,3,5,16340009017,0,0,5450,426354,30537902,30969706
turso,concurrent,32,3,5,16370978953,0,0,9969,463254,37557946,38031169
turso,concurrent,32,3,5,16409010423,0,0,4929,455499,128293513,128753941
turso,concurrent,32,3,5,16537764915,0,0,16932,620000,190405149,191042081
turso,concurrent,32,3,5,16728807297,0,0,10580,4605890,100538894,105155364
turso,concurrent,32,3,5,16833962941,0,0,6292,590003,335756337,336352632
turso,concurrent,32,3,5,17170315824,0,0,6252,456772,83228260,83691284
turso,concurrent,32,3,5,17254007398,0,0,6102,541461,5284251,5831814
turso,concurrent,32,3,5,17259839422,0,0,6423,541211,237649582,238197216
turso,concurrent,32,3,5,17498036929,0,0,7173,691615,194453098,195151886
turso,concurrent,32,3,5,17693189105,0,0,6222,436343,524024063,524466628
turso,concurrent,32,3,5,18217656094,0,0,8466,4798073,51073880,55880419
turso,concurrent,32,3,5,18273536783,0,0,6182,519700,74952465,75478347
turso,concurrent,32,3,5,18349015481,0,0,6512,480737,139919650,140406899
turso,concurrent,32,3,5,18489422650,0,0,5741,491217,199678978,200175936
turso,concurrent,32,3,5,18689598856,0,0,6362,525632,178668493,179200487
turso,concurrent,32,3,5,18868799604,0,0,6151,450621,158590979,159047751
turso,concurrent,32,3,5,19027847616,0,0,8135,664915,6759985,7433035
turso,concurrent,32,3,5,19035280972,0,0,5901,448566,54093687,54548154
turso,concurrent,32,3,5,19089829477,0,0,5951,726872,94386294,95119117
turso,concurrent,32,3,5,19184948875,0,0,6662,471580,76593622,77071864
turso,concurrent,32,3,5,19262020949,0,0,6212,492800,231500320,231999332
turso,concurrent,32,3,5,19494020592,0,0,6251,506116,80141616,80653983
turso,concurrent,32,3,5,19574674925,0,0,6903,475137,281158458,281640498
turso,concurrent,32,3,5,19856315694,0,0,6292,511344,298907027,299424663
turso,concurrent,32,3,5,20155740748,0,0,15800,8056512,349818069,357890381
turso,concurrent,32,3,5,20513631389,0,0,7495,624518,240661806,241293819
turso,concurrent,32,3,5,20754925539,0,0,6883,727493,220156586,220890962
turso,concurrent,32,3,5,20975816781,0,0,6212,468945,281367072,281842229
turso,concurrent,32,3,5,21257659250,0,0,8707,6224274,694220060,700453041
turso,concurrent,32,3,5,21958112531,0,0,6803,691345,243123821,243821969
turso,concurrent,32,3,5,22201934771,0,0,6522,557562,96345191,96909275
turso,concurrent,32,3,5,22298844296,0,0,6472,476259,109339900,109822631
turso,concurrent,32,3,5,22408667157,0,0,7965,3702366,472329933,476040264
turso,concurrent,32,3,5,22884707681,0,0,7414,509432,73225597,73742443
turso,concurrent,32,3,5,22958451697,0,0,6362,449047,549647741,550103150
turso,concurrent,32,3,5,23508555187,0,0,7284,572200,19175201,19754685
turso,concurrent,32,3,5,23528310143,0,0,6853,6144193,766716100,772867146
turso,concurrent,32,3,5,24301177559,0,0,26731,3052018,20640526,23719275
turso,concurrent,32,3,5,24324897105,0,0,6091,497349,144604159,145107599
turso,concurrent,32,3,5,24470005034,0,0,5891,550930,28672050,29228871
turso,concurrent,32,3,5,24499234215,0,0,4920,427506,57031572,57463998
turso,concurrent,32,3,5,24556698463,0,0,6182,500945,154838750,155345877
turso,concurrent,32,3,5,24712044670,0,0,7975,5273952,27527360,32809287
turso,concurrent,32,3,5,24744854217,0,0,5360,489102,44479377,44973839
turso,concurrent,32,3,5,24789828418,0,0,5741,542974,278510061,279058776
turso,concurrent,32,3,5,25068887524,0,0,5841,487991,109464596,109958428
turso,concurrent,32,3,5,25178846212,0,0,5310,495906,347150115,347651331
turso,concurrent,32,3,5,25526497804,0,0,5971,595864,67676747,68278582
turso,concurrent,32,3,5,25594776616,0,0,5781,476820,10501896,10984497
turso,concurrent,32,3,5,25605761353,0,0,4950,443817,45747379,46196146
turso,concurrent,32,3,5,25651957770,0,0,5310,500644,292607742,293113696
turso,concurrent,32,3,5,25945071736,0,0,9348,8542548,101604815,110156711
turso,concurrent,32,3,5,26055228697,0,0,6772,476740,73346435,73829947
turso,concurrent,32,3,5,26129058875,0,0,5040,482330,18753726,19241096
turso,concurrent,32,3,5,26148300231,0,0,5641,484715,91332852,91823208
turso,concurrent,32,3,5,26240123699,0,0,6643,613758,215708483,216328884
turso,concurrent,32,3,5,26456452914,0,0,6322,565988,162983477,163555787
turso,concurrent,32,3,5,26620008992,0,0,6322,469425,392194669,392670416
turso,concurrent,32,3,5,27012680150,0,0,16320,542975,62283651,62842946
turso,concurrent,32,3,5,27075523416,0,0,7585,523026,360906042,361436653
turso,concurrent,32,3,5,27436960349,0,0,8627,9188447,150860293,160057367
turso,concurrent,32,3,5,27597017936,0,0,6743,824245,230995618,231826606
turso,concurrent,32,3,5,27828844882,0,0,6192,481609,89090011,89577812
turso,concurrent,32,3,5,27918422954,0,0,5621,474455,10913963,11394039
turso,concurrent,32,3,5,27929817234,0,0,4588,550339,76244172,76799099
turso,concurrent,32,3,5,28006616564,0,0,6873,1191428,10870261,12068562
turso,concurrent,32,3,5,28018685346,0,0,4829,537875,424556701,425099405
turso,concurrent,32,3,5,28443785031,0,0,8125,1587916,42254750,43850791
turso,concurrent,32,3,5,28487636083,0,0,6272,523878,403839621,404369771
turso,concurrent,32,3,5,28892006125,0,0,6652,438107,118449608,118894367
turso,concurrent,32,3,5,29010900743,0,0,6632,721993,46747235,47475860
turso,concurrent,32,3,5,29058376874,0,0,5911,495936,23127739,23629586
turso,concurrent,32,3,5,29082006800,0,0,4960,492048,9512369,10009377
turso,concurrent,32,3,5,29092016587,0,0,6382,485667,169072376,169564425
turso,concurrent,32,3,5,29261581293,0,0,6462,535981,166216619,166759062
turso,concurrent,32,3,5,29428340706,0,0,6111,433859,166767167,167207137
turso,concurrent,32,3,5,29595548194,0,0,8506,7230262,270229056,277467824
turso,concurrent,32,3,5,29873016279,0,0,6532,635188,157876502,158518222
turso,concurrent,32,3,5,30031534872,0,0,6973,644085,92559678,93210736
turso,concurrent,32,3,5,30124745939,0,0,5260,540399,366277857,366823516
turso,concurrent,32,3,5,30491569696,0,0,6402,625781,384015936,384648119
turso,concurrent,32,3,5,30876218186,0,0,7624,8400580,50386102,58794306
turso,concurrent,32,3,5,30935012733,0,0,5811,599421,168042624,168647856
turso,concurrent,32,3,5,31103660849,0,0,5220,470869,34872740,35348829
turso,concurrent,32,3,5,31139009898,0,0,5130,494433,123514455,124014018
turso,concurrent,32,3,5,31263024226,0,0,6522,625341,1281455043,1282086906
turso,concurrent,32,3,5,32545111472,0,0,8617,2774845,205095828,207879290
turso,concurrent,32,3,5,32752991033,0,0,6061,501517,314958775,315466353
turso,concurrent,32,3,6,41939,1,0,8160107,401167,104074495,112635769
turso,concurrent,32,3,6,112678138,1,0,6112,310115,94384180,94700407
turso,concurrent,32,3,6,207378826,1,0,5971,341635,43929188,44276794
turso,concurrent,32,3,6,251655951,1,0,5871,423148,13576538,14005557
turso,concurrent,32,3,6,265661768,1,0,6011,368516,149335316,149709843
turso,concurrent,32,3,6,415372192,1,0,7083,424982,61905697,62337762
turso,concurrent,32,3,6,477710235,1,0,6041,456862,120838617,121301520
turso,concurrent,32,3,6,599012005,1,0,5741,322018,122704626,123032385
turso,concurrent,32,3,6,722044611,1,0,5270,353878,323248135,323607283
turso,concurrent,32,3,6,1045652646,1,0,39574,516986,80148279,80704839
turso,concurrent,32,3,6,1126357775,1,0,5982,671757,116584079,117261818
turso,concurrent,32,3,6,1243619893,1,0,5260,393854,499280284,499679398
turso,concurrent,32,3,6,1743299531,1,0,6532,544547,114821543,115372622
turso,concurrent,32,3,6,1858672415,1,0,5560,414903,305260085,305680548
turso,concurrent,32,3,6,2164353233,1,0,7234,3063891,255790783,258861908
turso,concurrent,32,3,6,2423215421,1,0,6613,456962,20161302,20624877
turso,concurrent,32,3,6,2443840488,1,0,5410,461721,77076694,77543825
turso,concurrent,32,3,6,2521385034,1,0,5090,393753,137746539,138145382
turso,concurrent,32,3,6,2659530646,1,0,5912,678820,123645763,124330495
turso,concurrent,32,3,6,2783861412,1,0,6241,544047,365213078,365763366
turso,concurrent,32,3,6,3149625078,0,0,8526,6449309,424883037,431340872
turso,concurrent,32,3,6,3580966211,0,0,7655,410073,153619189,154036917
turso,concurrent,32,3,6,3735003389,0,0,6111,467823,39121968,39595902
turso,concurrent,32,3,6,3774599591,0,0,5400,442666,289664277,290112343
turso,concurrent,32,3,6,4064712225,0,0,6041,568092,223305588,223879721
turso,concurrent,32,3,6,4288592286,0,0,8817,3511265,268892003,272412085
turso,concurrent,32,3,6,4561004672,0,0,32942,473714,51336044,51842700
turso,concurrent,32,3,6,4612847672,0,0,6843,511976,89273027,89791846
turso,concurrent,32,3,6,4702639828,0,0,6973,536222,140647373,141190568
turso,concurrent,32,3,6,4843830666,0,0,6473,492719,213222653,213721845
turso,concurrent,32,3,6,5057552781,0,0,5390,424040,120119710,120549140
turso,concurrent,32,3,6,5178102231,0,0,5390,412709,120683743,121101842
turso,concurrent,32,3,6,5299204585,0,0,14708,1825856,20511311,22351875
turso,concurrent,32,3,6,5321558114,0,0,6832,6249502,10056596,16312930
turso,concurrent,32,3,6,5337871344,0,0,6843,720300,87881159,88608302
turso,concurrent,32,3,6,5426479877,0,0,5100,607025,318938083,319550208
turso,concurrent,32,3,6,5746030516,0,0,7113,479124,129539805,130026042
turso,concurrent,32,3,6,5876056878,0,0,6653,450430,27330428,27787511
turso,concurrent,32,3,6,5903844680,0,0,5150,433257,58438706,58877113
turso,concurrent,32,3,6,5962722134,0,0,5220,385698,125899144,126290062
turso,concurrent,32,3,6,6089012577,0,0,6713,555347,519447798,520009858
turso,concurrent,32,3,6,6609022776,0,0,9698,12589726,220657100,233256524
turso,concurrent,32,3,6,6842279600,0,0,6453,422727,78488367,78917547
turso,concurrent,32,3,6,6921197488,0,0,5660,517607,103788154,104311421
turso,concurrent,32,3,6,7025509230,0,0,6101,453677,260662094,261121872
turso,concurrent,32,3,6,7286631412,0,0,6422,471069,245627246,246104737
turso,concurrent,32,3,6,7532736690,0,0,7704,4900637,63230277,68138618
turso,concurrent,32,3,6,7600875579,0,0,5510,450590,217211169,217667269
turso,concurrent,32,3,6,7818543168,0,0,6953,610061,123678154,124295168
turso,concurrent,32,3,6,7942838867,0,0,5872,473042,20505321,20984235
turso,concurrent,32,3,6,7963823392,0,0,6232,500304,272374113,272880649
turso,concurrent,32,3,6,8236704322,0,0,6302,622915,28702879,29332096
turso,concurrent,32,3,6,8266036708,0,0,5931,762749,10530320,11299000
turso,concurrent,32,3,6,8277335968,0,0,5751,638164,159872258,160516173
turso,concurrent,32,3,6,8437852421,0,0,6122,520762,59924831,60451715
turso,concurrent,32,3,6,8498304426,0,0,6172,552302,271218633,271777107
turso,concurrent,32,3,6,8770081823,0,0,7464,2286745,37800394,40094603
turso,concurrent,32,3,6,8810176987,0,0,5130,426365,150527976,150959471
turso,concurrent,32,3,6,8961136738,0,0,5801,426595,79024819,79457215
turso,concurrent,32,3,6,9040594244,0,0,5540,521044,204606905,205133489
turso,concurrent,32,3,6,9245728024,0,0,6843,485145,253623042,254115030
turso,concurrent,32,3,6,9499843435,0,0,7715,552673,40304950,40865338
turso,concurrent,32,3,6,9540709053,0,0,6693,676546,9295189,9978428
turso,concurrent,32,3,6,9550687782,0,0,5971,957707,36629595,37593273
turso,concurrent,32,3,6,9588281335,0,0,5700,394936,701161637,701562273
turso,concurrent,32,3,6,10289845693,0,0,9838,14519858,38378625,52908321
turso,concurrent,32,3,6,10342754294,0,0,6983,607958,43409719,44024660
turso,concurrent,32,3,6,10386779234,0,0,5871,440241,124788939,125235051
turso,concurrent,32,3,6,10512014525,0,0,6221,519581,59468108,59993910
turso,concurrent,32,3,6,10572008747,0,0,6091,447274,524133590,524586955
turso,concurrent,32,3,6,11096596062,0,0,8506,12714159,58699147,71421812
turso,concurrent,32,3,6,11168018216,0,0,5500,449438,15154084,15609022
turso,concurrent,32,3,6,11183627509,0,0,5410,454237,38411628,38871275
turso,concurrent,32,3,6,11222499074,0,0,6893,462713,108880634,109350240
turso,concurrent,32,3,6,11331849574,0,0,5561,609249,166879269,167494079
turso,concurrent,32,3,6,11499343984,0,0,7073,521123,54086655,54614851
turso,concurrent,32,3,6,11553959125,0,0,6953,554436,206493906,207055295
turso,concurrent,32,3,6,11761014691,0,0,6051,588611,50664016,51258678
turso,concurrent,32,3,6,11812273579,0,0,5140,568382,172001054,172574576
turso,concurrent,32,3,6,11984848425,0,0,6883,561790,42487188,43055861
turso,concurrent,32,3,6,12027904656,0,0,8626,11928016,180834581,192771223
turso,concurrent,32,3,6,12220676270,0,0,8777,3358076,200812376,204179229
turso,concurrent,32,3,6,12424855789,0,0,7054,773209,120392465,121172728
turso,concurrent,32,3,6,12546028757,0,0,5791,484274,67396738,67886803
turso,concurrent,32,3,6,12613915811,0,0,6853,627383,96109225,96743461
turso,concurrent,32,3,6,12710659563,0,0,6562,534058,184626225,185166845
turso,concurrent,32,3,6,12895826798,0,0,6181,491908,284383935,284882024
turso,concurrent,32,3,6,13180709344,0,0,17102,11052945,100593877,111663924
turso,concurrent,32,3,6,13292373539,0,0,5911,442905,34708150,35156966
turso,concurrent,32,3,6,13327530786,0,0,5330,637162,10724656,11367148
turso,concurrent,32,3,6,13338898215,0,0,5751,539978,98225839,98771568
turso,concurrent,32,3,6,13437670023,0,0,6322,439619,3441494,3887435
turso,concurrent,32,3,6,13441557729,0,0,4038,447093,23657990,24109121
turso,concurrent,32,3,6,13465667130,0,0,5511,477511,106536801,107019823
turso,concurrent,32,3,6,13572687193,0,0,5310,436944,112177605,112619859
turso,concurrent,32,3,6,13685307312,0,0,5851,455910,19331416,19793177
turso,concurrent,32,3,6,13705100769,0,0,5701,526794,173050072,173582567
turso,concurrent,32,3,6,13878683597,0,0,6632,554587,183555304,184116523
turso,concurrent,32,3,6,14062800481,0,0,6552,493051,29383622,29883225
turso,concurrent,32,3,6,14092683936,0,0,4539,443357,67642492,68090388
turso,concurrent,32,3,6,14160774615,0,0,5841,495495,90007983,90509319
turso,concurrent,32,3,6,14251284425,0,0,6191,439800,247939178,248385169
turso,concurrent,32,3,6,14499669894,0,0,7915,3332959,209045952,212386826
turso,concurrent,32,3,6,14712056980,0,0,5962,448576,20064369,20518907
turso,concurrent,32,3,6,14732576147,0,0,5621,576036,330982350,331564007
turso,concurrent,32,3,6,15064140444,0,0,5460,478483,14678306,15162249
turso,concurrent,32,3,6,15079302994,0,0,5400,477000,535447007,535929407
turso,concurrent,32,3,6,15615232701,0,0,8707,9136780,111440112,120585599
turso,concurrent,32,3,6,15735818671,0,0,6873,512106,19914536,20433515
turso,concurrent,32,3,6,15756252456,0,0,5340,427277,41072739,41505356
turso,concurrent,32,3,6,15797758082,0,0,7755,666126,295426310,296100191
turso,concurrent,32,3,6,16093858584,0,0,7624,698759,68157424,68863807
turso,concurrent,32,3,6,16162722651,0,0,6382,541752,256417595,256965729
turso,concurrent,32,3,6,16419688601,0,0,5320,447735,22870203,23323258
turso,concurrent,32,3,6,16443012149,0,0,5541,466009,32155172,32626722
turso,concurrent,32,3,6,16475639122,0,0,5150,472020,43680731,44157901
turso,concurrent,32,3,6,16519797393,0,0,6192,497018,504559485,505062695
turso,concurrent,32,3,6,17024860379,0,0,8125,10017832,122779829,132805786
turso,concurrent,32,3,6,17157666456,0,0,5881,403441,175338711,175748033
turso,concurrent,32,3,6,17333414719,0,0,6122,523167,176419570,176948859
turso,concurrent,32,3,6,17510363868,0,0,5421,528437,47955846,48489704
turso,concurrent,32,3,6,17558853822,0,0,5189,426906,190734199,191166294
turso,concurrent,32,3,6,17750020408,0,0,6292,493952,156333390,156833634
turso,concurrent,32,3,6,17906854282,0,0,7614,6103145,21715464,27826223
turso,concurrent,32,3,6,17934680737,0,0,5540,440942,11724213,12170695
turso,concurrent,32,3,6,17946851672,0,0,4378,457353,188350483,188812214
turso,concurrent,32,3,6,18135664146,0,0,5751,424812,449920709,450351272
turso,concurrent,32,3,6,18586015789,0,0,8766,416135,110375143,110800044
turso,concurrent,32,3,6,18696816084,0,0,5751,523558,437086273,437615582
turso,concurrent,32,3,6,19134433579,0,0,8867,591847,109553412,110154126
turso,concurrent,32,3,6,19244587996,0,0,5630,492339,170754641,171252610
turso,concurrent,32,3,6,19415840897,0,0,7033,527265,428316796,428851094
turso,concurrent,32,3,6,19844692392,0,0,7404,474746,353629811,354111961
turso,concurrent,32,3,6,20198804684,0,0,8215,3797717,30726476,34532408
turso,concurrent,32,3,6,20233337473,0,0,5530,528918,179828542,180362990
turso,concurrent,32,3,6,20413700714,0,0,6262,653383,133342690,134002335
turso,concurrent,32,3,6,20547703329,0,0,6563,549997,37947943,38504503
turso,concurrent,32,3,6,20586208122,0,0,7333,492720,71436761,71936814
turso,concurrent,32,3,6,20658145358,0,0,7003,566780,114965064,115538847
turso,concurrent,32,3,6,20773684455,0,0,5080,509711,124635982,125150773
turso,concurrent,32,3,6,20898835508,0,0,5911,472923,125674711,126153545
turso,concurrent,32,3,6,21024989313,0,0,6883,687327,90167023,90861233
turso,concurrent,32,3,6,21115850826,0,0,5720,490466,31503874,32000060
turso,concurrent,32,3,6,21147851227,0,0,5310,423640,89655267,90084217
turso,concurrent,32,3,6,21237935694,0,0,6723,5294080,149982246,155283049
turso,concurrent,32,3,6,21393219123,0,0,5891,461611,56589758,57057260
turso,concurrent,32,3,6,21450276623,0,0,5751,534509,248818176,249358436
turso,concurrent,32,3,6,21699635310,0,0,5751,527294,653456775,653989820
turso,concurrent,32,3,6,22353625481,0,0,6893,640048,257238915,257885856
turso,concurrent,32,3,6,22611511607,0,0,7004,12040208,221666815,233714027
turso,concurrent,32,3,6,22845225915,0,0,6362,595814,153095220,153697396
turso,concurrent,32,3,6,22998923581,0,0,8086,458735,202647579,203114400
turso,concurrent,32,3,6,23202038211,0,0,6061,473123,90790118,91269302
turso,concurrent,32,3,6,23293307855,0,0,7434,533347,13900398,14441179
turso,concurrent,32,3,6,23307749304,0,0,5520,553375,583256426,583815321
turso,concurrent,32,3,6,23891565005,0,0,10170,7955170,747247115,755212455
turso,concurrent,32,3,6,24646777720,0,0,6573,601886,213951637,214560096
turso,concurrent,32,3,6,24861338207,0,0,9057,3539359,55770611,59319027
turso,concurrent,32,3,6,24920657605,0,0,8326,624448,92565628,93198402
turso,concurrent,32,3,6,25013856348,0,0,5490,473594,37864566,38343650
turso,concurrent,32,3,6,25052200218,0,0,6022,715650,188874671,189596343
turso,concurrent,32,3,6,25241796801,0,0,6282,562932,313598508,314167722
turso,concurrent,32,3,6,25555964894,0,0,7474,598590,620774217,621380281
turso,concurrent,32,3,6,26177345425,0,0,7844,647442,65655553,66310839
turso,concurrent,32,3,6,26243656566,0,0,6472,592107,110038718,110637297
turso,concurrent,32,3,6,26354294154,0,0,6141,439941,95965353,96411435
turso,concurrent,32,3,6,26450705810,0,0,5129,523969,220524871,221053969
turso,concurrent,32,3,6,26671760069,0,0,6012,501576,426202457,426710045
turso,concurrent,32,3,6,27098470364,0,0,8015,9121201,210915759,220044975
turso,concurrent,32,3,6,27318515600,0,0,7093,6473976,78812218,85293287
turso,concurrent,32,3,6,27403809257,0,0,6132,468825,48431273,48906230
turso,concurrent,32,3,6,27452715748,0,0,6372,647802,74404582,75058756
turso,concurrent,32,3,6,27527774754,0,0,5430,459417,328974520,329439367
turso,concurrent,32,3,6,27857214392,0,0,6632,530381,200081608,200618621
turso,concurrent,32,3,6,28057833423,0,0,7494,856937,168393115,169257546
turso,concurrent,32,3,6,28227091219,0,0,7695,12870836,91675369,104553900
turso,concurrent,32,3,6,28331645349,0,0,7965,13624819,27336740,40969524
turso,concurrent,32,3,6,28372615143,0,0,5129,497519,44619762,45122410
turso,concurrent,32,3,6,28417737844,0,0,7224,532014,379598791,380138029
turso,concurrent,32,3,6,28797876194,0,0,6482,564295,523563804,524134581
turso,concurrent,32,3,6,29322011006,0,0,5861,430302,593945054,594381217
turso,concurrent,32,3,6,29916392544,0,0,8857,9049956,69203086,78261899
turso,concurrent,32,3,6,29994654664,0,0,5560,469486,1159705448,1160180494
turso,concurrent,32,3,6,31154835499,0,0,8837,10043480,690338857,700391174
turso,concurrent,32,3,6,31855226953,0,0,6302,506917,253100126,253613345
turso,concurrent,32,3,6,32108840849,0,0,12313,573141,191817865,192403319
turso,concurrent,32,3,6,32301244458,0,0,8456,1221094,403651637,404881187
turso,concurrent,32,3,6,32706125995,0,0,6843,438247,52503246,52948336
turso,concurrent,32,3,6,32759074552,0,0,5109,547423,239564917,240117449
turso,concurrent,32,3,6,32999192262,0,0,6452,506786,97814192,98327430
turso,concurrent,32,3,7,64472,1,0,3084931,713145,295681742,299479818
turso,concurrent,32,3,7,299544801,1,0,6362,355380,164755091,165116833
turso,concurrent,32,3,7,464661884,1,0,7153,576949,318825711,319409813
turso,concurrent,32,3,7,784072048,1,0,7003,348217,9397351,9752571
turso,concurrent,32,3,7,793824831,1,0,5410,363275,113703914,114072599
turso,concurrent,32,3,7,907897991,1,0,5551,311227,170624616,170941394
turso,concurrent,32,3,7,1078839795,1,0,41980,544427,171265555,171851962
turso,concurrent,32,3,7,1250692027,1,0,6632,538376,116392988,116937996
turso,concurrent,32,3,7,1367630234,1,0,5441,448736,460262373,460716550
turso,concurrent,32,3,7,1828347656,1,0,6202,455018,59589327,60050547
turso,concurrent,32,3,7,1888398414,1,0,5280,408230,44655238,45068748
turso,concurrent,32,3,7,1933467443,1,0,6232,598770,45304052,45909054
turso,concurrent,32,3,7,1979376697,1,0,5200,421345,29328569,29755114
turso,concurrent,32,3,7,2009132052,1,0,5440,492760,87774539,88272739
turso,concurrent,32,3,7,2097405121,1,0,9618,10257655,131100469,141367742
turso,concurrent,32,3,7,2238773164,1,0,6281,593681,21314908,21914870
turso,concurrent,32,3,7,2260688294,1,0,5771,491868,50830160,51327799
turso,concurrent,32,3,7,2312016774,1,0,5451,583771,167589579,168178801
turso,concurrent,32,3,7,2480195845,1,0,5189,461872,194634519,195101580
turso,concurrent,32,3,7,2675297656,1,0,5290,447765,348536522,348989577
turso,concurrent,32,3,7,3024287483,0,0,5621,452414,100910294,101368329
turso,concurrent,32,3,7,3125656112,0,0,6523,497518,265562070,266066111
turso,concurrent,32,3,7,3391722554,0,0,7875,6135316,177270626,183413817
turso,concurrent,32,3,7,3575136681,0,0,8956,817673,108885853,109712482
turso,concurrent,32,3,7,3684849415,0,0,5680,414432,25740930,26161042
turso,concurrent,32,3,7,3711010778,0,0,4879,408290,327185535,327598704
turso,concurrent,32,3,7,4038609773,0,0,5851,468113,219394468,219868432
turso,concurrent,32,3,7,4258478435,0,0,8326,2251198,482032139,484291663
turso,concurrent,32,3,7,4742770389,0,0,6352,538045,676797095,677341492
turso,concurrent,32,3,7,5420112212,0,0,8466,6236277,69256017,75500760
turso,concurrent,32,3,7,5495613342,0,0,8206,518258,83554396,84080860
turso,concurrent,32,3,7,5579694472,0,0,5901,437245,314465975,314909121
turso,concurrent,32,3,7,5894603894,0,0,5480,460759,128102944,128569183
turso,concurrent,32,3,7,6023174569,0,0,5681,425152,28080514,28511347
turso,concurrent,32,3,7,6051686167,0,0,5290,505614,146546093,147056997
turso,concurrent,32,3,7,6198743414,0,0,4829,535581,335031920,335572330
turso,concurrent,32,3,7,6534316044,0,0,7494,11029973,275483600,286521067
turso,concurrent,32,3,7,6820837752,0,0,6893,598860,276241821,276847574
turso,concurrent,32,3,7,7097685677,0,0,5591,449287,316195900,316650778
turso,concurrent,32,3,7,7414336755,0,0,7033,482331,40721085,41210449
turso,concurrent,32,3,7,7455547664,0,0,7254,542123,150512557,151061934
turso,concurrent,32,3,7,7606609989,0,0,12694,6205078,194776887,200994659
turso,concurrent,32,3,7,7807605009,0,0,8176,602717,382034638,382645531
turso,concurrent,32,3,7,8190251091,0,0,7644,572120,133410197,133989961
turso,concurrent,32,3,7,8324241443,0,0,6562,536683,101489396,102032641
turso,concurrent,32,3,7,8426274335,0,0,7684,450500,52214041,52672225
turso,concurrent,32,3,7,8478946831,0,0,5640,432376,88126133,88564149
turso,concurrent,32,3,7,8567511240,0,0,5761,419742,126199782,126625285
turso,concurrent,32,3,7,8694136795,0,0,7424,3379217,43213147,46599788
turso,concurrent,32,3,7,8740736853,0,0,5491,463815,165966086,166435392
turso,concurrent,32,3,7,8907172525,0,0,6452,515243,301580732,302102427
turso,concurrent,32,3,7,9209275492,0,0,7434,567060,12996082,13570576
turso,concurrent,32,3,7,9222846309,0,0,6142,422697,96392600,96821439
turso,concurrent,32,3,7,9319668009,0,0,7364,598950,133697288,134303602
turso,concurrent,32,3,7,9453971912,0,0,6422,644847,39502726,40153995
turso,concurrent,32,3,7,9494126408,0,0,8697,754293,150734906,151497896
turso,concurrent,32,3,7,9645624665,0,0,5330,473713,302146390,302625433
turso,concurrent,32,3,7,9948250408,0,0,9759,13074130,716753467,729837356
turso,concurrent,32,3,7,10678088064,0,0,6613,445981,314968674,315421268
turso,concurrent,32,3,7,10993509642,0,0,8436,5053115,285123560,290185111
turso,concurrent,32,3,7,11283695043,0,0,6613,494703,66815502,67316818
turso,concurrent,32,3,7,11351012091,0,0,5661,464446,95923184,96393291
turso,concurrent,32,3,7,11447405653,0,0,5901,407729,305048546,305462176
turso,concurrent,32,3,7,11752868109,0,0,7254,651629,34394899,35053782
turso,concurrent,32,3,7,11787922232,0,0,6883,617936,343487234,344112053
turso,concurrent,32,3,7,12132036649,0,0,8777,6274128,154278012,160560917
turso,concurrent,32,3,7,12292597806,0,0,5651,501456,47907986,48415093
turso,concurrent,32,3,7,12341013150,0,0,5761,428167,49376327,49810255
turso,concurrent,32,3,7,12390823666,0,0,5370,407268,195049222,195461860
turso,concurrent,32,3,7,12586285806,0,0,6623,600763,482742129,483349515
turso,concurrent,32,3,7,13069635642,0,0,7695,514621,61581717,62104033
turso,concurrent,32,3,7,13131739945,0,0,5080,511595,40579588,41096263
turso,concurrent,32,3,7,13172836498,0,0,6573,3369538,309666970,313043081
turso,concurrent,32,3,7,13485879879,0,0,6703,533747,106145142,106685592
turso,concurrent,32,3,7,13592565701,0,0,6162,598759,352331883,352936804
turso,concurrent,32,3,7,13945502806,0,0,5921,433588,48816971,49256480
turso,concurrent,32,3,7,13994759537,0,0,6472,497869,337265274,337769615
turso,concurrent,32,3,7,14332529513,0,0,8446,2505187,66807126,69320759
turso,concurrent,32,3,7,14401850542,0,0,6763,448687,220930426,221385876
turso,concurrent,32,3,7,14623236669,0,0,5941,480867,42851745,43338553
turso,concurrent,32,3,7,14666575533,0,0,7083,599351,505037027,505643461
turso,concurrent,32,3,7,15172219245,0,0,6021,533126,44747061,45286208
turso,concurrent,32,3,7,15217505654,0,0,5690,537545,123643088,124186323
turso,concurrent,32,3,7,15341692257,0,0,5952,520422,105311438,105837812
turso,concurrent,32,3,7,15447530360,0,0,7864,11033218,153101592,164142674
turso,concurrent,32,3,7,15611673305,0,0,6642,864522,267467766,268338930
turso,concurrent,32,3,7,15880012515,0,0,6142,447574,309164252,309617968
turso,concurrent,32,3,7,16189630773,0,0,5771,440812,172329572,172776155
turso,concurrent,32,3,7,16362407339,0,0,6873,474285,13771986,14253144
turso,concurrent,32,3,7,16376660763,0,0,5060,489764,70268898,70763722
turso,concurrent,32,3,7,16447424805,0,0,5500,516364,179072436,179594300
turso,concurrent,32,3,7,16627019346,0,0,6772,7487257,126798732,134292761
turso,concurrent,32,3,7,16761312419,0,0,6633,533035,180161661,180701329
turso,concurrent,32,3,7,16942014059,0,0,6612,477912,31166658,31651182
turso,concurrent,32,3,7,16973665511,0,0,5721,446472,162656481,163108674
turso,concurrent,32,3,7,17136774476,0,0,6642,520773,126954035,127481450
turso,concurrent,32,3,7,17264256206,0,0,6523,570226,112171482,112748231
turso,concurrent,32,3,7,17377004698,0,0,6662,573673,100060751,100641086
turso,concurrent,32,3,7,17477646064,0,0,6052,534138,339834171,340374361
turso,concurrent,32,3,7,17818020655,0,0,7454,12359091,178715832,191082377
turso,concurrent,32,3,7,18009103272,0,0,6843,533737,13674162,14214742
turso,concurrent,32,3,7,18023318274,0,0,6773,601064,118051117,118658954
turso,concurrent,32,3,7,18141977608,0,0,12363,544637,34819039,35376039
turso,concurrent,32,3,7,18177353939,0,0,6743,645388,744184916,744837047
turso,concurrent,32,3,7,18922191287,0,0,8926,4126366,96128672,100263964
turso,concurrent,32,3,7,19022455542,0,0,6492,436063,421826580,422269135
turso,concurrent,32,3,7,19444724987,0,0,6763,438578,30856432,31301773
turso,concurrent,32,3,7,19476027080,0,0,6593,477952,240318368,240802913
turso,concurrent,32,3,7,19716830264,0,0,6271,518539,87656515,88181325
turso,concurrent,32,3,7,19805011910,0,0,6011,452434,141841086,142299531
turso,concurrent,32,3,7,19947311711,0,0,6142,433698,200271205,200711045
turso,concurrent,32,3,7,20148022996,0,0,8476,9145697,10855433,20009606
turso,concurrent,32,3,7,20168032872,0,0,5801,492700,175884720,176383221
turso,concurrent,32,3,7,20344416374,0,0,5661,447223,270414807,270867691
turso,concurrent,32,3,7,20615284325,0,0,5851,710521,7464164,8180536
turso,concurrent,32,3,7,20623465151,0,0,4338,494773,8653137,9152248
turso,concurrent,32,3,7,20632617661,0,0,5380,501777,156160283,156667440
turso,concurrent,32,3,7,20789285331,0,0,5510,468524,47914198,48388232
turso,concurrent,32,3,7,20837673834,0,0,5400,543105,178513561,179062066
turso,concurrent,32,3,7,21016736181,0,0,6192,482971,264149985,264639148
turso,concurrent,32,3,7,21281375610,0,0,8766,5265405,129191057,134465228
turso,concurrent,32,3,7,21415841098,0,0,6011,516786,192638042,193160839
turso,concurrent,32,3,7,21609002177,0,0,5080,452113,123718360,124175553
turso,concurrent,32,3,7,21733178000,0,0,5310,463595,130208396,130677301
turso,concurrent,32,3,7,21863855581,0,0,5911,499072,34912365,35417348
turso,concurrent,32,3,7,21899273149,0,0,5120,491417,21945718,22442255
turso,concurrent,32,3,7,21921715655,0,0,5651,470618,59957462,60433731
turso,concurrent,32,3,7,21982149696,0,0,5210,518869,29993584,30517663
turso,concurrent,32,3,7,22012667619,0,0,5681,474275,100841094,101321050
turso,concurrent,32,3,7,22113990783,0,0,5460,450901,74892772,75349133
turso,concurrent,32,3,7,22189340187,0,0,5821,438407,41224996,41669224
turso,concurrent,32,3,7,22231009651,0,0,6773,669073,76712265,77388111
turso,concurrent,32,3,7,22308398393,0,0,17353,584323,82553678,83155354
turso,concurrent,32,3,7,22391554007,0,0,13175,6194698,129033559,135241432
turso,concurrent,32,3,7,22526796080,0,0,7293,519390,167856603,168383286
turso,concurrent,32,3,7,22695179668,0,0,6061,519220,91632588,92157869
turso,concurrent,32,3,7,22787337787,0,0,5511,538015,188614009,189157535
turso,concurrent,32,3,7,22976495663,0,0,5871,442906,17256911,17705688
turso,concurrent,32,3,7,22994201762,0,0,5991,593250,173864789,174464030
turso,concurrent,32,3,7,23168666113,0,0,6181,430453,82909479,83346113
turso,concurrent,32,3,7,23252012476,0,0,4909,447204,35165092,35617205
turso,concurrent,32,3,7,23287630032,0,0,5190,487750,107889873,108382813
turso,concurrent,32,3,7,23396013196,0,0,5340,479184,95931881,96416405
turso,concurrent,32,3,7,23492429941,0,0,7174,700231,30430408,31137813
turso,concurrent,32,3,7,23523568005,0,0,5150,435501,217559726,218000377
turso,concurrent,32,3,7,23741568733,0,0,7985,735828,98542056,99285869
turso,concurrent,32,3,7,23840854812,0,0,6002,482701,148188261,148676964
turso,concurrent,32,3,7,23989532116,0,0,5911,476479,10915986,11398376
turso,concurrent,32,3,7,24000930684,0,0,4528,488923,834334767,834828218
turso,concurrent,32,3,7,24835759143,0,0,8616,7685862,228974444,236668922
turso,concurrent,32,3,7,25072428306,0,0,5801,463644,242113156,242582601
turso,concurrent,32,3,7,25315011187,0,0,5731,438968,149232251,149676950
turso,concurrent,32,3,7,25464688408,0,0,6752,660918,384880808,385548478
turso,concurrent,32,3,7,25850237106,0,0,6062,449678,79155716,79611456
turso,concurrent,32,3,7,25929848943,0,0,8937,10917690,44820360,55746987
turso,concurrent,32,3,7,25985596221,0,0,6251,487430,356363810,356857491
turso,concurrent,32,3,7,26342454003,0,0,7284,666557,301700018,302373859
turso,concurrent,32,3,7,26644828253,0,0,7544,515753,186979726,187503023
turso,concurrent,32,3,7,26832331586,0,0,7254,565787,67099248,67672289
turso,concurrent,32,3,7,26900004195,0,0,6222,593410,430115209,430714841
turso,concurrent,32,3,7,27330719387,0,0,8276,21050529,28940787,49999592
turso,concurrent,32,3,7,27380719280,0,0,5841,709509,68308248,69023598
turso,concurrent,32,3,7,27449743168,0,0,5650,590174,97961230,98557054
turso,concurrent,32,3,7,27548300503,0,0,5751,434239,44776297,45216287
turso,concurrent,32,3,7,27593517051,0,0,6462,524299,298827477,299358238
turso,concurrent,32,3,7,27892875549,0,0,5841,438478,553253445,553697764
turso,concurrent,32,3,7,28446573553,0,0,8395,6365782,160068808,166442985
turso,concurrent,32,3,7,28613016809,0,0,5912,476298,93036688,93518898
turso,concurrent,32,3,7,28706536007,0,0,6673,531523,115936947,116475143
turso,concurrent,32,3,7,28823011421,0,0,6682,518950,77998412,78524044
turso,concurrent,32,3,7,28901535736,0,0,5901,436864,28837402,29280167
turso,concurrent,32,3,7,28930816164,0,0,5470,514451,85243122,85763043
turso,concurrent,32,3,7,29016579448,0,0,7544,880281,46281888,47169713
turso,concurrent,32,3,7,29063749411,0,0,5090,472882,101545052,102023024
turso,concurrent,32,3,7,29165772765,0,0,6231,558885,482588549,483153665
turso,concurrent,32,3,7,29648926952,0,0,8547,576317,57238651,57823515
turso,concurrent,32,3,7,29706750778,0,0,6181,546532,613062116,613614829
turso,concurrent,32,3,7,30320365907,0,0,6673,602387,538047422,538656482
turso,concurrent,32,3,7,30859022690,0,0,9407,11518825,420261247,431789479
turso,concurrent,32,3,7,31290812419,0,0,6432,459848,304593597,305059877
turso,concurrent,32,3,7,31595872556,0,0,6973,663271,1460627978,1461298222
turso,concurrent,32,3,8,57148,1,0,3497329,883187,423581451,427961967
turso,concurrent,32,3,8,428019786,1,0,6322,399544,69532548,69938414
turso,concurrent,32,3,8,497958461,1,0,6963,471029,327285493,327763485
turso,concurrent,32,3,8,825722327,1,0,6021,362104,69759436,70127561
turso,concurrent,32,3,8,895850168,1,0,5410,360380,200466563,200832353
turso,concurrent,32,3,8,1096683153,1,0,49473,3333380,360571019,363953872
turso,concurrent,32,3,8,1460637296,1,0,6763,662079,390537752,391206594
turso,concurrent,32,3,8,1851844181,1,0,7303,573342,30271569,30852214
turso,concurrent,32,3,8,1882696635,1,0,5671,430121,274777609,275213401
turso,concurrent,32,3,8,2157910988,1,0,8836,3722424,534407465,538138725
turso,concurrent,32,3,8,2696050033,1,0,8386,695152,313466770,314170308
turso,concurrent,32,3,8,3010220591,0,0,7003,435963,16584693,17027659
turso,concurrent,32,3,8,3027248510,0,0,5120,472021,551213084,551690225
turso,concurrent,32,3,8,3578939076,0,0,7464,5333594,86805681,92146739
turso,concurrent,32,3,8,3671086095,0,0,5781,588290,185332347,185926418
turso,concurrent,32,3,8,3857012814,0,0,7063,552984,176070180,176630227
turso,concurrent,32,3,8,4033643412,0,0,5861,468805,342757507,343232173
turso,concurrent,32,3,8,4376876577,0,0,8476,567961,172562723,173139160
turso,concurrent,32,3,8,4550016018,0,0,6492,429961,94929369,95365822
turso,concurrent,32,3,8,4645382130,0,0,8085,546481,156265692,156820258
turso,concurrent,32,3,8,4802202780,0,0,6592,415645,40069325,40491562
turso,concurrent,32,3,8,4842694603,0,0,5370,471489,144841247,145318106
turso,concurrent,32,3,8,4988012979,0,0,6082,479654,54518720,55004456
turso,concurrent,32,3,8,5043017725,0,0,7664,499212,565239891,565746767
turso,concurrent,32,3,8,5608764764,0,0,8676,3189568,129700979,132899223
turso,concurrent,32,3,8,5741664257,0,0,5811,449328,85799953,86255092
turso,concurrent,32,3,8,5827919630,0,0,5530,513469,323570314,324089313
turso,concurrent,32,3,8,6152009223,0,0,6613,526473,83467812,84000898
turso,concurrent,32,3,8,6236010502,0,0,6202,548895,122822680,123377777
turso,concurrent,32,3,8,6359388520,0,0,6993,578732,121400947,121986672
turso,concurrent,32,3,8,6481375412,0,0,7804,2206183,74139962,76353949
turso,concurrent,32,3,8,6557729753,0,0,5851,690483,281983465,282679799
turso,concurrent,32,3,8,6840409792,0,0,5941,582720,4867043,5455704
turso,concurrent,32,3,8,6845866809,0,0,4388,476008,91891237,92371633
turso,concurrent,32,3,8,6938238712,0,0,5170,433768,369165937,369604875
turso,concurrent,32,3,8,7307843867,0,0,6773,630881,120349152,120986806
turso,concurrent,32,3,8,7428830974,0,0,5370,456671,121771226,122233267
turso,concurrent,32,3,8,7551064492,0,0,8065,5688854,6717575,12414494
turso,concurrent,32,3,8,7563479267,0,0,5110,440962,54694511,55140583
turso,concurrent,32,3,8,7618620250,0,0,5601,507327,87522153,88035081
turso,concurrent,32,3,8,7706655601,0,0,6743,515102,77279736,77801581
turso,concurrent,32,3,8,7784457563,0,0,6422,462553,29800550,30269525
turso,concurrent,32,3,8,7814727388,0,0,6472,513650,400768225,401288347
turso,concurrent,32,3,8,8216016006,0,0,6622,595684,113300403,113902709
turso,concurrent,32,3,8,8329918995,0,0,6823,548054,242727314,243282191
turso,concurrent,32,3,8,8573201477,0,0,6762,491748,67600293,68098803
turso,concurrent,32,3,8,8641300530,0,0,7635,3661869,197846750,201516254
turso,concurrent,32,3,8,8842817125,0,0,6081,438818,130747353,131192252
turso,concurrent,32,3,8,8974009638,0,0,6462,462182,22670346,23138990
turso,concurrent,32,3,8,8997148868,0,0,5110,459487,205953657,206418254
turso,concurrent,32,3,8,9203567592,0,0,6041,463084,84818521,85287646
turso,concurrent,32,3,8,9288855560,0,0,6362,538015,39475615,40019992
turso,concurrent,32,3,8,9328875802,0,0,5681,644576,72572705,73222962
turso,concurrent,32,3,8,9402099035,0,0,5941,457664,27216874,27680479
turso,concurrent,32,3,8,9429779784,0,0,6873,642642,468745840,469395355
turso,concurrent,32,3,8,9899175441,0,0,7284,3342907,105064713,108414904
turso,concurrent,32,3,8,10007590656,0,0,6302,457162,97255939,97719403
turso,concurrent,32,3,8,10105310340,0,0,6673,490966,195798726,196296365
turso,concurrent,32,3,8,10301607025,0,0,6252,507959,101541184,102055395
turso,concurrent,32,3,8,10403662681,0,0,5470,451642,154296988,154754100
turso,concurrent,32,3,8,10558417041,0,0,5881,489424,83756707,84252012
turso,concurrent,32,3,8,10642669284,0,0,6492,759664,181822444,182588600
turso,concurrent,32,3,8,10825258455,0,0,5921,558193,62219220,62783334
turso,concurrent,32,3,8,10888042069,0,0,6703,516214,92148301,92671218
turso,concurrent,32,3,8,10980713548,0,0,9568,3820779,268136548,271966895
turso,concurrent,32,3,8,11252693347,0,0,6622,503671,228814542,229324835
turso,concurrent,32,3,8,11482018552,0,0,6082,468895,104719321,105194298
turso,concurrent,32,3,8,11587213081,0,0,5490,433899,210205239,210644628
turso,concurrent,32,3,8,11797857969,0,0,6202,638605,95512730,96157537
turso,concurrent,32,3,8,11894015736,0,0,6152,548034,347341276,347895462
turso,concurrent,32,3,8,12241911448,0,0,7895,551281,77039332,77598508
turso,concurrent,32,3,8,12319510247,0,0,5450,386700,27448912,27841062
turso,concurrent,32,3,8,12347351570,0,0,5901,471299,288845322,289322522
turso,concurrent,32,3,8,12636674473,0,0,8817,781685,106271620,107062122
turso,concurrent,32,3,8,12743736875,0,0,6022,634537,892455784,893096343
turso,concurrent,32,3,8,13636833589,0,0,9157,3730058,17842086,21581301
turso,concurrent,32,3,8,13658415140,0,0,5601,436493,426765158,427207252
turso,concurrent,32,3,8,14085622923,0,0,6483,443055,81509478,81959016
turso,concurrent,32,3,8,14167582250,0,0,5821,519941,195070081,195595843
turso,concurrent,32,3,8,14363178323,0,0,8196,6495876,211659904,218163976
turso,concurrent,32,3,8,14581342620,0,0,6703,514260,46134950,46655913
turso,concurrent,32,3,8,14627998814,0,0,5530,536873,743186964,743729367
turso,concurrent,32,3,8,15371728872,0,0,14337,590544,56950949,57555830
turso,concurrent,32,3,8,15429285063,0,0,7614,545750,368673898,369227262
turso,concurrent,32,3,8,15798512616,0,0,9558,5075226,124835979,129920763
turso,concurrent,32,3,8,15928433749,0,0,5680,454498,160943970,161404148
turso,concurrent,32,3,8,16089838188,0,0,6132,484674,328677500,329168306
turso,concurrent,32,3,8,16419006785,0,0,6963,433277,58223430,58663670
turso,concurrent,32,3,8,16477670736,0,0,6362,568172,163722743,164297277
turso,concurrent,32,3,8,16641968473,0,0,25499,9008307,90886731,99920537
turso,concurrent,32,3,8,16741889340,0,0,6723,428248,59357430,59792401
turso,concurrent,32,3,8,16801682011,0,0,6503,488411,262446632,262941546
turso,concurrent,32,3,8,17064623847,0,0,7845,949682,62708032,63665559
turso,concurrent,32,3,8,17128289726,0,0,6432,639076,170705258,171350766
turso,concurrent,32,3,8,17299641003,0,0,6742,723345,192025817,192755904
turso,concurrent,32,3,8,17492397158,0,0,6452,658963,113773365,114438780
turso,concurrent,32,3,8,17606836209,0,0,5570,442305,323590442,324038317
turso,concurrent,32,3,8,17930874896,0,0,8236,3496327,48005790,51510353
turso,concurrent,32,3,8,17982385600,0,0,6322,660947,21396392,22063661
turso,concurrent,32,3,8,18004449521,0,0,6112,642232,139851080,140499424
turso,concurrent,32,3,8,18144949186,0,0,5440,527155,255204807,255737402
turso,concurrent,32,3,8,18400686878,0,0,7454,445832,78413335,78866621
turso,concurrent,32,3,8,18479553849,0,0,7114,494563,17871742,18373419
turso,concurrent,32,3,8,18497927518,0,0,4729,499683,233335883,233840295
turso,concurrent,32,3,8,18731768184,0,0,5871,458936,171447699,171912506
turso,concurrent,32,3,8,18903681010,0,0,8476,744845,26583690,27337011
turso,concurrent,32,3,8,18931018302,0,0,7223,6559808,21951459,28518490
turso,concurrent,32,3,8,18959536963,0,0,5120,428278,263226633,263660031
turso,concurrent,32,3,8,19223197405,0,0,7303,466450,122348656,122822409
turso,concurrent,32,3,8,19346020084,0,0,5982,665996,160782786,161454764
turso,concurrent,32,3,8,19507475138,0,0,5370,510754,160778738,161294862
turso,concurrent,32,3,8,19668770231,0,0,6893,858720,66380491,67246104
turso,concurrent,32,3,8,19736016585,0,0,5901,537805,267827244,268370950
turso,concurrent,32,3,8,20004388126,0,0,15369,647531,42030697,42693597
turso,concurrent,32,3,8,20047082154,0,0,8296,24373770,183562999,207945065
turso,concurrent,32,3,8,20255027489,0,0,7815,8275555,118257616,126540986
turso,concurrent,32,3,8,20381568865,0,0,6342,484855,262355961,262847158
turso,concurrent,32,3,8,20644416424,0,0,8466,546130,39444907,39999503
turso,concurrent,32,3,8,20684416228,0,0,5781,576287,294506775,295088843
turso,concurrent,32,3,8,20979505452,0,0,6652,497860,191296260,191800772
turso,concurrent,32,3,8,21171306655,0,0,7013,520171,328708609,329235793
turso,concurrent,32,3,8,21500542758,0,0,9549,8349704,44491269,52850522
turso,concurrent,32,3,8,21553393591,0,0,5220,473633,137395087,137873940
turso,concurrent,32,3,8,21691267901,0,0,6623,503199,136368339,136878161
turso,concurrent,32,3,8,21828146363,0,0,7584,555629,462545210,463108423
turso,concurrent,32,3,8,22291255247,0,0,17052,555177,184819630,185391859
turso,concurrent,32,3,8,22476647467,0,0,8045,9165364,753191461,762364870
turso,concurrent,32,3,8,23239012697,0,0,6953,451222,37358370,37816545
turso,concurrent,32,3,8,23276829563,0,0,7183,603499,161658087,162268769
turso,concurrent,32,3,8,23439100286,0,0,6352,566328,79126782,79699462
turso,concurrent,32,3,8,23518800319,0,0,15098,1076462,106910064,108001624
turso,concurrent,32,3,8,23626802204,0,0,7995,5396071,64771135,70175201
turso,concurrent,32,3,8,23696977655,0,0,11070,456963,258722404,259190437
turso,concurrent,32,3,8,23956168353,0,0,6062,481418,83051658,83539138
turso,concurrent,32,3,8,24039707721,0,0,5911,443958,9585727,10035596
turso,concurrent,32,3,8,24049743587,0,0,5110,478192,228437361,228920663
turso,concurrent,32,3,8,24278664530,0,0,6753,466039,82944997,83417789
turso,concurrent,32,3,8,24362082669,0,0,5621,521534,147001111,147528266
turso,concurrent,32,3,8,24509611306,0,0,8265,638976,77754071,78401312
turso,concurrent,32,3,8,24588012869,0,0,5901,450430,160535750,160992081
turso,concurrent,32,3,8,24749005190,0,0,7715,3541973,49897239,53446927
turso,concurrent,32,3,8,24802452377,0,0,6743,478693,320065221,320550657
turso,concurrent,32,3,8,25123003314,0,0,6532,453957,177178041,177638530
turso,concurrent,32,3,8,25300642074,0,0,6352,509191,76441445,76956988
turso,concurrent,32,3,8,25377599312,0,0,6052,541992,92248491,92796535
turso,concurrent,32,3,8,25470396107,0,0,6933,706794,54695633,55409360
turso,concurrent,32,3,8,25525805818,0,0,6562,476339,305107477,305590378
turso,concurrent,32,3,8,25831396606,0,0,6462,437034,355005588,355449084
turso,concurrent,32,3,8,26186845992,0,0,7794,8644421,232528099,241180314
turso,concurrent,32,3,8,26428026667,0,0,6773,519690,80291750,80818213
turso,concurrent,32,3,8,26508845140,0,0,6081,436654,167722830,168165565
turso,concurrent,32,3,8,26677010937,0,0,5891,542494,8812818,9361203
turso,concurrent,32,3,8,26686372380,0,0,5510,434931,102716192,103156633
turso,concurrent,32,3,8,26789529284,0,0,6092,490736,126407313,126904141
turso,concurrent,32,3,8,26916433675,0,0,5209,405746,16657300,17068255
turso,concurrent,32,3,8,26933502181,0,0,5050,425933,47487523,47918506
turso,concurrent,32,3,8,26981420978,0,0,7454,699941,162084592,162791987
turso,concurrent,32,3,8,27144213205,0,0,7043,3401077,16253990,19662110
turso,concurrent,32,3,8,27163875565,0,0,5060,667179,409470475,410142714
turso,concurrent,32,3,8,27574018620,0,0,6221,503470,509202026,509711717
turso,concurrent,32,3,8,28083730577,0,0,6072,543445,8717479,9266996
turso,concurrent,32,3,8,28092997814,0,0,4679,457052,30411392,30873123
turso,concurrent,32,3,8,28123871148,0,0,7544,506195,99484414,99998153
turso,concurrent,32,3,8,28223869611,0,0,8666,539368,27085717,27633751
turso,concurrent,32,3,8,28251503683,0,0,5209,487250,27004534,27496993
turso,concurrent,32,3,8,28279000926,0,0,6513,1606541,122402768,124015822
turso,concurrent,32,3,8,28403017008,0,0,6633,424781,29260401,29691815
turso,concurrent,32,3,8,28432709093,0,0,7685,499081,140312321,140819087
turso,concurrent,32,3,8,28573528430,0,0,6903,583411,263515748,264106062
turso,concurrent,32,3,8,28837634773,0,0,7073,615682,345969859,346592614
turso,concurrent,32,3,8,29184227667,0,0,7194,653343,612135627,612796164
turso,concurrent,32,3,8,29797024102,0,0,8616,6332318,237461307,243802241
turso,concurrent,32,3,8,30040826724,0,0,6192,455509,182721191,183182892
turso,concurrent,32,3,8,30224009926,0,0,6022,521985,854266265,854794272
turso,concurrent,32,3,8,31078804809,0,0,8637,6164160,99693469,105866266
turso,concurrent,32,3,8,31184671345,0,0,6553,515412,104340827,104862792
turso,concurrent,32,3,8,31289534417,0,0,5149,468574,73577952,74051675
turso,concurrent,32,3,8,31363586444,0,0,5740,458205,71853418,72317363
turso,concurrent,32,3,8,31435904077,0,0,7955,746870,96353857,97108682
turso,concurrent,32,3,8,31533013099,0,0,6362,638746,1554448685,1555093793
turso,concurrent,32,3,9,72437,1,0,1623082,1324640,195412397,198360119
turso,concurrent,32,3,9,198432936,1,0,6533,333399,209338704,209678636
turso,concurrent,32,3,9,408111842,1,0,6603,371451,172529109,172907163
turso,concurrent,32,3,9,581019245,1,0,6212,416346,10470286,10892844
turso,concurrent,32,3,9,591912349,1,0,5250,429580,204954823,205389653
turso,concurrent,32,3,9,797302543,1,0,6111,414723,204354800,204775634
turso,concurrent,32,3,9,1002078457,1,0,6833,384576,15024980,15416389
turso,concurrent,32,3,9,1017495026,1,0,5230,334952,137581308,137921490
turso,concurrent,32,3,9,1155416856,1,0,42961,426154,100759791,101228906
turso,concurrent,32,3,9,1256646854,1,0,6732,436654,54736160,55179546
turso,concurrent,32,3,9,1311826660,1,0,5751,433849,205383290,205822890
turso,concurrent,32,3,9,1517649831,1,0,6142,458354,43900475,44364971
turso,concurrent,32,3,9,1562015042,1,0,5681,459908,89195429,89661018
turso,concurrent,32,3,9,1651676331,1,0,5931,489724,34287947,34783602
turso,concurrent,32,3,9,1686460183,1,0,5220,463845,522536386,523005451
turso,concurrent,32,3,9,2209465885,1,0,7534,6900070,431827620,438735224
turso,concurrent,32,3,9,2648201450,1,0,7734,601685,11761783,12371202
turso,concurrent,32,3,9,2660573274,1,0,4198,531262,137027312,137562772
turso,concurrent,32,3,9,2798136386,1,0,7104,478252,51799770,52285126
turso,concurrent,32,3,9,2850421862,1,0,5791,419111,125121057,125545959
turso,concurrent,32,3,9,2975968051,1,0,6021,491378,29184367,29681766
turso,concurrent,32,3,9,3005650077,0,0,5200,395045,556664682,557064927
turso,concurrent,32,3,9,3562715314,0,0,8777,6774983,158396944,165180704
turso,concurrent,32,3,9,3727896278,0,0,5561,458765,168734099,169198425
turso,concurrent,32,3,9,3897094973,0,0,8236,592348,252875031,253475615
turso,concurrent,32,3,9,4150570858,0,0,7374,881123,63555170,64443667
turso,concurrent,32,3,9,4215014856,0,0,7624,4465476,269952263,274425363
turso,concurrent,32,3,9,4489440470,0,0,6322,9418661,202938488,212363471
turso,concurrent,32,3,9,4701804232,0,0,6672,513419,153566008,154086099
turso,concurrent,32,3,9,4855890552,0,0,6472,564595,93388732,93959799
turso,concurrent,32,3,9,4949850812,0,0,5380,484695,3669453,4159528
turso,concurrent,32,3,9,4954010571,0,0,4538,408151,171593143,172005832
turso,concurrent,32,3,9,5126016793,0,0,9428,700332,37428893,38138653
turso,concurrent,32,3,9,5164157109,0,0,6402,476990,24448291,24931683
turso,concurrent,32,3,9,5189089062,0,0,5501,461982,18040419,18507902
turso,concurrent,32,3,9,5207597285,0,0,5991,591065,80663361,81260417
turso,concurrent,32,3,9,5288857983,0,0,7684,660196,24712619,25380499
turso,concurrent,32,3,9,5314238703,0,0,7834,3447395,78697001,82152230
turso,concurrent,32,3,9,5396391234,0,0,4999,411998,125594028,126011025
turso,concurrent,32,3,9,5522402540,0,0,7083,508390,33999342,34514815
turso,concurrent,32,3,9,5556917685,0,0,6973,655898,470459013,471121884
turso,concurrent,32,3,9,6028039860,0,0,7714,523097,94278381,94809192
turso,concurrent,32,3,9,6122849302,0,0,5290,493091,158668305,159166686
turso,concurrent,32,3,9,6282016269,0,0,5811,460939,40304229,40770979
turso,concurrent,32,3,9,6322787519,0,0,5380,521544,58809656,59336580
turso,concurrent,32,3,9,6382124399,0,0,10460,7842618,6368557,14221635
turso,concurrent,32,3,9,6396346424,0,0,6593,697777,88799522,89503892
turso,concurrent,32,3,9,6485850526,0,0,7364,3563444,36898984,40469792
turso,concurrent,32,3,9,6526320548,0,0,5230,434700,17843809,18283739
turso,concurrent,32,3,9,6544604547,0,0,4789,649747,70102814,70757350
turso,concurrent,32,3,9,6615362187,0,0,6662,502017,91154737,91663416
turso,concurrent,32,3,9,6707025935,0,0,7223,578582,170026708,170612513
turso,concurrent,32,3,9,6877638788,0,0,6352,596766,274330335,274933453
turso,concurrent,32,3,9,7152572611,0,0,5701,440471,76501939,76948111
turso,concurrent,32,3,9,7229521033,0,0,5781,433277,10749754,11188812
turso,concurrent,32,3,9,7240710075,0,0,6562,482140,30943226,31431928
turso,concurrent,32,3,9,7272142233,0,0,5170,469406,358341271,358815847
turso,concurrent,32,3,9,7630958771,0,0,7874,10658602,454387558,465054034
turso,concurrent,32,3,9,8096013076,0,0,6423,473774,30244447,30724644
turso,concurrent,32,3,9,8126738261,0,0,5861,552212,654399444,654957517
turso,concurrent,32,3,9,8781696038,0,0,8666,524450,96171362,96704478
turso,concurrent,32,3,9,8878400847,0,0,5931,442084,32168798,32616813
turso,concurrent,32,3,9,8911017931,0,0,6612,483192,100353734,100843538
turso,concurrent,32,3,9,9011861779,0,0,5330,497139,370478022,370980491
turso,concurrent,32,3,9,9382842530,0,0,5371,442114,32799849,33247334
turso,concurrent,32,3,9,9416092338,0,0,7024,496056,229839445,230342525
turso,concurrent,32,3,9,9646435134,0,0,6823,505283,778093087,778605193
turso,concurrent,32,3,9,10425040678,0,0,8987,16515913,35951676,52476576
turso,concurrent,32,3,9,10477517485,0,0,5710,419452,194466712,194891874
turso,concurrent,32,3,9,10672409610,0,0,5971,496116,202943527,203445614
turso,concurrent,32,3,9,10875855735,0,0,13405,527115,244789795,245330315
turso,concurrent,32,3,9,11121186321,0,0,8065,5471294,30377348,35856707
turso,concurrent,32,3,9,11157043338,0,0,5801,444779,224056395,224506975
turso,concurrent,32,3,9,11381550553,0,0,7063,546492,1805427,2358982
turso,concurrent,32,3,9,11383909725,0,0,4568,619219,12203356,12827143
turso,concurrent,32,3,9,11396737078,0,0,5430,647212,298366377,299019019
turso,concurrent,32,3,9,11695756377,0,0,6442,529059,83458695,83994196
turso,concurrent,32,3,9,11779750823,0,0,6342,504723,165421137,165932202
turso,concurrent,32,3,9,11945683265,0,0,6713,689641,149538870,150235224
turso,concurrent,32,3,9,12095918719,0,0,7545,11318947,140369349,151695841
turso,concurrent,32,3,9,12247614890,0,0,6192,579904,82415347,83001443
turso,concurrent,32,3,9,12330616683,0,0,5721,452985,197676890,198135596
turso,concurrent,32,3,9,12528752549,0,0,8486,527105,40738057,41273648
turso,concurrent,32,3,9,12570026417,0,0,5641,672709,349978302,350656652
turso,concurrent,32,3,9,12920683379,0,0,5661,579654,48363946,48949261
turso,concurrent,32,3,9,12969632880,0,0,6793,655227,54561240,55223260
turso,concurrent,32,3,9,13024856380,0,0,6132,513959,171259824,171779915
turso,concurrent,32,3,9,13196636936,0,0,9918,3764684,404212003,407986605
turso,concurrent,32,3,9,13604623883,0,0,7845,527044,48843452,49378341
turso,concurrent,32,3,9,13654002464,0,0,6382,728725,73218594,73953701
turso,concurrent,32,3,9,13727956475,0,0,7605,632132,111301341,111941078
turso,concurrent,32,3,9,13839897813,0,0,6082,450790,166352555,166809427
turso,concurrent,32,3,9,14006707661,0,0,7424,524530,19172316,19704270
turso,concurrent,32,3,9,14026412211,0,0,8466,596285,180000928,180605679
turso,concurrent,32,3,9,14207018190,0,0,7504,585034,151980346,152572884
turso,concurrent,32,3,9,14359591335,0,0,9177,4215123,11558029,15782329
turso,concurrent,32,3,9,14375373965,0,0,6662,656810,212785056,213448528
turso,concurrent,32,3,9,14588822764,0,0,7564,598579,73588051,74194194
turso,concurrent,32,3,9,14663017219,0,0,5660,464858,63373958,63844476
turso,concurrent,32,3,9,14726861945,0,0,5441,448205,357680104,358133750
turso,concurrent,32,3,9,15084995966,0,0,6662,490115,92427950,92924727
turso,concurrent,32,3,9,15177920933,0,0,5470,608859,67263988,67878317
turso,concurrent,32,3,9,15245799481,0,0,5179,517767,98677421,99200367
turso,concurrent,32,3,9,15345000088,0,0,6131,667510,1010175465,1010849106
turso,concurrent,32,3,9,16355849465,0,0,8927,3723246,39461247,43193420
turso,concurrent,32,3,9,16399043116,0,0,5971,800781,104352720,105159472
turso,concurrent,32,3,9,16504202758,0,0,5220,444959,285204733,285654912
turso,concurrent,32,3,9,16789857981,0,0,7734,15202335,126106396,141316465
turso,concurrent,32,3,9,16931174737,0,0,7354,535630,38297412,38840396
turso,concurrent,32,3,9,16970015454,0,0,6572,487590,125510572,126004734
turso,concurrent,32,3,9,17096020498,0,0,6963,484374,57649117,58140454
turso,concurrent,32,3,9,17154161262,0,0,5761,594322,54349089,54949172
turso,concurrent,32,3,9,17209110695,0,0,6682,628456,51001222,51636360
turso,concurrent,32,3,9,17260747316,0,0,6081,583952,102690724,103280757
turso,concurrent,32,3,9,17364028363,0,0,6482,568383,122081210,122656075
turso,concurrent,32,3,9,17486684729,0,0,6031,538256,190667654,191211941
turso,concurrent,32,3,9,17677896961,0,0,7263,643084,34166417,34816764
turso,concurrent,32,3,9,17712714006,0,0,5901,427076,156423901,156856878
turso,concurrent,32,3,9,17869571154,0,0,7504,2144898,209762393,211914795
turso,concurrent,32,3,9,18081486199,0,0,6954,752510,303857959,304617423
turso,concurrent,32,3,9,18386103912,0,0,5971,459137,122853217,123318325
turso,concurrent,32,3,9,18509422487,0,0,5551,417177,143210459,143633187
turso,concurrent,32,3,9,18653055974,0,0,6783,542995,84228919,84778697
turso,concurrent,32,3,9,18737834951,0,0,5741,474936,812056261,812536938
turso,concurrent,32,3,9,19550372189,0,0,7675,14074537,300999225,315081437
turso,concurrent,32,3,9,19865453926,0,0,5891,513119,14748558,15267568
turso,concurrent,32,3,9,19880721714,0,0,5451,533937,54776466,55315854
turso,concurrent,32,3,9,19936037899,0,0,6672,501637,53470331,53978640
turso,concurrent,32,3,9,19990016860,0,0,6112,553624,276553169,277112905
turso,concurrent,32,3,9,20267131528,0,0,7694,11458872,89027342,100493908
turso,concurrent,32,3,9,20367625657,0,0,6282,526834,117924457,118457573
turso,concurrent,32,3,9,20486083491,0,0,5500,489714,152128065,152623279
turso,concurrent,32,3,9,20638707061,0,0,7224,593790,234990485,235591499
turso,concurrent,32,3,9,20874298951,0,0,6422,583060,63976725,64566207
turso,concurrent,32,3,9,20938865419,0,0,6873,568553,73389787,73965213
turso,concurrent,32,3,9,21012830862,0,0,5841,577610,325401800,325985251
turso,concurrent,32,3,9,21338816423,0,0,7474,10512446,380183715,390703635
turso,concurrent,32,3,9,21729520318,0,0,7805,804167,444087895,444899867
turso,concurrent,32,3,9,22174420435,0,0,6693,592809,258977054,259576556
turso,concurrent,32,3,9,22433997572,0,0,26049,6151037,67482931,73660017
turso,concurrent,32,3,9,22507657829,0,0,5851,482370,111627526,112115747
turso,concurrent,32,3,9,22619773917,0,0,5621,474435,48610732,49090788
turso,concurrent,32,3,9,22668864975,0,0,6082,584393,107939988,108530463
turso,concurrent,32,3,9,22777395698,0,0,5881,447234,15181085,15634200
turso,concurrent,32,3,9,22793030309,0,0,4799,444528,131924735,132374062
turso,concurrent,32,3,9,22925404651,0,0,6903,517376,11887300,12411579
turso,concurrent,32,3,9,22937816510,0,0,5972,542584,233202882,233751438
turso,concurrent,32,3,9,23171568208,0,0,7024,460769,59695508,60163301
turso,concurrent,32,3,9,23231731909,0,0,6192,505805,134639045,135151042
turso,concurrent,32,3,9,23366883222,0,0,6322,557612,93157676,93721610
turso,concurrent,32,3,9,23460605132,0,0,6082,510082,76780395,77296559
turso,concurrent,32,3,9,23537901951,0,0,6873,10361591,83458936,93827400
turso,concurrent,32,3,9,23631729741,0,0,9528,17336071,286626927,303972526
turso,concurrent,32,3,9,23935702637,0,0,7124,521494,127614231,128142849
turso,concurrent,32,3,9,24063845786,0,0,5421,520372,130271634,130797427
turso,concurrent,32,3,9,24194643574,0,0,6282,481558,207716855,208204695
turso,concurrent,32,3,9,24402848599,0,0,7915,912271,86953841,87874027
turso,concurrent,32,3,9,24490722906,0,0,7915,1019323,393001902,394029140
turso,concurrent,32,3,9,24884752397,0,0,9478,1464373,38897233,40371084
turso,concurrent,32,3,9,24925123712,0,0,5671,458845,411983016,412447532
turso,concurrent,32,3,9,25337571515,0,0,5561,453716,25991192,26450469
turso,concurrent,32,3,9,25364022204,0,0,4789,451682,145214250,145670721
turso,concurrent,32,3,9,25509693165,0,0,5721,480417,30923118,31409256
turso,concurrent,32,3,9,25541102661,0,0,5210,444769,196466245,196916224
turso,concurrent,32,3,9,25738019196,0,0,7063,492500,21799222,22298785
turso,concurrent,32,3,9,25760318232,0,0,4939,423729,53097298,53525966
turso,concurrent,32,3,9,25813844548,0,0,6693,457373,38988867,39452933
turso,concurrent,32,3,9,25853298072,0,0,16250,491498,53752443,54260191
turso,concurrent,32,3,9,25907558524,0,0,9157,2988419,347065886,350063462
turso,concurrent,32,3,9,26257622387,0,0,8276,11898511,147488260,159395047
turso,concurrent,32,3,9,26417017725,0,0,7955,631641,111147461,111787057
turso,concurrent,32,3,9,26528805102,0,0,6783,461651,12959774,13428208
turso,concurrent,32,3,9,26542233550,0,0,6543,654675,113963974,114625192
turso,concurrent,32,3,9,26656859013,0,0,5861,574885,64935154,65515900
turso,concurrent,32,3,9,26722375263,0,0,5921,629238,119822128,120457287
turso,concurrent,32,3,9,26842832790,0,0,6573,488902,106687856,107183331
turso,concurrent,32,3,9,26950016421,0,0,6201,570116,219079794,219656111
turso,concurrent,32,3,9,27169672794,0,0,7664,21476934,236604551,258089149
turso,concurrent,32,3,9,27427762234,0,0,6552,541341,175862900,176410793
turso,concurrent,32,3,9,27604173307,0,0,6783,632794,84358904,84998481
turso,concurrent,32,3,9,27689172039,0,0,5350,546411,142948905,143500666
turso,concurrent,32,3,9,27832673046,0,0,6402,478292,53963171,54447865
turso,concurrent,32,3,9,27887121172,0,0,5260,462222,65038970,65506452
turso,concurrent,32,3,9,27952627884,0,0,5982,450470,222773713,223230165
turso,concurrent,32,3,9,28175858410,0,0,6693,488622,298011076,298506391
turso,concurrent,32,3,9,28474365222,0,0,8466,13775213,232306521,246090200
turso,concurrent,32,3,9,28720455802,0,0,6583,518708,130931280,131456571
turso,concurrent,32,3,9,28851912734,0,0,6432,466680,66272588,66745700
turso,concurrent,32,3,9,28918658694,0,0,4649,475477,155989832,156469958
turso,concurrent,32,3,9,29075128893,0,0,6081,436263,69198939,69641283
turso,concurrent,32,3,9,29144770447,0,0,6262,492288,44634099,45132649
turso,concurrent,32,3,9,29189903357,0,0,7083,751989,321572885,322331957
turso,concurrent,32,3,9,29512235644,0,0,7765,1482858,70273877,71764500
turso,concurrent,32,3,9,29584000525,0,0,6102,476990,109361009,109844101
turso,concurrent,32,3,9,29693844886,0,0,5882,565056,97218969,97789907
turso,concurrent,32,3,9,29791635143,0,0,5320,852969,24040161,24898450
turso,concurrent,32,3,9,29816533834,0,0,4669,443076,42207660,42655405
turso,concurrent,32,3,9,29859189579,0,0,5120,579694,47387845,47972659
turso,concurrent,32,3,9,29907162478,0,0,5671,517947,223245404,223769022
turso,concurrent,32,3,9,30130931860,0,0,8617,817672,185727423,186553712
turso,concurrent,32,3,9,30317485833,0,0,6612,532865,504386290,504925767
turso,concurrent,32,3,9,30822412231,0,0,18685,10254289,169458545,179731519
turso,concurrent,32,3,9,31002144111,0,0,6983,425012,67560117,67992112
turso,concurrent,32,3,9,31070136453,0,0,5100,436373,472041178,472482651
turso,concurrent,32,3,9,31542619355,0,0,6783,489864,340372036,340868683
turso,concurrent,32,3,9,31883488308,0,0,6392,404644,431954831,432365867
turso,concurrent,32,3,9,32315854586,0,0,7183,3396859,687755442,691159484
turso,concurrent,32,3,10,92945,1,0,3940195,664754,188335795,192940744
turso,concurrent,32,3,10,193034380,1,0,7314,481057,278350110,278838481
turso,concurrent,32,3,10,471873131,1,0,7254,460018,615044877,615512149
turso,concurrent,32,3,10,1087385620,1,0,45236,2367637,73031230,75444103
turso,concurrent,32,3,10,1162830094,1,0,6723,728865,325279529,326015117
turso,concurrent,32,3,10,1488845792,1,0,6722,454328,99708195,100169245
turso,concurrent,32,3,10,1589015328,1,0,6462,531383,178199949,178737794
turso,concurrent,32,3,10,1767753513,1,0,7023,552513,178702237,179261773
turso,concurrent,32,3,10,1947015516,1,0,6813,490115,269604087,270101015
turso,concurrent,32,3,10,2217117242,1,0,8205,5494858,29062007,34565070
turso,concurrent,32,3,10,2251682592,1,0,6342,531633,176690161,177228136
turso,concurrent,32,3,10,2428911038,1,0,6292,463525,147466489,147936306
turso,concurrent,32,3,10,2576847594,1,0,5431,484584,54437446,54927461
turso,concurrent,32,3,10,2631775376,1,0,7825,531683,67370689,67910197
turso,concurrent,32,3,10,2699685834,1,0,6241,476489,154670804,155153534
turso,concurrent,32,3,10,2854839638,1,0,5821,424371,324571693,325001885
turso,concurrent,32,3,10,3179841833,0,0,8607,1385193,175772850,177166650
turso,concurrent,32,3,10,3357009435,0,0,6362,460529,119534355,120001246
turso,concurrent,32,3,10,3477010922,0,0,6482,530721,289852573,290389776
turso,concurrent,32,3,10,3767400958,0,0,5501,398481,160645587,161049569
turso,concurrent,32,3,10,3928450808,0,0,8596,724437,339360518,340093551
turso,concurrent,32,3,10,4268544639,0,0,9478,1165900,100323206,101498584
turso,concurrent,32,3,10,4370043504,0,0,7073,472872,107485090,107965035
turso,concurrent,32,3,10,4478008920,0,0,7103,431715,225212806,225651624
turso,concurrent,32,3,10,4703660825,0,0,7243,616975,64895729,65519947
turso,concurrent,32,3,10,4769181012,0,0,5441,535290,233112241,233652972
turso,concurrent,32,3,10,5002834285,0,0,6402,505413,227372682,227884497
turso,concurrent,32,3,10,5230719082,0,0,7193,477521,182591005,183075719
turso,concurrent,32,3,10,5413795112,0,0,7505,3594933,14465995,18068433
turso,concurrent,32,3,10,5431863806,0,0,6372,508249,396383262,396897883
turso,concurrent,32,3,10,5828762029,0,0,6713,512006,68357932,68876651
turso,concurrent,32,3,10,5897638930,0,0,5700,663512,157705920,158375132
turso,concurrent,32,3,10,6056014344,0,0,5420,529369,17708533,18243322
turso,concurrent,32,3,10,6074258899,0,0,5340,610702,30406653,31022695
turso,concurrent,32,3,10,6105281804,0,0,5179,491077,60911221,61407477
turso,concurrent,32,3,10,6166689593,0,0,6472,708657,78169295,78884424
turso,concurrent,32,3,10,6245574298,0,0,6251,666798,215063015,215736064
turso,concurrent,32,3,10,6461310623,0,0,7624,6707978,54788548,61504150
turso,concurrent,32,3,10,6522815084,0,0,5701,430893,430832963,431269557
turso,concurrent,32,3,10,6954084992,0,0,5440,453266,41764173,42222879
turso,concurrent,32,3,10,6996308222,0,0,6442,762989,34805413,35574844
turso,concurrent,32,3,10,7031883327,0,0,5049,443537,83395817,83844403
turso,concurrent,32,3,10,7115728030,0,0,5360,507648,260449172,260962180
turso,concurrent,32,3,10,7376690482,0,0,6542,476970,305298297,305781809
turso,concurrent,32,3,10,7682472641,0,0,7465,3931988,64405676,68345129
turso,concurrent,32,3,10,7750818040,0,0,6562,495155,120070326,120572043
turso,concurrent,32,3,10,7871390344,0,0,6412,450700,98000123,98457235
turso,concurrent,32,3,10,7969847890,0,0,7213,515203,536455819,536978235
turso,concurrent,32,3,10,8506826466,0,0,7494,519620,162674435,163201549
turso,concurrent,32,3,10,8670028496,0,0,14868,8310872,207342397,215668137
turso,concurrent,32,3,10,8885696993,0,0,6572,524920,467130002,467661494
turso,concurrent,32,3,10,9353358848,0,0,9027,925647,650333522,651268196
turso,concurrent,32,3,10,10004627365,0,0,8987,7265889,262931477,270206353
turso,concurrent,32,3,10,10274833988,0,0,7384,677018,139245287,139929689
turso,concurrent,32,3,10,10414763987,0,0,6222,537053,380618015,381161290
turso,concurrent,32,3,10,10795925648,0,0,7023,499513,74529146,75035682
turso,concurrent,32,3,10,10870961671,0,0,6562,511085,79803548,80321195
turso,concurrent,32,3,10,10951283137,0,0,7764,11755692,61245281,73008737
turso,concurrent,32,3,10,11024292244,0,0,5680,426715,165442759,165875154
turso,concurrent,32,3,10,11190167659,0,0,6002,465488,219200372,219671862
turso,concurrent,32,3,10,11409839811,0,0,7083,505183,55487607,55999873
turso,concurrent,32,3,10,11465839946,0,0,5070,437906,117452086,117895062
turso,concurrent,32,3,10,11583735268,0,0,5571,453035,150282262,150740868
turso,concurrent,32,3,10,11734476437,0,0,6502,577740,82399246,82983488
turso,concurrent,32,3,10,11817460336,0,0,6783,626241,337475101,338108125
turso,concurrent,32,3,10,12155581034,0,0,7945,5163243,192312217,197483405
turso,concurrent,32,3,10,12353064659,0,0,6442,454477,181238022,181698941
turso,concurrent,32,3,10,12534763901,0,0,8045,496276,150583250,151087571
turso,concurrent,32,3,10,12685851844,0,0,8025,568312,137429421,138005758
turso,concurrent,32,3,10,12823857973,0,0,8125,592298,151373561,151973984
turso,concurrent,32,3,10,12975832228,0,0,6202,465889,68353273,68825364
turso,concurrent,32,3,10,13044657853,0,0,5620,504262,327044689,327554571
turso,concurrent,32,3,10,13372212685,0,0,8546,13466619,242512699,255987864
turso,concurrent,32,3,10,13628200910,0,0,6472,487910,8871610,9365992
turso,concurrent,32,3,10,13637567203,0,0,5029,480547,558514832,559000408
turso,concurrent,32,3,10,14196568012,0,0,7654,545310,190570781,191123745
turso,concurrent,32,3,10,14387692157,0,0,7975,1256191,132310893,133575059
turso,concurrent,32,3,10,14521267466,0,0,6242,533296,30898351,31437889
turso,concurrent,32,3,10,14552705646,0,0,5660,447906,39849961,40303527
turso,concurrent,32,3,10,14593009433,0,0,5029,427206,20988262,21420497
turso,concurrent,32,3,10,14614430272,0,0,7844,600173,146483815,147091832
turso,concurrent,32,3,10,14761522395,0,0,5951,672078,125855913,126533942
turso,concurrent,32,3,10,14888056628,0,0,5550,420313,15965054,16390917
turso,concurrent,32,3,10,14904447786,0,0,5801,604591,287194828,287805220
turso,concurrent,32,3,10,15192253436,0,0,6342,506656,116692824,117205822
turso,concurrent,32,3,10,15309459588,0,0,5280,566399,180348013,180919692
turso,concurrent,32,3,10,15490379781,0,0,19707,4867204,199614115,204501026
turso,concurrent,32,3,10,15694881097,0,0,5861,460649,75504968,75971478
turso,concurrent,32,3,10,15770852805,0,0,5711,438217,357830638,358274566
turso,concurrent,32,3,10,16129127652,0,0,6512,486849,140684422,141177783
turso,concurrent,32,3,10,16270305736,0,0,5600,529289,129615537,130150426
turso,concurrent,32,3,10,16400456382,0,0,5992,654976,410780347,411441315
turso,concurrent,32,3,10,16811898108,0,0,8887,9503752,178542435,188055074
turso,concurrent,32,3,10,16999953623,0,0,6983,565978,81991848,82564809
turso,concurrent,32,3,10,17082518712,0,0,5180,439950,118891673,119336803
turso,concurrent,32,3,10,17201855746,0,0,4939,456050,85572063,86033052
turso,concurrent,32,3,10,17287889119,0,0,7073,959260,106702483,107668816
turso,concurrent,32,3,10,17395558206,0,0,5570,481428,184692601,185179599
turso,concurrent,32,3,10,17580738055,0,0,5861,446302,738826467,739278630
turso,concurrent,32,3,10,18320016985,0,0,8737,5269973,196156641,201435351
turso,concurrent,32,3,10,18521452797,0,0,5891,513088,20225834,20744813
turso,concurrent,32,3,10,18542198000,0,0,6593,469736,153338419,153814748
turso,concurrent,32,3,10,18696013028,0,0,6523,527135,63074062,63607720
turso,concurrent,32,3,10,18759621078,0,0,6592,462442,17518405,17987439
turso,concurrent,32,3,10,18777608799,0,0,6212,445490,16951566,17403268
turso,concurrent,32,3,10,18795012297,0,0,4589,505373,62881349,63391311
turso,concurrent,32,3,10,18858403928,0,0,7665,716031,54260593,54984289
turso,concurrent,32,3,10,18913388457,0,0,6783,8992147,199243776,208242706
turso,concurrent,32,3,10,19121631433,0,0,7785,6979770,100389301,107376856
turso,concurrent,32,3,10,19229008539,0,0,5811,480657,14369504,14855972
turso,concurrent,32,3,10,19243864791,0,0,4960,787285,287852399,288644644
turso,concurrent,32,3,10,19532509725,0,0,6823,631832,264488515,265127170
turso,concurrent,32,3,10,19797637195,0,0,5691,447475,32232478,32685644
turso,concurrent,32,3,10,19830323109,0,0,5741,665996,42808775,43480512
turso,concurrent,32,3,10,19873804062,0,0,6963,616323,87582737,88206023
turso,concurrent,32,3,10,19962010365,0,0,6342,529429,154951603,155487374
turso,concurrent,32,3,10,20117498029,0,0,7555,8875517,17136524,26019596
turso,concurrent,32,3,10,20143517896,0,0,5029,468855,63865205,64339089
turso,concurrent,32,3,10,20207857225,0,0,6472,511175,87005848,87523495
turso,concurrent,32,3,10,20295381151,0,0,7043,528177,91368680,91903900
turso,concurrent,32,3,10,20387285362,0,0,5791,464617,332991259,333461667
turso,concurrent,32,3,10,20720747330,0,0,6632,567621,287467793,288042046
turso,concurrent,32,3,10,21008789757,0,0,7144,697475,94060991,94765610
turso,concurrent,32,3,10,21103555738,0,0,7384,634277,129813740,130455401
turso,concurrent,32,3,10,21234011390,0,0,7484,1565294,151933187,153505965
turso,concurrent,32,3,10,21387517595,0,0,6693,801873,48537574,49346140
turso,concurrent,32,3,10,21436863995,0,0,5791,604441,221602614,222212846
turso,concurrent,32,3,10,21659077091,0,0,6623,618076,45303172,45927871
turso,concurrent,32,3,10,21705005282,0,0,6462,613848,108073761,108694071
turso,concurrent,32,3,10,21813701056,0,0,6011,496327,164547439,165049777
turso,concurrent,32,3,10,21978751053,0,0,5992,494272,50450744,50951008
turso,concurrent,32,3,10,22029702352,0,0,5189,483373,216167318,216655880
turso,concurrent,32,3,10,22246358573,0,0,6883,514440,433394978,433916301
turso,concurrent,32,3,10,22680275235,0,0,8526,6326317,434819235,441154078
turso,concurrent,32,3,10,23121429584,0,0,6132,468213,105106171,105580516
turso,concurrent,32,3,10,23227010350,0,0,5660,581237,287198324,287785221
turso,concurrent,32,3,10,23514795823,0,0,7534,598810,124248250,124854594
turso,concurrent,32,3,10,23639650697,0,0,7384,6636753,147096812,153740949
turso,concurrent,32,3,10,23793391936,0,0,6362,561270,582056001,582623633
turso,concurrent,32,3,10,24376015939,0,0,6903,517998,454307216,454832117
turso,concurrent,32,3,10,24830848327,0,0,8636,8386104,270992836,279387576
turso,concurrent,32,3,10,25110236244,0,0,6192,479775,113813401,114299368
turso,concurrent,32,3,10,25224535892,0,0,5992,501816,90639495,91147303
turso,concurrent,32,3,10,25315683536,0,0,7203,669644,80121939,80798786
turso,concurrent,32,3,10,25396482482,0,0,5040,502127,198500303,199007470
turso,concurrent,32,3,10,25595490243,0,0,5991,525241,50243493,50774725
turso,concurrent,32,3,10,25646265339,0,0,7364,517146,170561987,171086497
turso,concurrent,32,3,10,25817352066,0,0,6563,433568,10050874,10491005
turso,concurrent,32,3,10,25827843312,0,0,4799,472942,18307043,18784784
turso,concurrent,32,3,10,25846628457,0,0,5580,482130,59536768,60024478
turso,concurrent,32,3,10,25906653266,0,0,8426,9208375,60104679,69321480
turso,concurrent,32,3,10,25975975097,0,0,14628,7098363,89200059,96313050
turso,concurrent,32,3,10,26072288417,0,0,6292,515763,193328796,193850851
turso,concurrent,32,3,10,26266139548,0,0,6913,527265,68025575,68559753
turso,concurrent,32,3,10,26334699752,0,0,6893,487500,101326139,101820532
turso,concurrent,32,3,10,26436520634,0,0,6563,488371,200409947,200904881
turso,concurrent,32,3,10,26637425765,0,0,6332,621122,44648806,45276260
turso,concurrent,32,3,10,26682702286,0,0,6101,716001,191755096,192477198
turso,concurrent,32,3,10,26875179755,0,0,6212,495655,570526857,571028724
turso,concurrent,32,3,10,27446208910,0,0,9648,3846939,54302150,58158737
turso,concurrent,32,3,10,27504367968,0,0,7564,645228,180628010,181280802
turso,concurrent,32,3,10,27685649061,0,0,7093,451142,21982278,22440513
turso,concurrent,32,3,10,27708089924,0,0,6502,554196,169261894,169822592
turso,concurrent,32,3,10,27877912877,0,0,6332,480787,269437382,269924501
turso,concurrent,32,3,10,28147837629,0,0,6091,543406,142134960,142684457
turso,concurrent,32,3,10,28290522356,0,0,9929,2521878,165745349,168277156
turso,concurrent,32,3,10,28458799862,0,0,6252,659435,396132529,396798216
turso,concurrent,32,3,10,28855598318,0,0,6923,533878,166148409,166689210
turso,concurrent,32,3,10,29022287749,0,0,5971,446883,28665448,29118302
turso,concurrent,32,3,10,29051406311,0,0,5310,559396,241203438,241768144
turso,concurrent,32,3,10,29293174685,0,0,6062,487901,3641420,4135383
turso,concurrent,32,3,10,29297310299,0,0,4819,463264,60650730,61118813
turso,concurrent,32,3,10,29358429392,0,0,6372,555208,9161106,9722686
turso,concurrent,32,3,10,29368152328,0,0,4609,495595,67047510,67547714
turso,concurrent,32,3,10,29435700302,0,0,5891,499162,190821585,191326638
turso,concurrent,32,3,10,29627027190,0,0,7334,6478625,44989859,51475818
turso,concurrent,32,3,10,29678503319,0,0,5891,554677,159779281,160339849
turso,concurrent,32,3,10,29838843479,0,0,7544,637864,151221514,151866922
turso,concurrent,32,3,10,29990710722,0,0,5701,472061,67501777,67979539
turso,concurrent,32,3,10,30058690581,0,0,4950,445620,277698140,278148710
turso,concurrent,32,3,10,30336839461,0,0,5390,614529,910516682,911136601
turso,concurrent,32,3,10,31247976353,0,0,14026,5251519,1057647880,1062913425
turso,concurrent,32,3,10,32310890198,0,0,9168,5506089,193135411,198650668
turso,concurrent,32,3,10,32509541106,0,0,5691,483562,414855947,415345200
turso,concurrent,32,3,10,32924886647,0,0,5290,571618,86551301,87128209
turso,concurrent,32,3,11,2735,1,0,1100146,410875,1106057,2617078
turso,concurrent,32,3,11,2621026,1,0,6362,590394,22414242,23010998
turso,concurrent,32,3,11,25632385,1,0,7093,353257,14280936,14641286
turso,concurrent,32,3,11,40273891,1,0,5020,313161,79227051,79545232
turso,concurrent,32,3,11,119819393,1,0,6102,328289,168319176,168653567
turso,concurrent,32,3,11,288473601,1,0,7123,329061,106744893,107081077
turso,concurrent,32,3,11,395554959,1,0,6182,335092,174952682,175293956
turso,concurrent,32,3,11,570849196,1,0,6802,356263,168548909,168911974
turso,concurrent,32,3,11,739761450,1,0,6613,397770,181857922,182262305
turso,concurrent,32,3,11,922024416,1,0,6322,374096,417461053,417841471
turso,concurrent,32,3,11,1339866197,1,0,48782,6374408,180412654,186835844
turso,concurrent,32,3,11,1526702292,1,0,5971,443056,286302083,286751110
turso,concurrent,32,3,11,1813453663,1,0,5791,425703,39053108,39484602
turso,concurrent,32,3,11,1852938536,1,0,5390,501626,192703987,193211003
turso,concurrent,32,3,11,2046149859,1,0,7104,483502,17217417,17708023
turso,concurrent,32,3,11,2063858092,1,0,6052,6297553,115515291,121818896
turso,concurrent,32,3,11,2185677279,1,0,5851,427036,48740126,49173013
turso,concurrent,32,3,11,2234851203,1,0,6142,452213,119291788,119750143
turso,concurrent,32,3,11,2354601626,1,0,6853,434159,79597470,80038482
turso,concurrent,32,3,11,2434640338,1,0,5941,439529,112414411,112859881
turso,concurrent,32,3,11,2547500570,1,0,6342,443466,147397830,147847638
turso,concurrent,32,3,11,2695348470,1,0,7253,526133,93682466,94215852
turso,concurrent,32,3,11,2789564623,1,0,5821,396969,106644884,107047674
turso,concurrent,32,3,11,2896612518,1,0,6031,486959,9596247,10089237
turso,concurrent,32,3,11,2906702015,1,0,4819,446343,163714306,164165468
turso,concurrent,32,3,11,3070867744,0,0,6712,539348,529919227,530465287
turso,concurrent,32,3,11,3601333371,0,0,7775,3036920,58206167,61250862
turso,concurrent,32,3,11,3662584504,0,0,5811,513649,133372356,133891816
turso,concurrent,32,3,11,3796476690,0,0,6382,441814,113527571,113975767
turso,concurrent,32,3,11,3910452798,0,0,6141,452364,45764091,46222596
turso,concurrent,32,3,11,3956675714,0,0,5140,449488,181453118,181907746
turso,concurrent,32,3,11,4138583740,0,0,6443,529188,110385112,110920743
turso,concurrent,32,3,11,4249504763,0,0,8587,3499663,348652260,352160510
turso,concurrent,32,3,11,4601666946,0,0,5691,492689,81891348,82389728
turso,concurrent,32,3,11,4684056925,0,0,6452,477240,138781532,139265224
turso,concurrent,32,3,11,4823322530,0,0,7464,679282,69754137,70440883
turso,concurrent,32,3,11,4893763613,0,0,5070,418850,174342120,174766040
turso,concurrent,32,3,11,5068529923,0,0,5270,453706,6849545,7308521
turso,concurrent,32,3,11,5075838704,0,0,5370,502338,19513109,20020817
turso,concurrent,32,3,11,5095859761,0,0,4970,520412,39065761,39591143
turso,concurrent,32,3,11,5135451285,0,0,6853,409974,24772662,25189489
turso,concurrent,32,3,11,5160641045,0,0,6883,441493,54279718,54728094
turso,concurrent,32,3,11,5215369360,0,0,5390,447214,619664383,620116987
turso,concurrent,32,3,11,5835486657,0,0,8646,5588765,31332571,36929982
turso,concurrent,32,3,11,5872416940,0,0,7765,521053,336747597,337276415
turso,concurrent,32,3,11,6209693616,0,0,6412,479655,42833261,43319328
turso,concurrent,32,3,11,6253013244,0,0,5571,528166,312842632,313376369
turso,concurrent,32,3,11,6566389934,0,0,7464,6143582,14282399,20433445
turso,concurrent,32,3,11,6586823639,0,0,5050,456371,33781711,34243132
turso,concurrent,32,3,11,6621067032,0,0,5691,584162,45361671,45951524
turso,concurrent,32,3,11,6667018817,0,0,5841,423890,66407211,66836942
turso,concurrent,32,3,11,6733856079,0,0,6762,604671,252585215,253196648
turso,concurrent,32,3,11,6987053068,0,0,6452,551742,194948922,195507116
turso,concurrent,32,3,11,7182560464,0,0,5560,447454,441324109,441777123
turso,concurrent,32,3,11,7624337879,0,0,8336,4158927,16721862,20889125
turso,concurrent,32,3,11,7645227435,0,0,5701,592928,444951113,445549742
turso,concurrent,32,3,11,8090777477,0,0,6973,654164,84683336,85344473
turso,concurrent,32,3,11,8176122231,0,0,6503,557301,254710284,255274088
turso,concurrent,32,3,11,8431396590,0,0,6592,464367,144947246,145418205
turso,concurrent,32,3,11,8576815175,0,0,6803,496507,7093334,7596644
turso,concurrent,32,3,11,8584412080,0,0,5280,468524,94423073,94896877
turso,concurrent,32,3,11,8679309258,0,0,6662,12493734,147426254,159926650
turso,concurrent,32,3,11,8839236248,0,0,7313,677028,78379481,79063822
turso,concurrent,32,3,11,8918300432,0,0,5621,483001,134569805,135058427
turso,concurrent,32,3,11,9053359129,0,0,7004,675815,96950272,97633091
turso,concurrent,32,3,11,9150993893,0,0,5761,427156,40068564,40501481
turso,concurrent,32,3,11,9191495665,0,0,5951,571648,81685981,82263580
turso,concurrent,32,3,11,9273759525,0,0,5260,439580,26454676,26899516
turso,concurrent,32,3,11,9300659432,0,0,6612,609611,69556323,70172546
turso,concurrent,32,3,11,9370832258,0,0,5641,483332,25082588,25571561
turso,concurrent,32,3,11,9396404089,0,0,5390,463956,240275097,240744443
turso,concurrent,32,3,11,9637148892,0,0,7084,536692,32990098,33533874
turso,concurrent,32,3,11,9670683076,0,0,4910,462633,304344026,304811569
turso,concurrent,32,3,11,9975495046,0,0,8596,5840300,198453034,204301930
turso,concurrent,32,3,11,10179797357,0,0,8235,837410,180379442,181225087
turso,concurrent,32,3,11,10361022715,0,0,5620,570948,206077721,206654289
turso,concurrent,32,3,11,10567677224,0,0,6422,649135,313993032,314648589
turso,concurrent,32,3,11,10882326124,0,0,6622,521134,175104018,175631774
turso,concurrent,32,3,11,11057958168,0,0,7114,10078346,196615347,206700807
turso,concurrent,32,3,11,11264659225,0,0,6042,422076,105741079,106169197
turso,concurrent,32,3,11,11370828812,0,0,6873,613027,232348821,232968721
turso,concurrent,32,3,11,11603797824,0,0,6161,545580,155420607,155972348
turso,concurrent,32,3,11,11759770463,0,0,6192,522446,91165206,91693844
turso,concurrent,32,3,11,11851464607,0,0,5640,560538,18383186,18949364
turso,concurrent,32,3,11,11870414373,0,0,6062,665816,340962360,341634238
turso,concurrent,32,3,11,12212048881,0,0,9108,6384376,55317507,61710991
turso,concurrent,32,3,11,12273760122,0,0,5701,548014,92350132,92903847
turso,concurrent,32,3,11,12366664200,0,0,5410,444068,18733849,19183327
turso,concurrent,32,3,11,12385847797,0,0,4539,382501,14604797,14991837
turso,concurrent,32,3,11,12400839945,0,0,5400,735097,67462693,68203190
turso,concurrent,32,3,11,12469043416,0,0,7394,832210,671122838,671962442
turso,concurrent,32,3,11,13141006179,0,0,7965,4340640,57068491,61417096
turso,concurrent,32,3,11,13202423545,0,0,7965,3992684,59948615,63949264
turso,concurrent,32,3,11,13266373100,0,0,5771,453525,88184753,88644049
turso,concurrent,32,3,11,13355017429,0,0,6633,424120,98988438,99419191
turso,concurrent,32,3,11,13454436800,0,0,4699,428329,236930886,237363914
turso,concurrent,32,3,11,13691801014,0,0,6062,464256,54707486,55177804
turso,concurrent,32,3,11,13746979058,0,0,11923,517206,81369513,81898642
turso,concurrent,32,3,11,13828877930,0,0,6191,529169,31217914,31753274
turso,concurrent,32,3,11,13860631455,0,0,5260,429821,45649915,46084996
turso,concurrent,32,3,11,13906716731,0,0,6161,653794,29222759,29882714
turso,concurrent,32,3,11,13936599707,0,0,5801,483371,63374340,63863512
turso,concurrent,32,3,11,14000463479,0,0,5551,461901,77558362,78025814
turso,concurrent,32,3,11,14078489554,0,0,5881,577850,68943137,69526868
turso,concurrent,32,3,11,14148016672,0,0,5230,383754,24806096,25195080
turso,concurrent,32,3,11,14173211992,0,0,4879,448387,69361014,69814280
turso,concurrent,32,3,11,14243026663,0,0,9849,588961,83219484,83818294
turso,concurrent,32,3,11,14326845187,0,0,7715,851918,6726852,7586485
turso,concurrent,32,3,11,14334432043,0,0,5069,646570,3576589,4228228
turso,concurrent,32,3,11,14338660521,0,0,4689,598249,54111922,54714860
turso,concurrent,32,3,11,14393375661,0,0,5800,579654,29205677,29791131
turso,concurrent,32,3,11,14423167034,0,0,5320,559696,208151544,208716560
turso,concurrent,32,3,11,14631884014,0,0,6252,499222,47174452,47679926
turso,concurrent,32,3,11,14679564231,0,0,6352,462222,170119472,170588046
turso,concurrent,32,3,11,14850152598,0,0,7504,576408,293084260,293668172
turso,concurrent,32,3,11,15143821021,0,0,7013,733094,79102325,79842432
turso,concurrent,32,3,11,15223663943,0,0,8486,647662,160977112,161633260
turso,concurrent,32,3,11,15385297745,0,0,17613,519040,233199335,233735988
turso,concurrent,32,3,11,15619034014,0,0,8095,1625307,6509161,8142563
turso,concurrent,32,3,11,15627176838,0,0,5390,560317,18086668,18652375
turso,concurrent,32,3,11,15645829473,0,0,5781,527836,22557904,23091521
turso,concurrent,32,3,11,15668921384,0,0,7313,593871,78489459,79090643
turso,concurrent,32,3,11,15748012298,0,0,5620,428940,522577583,523012143
turso,concurrent,32,3,11,16271024752,0,0,6683,500384,188694221,189201288
turso,concurrent,32,3,11,16460226300,0,0,6433,460098,149729930,150196461
turso,concurrent,32,3,11,16610423061,0,0,7804,22828735,69028617,91865156
turso,concurrent,32,3,11,16702289110,0,0,12003,522876,92701496,93236375
turso,concurrent,32,3,11,16795525735,0,0,5851,475277,409327956,409809084
turso,concurrent,32,3,11,17205335150,0,0,6512,496648,36251862,36755022
turso,concurrent,32,3,11,17242091675,0,0,5470,466090,106485413,106956973
turso,concurrent,32,3,11,17349048878,0,0,5952,581968,74875029,75462949
turso,concurrent,32,3,11,17424512168,0,0,5901,512207,214258126,214776234
turso,concurrent,32,3,11,17639288693,0,0,6051,430452,67295778,67732281
turso,concurrent,32,3,11,17707021244,0,0,6122,551190,310049742,310607054
turso,concurrent,32,3,11,18017628649,0,0,9868,8578808,59794724,68383400
turso,concurrent,32,3,11,18086012309,0,0,6221,683891,160873767,161563879
turso,concurrent,32,3,11,18247576600,0,0,6783,567540,118851477,119425800
turso,concurrent,32,3,11,18367002671,0,0,7173,792045,98027274,98826492
turso,concurrent,32,3,11,18465829524,0,0,6221,512838,149669005,150188064
turso,concurrent,32,3,11,18616017939,0,0,6011,577389,35740137,36323537
turso,concurrent,32,3,11,18652341767,0,0,5721,451171,58718644,59175536
turso,concurrent,32,3,11,18711517554,0,0,6352,813114,174946971,175766437
turso,concurrent,32,3,11,18887284242,0,0,6412,508569,108909608,109424589
turso,concurrent,32,3,11,18996709242,0,0,17724,9813756,164182591,174014071
turso,concurrent,32,3,11,19170723543,0,0,6282,459016,46318838,46784136
turso,concurrent,32,3,11,19217507950,0,0,5029,431424,84907379,85343832
turso,concurrent,32,3,11,19302852133,0,0,5480,455640,178388164,178849284
turso,concurrent,32,3,11,19481701768,0,0,7284,515893,76109368,76632545
turso,concurrent,32,3,11,19558334543,0,0,7234,695843,65919782,66622859
turso,concurrent,32,3,11,19624957752,0,0,5421,495284,292596961,293097666
turso,concurrent,32,3,11,19918055709,0,0,6422,503550,142668526,143178498
turso,concurrent,32,3,11,20061234478,0,0,10089,1970258,38302070,40282417
turso,concurrent,32,3,11,20101517256,0,0,5691,426064,63028967,63460722
turso,concurrent,32,3,11,20164978328,0,0,15209,461611,78063796,78540616
turso,concurrent,32,3,11,20243519295,0,0,6973,745156,847130952,847883081
turso,concurrent,32,3,11,21091402637,0,0,8666,602156,84998321,85609143
turso,concurrent,32,3,11,21177012020,0,0,6031,430472,148099124,148535627
turso,concurrent,32,3,11,21325547857,0,0,7073,8225691,260598354,268831118
turso,concurrent,32,3,11,21594379366,0,0,6252,660175,203701407,204367834
turso,concurrent,32,3,11,21798747461,0,0,6251,650418,17831055,18487724
turso,concurrent,32,3,11,21817235415,0,0,5320,501626,122535619,123042565
turso,concurrent,32,3,11,21940278250,0,0,5671,509241,191220377,191735289
turso,concurrent,32,3,11,22132013880,0,0,6622,600543,108936719,109543884
turso,concurrent,32,3,11,22241558185,0,0,8205,717444,120358661,121084310
turso,concurrent,32,3,11,22362642735,0,0,9128,11119520,232242280,243370928
turso,concurrent,32,3,11,22606013944,0,0,7574,3177205,223301320,226486099
turso,concurrent,32,3,11,22832500313,0,0,6312,443557,170269335,170719204
turso,concurrent,32,3,11,23003219798,0,0,6201,484264,125831437,126321902
turso,concurrent,32,3,11,23129541950,0,0,5650,448016,222695546,223149212
turso,concurrent,32,3,11,23352691484,0,0,5480,416165,133603683,134025328
turso,concurrent,32,3,11,23486717122,0,0,6763,523808,117769325,118299896
turso,concurrent,32,3,11,23605017349,0,0,6833,5033708,269590180,274630721
turso,concurrent,32,3,11,23879648371,0,0,7374,735297,205436240,206178911
turso,concurrent,32,3,11,24085827663,0,0,6653,500274,244681771,245188698
turso,concurrent,32,3,11,24331016742,0,0,5580,471350,72054046,72530976
turso,concurrent,32,3,11,24403548089,0,0,6502,693428,22558455,23258385
turso,concurrent,32,3,11,24426806765,0,0,5881,478503,85200812,85685196
turso,concurrent,32,3,11,24512492242,0,0,5540,418450,107111535,107535525
turso,concurrent,32,3,11,24620028128,0,0,5680,441483,178449751,178896914
turso,concurrent,32,3,11,24798925463,0,0,8045,836168,275548342,276392555
turso,concurrent,32,3,11,25075318278,0,0,6111,512377,17820275,18338763
turso,concurrent,32,3,11,25093657312,0,0,4929,616093,108556491,109177513
turso,concurrent,32,3,11,25202835086,0,0,5681,438036,77619878,78063595
turso,concurrent,32,3,11,25280898942,0,0,5430,431975,51169089,51606494
turso,concurrent,32,3,11,25332505676,0,0,5050,425062,40486392,40916504
turso,concurrent,32,3,11,25373422651,0,0,7444,564476,52527773,53099693
turso,concurrent,32,3,11,25426522624,0,0,5601,518067,88785567,89309235
turso,concurrent,32,3,11,25515832119,0,0,6122,448055,93597455,94051632
turso,concurrent,32,3,11,25609884002,0,0,5500,443026,88262340,88710866
turso,concurrent,32,3,11,25698595158,0,0,6413,478212,390756574,391241199
turso,concurrent,32,3,11,26089836768,0,0,8115,11256821,201499101,212764037
turso,concurrent,32,3,11,26302601136,0,0,5550,434921,199450326,199890797
turso,concurrent,32,3,11,26502492214,0,0,6492,481358,56989832,57477682
turso,concurrent,32,3,11,26559970177,0,0,6512,451752,132255609,132713873
turso,concurrent,32,3,11,26692684321,0,0,6011,476339,46561205,47043555
turso,concurrent,32,3,11,26739728066,0,0,5460,642392,304306205,304954057
turso,concurrent,32,3,11,27044682864,0,0,15369,457233,258412640,258885242
turso,concurrent,32,3,11,27303568426,0,0,9057,7205495,111327892,118542444
turso,concurrent,32,3,11,27422111221,0,0,7324,514701,379047932,379569957
turso,concurrent,32,3,11,27801681418,0,0,7214,637423,467323156,467967793
turso,concurrent,32,3,11,28269649602,0,0,8806,6521716,51052599,57583121
turso,concurrent,32,3,11,28327232934,0,0,6572,540490,256904023,257451085
turso,concurrent,32,3,11,28584684320,0,0,8045,460349,650575047,651043441
turso,concurrent,32,3,11,29235727981,0,0,7313,702526,100395072,101104911
turso,concurrent,32,3,11,29336833213,0,0,10119,453306,832725371,833188796
turso,concurrent,32,3,11,30170022349,0,0,8466,4860371,115747891,120616728
turso,concurrent,32,3,11,30290639367,0,0,6322,483272,41707036,42196630
turso,concurrent,32,3,11,30332836217,0,0,5320,535320,536391048,536931688
turso,concurrent,32,3,11,30869768175,0,0,8226,6988436,119679890,126676552
turso,concurrent,32,3,11,30996445007,0,0,6753,456321,946104172,946567246
turso,concurrent,32,3,11,31943012573,0,0,6452,497068,616994505,617498025
turso,concurrent,32,3,11,32560510959,0,0,8205,4993042,518665041,523666288
turso,concurrent,32,3,12,70573,1,0,1647319,758380,1153177,3558876
turso,concurrent,32,3,12,3630430,1,0,8136,439900,427618989,428067025
turso,concurrent,32,3,12,431697856,1,0,7274,408781,142494237,142910292
turso,concurrent,32,3,12,574608429,1,0,5891,342887,50862360,51211138
turso,concurrent,32,3,12,625819838,1,0,6141,376641,147023323,147406105
turso,concurrent,32,3,12,773226394,1,0,6352,300347,46280525,46587224
turso,concurrent,32,3,12,819813899,1,0,5330,371030,11882480,12258840
turso,concurrent,32,3,12,832073000,1,0,5220,391849,85126152,85523221
turso,concurrent,32,3,12,917596521,1,0,6142,347686,312581699,312935527
turso,concurrent,32,3,12,1230532810,1,0,49052,8973111,37532980,46555143
turso,concurrent,32,3,12,1277088224,1,0,6943,455028,32764753,33226724
turso,concurrent,32,3,12,1310315188,1,0,6231,651840,222870016,223528087
turso,concurrent,32,3,12,1533843566,1,0,6412,602477,58093525,58702414
turso,concurrent,32,3,12,1592546250,1,0,5219,465689,111644668,112115576
turso,concurrent,32,3,12,1704662148,1,0,6723,437846,268583932,269028501
turso,concurrent,32,3,12,1973690949,1,0,6843,482781,45641149,46130773
turso,concurrent,32,3,12,2019821982,1,0,7123,556220,13648383,14211726
turso,concurrent,32,3,12,2034034309,1,0,4629,393462,86576388,86974479
turso,concurrent,32,3,12,2121009079,1,0,7694,5571603,132430809,138010106
turso,concurrent,32,3,12,2259019436,1,0,7434,471830,9608209,10087473
turso,concurrent,32,3,12,2269107150,1,0,6031,486508,136061921,136554460
turso,concurrent,32,3,12,2405661890,1,0,7384,413370,209932004,210352758
turso,concurrent,32,3,12,2616014918,1,0,6532,402780,321890675,322299987
turso,concurrent,32,3,12,2938315195,1,0,8256,572189,47104941,47685386
turso,concurrent,32,3,12,2986000821,1,0,6522,495685,142777332,143279539
turso,concurrent,32,3,12,3129280851,0,0,14186,494493,35845777,36354456
turso,concurrent,32,3,12,3165635608,0,0,7374,3654906,171196746,174859026
turso,concurrent,32,3,12,3340494884,0,0,7064,410133,227497247,227914444
turso,concurrent,32,3,12,3568409608,0,0,6602,499442,347231349,347737393
turso,concurrent,32,3,12,3916147253,0,0,6662,487029,45720629,46214320
turso,concurrent,32,3,12,3962361803,0,0,4950,405835,332090170,332500955
turso,concurrent,32,3,12,4294863038,0,0,8086,3310095,335790692,339108873
turso,concurrent,32,3,12,4633972132,0,0,5921,497468,162863762,163367151
turso,concurrent,32,3,12,4797340776,0,0,5711,437335,76648676,77091722
turso,concurrent,32,3,12,4874432788,0,0,6693,574394,43854247,44435334
turso,concurrent,32,3,12,4918868452,0,0,5982,614770,133507390,134128142
turso,concurrent,32,3,12,5052996865,0,0,6562,550549,560883902,561441013
turso,concurrent,32,3,12,5614438219,0,0,7624,8957622,89337147,98302393
turso,concurrent,32,3,12,5712740883,0,0,6782,673862,101070376,101751020
turso,concurrent,32,3,12,5814492194,0,0,6181,438408,16910728,17355317
turso,concurrent,32,3,12,5831847851,0,0,9128,557572,167324709,167891409
turso,concurrent,32,3,12,5999739531,0,0,6422,500013,44853372,45359807
turso,concurrent,32,3,12,6045099659,0,0,5651,463905,147494963,147964519
turso,concurrent,32,3,12,6193064468,0,0,6782,804569,127533047,128344398
turso,concurrent,32,3,12,6321409118,0,0,6732,538005,341865154,342409891
turso,concurrent,32,3,12,6663819290,0,0,7263,9365852,135703114,145076229
turso,concurrent,32,3,12,6808895790,0,0,6622,484404,174162742,174653768
turso,concurrent,32,3,12,6983549918,0,0,6412,579293,90270459,90856164
turso,concurrent,32,3,12,7074406362,0,0,5601,412137,102044164,102461902
turso,concurrent,32,3,12,7176868514,0,0,5501,568072,350398344,350971917
turso,concurrent,32,3,12,7527840752,0,0,8105,6875293,219690566,226573964
turso,concurrent,32,3,12,7754415067,0,0,6572,502448,166646310,167155330
turso,concurrent,32,3,12,7921570707,0,0,6182,508750,109756976,110271908
turso,concurrent,32,3,12,8031842906,0,0,7574,582479,120823228,121413281
turso,concurrent,32,3,12,8153256557,0,0,8086,566949,151186398,151761433
turso,concurrent,32,3,12,8305018301,0,0,7414,483272,151019343,151510029
turso,concurrent,32,3,12,8456528641,0,0,6041,506596,55963766,56476403
turso,concurrent,32,3,12,8513005305,0,0,5209,462744,577237549,577705502
turso,concurrent,32,3,12,9090711128,0,0,8957,2701347,284259349,286969653
turso,concurrent,32,3,12,9377681172,0,0,6813,552131,57210178,57769122
turso,concurrent,32,3,12,9435450545,0,0,5209,495686,213422810,213923705
turso,concurrent,32,3,12,9649374530,0,0,7033,470548,42150222,42627803
turso,concurrent,32,3,12,9692002634,0,0,5650,442926,19406398,19854974
turso,concurrent,32,3,12,9711857828,0,0,5210,488301,34489477,34982988
turso,concurrent,32,3,12,9746841027,0,0,6241,612165,33878795,34497201
turso,concurrent,32,3,12,9781340452,0,0,7845,5906996,32416545,38331386
turso,concurrent,32,3,12,9819672129,0,0,6983,6341305,256724385,263072673
turso,concurrent,32,3,12,10082745233,0,0,7694,478854,78783082,79269630
turso,concurrent,32,3,12,10162015254,0,0,6212,547954,129488067,130042233
turso,concurrent,32,3,12,10292057767,0,0,6262,490285,106891139,107387686
turso,concurrent,32,3,12,10399445684,0,0,6692,468875,132507624,132983191
turso,concurrent,32,3,12,10532429175,0,0,6342,570817,46014594,46591753
turso,concurrent,32,3,12,10579021339,0,0,6863,526844,122265979,122799686
turso,concurrent,32,3,12,10701821316,0,0,6472,471430,639539655,640017557
turso,concurrent,32,3,12,11341839283,0,0,8847,7546018,54292603,61847468
turso,concurrent,32,3,12,11403687012,0,0,6011,420353,122026778,122453142
turso,concurrent,32,3,12,11526140445,0,0,5691,420243,95961075,96387009
turso,concurrent,32,3,12,11622527785,0,0,6402,557332,61748520,62312254
turso,concurrent,32,3,12,11684840330,0,0,6011,486849,174354043,174846903
turso,concurrent,32,3,12,11859687493,0,0,5932,649916,108829687,109485535
turso,concurrent,32,3,12,11969173579,0,0,14026,523418,59102328,59639772
turso,concurrent,32,3,12,12028813732,0,0,7945,6192113,16121510,22321568
turso,concurrent,32,3,12,12051135801,0,0,15579,529018,209269744,209814341
turso,concurrent,32,3,12,12260950472,0,0,6022,597387,229292013,229895422
turso,concurrent,32,3,12,12490846154,0,0,5801,457003,138251422,138714226
turso,concurrent,32,3,12,12629560640,0,0,6061,586317,89753954,90346332
turso,concurrent,32,3,12,12719907232,0,0,6132,447895,592867611,593321638
turso,concurrent,32,3,12,13313229301,0,0,8336,3319994,45284576,48612906
turso,concurrent,32,3,12,13361842577,0,0,5511,435872,86469417,86910800
turso,concurrent,32,3,12,13448753657,0,0,5991,340944,48915347,49262282
turso,concurrent,32,3,12,13498016339,0,0,5691,470137,279950879,280426707
turso,concurrent,32,3,12,13778443287,0,0,6803,456651,469115047,469578501
turso,concurrent,32,3,12,14248022089,0,0,5831,476529,10325352,10807712
turso,concurrent,32,3,12,14258830052,0,0,5340,499693,605158773,605663806
turso,concurrent,32,3,12,14864494149,0,0,8546,7123611,44235597,51367754
turso,concurrent,32,3,12,14915862274,0,0,6773,564224,39773327,40344324
turso,concurrent,32,3,12,14956206848,0,0,4869,542354,14080478,14627701
turso,concurrent,32,3,12,14970834859,0,0,4728,507558,39162615,39674901
turso,concurrent,32,3,12,15010510061,0,0,5020,446402,666157349,666608771
turso,concurrent,32,3,12,15677119263,0,0,8616,3513449,254303277,257825342
turso,concurrent,32,3,12,15934944905,0,0,7104,470928,10585333,11063365
turso,concurrent,32,3,12,15946008571,0,0,6422,480507,257622669,258109598
turso,concurrent,32,3,12,16204118549,0,0,6473,585094,129926554,130518121
turso,concurrent,32,3,12,16334636850,0,0,4739,420634,528783913,529209286
turso,concurrent,32,3,12,16863846577,0,0,10640,3733876,18360333,22104849
turso,concurrent,32,3,12,16885951717,0,0,6041,546111,65501111,66053263
turso,concurrent,32,3,12,16952005271,0,0,6372,615511,155426620,156048503
turso,concurrent,32,3,12,17108054014,0,0,5921,545720,542822834,543374475
turso,concurrent,32,3,12,17651428919,0,0,7004,423048,12790884,13220936
turso,concurrent,32,3,12,17664650126,0,0,4949,459387,138771363,139235699
turso,concurrent,32,3,12,17803886145,0,0,7694,7043490,63410337,70461521
turso,concurrent,32,3,12,17874347897,0,0,5400,766136,212619104,213390640
turso,concurrent,32,3,12,18087738847,0,0,6492,745166,62861391,63613049
turso,concurrent,32,3,12,18151352127,0,0,5200,436794,106542371,106984365
turso,concurrent,32,3,12,18258336752,0,0,5811,483703,54183487,54673001
turso,concurrent,32,3,12,18313009893,0,0,4589,509882,259210686,259725157
turso,concurrent,32,3,12,18572735280,0,0,5971,486157,248789352,249281480
turso,concurrent,32,3,12,18822017142,0,0,7734,425704,264462505,264895943
turso,concurrent,32,3,12,19086913475,0,0,8226,3685353,15132043,18825622
turso,concurrent,32,3,12,19105739377,0,0,5491,504011,72991445,73500947
turso,concurrent,32,3,12,19179240734,0,0,7774,709018,136194911,136911703
turso,concurrent,32,3,12,19316152749,0,0,5550,460028,92417500,92883078
turso,concurrent,32,3,12,19409036107,0,0,4989,427076,90481616,90913681
turso,concurrent,32,3,12,19499950120,0,0,6773,479294,161074616,161560683
turso,concurrent,32,3,12,19661511093,0,0,6923,592919,949620867,950220709
turso,concurrent,32,3,12,20611732072,0,0,10890,4428716,737844915,742284521
turso,concurrent,32,3,12,21354016924,0,0,7344,3576368,214236506,217820218
turso,concurrent,32,3,12,21571837402,0,0,6332,489924,374338196,374834452
turso,concurrent,32,3,12,21946672114,0,0,7475,579874,61888014,62475363
turso,concurrent,32,3,12,22009148870,0,0,5360,455940,569223308,569684608
turso,concurrent,32,3,12,22578833779,0,0,7785,6603409,16926558,23537752
turso,concurrent,32,3,12,22602371741,0,0,4559,476058,442914911,443395528
turso,concurrent,32,3,12,23045767620,0,0,9237,556901,25512739,26078877
turso,concurrent,32,3,12,23071846838,0,0,5350,409402,486449385,486864137
turso,concurrent,32,3,12,23558711236,0,0,8646,8863113,161966389,170838148
turso,concurrent,32,3,12,23729549605,0,0,6041,504081,23556388,24066510
turso,concurrent,32,3,12,23753616395,0,0,7274,931838,16917371,17856483
turso,concurrent,32,3,12,23771473248,0,0,5611,571679,57197784,57775074
turso,concurrent,32,3,12,23829248573,0,0,6582,542504,58917620,59466706
turso,concurrent,32,3,12,23888715649,0,0,8406,1001841,250730965,251741212
turso,concurrent,32,3,12,24140457222,0,0,6031,473804,317314660,317794495
turso,concurrent,32,3,12,24458251977,0,0,7334,516745,78104944,78629023
turso,concurrent,32,3,12,24536881360,0,0,5400,482430,18057071,18544901
turso,concurrent,32,3,12,24555426493,0,0,5440,522947,22614029,23142416
turso,concurrent,32,3,12,24578569180,0,0,5841,554276,331391491,331951608
turso,concurrent,32,3,12,24910521119,0,0,7284,7815646,43615106,51438036
turso,concurrent,32,3,12,24961959436,0,0,5109,516825,21855569,22377503
turso,concurrent,32,3,12,24984337139,0,0,5060,435362,99081152,99521574
turso,concurrent,32,3,12,25083858984,0,0,6162,850745,43977630,44834537
turso,concurrent,32,3,12,25128693791,0,0,5641,504241,106161302,106671184
turso,concurrent,32,3,12,25235365356,0,0,6041,542283,124096624,124644948
turso,concurrent,32,3,12,25360010655,0,0,6051,522045,41478915,42007011
turso,concurrent,32,3,12,25402017997,0,0,6382,587268,86090110,86683760
turso,concurrent,32,3,12,25488702148,0,0,4849,467893,86310927,86783669
turso,concurrent,32,3,12,25575486068,0,0,5580,505184,99184317,99695081
turso,concurrent,32,3,12,25675181420,0,0,6672,477701,322026742,322511115
turso,concurrent,32,3,12,25997692795,0,0,8126,7035635,189739713,196783474
turso,concurrent,32,3,12,26194476620,0,0,5891,472551,322566009,323044451
turso,concurrent,32,3,12,26517521362,0,0,7444,521584,584973596,585502624
turso,concurrent,32,3,12,27103024307,0,0,7755,9554387,99726651,109288793
turso,concurrent,32,3,12,27212313481,0,0,6231,583361,75631136,76220728
turso,concurrent,32,3,12,27288534499,0,0,7975,483442,101820932,102312349
turso,concurrent,32,3,12,27390847140,0,0,6352,604480,64787055,65397887
turso,concurrent,32,3,12,27456245277,0,0,5621,450139,572010076,572465836
turso,concurrent,32,3,12,28028711384,0,0,6692,475177,327548039,328029908
turso,concurrent,32,3,12,28356741623,0,0,8265,7825977,204739175,212573417
turso,concurrent,32,3,12,28569315280,0,0,5441,488080,56035452,56528973
turso,concurrent,32,3,12,28625844533,0,0,5621,502608,117662855,118171084
turso,concurrent,32,3,12,28744015887,0,0,6693,763330,133051440,133821463
turso,concurrent,32,3,12,28877837591,0,0,6432,472120,259964779,260443331
turso,concurrent,32,3,12,29138281313,0,0,6813,488031,277497861,277992705
turso,concurrent,32,3,12,29416274358,0,0,8887,804989,98885914,99699790
turso,concurrent,32,3,12,29515974388,0,0,6943,2337460,61182443,63526846
turso,concurrent,32,3,12,29579501516,0,0,5470,491447,43501011,43997928
turso,concurrent,32,3,12,29623499765,0,0,5741,426715,135242774,135675230
turso,concurrent,32,3,12,29759175386,0,0,7074,564565,20980578,21552217
turso,concurrent,32,3,12,29780727793,0,0,4989,434901,331661911,332101801
turso,concurrent,32,3,12,30112829985,0,0,5400,475307,73709479,74190186
turso,concurrent,32,3,12,30187020552,0,0,7224,522836,724679233,725209293
turso,concurrent,32,3,12,30912230235,0,0,8235,7420782,590998174,598427191
turso,concurrent,32,3,12,31510657817,0,0,6291,462804,55403539,55872634
turso,concurrent,32,3,12,31566530782,0,0,5300,520553,14800256,15326109
turso,concurrent,32,3,12,31581857161,0,0,5100,525642,96471488,97002230
turso,concurrent,32,3,12,31678859662,0,0,5310,540289,188437597,188983196
turso,concurrent,32,3,12,31867843138,0,0,7585,591556,1197609958,1198209099
turso,concurrent,32,3,13,766516,1,0,1794065,552582,276846342,279192989
turso,concurrent,32,3,13,279959977,1,0,6893,458816,88091246,88556955
turso,concurrent,32,3,13,368517182,1,0,5270,325354,51767859,52098483
turso,concurrent,32,3,13,420615926,1,0,5671,441062,62364603,62811336
turso,concurrent,32,3,13,483427503,1,0,6733,475196,34609193,35091122
turso,concurrent,32,3,13,518519086,1,0,5841,402099,196089163,196497103
turso,concurrent,32,3,13,715016470,1,0,5350,379025,357161025,357545400
turso,concurrent,32,3,13,1072562140,1,0,51067,6804980,25602218,32458265
turso,concurrent,32,3,13,1105020756,1,0,6822,413230,240134431,240554483
turso,concurrent,32,3,13,1345576101,1,0,6512,612676,90636649,91255837
turso,concurrent,32,3,13,1436832199,1,0,6482,457684,65283311,65747477
turso,concurrent,32,3,13,1502580257,1,0,5771,504722,280194239,280704732
turso,concurrent,32,3,13,1783285269,1,0,6352,445130,305209349,305660831
turso,concurrent,32,3,13,2088946380,1,0,7734,11838367,31620304,43466405
turso,concurrent,32,3,13,2132413036,1,0,6392,461030,61846867,62314289
turso,concurrent,32,3,13,2194727615,1,0,7794,560448,30612051,31180293
turso,concurrent,32,3,13,2225908169,1,0,6753,628275,46184955,46819983
turso,concurrent,32,3,13,2272728943,1,0,5882,482410,19452915,19941207
turso,concurrent,32,3,13,2292670410,1,0,6092,524590,267346617,267877299
turso,concurrent,32,3,13,2560547979,1,0,6513,518899,268253598,268779010
turso,concurrent,32,3,13,2829327300,1,0,7193,528958,221361029,221897180
turso,concurrent,32,3,13,3051224720,0,0,5701,438006,27003182,27446889
turso,concurrent,32,3,13,3078671819,0,0,5551,497138,76289628,76792317
turso,concurrent,32,3,13,3155464376,0,0,7825,9989168,59933236,69930229
turso,concurrent,32,3,13,3225394886,0,0,5680,477792,90031097,90514569
turso,concurrent,32,3,13,3315909795,0,0,5701,478002,46276337,46760040
turso,concurrent,32,3,13,3362670196,0,0,6332,546331,223388644,223941307
turso,concurrent,32,3,13,3586611713,0,0,5411,422397,128862035,129289843
turso,concurrent,32,3,13,3715901856,0,0,6783,526464,146246036,146779283
turso,concurrent,32,3,13,3862681410,0,0,6342,577119,44279639,44863100
turso,concurrent,32,3,13,3907544841,0,0,7013,496206,76465651,76968870
turso,concurrent,32,3,13,3984513911,0,0,7344,787356,217253859,218048559
turso,concurrent,32,3,13,4202562780,0,0,8727,2960085,113537981,116506793
turso,concurrent,32,3,13,4319071085,0,0,6352,3337518,486323697,489667567
turso,concurrent,32,3,13,4808738913,0,0,7784,609160,57856838,58473782
turso,concurrent,32,3,13,4867213025,0,0,5381,581767,114840188,115427336
turso,concurrent,32,3,13,4982640622,0,0,5580,438949,135926715,136371244
turso,concurrent,32,3,13,5119012157,0,0,5230,469696,27938646,28413572
turso,concurrent,32,3,13,5147425960,0,0,5580,460028,196934178,197399786
turso,concurrent,32,3,13,5344826167,0,0,7104,3360711,115257976,118625791
turso,concurrent,32,3,13,5463452309,0,0,7123,758812,52491154,53257089
turso,concurrent,32,3,13,5516709668,0,0,7184,506465,137642022,138155671
turso,concurrent,32,3,13,5654865610,0,0,6452,463024,142573547,143043023
turso,concurrent,32,3,13,5797908893,0,0,5641,495124,64449117,64949882
turso,concurrent,32,3,13,5862859045,0,0,5852,476028,251390009,251871889
turso,concurrent,32,3,13,6114731204,0,0,5711,411126,32875391,33292228
turso,concurrent,32,3,13,6148023713,0,0,4849,476189,684028279,684509317
turso,concurrent,32,3,13,6832533290,0,0,8927,8694486,277387663,286091076
turso,concurrent,32,3,13,7118624646,0,0,7234,476449,147343166,147826849
turso,concurrent,32,3,13,7266451826,0,0,6062,489293,205564272,206059627
turso,concurrent,32,3,13,7472511944,0,0,13636,487840,109859981,110361457
turso,concurrent,32,3,13,7582873731,0,0,8185,6265302,22873159,29146646
turso,concurrent,32,3,13,7612020598,0,0,5130,710109,86851417,87566656
turso,concurrent,32,3,13,7699587505,0,0,5791,495575,60080544,60581910
turso,concurrent,32,3,13,7760169715,0,0,5891,490135,63334614,63830640
turso,concurrent,32,3,13,7824000596,0,0,5961,632543,54055856,54694360
turso,concurrent,32,3,13,7878695237,0,0,4909,508810,78447550,78961269
turso,concurrent,32,3,13,7957656737,0,0,5079,495315,205216596,205716990
turso,concurrent,32,3,13,8163374007,0,0,5690,663612,86833013,87502315
turso,concurrent,32,3,13,8250876593,0,0,8636,584303,467805295,468398234
turso,concurrent,32,3,13,8719275168,0,0,8426,607997,59117457,59733880
turso,concurrent,32,3,13,8779009308,0,0,5761,417939,50405579,50829279
turso,concurrent,32,3,13,8829838817,0,0,5380,470708,51892695,52368783
turso,concurrent,32,3,13,8882207870,0,0,5210,461381,133033867,133500458
turso,concurrent,32,3,13,9015708608,0,0,5721,494673,169805571,170305965
turso,concurrent,32,3,13,9186016556,0,0,6032,496737,74691252,75194021
turso,concurrent,32,3,13,9261210818,0,0,6372,682407,21115302,21804081
turso,concurrent,32,3,13,9283015089,0,0,5300,512537,129051283,129569120
turso,concurrent,32,3,13,9412584459,0,0,5922,494553,25974089,26474564
turso,concurrent,32,3,13,9439059263,0,0,5310,495755,328968049,329469114
turso,concurrent,32,3,13,9768528728,0,0,7545,487950,239290168,239785663
turso,concurrent,32,3,13,10008314972,0,0,11952,11188792,22347606,33548350
turso,concurrent,32,3,13,10041863554,0,0,6492,577089,235981526,236565107
turso,concurrent,32,3,13,10278428931,0,0,7094,604781,483007450,483619325
turso,concurrent,32,3,13,10762048566,0,0,7755,635910,10838621,11482286
turso,concurrent,32,3,13,10773531132,0,0,5841,464056,157036527,157506424
turso,concurrent,32,3,13,10931037927,0,0,10590,812503,121157428,121980521
turso,concurrent,32,3,13,11053018768,0,0,7174,500183,361947707,362455064
turso,concurrent,32,3,13,11415474152,0,0,7214,661468,514735637,515404319
turso,concurrent,32,3,13,11930878832,0,0,6552,513699,21905253,22425504
turso,concurrent,32,3,13,11953304576,0,0,6342,611825,18097797,18715964
turso,concurrent,32,3,13,11972020831,0,0,6933,472812,43981708,44461453
turso,concurrent,32,3,13,12016482514,0,0,6793,11846814,69939646,81793253
turso,concurrent,32,3,13,12098276048,0,0,6392,8754919,90776192,99537503
turso,concurrent,32,3,13,12197813842,0,0,5921,479535,467738149,468223605
turso,concurrent,32,3,13,12666037717,0,0,6311,439570,71528445,71974326
turso,concurrent,32,3,13,12738012284,0,0,5691,457994,29501435,29965120
turso,concurrent,32,3,13,12767977604,0,0,4538,412498,39774699,40191735
turso,concurrent,32,3,13,12808169601,0,0,4929,489624,58020427,58514980
turso,concurrent,32,3,13,12866684811,0,0,6412,511135,350821694,351339241
turso,concurrent,32,3,13,13218024452,0,0,16251,9964772,55646247,65627270
turso,concurrent,32,3,13,13283652012,0,0,5491,416065,268225946,268647502
turso,concurrent,32,3,13,13552299775,0,0,5981,445831,348979698,349431510
turso,concurrent,32,3,13,13901731565,0,0,6633,555027,434355942,434917602
turso,concurrent,32,3,13,14336649587,0,0,8216,5693493,656652584,662354293
turso,concurrent,32,3,13,14999004211,0,0,7274,437285,93553633,93998192
turso,concurrent,32,3,13,15093002643,0,0,5851,584503,28161768,28752122
turso,concurrent,32,3,13,15121755105,0,0,5380,647793,126282979,126936152
turso,concurrent,32,3,13,15248691517,0,0,6062,577580,54487901,55071543
turso,concurrent,32,3,13,15303763361,0,0,6903,440552,109400323,109847778
turso,concurrent,32,3,13,15413611770,0,0,6923,740817,62617231,63364971
turso,concurrent,32,3,13,15476977011,0,0,12754,6292774,21747825,28053353
turso,concurrent,32,3,13,15505030745,0,0,5570,536543,23273594,23815707
turso,concurrent,32,3,13,15528846703,0,0,5640,535441,245207443,245748524
turso,concurrent,32,3,13,15774595487,0,0,5741,726551,31044317,31776609
turso,concurrent,32,3,13,15806372306,0,0,6743,652832,102701082,103360657
turso,concurrent,32,3,13,15909733244,0,0,5370,422437,107559440,107987247
turso,concurrent,32,3,13,16017720742,0,0,5761,428328,30483939,30918028
turso,concurrent,32,3,13,16048639050,0,0,5170,435402,450844573,451285145
turso,concurrent,32,3,13,16499924535,0,0,6682,526724,170192941,170726347
turso,concurrent,32,3,13,16670651164,0,0,8726,20050844,31637515,51697085
turso,concurrent,32,3,13,16722348500,0,0,6732,895059,317672746,318574537
turso,concurrent,32,3,13,17040923327,0,0,7214,578061,35321757,35907032
turso,concurrent,32,3,13,17076830629,0,0,5441,431484,191245635,191682560
turso,concurrent,32,3,13,17268513519,0,0,8366,582559,139665671,140256596
turso,concurrent,32,3,13,17408770385,0,0,5481,520021,63409435,63934937
turso,concurrent,32,3,13,17472705602,0,0,6042,520382,149787328,150313752
turso,concurrent,32,3,13,17623019575,0,0,5971,517496,60031752,60555219
turso,concurrent,32,3,13,17683575104,0,0,6301,442876,170989063,171438240
turso,concurrent,32,3,13,17855013626,0,0,8005,6673432,34060889,40742326
turso,concurrent,32,3,13,17895756272,0,0,6272,508910,337734810,338249992
turso,concurrent,32,3,13,18234006534,0,0,8747,794319,59401533,60204599
turso,concurrent,32,3,13,18294211393,0,0,5661,535591,97790326,98331578
turso,concurrent,32,3,13,18392543252,0,0,6592,534900,706934811,707476303
turso,concurrent,32,3,13,19100019845,0,0,8657,4387628,553591383,557987668
turso,concurrent,32,3,13,19658007793,0,0,7114,502097,73142510,73651721
turso,concurrent,32,3,13,19731659775,0,0,5761,503209,34466554,34975524
turso,concurrent,32,3,13,19766635529,0,0,5641,568332,469651579,470225552
turso,concurrent,32,3,13,20236861342,0,0,8185,3692478,96464245,100164908
turso,concurrent,32,3,13,20337027742,0,0,7484,777797,12310509,13095790
turso,concurrent,32,3,13,20350123793,0,0,5601,691695,148094624,148791920
turso,concurrent,32,3,13,20498916104,0,0,7645,578852,129506932,130093429
turso,concurrent,32,3,13,20629009904,0,0,6803,521383,37824440,38352626
turso,concurrent,32,3,13,20667362891,0,0,6913,608708,139694344,140309965
turso,concurrent,32,3,13,20807673067,0,0,5210,582980,73432296,74020486
turso,concurrent,32,3,13,20881693924,0,0,5861,477611,49167193,49650665
turso,concurrent,32,3,13,20931344889,0,0,4819,454939,55733100,56192858
turso,concurrent,32,3,13,20987538138,0,0,6783,669663,87640627,88317073
turso,concurrent,32,3,13,21075855491,0,0,6753,601535,9247388,9855676
turso,concurrent,32,3,13,21085711438,0,0,5480,655617,22468415,23129512
turso,concurrent,32,3,13,21108841241,0,0,7855,902452,21839218,22749525
turso,concurrent,32,3,13,21131591026,0,0,5631,625099,34035752,34666482
turso,concurrent,32,3,13,21166257878,0,0,5891,477241,26483040,26966172
turso,concurrent,32,3,13,21193224430,0,0,6042,467011,116255128,116728181
turso,concurrent,32,3,13,21309952881,0,0,7394,3401067,112325674,115734135
turso,concurrent,32,3,13,21425687296,0,0,5842,453155,55214432,55673429
turso,concurrent,32,3,13,21481360985,0,0,5229,494824,353801305,354301358
turso,concurrent,32,3,13,21835662594,0,0,6443,588690,630426751,631021884
turso,concurrent,32,3,13,22466684779,0,0,8135,6809489,17066652,23884276
turso,concurrent,32,3,13,22490569315,0,0,5380,567982,140493172,141066534
turso,concurrent,32,3,13,22631636220,0,0,6923,634617,50909910,51551450
turso,concurrent,32,3,13,22683187921,0,0,6322,559616,97106717,97672655
turso,concurrent,32,3,13,22780860837,0,0,5650,440391,138427825,138873866
turso,concurrent,32,3,13,22919735054,0,0,5961,462112,224243978,224712051
turso,concurrent,32,3,13,23144447385,0,0,6553,470778,125575454,126052785
turso,concurrent,32,3,13,23270500561,0,0,6492,504362,418573120,419083974
turso,concurrent,32,3,13,23689584876,0,0,9017,6825800,104815853,111650670
turso,concurrent,32,3,13,23801235896,0,0,7804,625761,112978575,113612140
turso,concurrent,32,3,13,23914848318,0,0,9347,1109484,108040418,109159249
turso,concurrent,32,3,13,24024007908,0,0,5911,505183,130976816,131487910
turso,concurrent,32,3,13,24155496088,0,0,5230,429210,43336971,43771411
turso,concurrent,32,3,13,24199267849,0,0,5050,471840,45924544,46401434
turso,concurrent,32,3,13,24245669533,0,0,6392,555408,323782083,324343883
turso,concurrent,32,3,13,24570013777,0,0,6011,445451,13791843,14243305
turso,concurrent,32,3,13,24584257332,0,0,4930,415804,270900524,271321258
turso,concurrent,32,3,13,24855578920,0,0,8085,3453537,366218485,369680107
turso,concurrent,32,3,13,25225259397,0,0,6723,527716,79219867,79754306
turso,concurrent,32,3,13,25305013944,0,0,5290,484814,373208625,373698729
turso,concurrent,32,3,13,25678712933,0,0,6783,422958,359025623,359455364
turso,concurrent,32,3,13,26038168688,0,0,8476,12183438,168493315,180685229
turso,concurrent,32,3,13,26218854217,0,0,6262,526423,509455354,509988039
turso,concurrent,32,3,13,26728842536,0,0,6443,503990,26667879,27178312
turso,concurrent,32,3,13,26756021078,0,0,5029,436594,416586693,417028316
turso,concurrent,32,3,13,27173049615,0,0,9448,5440676,76295369,81745493
turso,concurrent,32,3,13,27254795409,0,0,6883,480055,110576143,111063081
turso,concurrent,32,3,13,27365858850,0,0,7113,555719,131470787,132033619
turso,concurrent,32,3,13,27497892881,0,0,7153,507017,11644151,12158321
turso,concurrent,32,3,13,27510051472,0,0,5390,675705,57950265,58631360
turso,concurrent,32,3,13,27568683092,0,0,5972,618266,183508055,184132293
turso,concurrent,32,3,13,27752815736,0,0,6141,522416,228176829,228705386
turso,concurrent,32,3,13,27981521353,0,0,5099,510524,58066383,58582006
turso,concurrent,32,3,13,28040103659,0,0,5060,463484,65105866,65574410
turso,concurrent,32,3,13,28105678440,0,0,7144,509902,89582199,90099245
turso,concurrent,32,3,13,28195778006,0,0,5841,474926,344597369,345078136
turso,concurrent,32,3,13,28540856392,0,0,9027,7850533,184298587,192158147
turso,concurrent,32,3,13,28733014809,0,0,6312,523188,110486122,111015622
turso,concurrent,32,3,13,28844030801,0,0,5810,415975,106042198,106463983
turso,concurrent,32,3,13,28950495145,0,0,6312,549958,83798366,84354636
turso,concurrent,32,3,13,29034850082,0,0,6191,557262,114371724,114935177
turso,concurrent,32,3,13,29149785530,0,0,5720,460880,151477077,151943677
turso,concurrent,32,3,13,29301729568,0,0,5771,483301,397990104,398479176
turso,concurrent,32,3,13,29700209115,0,0,8486,11067863,35101813,46178162
turso,concurrent,32,3,13,29746387607,0,0,6593,716792,95743205,96466590
turso,concurrent,32,3,13,29842854487,0,0,7264,602406,205378533,205988203
turso,concurrent,32,3,13,30048842990,0,0,6613,806822,30500971,31314406
turso,concurrent,32,3,13,30080157757,0,0,4889,394715,721265561,721665165
turso,concurrent,32,3,13,30801823252,0,0,10390,20680431,64399433,85090254
turso,concurrent,32,3,13,30886913937,0,0,6693,531082,302924698,303462473
turso,concurrent,32,3,13,31190376630,0,0,5801,520883,597827430,598354114
turso,concurrent,32,3,13,31788731014,0,0,5811,468314,1090815361,1091289486
turso,concurrent,32,3,13,32880020741,0,0,8576,3578533,202263684,205850793
turso,concurrent,32,3,14,799459,1,0,1694868,884038,162276443,164855349
turso,concurrent,32,3,14,165655219,1,0,6613,353587,295170737,295530937
turso,concurrent,32,3,14,461186467,1,0,6753,443857,293070495,293521105
turso,concurrent,32,3,14,754707852,1,0,6823,336455,187954194,188297472
turso,concurrent,32,3,14,943005625,1,0,6282,351914,62220261,62578457
turso,concurrent,32,3,14,1005584553,1,0,5260,368435,93633494,94007189
turso,concurrent,32,3,14,1099592062,1,0,40487,14106857,312111443,326258787
turso,concurrent,32,3,14,1425851209,1,0,6453,442625,30105425,30554503
turso,concurrent,32,3,14,1456405962,1,0,5450,523829,121846598,122375877
turso,concurrent,32,3,14,1578782520,1,0,5711,479735,50366505,50851951
turso,concurrent,32,3,14,1629634721,1,0,5801,414843,26257204,26677848
turso,concurrent,32,3,14,1656312829,1,0,5481,413961,282789005,283208447
turso,concurrent,32,3,14,1939521546,1,0,6673,440391,79040599,79487663
turso,concurrent,32,3,14,2019009459,1,0,7003,550098,230591325,231148426
turso,concurrent,32,3,14,2250158085,1,0,6152,1306876,250705898,252018926
turso,concurrent,32,3,14,2502177282,1,0,6191,544458,6878559,7429208
turso,concurrent,32,3,14,2509606710,1,0,5420,529820,399874479,400409719
turso,concurrent,32,3,14,2910017391,1,0,7785,528487,486870319,487406591
turso,concurrent,32,3,14,3397424252,0,0,9678,6318052,425905726,432233456
turso,concurrent,32,3,14,3829658069,0,0,6192,483492,150089339,150579023
turso,concurrent,32,3,14,3980237352,0,0,6152,506545,43703112,44215809
turso,concurrent,32,3,14,4024453412,0,0,5600,462293,304132977,304600870
turso,concurrent,32,3,14,4329054563,0,0,8696,8991887,70708347,79708930
turso,concurrent,32,3,14,4408763734,0,0,6302,524890,98445473,98976665
turso,concurrent,32,3,14,4507740670,0,0,5821,482520,89937280,90425621
turso,concurrent,32,3,14,4598166621,0,0,6974,490205,375343472,375840651
turso,concurrent,32,3,14,4974007552,0,0,5411,415283,136226802,136647496
turso,concurrent,32,3,14,5110655278,0,0,6573,649585,66060889,66717047
turso,concurrent,32,3,14,5177372555,0,0,5641,406446,771690687,772102774
turso,concurrent,32,3,14,5949475679,0,0,8456,6226338,210164542,216399336
turso,concurrent,32,3,14,6165875346,0,0,6803,550609,7411795,7969207
turso,concurrent,32,3,14,6173844804,0,0,4498,558685,174234607,174797790
turso,concurrent,32,3,14,6348642904,0,0,6833,539037,372827836,373373706
turso,concurrent,32,3,14,6722018434,0,0,8065,4972973,548149214,553130252
turso,concurrent,32,3,14,7275148926,0,0,8236,535741,25969110,26513087
turso,concurrent,32,3,14,7301662243,0,0,5491,568021,163465067,164038579
turso,concurrent,32,3,14,7465701102,0,0,7144,580636,392282804,392870584
turso,concurrent,32,3,14,7858571977,0,0,8346,16133912,130393395,146535653
turso,concurrent,32,3,14,8005107891,0,0,6121,533066,66068382,66607569
turso,concurrent,32,3,14,8071715721,0,0,6302,501476,451787272,452295050
turso,concurrent,32,3,14,8524011041,0,0,6332,543135,250252132,250801599
turso,concurrent,32,3,14,8774813070,0,0,7444,10238749,141739263,151985456
turso,concurrent,32,3,14,8926798807,0,0,5851,550749,171476403,172033003
turso,concurrent,32,3,14,9098832161,0,0,5871,513469,212186798,212706138
turso,concurrent,32,3,14,9311538980,0,0,7765,656519,59432320,60096604
turso,concurrent,32,3,14,9371635945,0,0,5881,489213,197880685,198375779
turso,concurrent,32,3,14,9570011994,0,0,5901,454247,603607547,604067695
turso,concurrent,32,3,14,10174080049,0,0,12945,6353257,163947487,170313689
turso,concurrent,32,3,14,10344394048,0,0,7794,593490,155835401,156436685
turso,concurrent,32,3,14,10500831014,0,0,6232,478943,89536875,90022050
turso,concurrent,32,3,14,10590853364,0,0,5681,539418,149616596,150161695
turso,concurrent,32,3,14,10741015319,0,0,5922,515763,28382063,28903748
turso,concurrent,32,3,14,10769919368,0,0,6101,611384,48016370,48633855
turso,concurrent,32,3,14,10818553494,0,0,6362,584833,21153654,21744849
turso,concurrent,32,3,14,10840298634,0,0,6172,477731,24313266,24797169
turso,concurrent,32,3,14,10865096013,0,0,5210,509441,144061866,144576517
turso,concurrent,32,3,14,11009672820,0,0,8166,6787005,26284837,33080008
turso,concurrent,32,3,14,11042753118,0,0,5481,523177,348356591,348885249
turso,concurrent,32,3,14,11391638688,0,0,5991,479685,198700642,199186318
turso,concurrent,32,3,14,11590825317,0,0,6562,513539,44607167,45127268
turso,concurrent,32,3,14,11635952866,0,0,5360,515893,62858306,63379559
turso,concurrent,32,3,14,11699332715,0,0,5661,622625,366033496,366661782
turso,concurrent,32,3,14,12065994807,0,0,8536,1405471,10232457,11646464
turso,concurrent,32,3,14,12077641553,0,0,6633,688649,72681120,73376402
turso,concurrent,32,3,14,12151018245,0,0,5771,487440,12288476,12781687
turso,concurrent,32,3,14,12163801896,0,0,6652,620241,8919670,9546563
turso,concurrent,32,3,14,12173348740,0,0,4638,399123,115260853,115664614
turso,concurrent,32,3,14,12289013624,0,0,5831,487811,271333880,271827522
turso,concurrent,32,3,14,12560841617,0,0,6101,565507,243258296,243829904
turso,concurrent,32,3,14,12804671881,0,0,6052,457373,136042514,136505939
turso,concurrent,32,3,14,12941178260,0,0,6442,452473,162070145,162529060
turso,concurrent,32,3,14,13103707742,0,0,5661,559576,187182227,187747464
turso,concurrent,32,3,14,13291455597,0,0,7284,8695367,281538084,290240735
turso,concurrent,32,3,14,13581696763,0,0,6231,539158,64517366,65062755
turso,concurrent,32,3,14,13646759918,0,0,7174,752510,175659826,176419510
turso,concurrent,32,3,14,13823179789,0,0,6181,476720,223409433,223892334
turso,concurrent,32,3,14,14047072474,0,0,5991,478984,146818777,147303752
turso,concurrent,32,3,14,14194376647,0,0,5701,459637,216264552,216729890
turso,concurrent,32,3,14,14411106918,0,0,8155,3956005,69648317,73612477
turso,concurrent,32,3,14,14484719806,0,0,8095,844974,92283256,93136325
turso,concurrent,32,3,14,14577856532,0,0,6712,471350,177396614,177874676
turso,concurrent,32,3,14,14755731588,0,0,6271,483312,143179040,143668623
turso,concurrent,32,3,14,14899400613,0,0,6281,523108,689473373,690002762
turso,concurrent,32,3,14,15589403755,0,0,9027,20979176,239462353,260450556
turso,concurrent,32,3,14,15849854591,0,0,7064,846827,127299848,128153739
turso,concurrent,32,3,14,15978008630,0,0,6112,565968,93799477,94371557
turso,concurrent,32,3,14,16072380548,0,0,6582,496838,151496232,151999652
turso,concurrent,32,3,14,16224380571,0,0,5931,478714,188759363,189244008
turso,concurrent,32,3,14,16413624980,0,0,7875,688288,94179244,94875407
turso,concurrent,32,3,14,16508500648,0,0,5881,483432,383338218,383827531
turso,concurrent,32,3,14,16892328539,0,0,8206,6975371,82935318,89918895
turso,concurrent,32,3,14,16982247734,0,0,4900,420163,313035415,313460478
turso,concurrent,32,3,14,17295708563,0,0,5821,582008,60607929,61195758
turso,concurrent,32,3,14,17356904912,0,0,5681,504682,261208455,261718818
turso,concurrent,32,3,14,17618624101,0,0,6552,508199,38144874,38659625
turso,concurrent,32,3,14,17657283957,0,0,5079,451202,228845991,229302272
turso,concurrent,32,3,14,17886586600,0,0,8546,12500026,297597727,310106299
turso,concurrent,32,3,14,18196693259,0,0,6362,535210,109166443,109708015
turso,concurrent,32,3,14,18306401684,0,0,7555,538486,358125013,358671054
turso,concurrent,32,3,14,18665073099,0,0,7424,508790,84989624,85505838
turso,concurrent,32,3,14,18750579178,0,0,5460,515593,30097750,30618803
turso,concurrent,32,3,14,18781198282,0,0,5320,478222,112179588,112663130
turso,concurrent,32,3,14,18893861722,0,0,6743,548856,117221681,117777280
turso,concurrent,32,3,14,19011639283,0,0,8556,5753706,60363358,66125620
turso,concurrent,32,3,14,19077765204,0,0,6282,504732,74018252,74529266
turso,concurrent,32,3,14,19152294771,0,0,4969,527947,155768594,156301510
turso,concurrent,32,3,14,19308596561,0,0,6161,469446,23114824,23590431
turso,concurrent,32,3,14,19332187384,0,0,7494,507468,33815425,34330387
turso,concurrent,32,3,14,19366518062,0,0,6452,575045,56693242,57274739
turso,concurrent,32,3,14,19423793182,0,0,5220,461851,13394364,13861435
turso,concurrent,32,3,14,19437654877,0,0,5691,489654,70062438,70557783
turso,concurrent,32,3,14,19508212981,0,0,6262,673390,165597931,166277583
turso,concurrent,32,3,14,19674490935,0,0,6222,395366,343308967,343710555
turso,concurrent,32,3,14,20018201901,0,0,6783,472101,18163442,18642326
turso,concurrent,32,3,14,20036844627,0,0,8777,12286072,175725300,188020149
turso,concurrent,32,3,14,20224865147,0,0,8015,10627453,50195692,60831160
turso,concurrent,32,3,14,20285696808,0,0,9408,484534,103974887,104468829
turso,concurrent,32,3,14,20390165927,0,0,5841,464847,48014657,48485345
turso,concurrent,32,3,14,20438651523,0,0,6221,502519,231628291,232137031
turso,concurrent,32,3,14,20670788845,0,0,6783,562711,89270862,89840356
turso,concurrent,32,3,14,20760629472,0,0,6652,523699,109431362,109961713
turso,concurrent,32,3,14,20870591475,0,0,7294,547463,43412243,43967000
turso,concurrent,32,3,14,20914558756,0,0,5360,487550,144490744,144983654
turso,concurrent,32,3,14,21059542631,0,0,5731,539087,208992721,209537539
turso,concurrent,32,3,14,21269080460,0,0,8867,6396980,166491868,172897715
turso,concurrent,32,3,14,21441978546,0,0,11712,612806,45150904,45775422
turso,concurrent,32,3,14,21487754249,0,0,5590,545590,265113623,265664803
turso,concurrent,32,3,14,21753419323,0,0,6793,838682,172742772,173588247
turso,concurrent,32,3,14,21927007830,0,0,6422,532925,218269806,218809153
turso,concurrent,32,3,14,22145818507,0,0,5611,3297141,250936523,254239275
turso,concurrent,32,3,14,22400058013,0,0,8355,12291332,121659997,133959684
turso,concurrent,32,3,14,22534017927,0,0,6743,598349,477877049,478482141
turso,concurrent,32,3,14,23012500429,0,0,6522,474666,322863250,323344438
turso,concurrent,32,3,14,23335845197,0,0,7945,667540,54383514,55058999
turso,concurrent,32,3,14,23390904557,0,0,5530,489323,156420044,156914897
turso,concurrent,32,3,14,23547819684,0,0,7604,3476910,227200497,230685011
turso,concurrent,32,3,14,23778505007,0,0,6612,633997,386742450,387383059
turso,concurrent,32,3,14,24165888517,0,0,5771,449348,46323766,46778885
turso,concurrent,32,3,14,24212667683,0,0,5560,464397,333052545,333522502
turso,concurrent,32,3,14,24546190596,0,0,7685,534167,64691144,65232996
turso,concurrent,32,3,14,24611423812,0,0,6252,454968,184129057,184590277
turso,concurrent,32,3,14,24796014370,0,0,8135,3635931,173323698,176967764
turso,concurrent,32,3,14,24972982394,0,0,11422,482090,327946180,328439692
turso,concurrent,32,3,14,25301422447,0,0,6141,577891,150011120,150595152
turso,concurrent,32,3,14,25452017880,0,0,8426,603298,628141218,628752942
turso,concurrent,32,3,14,26080771133,0,0,7384,3372603,55628644,59008631
turso,concurrent,32,3,14,26139780034,0,0,6843,700191,73215378,73922412
turso,concurrent,32,3,14,26213702677,0,0,5420,505143,134369477,134880040
turso,concurrent,32,3,14,26348583018,0,0,5991,492038,171987668,172485697
turso,concurrent,32,3,14,26521069066,0,0,6141,517998,102919875,103444014
turso,concurrent,32,3,14,26624513341,0,0,5951,523778,91659620,92189349
turso,concurrent,32,3,14,26716703090,0,0,9117,636571,31871898,32517586
turso,concurrent,32,3,14,26749220918,0,0,5560,676286,666420827,667102673
turso,concurrent,32,3,14,27416323931,0,0,7555,3444729,255057609,258509893
turso,concurrent,32,3,14,27674834085,0,0,6192,458414,25273167,25737773
turso,concurrent,32,3,14,27700572109,0,0,6181,456321,57496038,57958540
turso,concurrent,32,3,14,27758531010,0,0,6682,716573,14756082,15479337
turso,concurrent,32,3,14,27774010588,0,0,6272,539227,14795798,15341297
turso,concurrent,32,3,14,27789352165,0,0,5571,480306,203854506,204340383
turso,concurrent,32,3,14,27993692778,0,0,6001,591987,102323702,102921690
turso,concurrent,32,3,14,28096614698,0,0,5470,526614,54227430,54759514
turso,concurrent,32,3,14,28151374462,0,0,6002,609920,83686776,84302698
turso,concurrent,32,3,14,28235677411,0,0,8836,4182102,279979803,284170741
turso,concurrent,32,3,14,28519848503,0,0,10670,10199054,200629421,210839145
turso,concurrent,32,3,14,28730687929,0,0,6442,534759,154435669,154976870
turso,concurrent,32,3,14,28885665040,0,0,5651,476809,168791607,169274067
turso,concurrent,32,3,14,29054939367,0,0,5811,536453,397989222,398531486
turso,concurrent,32,3,14,29453471153,0,0,7504,9045348,254314246,263367098
turso,concurrent,32,3,14,29716838482,0,0,6502,550880,59643078,60200460
turso,concurrent,32,3,14,29777039193,0,0,5981,462783,107257982,107726746
turso,concurrent,32,3,14,29884766189,0,0,6452,537665,50997585,51541702
turso,concurrent,32,3,14,29936308132,0,0,6943,571649,1274781581,1275360173
turso,concurrent,32,3,14,31211668605,0,0,8627,4017831,242860224,246886682
turso,concurrent,32,3,14,31458555568,0,0,6512,506696,915782989,916296197
turso,concurrent,32,3,14,32374852186,0,0,9408,133165375,457827889,591002672
turso,concurrent,32,3,14,32965855249,0,0,7434,537334,24256839,24801607
turso,concurrent,32,3,14,32990657117,0,0,5681,506175,98088570,98600426
turso,concurrent,32,3,15,840646,1,0,15982577,425733,392682229,409090539
turso,concurrent,32,3,15,409931546,1,0,6121,381159,28364050,28751330
turso,concurrent,32,3,15,438683176,1,0,5761,451131,168536446,168993338
turso,concurrent,32,3,15,607676764,1,0,5780,347216,97570772,97923768
turso,concurrent,32,3,15,705600854,1,0,5951,347847,108184659,108538457
turso,concurrent,32,3,15,814140083,1,0,6071,362665,388729580,389098316
turso,concurrent,32,3,15,1203238679,1,0,44443,9726783,109381979,119153205
turso,concurrent,32,3,15,1322392246,1,0,5470,401728,152020463,152427661
turso,concurrent,32,3,15,1474820207,1,0,5581,456100,205472600,205934281
turso,concurrent,32,3,15,1680755259,1,0,6763,514160,191319544,191840467
turso,concurrent,32,3,15,1872596017,1,0,5881,449748,185782246,186237875
turso,concurrent,32,3,15,2058834383,1,0,15830,2718890,60233773,62968493
turso,concurrent,32,3,15,2121803187,1,0,9057,1798313,140101573,141908943
turso,concurrent,32,3,15,2263712421,1,0,5901,551731,72444563,73002195
turso,concurrent,32,3,15,2336714876,1,0,5571,397330,301681001,302083902
turso,concurrent,32,3,15,2638799179,1,0,7794,494153,57555098,58057045
turso,concurrent,32,3,15,2696856475,1,0,5811,431895,126352290,126789996
turso,concurrent,32,3,15,2823647242,1,0,5881,434620,337872200,338312701
turso,concurrent,32,3,15,3161960233,0,0,8316,10603537,31787589,42399442
turso,concurrent,32,3,15,3204360006,0,0,6993,427647,221552860,221987500
turso,concurrent,32,3,15,3426347747,0,0,7464,679682,165250215,165937361
turso,concurrent,32,3,15,3592285379,0,0,6282,500384,32057257,32563923
turso,concurrent,32,3,15,3624849643,0,0,6182,562632,187156108,187724922
turso,concurrent,32,3,15,3812574825,0,0,6062,415724,397750331,398172117
turso,concurrent,32,3,15,4210747203,0,0,8346,3310757,2718629,6037732
turso,concurrent,32,3,15,4216785296,0,0,5791,562572,67893185,68461548
turso,concurrent,32,3,15,4285247224,0,0,9337,4098704,169610141,173718182
turso,concurrent,32,3,15,4458965718,0,0,5470,438979,63369509,63813958
turso,concurrent,32,3,15,4522779927,0,0,5420,462643,444441621,444909684
turso,concurrent,32,3,15,4967689872,0,0,7744,608128,592199942,592815814
turso,concurrent,32,3,15,5560506096,0,0,7434,11781971,265401247,277190652
turso,concurrent,32,3,15,5837697008,0,0,6122,419201,91610917,92036240
turso,concurrent,32,3,15,5929733559,0,0,4999,502398,291590883,292098280
turso,concurrent,32,3,15,6221833372,0,0,5901,434961,40725513,41166375
turso,concurrent,32,3,15,6263000018,0,0,5280,417277,433192285,433614842
turso,concurrent,32,3,15,6696615211,0,0,6983,10890990,47384438,58282411
turso,concurrent,32,3,15,6754897933,0,0,6532,564515,41392622,41963669
turso,concurrent,32,3,15,6796861863,0,0,5831,543325,118094759,118643915
turso,concurrent,32,3,15,6915506099,0,0,6262,556680,487943574,488506516
turso,concurrent,32,3,15,7404012875,0,0,6823,479725,492920946,493407494
turso,concurrent,32,3,15,7897420629,0,0,7685,10017952,91973321,101998958
turso,concurrent,32,3,15,7999419828,0,0,6061,574765,442573056,443153882
turso,concurrent,32,3,15,8442574080,0,0,6723,445591,242599513,243051827
turso,concurrent,32,3,15,8685626257,0,0,7494,8939988,240978645,249926127
turso,concurrent,32,3,15,8935552955,0,0,6783,475077,99505172,99987032
turso,concurrent,32,3,15,9035540338,0,0,6021,562131,58015838,58583990
turso,concurrent,32,3,15,9094124649,0,0,7053,666698,22296190,22969941
turso,concurrent,32,3,15,9117094830,0,0,5180,411557,12328742,12745479
turso,concurrent,32,3,15,9129840640,0,0,5631,484263,629638093,630127987
turso,concurrent,32,3,15,9759968977,0,0,6643,476539,100388610,100871792
turso,concurrent,32,3,15,9860841069,0,0,7485,9344682,636334627,645686794
turso,concurrent,32,3,15,10506528133,0,0,6802,495976,44323703,44826481
turso,concurrent,32,3,15,10551354906,0,0,5590,534238,365913590,366453418
turso,concurrent,32,3,15,10917808705,0,0,9277,4561477,75660541,80231295
turso,concurrent,32,3,15,10998040351,0,0,7815,9215678,373098207,382321700
turso,concurrent,32,3,15,11380362642,0,0,7394,488441,141050734,141546569
turso,concurrent,32,3,15,11521909492,0,0,7263,636802,52297809,52941874
turso,concurrent,32,3,15,11574851606,0,0,5461,401447,104333623,104740531
turso,concurrent,32,3,15,11679592528,0,0,7164,498440,180620066,181125670
turso,concurrent,32,3,15,11860718598,0,0,6823,733083,22449600,23189506
turso,concurrent,32,3,15,11883908555,0,0,5711,619018,203261707,203886436
turso,concurrent,32,3,15,12087795261,0,0,7173,12832874,307536160,320376207
turso,concurrent,32,3,15,12408171819,0,0,5861,434300,67302591,67742752
turso,concurrent,32,3,15,12475914821,0,0,7474,733134,21370173,22110781
turso,concurrent,32,3,15,12498026082,0,0,6062,535280,56102948,56644290
turso,concurrent,32,3,15,12554673097,0,0,6563,573963,331344713,331925239
turso,concurrent,32,3,15,12886598706,0,0,7203,532645,194554237,195094085
turso,concurrent,32,3,15,13081693033,0,0,7214,580154,86037672,86625040
turso,concurrent,32,3,15,13168318343,0,0,7094,5062051,245614782,250683927
turso,concurrent,32,3,15,13419002631,0,0,6933,466530,87231243,87704706
turso,concurrent,32,3,15,13506707598,0,0,5510,473173,240628154,241106837
turso,concurrent,32,3,15,13747814785,0,0,7464,534800,99052428,99594692
turso,concurrent,32,3,15,13847409807,0,0,6042,453756,113033709,113493507
turso,concurrent,32,3,15,13960903655,0,0,7454,460008,42460487,42927949
turso,concurrent,32,3,15,14003831895,0,0,5620,672029,111503592,112181241
turso,concurrent,32,3,15,14116013356,0,0,6022,446072,119171911,119624005
turso,concurrent,32,3,15,14235637661,0,0,5701,475818,531570001,532051520
turso,concurrent,32,3,15,14767689491,0,0,7644,25865154,304574080,330446878
turso,concurrent,32,3,15,15098136741,0,0,7253,654475,236219825,236881553
turso,concurrent,32,3,15,15335018625,0,0,6242,599461,18962479,19568182
turso,concurrent,32,3,15,15354587048,0,0,7384,503630,158386104,158897118
turso,concurrent,32,3,15,15513484446,0,0,7354,1037858,446149645,447194857
turso,concurrent,32,3,15,15960679613,0,0,6893,578101,379480218,380065212
turso,concurrent,32,3,15,16340745145,0,0,7734,462883,10786914,11257531
turso,concurrent,32,3,15,16352002937,0,0,5921,428699,29412779,29847399
turso,concurrent,32,3,15,16381850606,0,0,5841,513469,278397148,278916458
turso,concurrent,32,3,15,16660767404,0,0,7945,7582287,15855668,23445900
turso,concurrent,32,3,15,16684213534,0,0,4849,569194,68935482,69509525
turso,concurrent,32,3,15,16753723330,0,0,5510,462403,60688150,61156063
turso,concurrent,32,3,15,16814879673,0,0,5340,445431,377910656,378361427
turso,concurrent,32,3,15,17193241381,0,0,5881,585565,135181379,135772825
turso,concurrent,32,3,15,17329014487,0,0,5650,475949,31666870,32148469
turso,concurrent,32,3,15,17361163207,0,0,6512,653153,107276596,107936261
turso,concurrent,32,3,15,17469099849,0,0,8757,629267,123114971,123752995
turso,concurrent,32,3,15,17592853084,0,0,6763,484144,35443357,35934264
turso,concurrent,32,3,15,17628787578,0,0,5541,422326,164981008,165408875
turso,concurrent,32,3,15,17794196873,0,0,9117,529019,132923037,133461173
turso,concurrent,32,3,15,17927658457,0,0,6933,520322,147521574,148048829
turso,concurrent,32,3,15,18075707757,0,0,6021,579243,56464510,57049774
turso,concurrent,32,3,15,18132757722,0,0,5019,413039,383187674,383605732
turso,concurrent,32,3,15,18516363714,0,0,6132,453626,390872123,391331881
turso,concurrent,32,3,15,18907695916,0,0,8536,11171960,148235190,159415686
turso,concurrent,32,3,15,19067111872,0,0,7795,6875523,157914073,164797391
turso,concurrent,32,3,15,19231909543,0,0,7313,465659,242119266,242592238
turso,concurrent,32,3,15,19474502163,0,0,7193,467733,27863565,28338491
turso,concurrent,32,3,15,19502840924,0,0,4990,498120,98485418,98988528
turso,concurrent,32,3,15,19601829743,0,0,6713,469716,169127310,169603739
turso,concurrent,32,3,15,19771433863,0,0,6392,505824,41067149,41579365
turso,concurrent,32,3,15,19813013468,0,0,6242,461922,268661928,269130092
turso,concurrent,32,3,15,20082143891,0,0,7694,5216664,247267681,252492039
turso,concurrent,32,3,15,20334636240,0,0,5510,553244,186107520,186666274
turso,concurrent,32,3,15,20521302745,0,0,6332,636350,52617803,53260485
turso,concurrent,32,3,15,20574563771,0,0,11382,520892,86570588,87102862
turso,concurrent,32,3,15,20661666913,0,0,6102,504231,115155383,115665716
turso,concurrent,32,3,15,20777332879,0,0,6392,733635,180704214,181444241
turso,concurrent,32,3,15,20958777370,0,0,5200,543125,60972968,61521293
turso,concurrent,32,3,15,21020299063,0,0,6933,506246,60574857,61088036
turso,concurrent,32,3,15,21081387469,0,0,5050,599040,142315971,142920061
turso,concurrent,32,3,15,21224307911,0,0,9097,3679122,62028810,65717029
turso,concurrent,32,3,15,21290025190,0,0,6211,462804,202950360,203419375
turso,concurrent,32,3,15,21493444966,0,0,5821,473924,542159172,542638917
turso,concurrent,32,3,15,22036084163,0,0,6773,491327,42019385,42517485
turso,concurrent,32,3,15,22078601919,0,0,5510,595383,147767798,148368691
turso,concurrent,32,3,15,22226971011,0,0,6873,581858,315770025,316358756
turso,concurrent,32,3,15,22543330078,0,0,8406,3471420,76850506,80330332
turso,concurrent,32,3,15,22623660821,0,0,8847,542724,14049249,14600820
turso,concurrent,32,3,15,22638261901,0,0,5781,583772,253833289,254422842
turso,concurrent,32,3,15,22892684984,0,0,6572,569655,76549709,77125936
turso,concurrent,32,3,15,22969811190,0,0,5220,465348,532573845,533044413
turso,concurrent,32,3,15,23502857487,0,0,7193,571869,279802380,280381442
turso,concurrent,32,3,15,23783239149,0,0,8587,2206653,209778684,211993924
turso,concurrent,32,3,15,23995233334,0,0,6332,500654,124930998,125437984
turso,concurrent,32,3,15,24120671669,0,0,6142,449548,222059145,222514835
turso,concurrent,32,3,15,24343186785,0,0,6522,585966,316655055,317247543
turso,concurrent,32,3,15,24660434769,0,0,16581,552603,112844834,113414018
turso,concurrent,32,3,15,24773849207,0,0,8276,3211579,68644984,71864839
turso,concurrent,32,3,15,24845714327,0,0,6452,666548,870278608,870951608
turso,concurrent,32,3,15,25716666236,0,0,6552,527646,160344628,160878826
turso,concurrent,32,3,15,25877545573,0,0,14478,484864,93441793,93941135
turso,concurrent,32,3,15,25971487159,0,0,14217,11576012,126667504,138257733
turso,concurrent,32,3,15,26109745163,0,0,7844,570657,480535075,481113576
turso,concurrent,32,3,15,26590859080,0,0,6172,474856,106585091,107066119
turso,concurrent,32,3,15,26697925450,0,0,5721,485806,106131927,106623454
turso,concurrent,32,3,15,26804549144,0,0,5510,456932,347164272,347626714
turso,concurrent,32,3,15,27152176590,0,0,18224,12520965,41319625,53858814
turso,concurrent,32,3,15,27206035895,0,0,10559,490757,103316053,103817369
turso,concurrent,32,3,15,27309853546,0,0,7935,941156,60779983,61729074
turso,concurrent,32,3,15,27371582881,0,0,5711,480246,126577103,127063060
turso,concurrent,32,3,15,27498646242,0,0,6512,579083,265617675,266203270
turso,concurrent,32,3,15,27764849783,0,0,6973,609089,49063566,49679628
turso,concurrent,32,3,15,27814529702,0,0,5711,685493,199618944,200310148
turso,concurrent,32,3,15,28014840090,0,0,5140,455760,291131436,291592336
turso,concurrent,32,3,15,28306432717,0,0,7824,3940636,71963465,75911925
turso,concurrent,32,3,15,28382345043,0,0,5991,466660,67402650,67875301
turso,concurrent,32,3,15,28450220645,0,0,5931,773860,105366893,106146684
turso,concurrent,32,3,15,28556367620,0,0,6723,845194,79625062,80476979
turso,concurrent,32,3,15,28636844869,0,0,6311,908966,139083502,139998779
turso,concurrent,32,3,15,28776843899,0,0,6052,490956,182364948,182861956
turso,concurrent,32,3,15,28959706315,0,0,8716,737602,186438254,187184572
turso,concurrent,32,3,15,29146891158,0,0,5781,511014,111268148,111784943
turso,concurrent,32,3,15,29258676332,0,0,5190,474174,81316303,81795667
turso,concurrent,32,3,15,29340472270,0,0,6152,421004,147118463,147545619
turso,concurrent,32,3,15,29488018089,0,0,8426,9405687,384215884,393629997
turso,concurrent,32,3,15,29881648396,0,0,6432,471840,280710893,281189165
turso,concurrent,32,3,15,30162837833,0,0,7123,486498,301682334,302175955
turso,concurrent,32,3,15,30465014068,0,0,6883,609320,598061993,598678196
turso,concurrent,32,3,15,31063692565,0,0,7594,3927350,201092244,205027188
turso,concurrent,32,3,15,31268719993,0,0,6142,619138,400466888,401092168
turso,concurrent,32,3,15,31669812411,0,0,6092,503610,70666017,71175719
turso,concurrent,32,3,15,31740988411,0,0,6442,553895,75462888,76023225
turso,concurrent,32,3,15,31817011897,0,0,5570,600754,489392718,489999042
turso,concurrent,32,3,15,32307011350,0,0,15199,1514727,745575882,747105808
turso,concurrent,32,3,16,836098,1,0,10350720,351994,201270671,211973385
turso,concurrent,32,3,16,212809914,1,0,7203,373425,717379428,717760056
turso,concurrent,32,3,16,930570331,1,0,6803,420093,179313169,179740065
turso,concurrent,32,3,16,1110310657,1,0,44223,6133333,157121287,163298843
turso,concurrent,32,3,16,1273609840,1,0,6553,485045,82600045,83091643
turso,concurrent,32,3,16,1356702044,1,0,4929,404874,42343196,42752999
turso,concurrent,32,3,16,1399455404,1,0,5681,551721,127348068,127905470
turso,concurrent,32,3,16,1527361215,1,0,6232,552071,38776977,39335280
turso,concurrent,32,3,16,1566696746,1,0,5891,532825,128526633,129065349
turso,concurrent,32,3,16,1695762736,1,0,5781,435412,50635322,51076515
turso,concurrent,32,3,16,1746839511,1,0,5781,388714,150247707,150642202
turso,concurrent,32,3,16,1897481973,1,0,5941,445301,31797718,32248960
turso,concurrent,32,3,16,1929731243,1,0,4959,449148,31850978,32305085
turso,concurrent,32,3,16,1962036599,1,0,6492,623136,104348211,104977839
turso,concurrent,32,3,16,2067014739,1,0,8516,6622055,191962878,198593449
turso,concurrent,32,3,16,2265608588,1,0,7054,605252,251673754,252286060
turso,concurrent,32,3,16,2517895059,1,0,10129,914906,178694713,179619748
turso,concurrent,32,3,16,2697515759,1,0,7484,449709,56854877,57312070
turso,concurrent,32,3,16,2754828100,1,0,6713,660225,63184942,63851880
turso,concurrent,32,3,16,2818680260,1,0,5310,398472,131236866,131640648
turso,concurrent,32,3,16,2950321169,1,0,6833,579313,62775829,63361975
turso,concurrent,32,3,16,3013683445,0,0,5981,476760,231515348,231998089
turso,concurrent,32,3,16,3245681835,0,0,7975,2799923,260410139,263218037
turso,concurrent,32,3,16,3508900122,0,0,6502,499793,274402902,274909197
turso,concurrent,32,3,16,3783809619,0,0,6462,639878,51283525,51929865
turso,concurrent,32,3,16,3835739785,0,0,7313,557522,601639232,602204067
turso,concurrent,32,3,16,4437944153,0,0,8446,6469216,301584931,308062593
turso,concurrent,32,3,16,4746007036,0,0,7715,529429,27203519,27740663
turso,concurrent,32,3,16,4773747939,0,0,5320,432616,275764701,276202637
turso,concurrent,32,3,16,5049950817,0,0,5130,429510,48417137,48851777
turso,concurrent,32,3,16,5098802905,0,0,4308,437115,82574707,83016130
turso,concurrent,32,3,16,5181819325,0,0,6433,436824,32284827,32728084
turso,concurrent,32,3,16,5214547699,0,0,6913,464858,50593332,51065103
turso,concurrent,32,3,16,5265614656,0,0,6973,465608,87317727,87790308
turso,concurrent,32,3,16,5353405295,0,0,7564,513269,314734601,315255434
turso,concurrent,32,3,16,5668661000,0,0,6572,614440,96117330,96738342
turso,concurrent,32,3,16,5765399593,0,0,5520,446793,77525230,77977543
turso,concurrent,32,3,16,5843377486,0,0,7864,682989,125865511,126556364
turso,concurrent,32,3,16,5969934122,0,0,6091,374908,7312137,7693136
turso,concurrent,32,3,16,5977627528,0,0,5290,482040,123539552,124026882
turso,concurrent,32,3,16,6101654791,0,0,6572,505223,346966189,347477984
turso,concurrent,32,3,16,6449132995,0,0,9828,7831637,115883567,123725032
turso,concurrent,32,3,16,6572858308,0,0,6792,573673,212006247,212586712
turso,concurrent,32,3,16,6785445302,0,0,6492,568984,90908922,91484398
turso,concurrent,32,3,16,6876929971,0,0,5991,541041,5532168,6079200
turso,concurrent,32,3,16,6883009392,0,0,5630,554276,22737062,23296968
turso,concurrent,32,3,16,6906306761,0,0,6943,719257,283619362,284345562
turso,concurrent,32,3,16,7190652623,0,0,6352,481118,365713682,366201152
turso,concurrent,32,3,16,7556854036,0,0,8025,11959937,65870739,77838701
turso,concurrent,32,3,16,7634693328,0,0,7354,544347,449258200,449809901
turso,concurrent,32,3,16,8084503539,0,0,6362,525011,38805721,39337094
turso,concurrent,32,3,16,8123840864,0,0,5370,538236,33298630,33842236
turso,concurrent,32,3,16,8157683320,0,0,4308,547824,63221270,63773402
turso,concurrent,32,3,16,8221456932,0,0,5941,564455,68511613,69082009
turso,concurrent,32,3,16,8290539161,0,0,6973,850224,78635876,79493073
turso,concurrent,32,3,16,8370032614,0,0,6863,523086,114058694,114588643
turso,concurrent,32,3,16,8484621558,0,0,5901,458045,339464844,339928790
turso,concurrent,32,3,16,8824550819,0,0,9668,538146,89731731,90279545
turso,concurrent,32,3,16,8914830695,0,0,5721,477451,70612175,71095347
turso,concurrent,32,3,16,8985926213,0,0,6071,500735,170264416,170771222
turso,concurrent,32,3,16,9156697755,0,0,5780,406628,56507131,56919539
turso,concurrent,32,3,16,9213617565,0,0,5701,419562,231505650,231930913
turso,concurrent,32,3,16,9445548789,0,0,6752,491378,113158635,113656765
turso,concurrent,32,3,16,9559205874,0,0,6432,440892,158215562,158662886
turso,concurrent,32,3,16,9717869160,0,0,7234,544928,112434639,112986801
turso,concurrent,32,3,16,9830858546,0,0,8065,651830,84788875,85448770
turso,concurrent,32,3,16,9916307577,0,0,5370,410074,133076066,133491510
turso,concurrent,32,3,16,10049799368,0,0,9037,582028,160609369,161200434
turso,concurrent,32,3,16,10211000212,0,0,6693,439239,424505594,424951526
turso,concurrent,32,3,16,10635951989,0,0,7394,583972,16766376,17357742
turso,concurrent,32,3,16,10653309991,0,0,5210,415895,472982043,473403148
turso,concurrent,32,3,16,11126713420,0,0,8436,649595,150636912,151294943
turso,concurrent,32,3,16,11278008634,0,0,5941,627133,70041599,70674673
turso,concurrent,32,3,16,11348683567,0,0,5972,518568,72483898,73008438
turso,concurrent,32,3,16,11421692265,0,0,5200,410725,344597279,345013204
turso,concurrent,32,3,16,11766705839,0,0,8316,719738,830927559,831655613
turso,concurrent,32,3,16,12598361832,0,0,9037,9870304,33858367,43737708
turso,concurrent,32,3,16,12642099850,0,0,5380,460990,37603883,38070253
turso,concurrent,32,3,16,12680170384,0,0,6191,528497,19308984,19843672
turso,concurrent,32,3,16,12700014417,0,0,6272,513379,76333169,76852820
turso,concurrent,32,3,16,12776867468,0,0,6222,679502,180690318,181376042
turso,concurrent,32,3,16,12958243781,0,0,6182,490455,578654373,579151010
turso,concurrent,32,3,16,13537395111,0,0,9017,6096033,264931049,271036099
turso,concurrent,32,3,16,13808431481,0,0,6853,637312,408976574,409620739
turso,concurrent,32,3,16,14218052500,0,0,6532,519951,44892836,45419319
turso,concurrent,32,3,16,14263472041,0,0,6312,540810,338973768,339520890
turso,concurrent,32,3,16,14602993292,0,0,8666,6456402,44557414,51022482
turso,concurrent,32,3,16,14654016075,0,0,5701,455279,184176205,184637185
turso,concurrent,32,3,16,14838653511,0,0,6041,465338,105720240,106191619
turso,concurrent,32,3,16,14944845360,0,0,5821,468625,195353295,195827741
turso,concurrent,32,3,16,15140673352,0,0,6231,648724,110603354,111258309
turso,concurrent,32,3,16,15251932222,0,0,7063,538466,567066328,567611857
turso,concurrent,32,3,16,15819544380,0,0,9207,10860422,35824266,46693895
turso,concurrent,32,3,16,15866238505,0,0,5651,558594,185356483,185920728
turso,concurrent,32,3,16,16052159453,0,0,6062,448967,133415938,133870967
turso,concurrent,32,3,16,16186030720,0,0,7294,620862,56306663,56934819
turso,concurrent,32,3,16,16242965789,0,0,6953,623497,63560229,64190679
turso,concurrent,32,3,16,16307156729,0,0,5370,469245,92148472,92623087
turso,concurrent,32,3,16,16399780136,0,0,6703,467031,128899957,129373691
turso,concurrent,32,3,16,16529154108,0,0,6732,516345,3051267,3574344
turso,concurrent,32,3,16,16532728703,0,0,5710,475007,74174096,74654813
turso,concurrent,32,3,16,16607383786,0,0,7224,6410436,158004083,164421743
turso,concurrent,32,3,16,16771805879,0,0,7835,3687197,106860702,110555734
turso,concurrent,32,3,16,16882361843,0,0,6923,498060,110687623,111192606
turso,concurrent,32,3,16,16993554709,0,0,6282,484905,154406835,154898022
turso,concurrent,32,3,16,17148453011,0,0,5911,709839,98693351,99409101
turso,concurrent,32,3,16,17247862393,0,0,6161,555629,157779118,158340908
turso,concurrent,32,3,16,17406203592,0,0,4890,455699,292199141,292659730
turso,concurrent,32,3,16,17698863592,0,0,7184,487189,287354770,287849143
turso,concurrent,32,3,16,17986713025,0,0,8406,15643738,110329306,125981450
turso,concurrent,32,3,16,18112694756,0,0,5420,396118,77917248,78318786
turso,concurrent,32,3,16,18191013793,0,0,5961,614149,134211870,134831980
turso,concurrent,32,3,16,18325846003,0,0,5841,592739,350573515,351172095
turso,concurrent,32,3,16,18677018408,0,0,6453,491046,187527169,188024668
turso,concurrent,32,3,16,18865043376,0,0,6523,436533,214999906,215442962
turso,concurrent,32,3,16,19080486638,0,0,8436,10231326,751271358,761511120
turso,concurrent,32,3,16,19841998058,0,0,6603,426765,331869433,332302801
turso,concurrent,32,3,16,20174301159,0,0,8566,14248265,6265783,20522614
turso,concurrent,32,3,16,20194824063,0,0,5320,497890,248933403,249436613
turso,concurrent,32,3,16,20444260977,0,0,8045,530120,420322953,420861118
turso,concurrent,32,3,16,20865122376,0,0,6873,507197,100768116,101282186
turso,concurrent,32,3,16,20966404872,0,0,6803,489734,77112662,77609199
turso,concurrent,32,3,16,21044014341,0,0,6352,480828,98148572,98635752
turso,concurrent,32,3,16,21142650353,0,0,6231,434480,14607553,15048264
turso,concurrent,32,3,16,21157698878,0,0,5851,456170,214522125,214984146
turso,concurrent,32,3,16,21372683255,0,0,8226,509361,292175746,292693333
turso,concurrent,32,3,16,21665376898,0,0,6964,686675,156391921,157085560
turso,concurrent,32,3,16,21822462708,0,0,5249,495335,56755069,57255653
turso,concurrent,32,3,16,21879718652,0,0,4990,433899,117640411,118079300
turso,concurrent,32,3,16,21997799726,0,0,7644,631812,206371876,207011332
turso,concurrent,32,3,16,22204811279,0,0,6151,477521,152452056,152935728
turso,concurrent,32,3,16,22357747248,0,0,6612,629087,83815659,84451358
turso,concurrent,32,3,16,22442198867,0,0,7714,5436067,89969972,95413753
turso,concurrent,32,3,16,22537612960,0,0,7154,615441,148461357,149083952
turso,concurrent,32,3,16,22686697322,0,0,7975,670225,180379753,181057953
turso,concurrent,32,3,16,22867755605,0,0,6302,542423,84362702,84911427
turso,concurrent,32,3,16,22952667272,0,0,5831,492870,37522861,38021562
turso,concurrent,32,3,16,22990689184,0,0,5420,472271,310896530,311374221
turso,concurrent,32,3,16,23302063756,0,0,6522,510133,67195739,67712394
turso,concurrent,32,3,16,23369776491,0,0,5811,468313,47282787,47756911
turso,concurrent,32,3,16,23417533742,0,0,6813,610743,135505310,136122866
turso,concurrent,32,3,16,23553656949,0,0,8786,8409337,243868427,252286550
turso,concurrent,32,3,16,23805943860,0,0,6933,702626,60114227,60823786
turso,concurrent,32,3,16,23866767987,0,0,6682,626412,73090232,73723326
turso,concurrent,32,3,16,23940491593,0,0,6633,492479,336120675,336619787
turso,concurrent,32,3,16,24277111650,0,0,6492,698097,73885291,74589880
turso,concurrent,32,3,16,24351701792,0,0,6663,458014,41496117,41960794
turso,concurrent,32,3,16,24393662937,0,0,6612,579323,48597838,49183773
turso,concurrent,32,3,16,24442846971,0,0,5600,573893,18517400,19096893
turso,concurrent,32,3,16,24461944134,0,0,5290,489083,243106279,243600652
turso,concurrent,32,3,16,24705545166,0,0,8706,9745639,37718870,47473215
turso,concurrent,32,3,16,24753018703,0,0,6933,12805402,129582004,142394339
turso,concurrent,32,3,16,24895413322,0,0,6022,463865,101801245,102271132
turso,concurrent,32,3,16,24997684845,0,0,6823,589001,215181238,215777062
turso,concurrent,32,3,16,25213462148,0,0,5620,495696,262883776,263385092
turso,concurrent,32,3,16,25476847510,0,0,6792,874200,497143292,498024284
turso,concurrent,32,3,16,25974872115,0,0,9457,8053035,131081323,139143815
turso,concurrent,32,3,16,26114016172,0,0,5821,630439,76488323,77124583
turso,concurrent,32,3,16,26191141136,0,0,6362,500284,379344011,379850657
turso,concurrent,32,3,16,26570992144,0,0,6412,493772,28828194,29328378
turso,concurrent,32,3,16,26600320773,0,0,5460,420524,46922196,47348180
turso,concurrent,32,3,16,26647669233,0,0,4879,473253,291599920,292078052
turso,concurrent,32,3,16,26939747525,0,0,6873,534299,310943829,311485001
turso,concurrent,32,3,16,27251232776,0,0,7434,523889,270306161,270837484
turso,concurrent,32,3,16,27522070521,0,0,6031,458896,8133547,8598474
turso,concurrent,32,3,16,27530669305,0,0,5000,427536,316613087,317045623
turso,concurrent,32,3,16,27847715098,0,0,5170,442094,24057413,24504677
turso,concurrent,32,3,16,27872220055,0,0,5610,480416,65855421,66341447
turso,concurrent,32,3,16,27938561783,0,0,5621,620521,28129206,28755348
turso,concurrent,32,3,16,27967317392,0,0,5771,450429,197860156,198316356
turso,concurrent,32,3,16,28165634018,0,0,5490,543887,33970929,34520306
turso,concurrent,32,3,16,28200154554,0,0,5951,495004,74692194,75193149
turso,concurrent,32,3,16,28275347954,0,0,7925,925616,42266541,43200082
turso,concurrent,32,3,16,28318548677,0,0,14909,605152,41878519,42498580
turso,concurrent,32,3,16,28361047668,0,0,12734,585434,47031893,47630061
turso,concurrent,32,3,16,28408677979,0,0,4980,453686,192942897,193401563
turso,concurrent,32,3,16,28602079963,0,0,5891,439900,152331840,152777631
turso,concurrent,32,3,16,28754857965,0,0,6983,450911,29355399,29813293
turso,concurrent,32,3,16,28784671539,0,0,6873,609149,467685439,468301461
turso,concurrent,32,3,16,29252973401,0,0,6603,511785,24178913,24697301
turso,concurrent,32,3,16,29277670982,0,0,5761,500985,40261438,40768184
turso,concurrent,32,3,16,29318439437,0,0,5500,429701,320603836,321039037
turso,concurrent,32,3,16,29639478715,0,0,7304,4053408,46459072,50519784
turso,concurrent,32,3,16,29689998749,0,0,5300,494432,39151815,39651547
turso,concurrent,32,3,16,29729650587,0,0,6041,593711,182623976,183223728
turso,concurrent,32,3,16,29912874666,0,0,7033,612776,101034940,101654749
turso,concurrent,32,3,16,30014530066,0,0,6893,588671,131828883,132424447
turso,concurrent,32,3,16,30146954803,0,0,6542,634006,165234976,165875524
turso,concurrent,32,3,16,30312830699,0,0,7374,535741,406060622,406603737
turso,concurrent,32,3,16,30719434887,0,0,8706,9137080,166445921,175591707
turso,concurrent,32,3,16,30895027015,0,0,15990,8516239,457298621,465830850
turso,concurrent,32,3,16,31360858156,0,0,6222,489012,185347396,185842630
turso,concurrent,32,3,16,31546701016,0,0,5310,645428,237811859,238462597
turso,concurrent,32,3,16,31785163894,0,0,6742,535281,53471142,54013165
turso,concurrent,32,3,16,31839177349,0,0,4799,494853,1064347671,1064847323
turso,concurrent,32,3,16,32904025034,0,0,8185,5338944,124866026,130213155
turso,concurrent,32,3,17,823063,1,0,4361399,507769,124347036,129216204
turso,concurrent,32,3,17,130039988,1,0,7254,376140,212589557,212972951
turso,concurrent,32,3,17,343013430,1,0,8135,547153,261120209,261675497
turso,concurrent,32,3,17,604689177,1,0,6352,362705,32834704,33203761
turso,concurrent,32,3,17,637893169,1,0,6512,514701,68698334,69219547
turso,concurrent,32,3,17,707113197,1,0,5140,405796,658968264,659379200
turso,concurrent,32,3,17,1366492698,1,0,43862,508340,38081995,38634197
turso,concurrent,32,3,17,1405127286,1,0,5601,451933,76267205,76724739
turso,concurrent,32,3,17,1481852266,1,0,6452,773810,128860753,129641015
turso,concurrent,32,3,17,1611493912,1,0,5831,423499,398000002,398429332
turso,concurrent,32,3,17,2009923555,1,0,7614,593390,27099052,27700056
turso,concurrent,32,3,17,2037623832,1,0,6382,415163,567450513,567872058
turso,concurrent,32,3,17,2605496231,1,0,7794,6991452,23339379,30338625
turso,concurrent,32,3,17,2635835066,1,0,4959,515413,73739616,74259988
turso,concurrent,32,3,17,2710095285,1,0,6111,489624,281802013,282297748
turso,concurrent,32,3,17,2992393444,1,0,7033,405315,45205466,45617814
turso,concurrent,32,3,17,3038011569,0,0,5620,420965,263366727,263793312
turso,concurrent,32,3,17,3301805713,0,0,7785,7636388,172262717,179906890
turso,concurrent,32,3,17,3481712843,0,0,6883,624910,129671943,130303736
turso,concurrent,32,3,17,3612016839,0,0,6673,457193,66172078,66635944
turso,concurrent,32,3,17,3678653043,0,0,5591,426394,52417194,52849179
turso,concurrent,32,3,17,3731502453,0,0,5550,460619,209724112,210190281
turso,concurrent,32,3,17,3941693014,0,0,6242,437085,58752237,59195564
turso,concurrent,32,3,17,4000888838,0,0,5711,445982,221137557,221589250
turso,concurrent,32,3,17,4222478358,0,0,8406,4878345,512493927,517380678
turso,concurrent,32,3,17,4739859306,0,0,6593,482811,123939236,124428640
turso,concurrent,32,3,17,4864288237,0,0,6262,466209,377380497,377852968
turso,concurrent,32,3,17,5242141445,0,0,6302,441764,90438775,90886841
turso,concurrent,32,3,17,5333028547,0,0,7514,2909019,41735178,44651711
turso,concurrent,32,3,17,5377680679,0,0,6893,593029,188732353,189332275
turso,concurrent,32,3,17,5567013254,0,0,5511,447514,173214883,173667908
turso,concurrent,32,3,17,5740681553,0,0,6602,430603,20779248,21216453
turso,concurrent,32,3,17,5761898256,0,0,4959,425393,177223106,177653458
turso,concurrent,32,3,17,5939553738,0,0,6302,462252,29084298,29552852
turso,concurrent,32,3,17,5969106861,0,0,5150,407899,361351983,361765032
turso,concurrent,32,3,17,6330872153,0,0,6803,837320,160751386,161595509
turso,concurrent,32,3,17,6492468023,0,0,8256,11729541,138966952,150704749
turso,concurrent,32,3,17,6643173063,0,0,6242,483783,14455866,14945891
turso,concurrent,32,3,17,6658119224,0,0,6022,866194,90212519,91084735
turso,concurrent,32,3,17,6749204209,0,0,6513,567100,40910683,41484296
turso,concurrent,32,3,17,6790688815,0,0,6112,442134,231627089,232075335
turso,concurrent,32,3,17,7022764401,0,0,5099,430943,185576548,186012590
turso,concurrent,32,3,17,7208777172,0,0,5550,434099,69541326,69980975
turso,concurrent,32,3,17,7278758427,0,0,7074,560848,198872766,199440688
turso,concurrent,32,3,17,7478199656,0,0,6031,476589,564184521,564667141
turso,concurrent,32,3,17,8042867197,0,0,7725,6196472,28302783,34506980
turso,concurrent,32,3,17,8077374468,0,0,5721,502588,34936029,35444338
turso,concurrent,32,3,17,8112819047,0,0,5661,533586,73924446,74463693
turso,concurrent,32,3,17,8187282980,0,0,6132,494163,111875874,112376169
turso,concurrent,32,3,17,8299659550,0,0,7203,468825,325241938,325717966
turso,concurrent,32,3,17,8625377836,0,0,9979,11482005,17846715,29338699
turso,concurrent,32,3,17,8654716855,0,0,10981,5742746,74545747,80299474
turso,concurrent,32,3,17,8735016650,0,0,7945,655036,27949667,28612648
turso,concurrent,32,3,17,8763629629,0,0,6292,682878,417528731,418217901
turso,concurrent,32,3,17,9181847790,0,0,7334,540099,73120930,73668363
turso,concurrent,32,3,17,9255516423,0,0,6693,511134,352612242,353130069
turso,concurrent,32,3,17,9608646803,0,0,6642,468775,491514952,491990369
turso,concurrent,32,3,17,10100637493,0,0,12213,9941588,117629040,127582841
turso,concurrent,32,3,17,10228220625,0,0,6342,335833,466442685,466784860
turso,concurrent,32,3,17,10695005705,0,0,5541,468534,226364770,226838845
turso,concurrent,32,3,17,10921844880,0,0,12334,3611615,530301767,533925716
turso,concurrent,32,3,17,11455770887,0,0,7614,2074064,371460395,373542073
turso,concurrent,32,3,17,11829313281,0,0,6783,547673,430244674,430799130
turso,concurrent,32,3,17,12260112711,0,0,8266,1438745,53843155,55290166
turso,concurrent,32,3,17,12315403167,0,0,6543,741840,40499336,41247719
turso,concurrent,32,3,17,12356652980,0,0,6162,701794,76667602,77375558
turso,concurrent,32,3,17,12434028798,0,0,5801,472551,625116170,625594522
turso,concurrent,32,3,17,13059623591,0,0,7274,521714,167161221,167690209
turso,concurrent,32,3,17,13227314080,0,0,8466,9438058,243755894,253202418
turso,concurrent,32,3,17,13480516870,0,0,7344,543726,192781543,193332613
turso,concurrent,32,3,17,13673849753,0,0,5480,462303,36490502,36958285
turso,concurrent,32,3,17,13710808369,0,0,4939,435662,23751195,24191796
turso,concurrent,32,3,17,13735000386,0,0,4618,450951,16540370,16995939
turso,concurrent,32,3,17,13751996655,0,0,5601,587438,11117277,11710316
turso,concurrent,32,3,17,13763707232,0,0,5831,720199,347230547,347956577
turso,concurrent,32,3,17,14111664080,0,0,7244,536622,523810991,524354857
turso,concurrent,32,3,17,14636019227,0,0,7675,6180461,94449073,100637209
turso,concurrent,32,3,17,14736656707,0,0,6061,551020,12800403,13357484
turso,concurrent,32,3,17,14750014421,0,0,4929,571619,82138103,82714651
turso,concurrent,32,3,17,14832729323,0,0,6702,547093,274729307,275283102
turso,concurrent,32,3,17,15108012706,0,0,7434,493170,253522993,254023597
turso,concurrent,32,3,17,15362036684,0,0,5881,445671,207044866,207496418
turso,concurrent,32,3,17,15569533413,0,0,8746,11929380,213371693,225309819
turso,concurrent,32,3,17,15794843603,0,0,5911,489243,58041006,58536160
turso,concurrent,32,3,17,15853379983,0,0,5841,588290,111035820,111629951
turso,concurrent,32,3,17,15965010294,0,0,6994,512867,130068783,130588644
turso,concurrent,32,3,17,16095599228,0,0,5791,493591,44396641,44896023
turso,concurrent,32,3,17,16140495521,0,0,5320,450030,98376553,98831903
turso,concurrent,32,3,17,16239327805,0,0,7504,611684,314097549,314716737
turso,concurrent,32,3,17,16554044803,0,0,6222,555087,154131025,154692334
turso,concurrent,32,3,17,16708737607,0,0,8075,11046964,368886499,379941538
turso,concurrent,32,3,17,17088679457,0,0,6322,483091,106974287,107463700
turso,concurrent,32,3,17,17196143407,0,0,5039,445551,17046244,17496834
turso,concurrent,32,3,17,17213640482,0,0,5971,481539,202025945,202513455
turso,concurrent,32,3,17,17416154488,0,0,6232,580064,46448112,47034408
turso,concurrent,32,3,17,17463189176,0,0,5701,513158,197165726,197684585
turso,concurrent,32,3,17,17660874061,0,0,6302,475728,42654112,43136142
turso,concurrent,32,3,17,17704010424,0,0,5690,434270,281573792,282013752
turso,concurrent,32,3,17,17986024576,0,0,9208,8850990,53544812,62405010
turso,concurrent,32,3,17,18048429937,0,0,5931,575847,204250222,204832000
turso,concurrent,32,3,17,18253262217,0,0,5720,462623,299279540,299747883
turso,concurrent,32,3,17,18553010392,0,0,6061,520603,38178227,38704891
turso,concurrent,32,3,17,18591715674,0,0,6752,592468,78344345,78943565
turso,concurrent,32,3,17,18670659650,0,0,7885,650698,127182957,127841540
turso,concurrent,32,3,17,18798501451,0,0,6472,445490,186194374,186646336
turso,concurrent,32,3,17,18985148098,0,0,8466,6169280,72688183,78865929
turso,concurrent,32,3,17,19064014378,0,0,5149,420343,548772791,549198283
turso,concurrent,32,3,17,19613213011,0,0,6292,445250,22679724,23131266
turso,concurrent,32,3,17,19636344507,0,0,5010,465007,102693790,103163807
turso,concurrent,32,3,17,19739508574,0,0,6592,490936,187243503,187741031
turso,concurrent,32,3,17,19927249887,0,0,6061,621222,1114038862,1114666145
turso,concurrent,32,3,17,21041916422,0,0,9007,11571894,98517409,110098310
turso,concurrent,32,3,17,21152015114,0,0,6803,405555,520088597,520500955
turso,concurrent,32,3,17,21672516420,0,0,8055,6984830,229682389,236675274
turso,concurrent,32,3,17,21909192075,0,0,6191,517457,80972624,81496272
turso,concurrent,32,3,17,21990688598,0,0,5600,532926,166695151,167233677
turso,concurrent,32,3,17,22157922516,0,0,5480,433558,22490226,22929264
turso,concurrent,32,3,17,22180852031,0,0,4508,438618,303384886,303828012
turso,concurrent,32,3,17,22484680404,0,0,7794,584393,111398985,111991172
turso,concurrent,32,3,17,22596671826,0,0,5882,455900,77424410,77886192
turso,concurrent,32,3,17,22674558288,0,0,6352,681396,32590955,33278703
turso,concurrent,32,3,17,22707837271,0,0,6733,599561,18433101,19039395
turso,concurrent,32,3,17,22726876896,0,0,4989,549127,83850203,84404319
turso,concurrent,32,3,17,22811281446,0,0,5300,496647,337099161,337601108
turso,concurrent,32,3,17,23148882915,0,0,6111,423069,151542489,151971669
turso,concurrent,32,3,17,23300854885,0,0,6222,573622,754021277,754601121
turso,concurrent,32,3,17,24055456366,0,0,7274,4798485,91685968,96491727
turso,concurrent,32,3,17,24151948364,0,0,5500,456361,120598413,121060274
turso,concurrent,32,3,17,24273008889,0,0,5711,414472,111902214,112322397
turso,concurrent,32,3,17,24385333009,0,0,6873,578231,31711907,32297011
turso,concurrent,32,3,17,24417630270,0,0,5531,475357,389642031,390122919
turso,concurrent,32,3,17,24807753600,0,0,11602,1638622,89249271,90899495
turso,concurrent,32,3,17,24898653396,0,0,5781,489173,487868241,488363195
turso,concurrent,32,3,17,25387016862,0,0,6422,700562,632615069,633322053
turso,concurrent,32,3,17,26020339226,0,0,9057,3588891,262293854,265891802
turso,concurrent,32,3,17,26286231439,0,0,7213,787496,115188916,115983625
turso,concurrent,32,3,17,26402215315,0,0,6151,576067,368617832,369200050
turso,concurrent,32,3,17,26771415616,0,0,6232,468544,29121508,29596284
turso,concurrent,32,3,17,26801012140,0,0,5810,595354,154091340,154692504
turso,concurrent,32,3,17,26955704985,0,0,7224,795781,42193483,42996488
turso,concurrent,32,3,17,26998701994,0,0,17594,515873,91417022,91950489
turso,concurrent,32,3,17,27090652843,0,0,7675,1967002,90733612,92708289
turso,concurrent,32,3,17,27183361633,0,0,8035,3080923,34411370,37500328
turso,concurrent,32,3,17,27220862251,0,0,8035,601966,211987712,212597713
turso,concurrent,32,3,17,27433460325,0,0,7975,652030,104893781,105553786
turso,concurrent,32,3,17,27539014512,0,0,5129,479826,267509524,267994479
turso,concurrent,32,3,17,27807009342,0,0,6893,450460,33696160,34153513
turso,concurrent,32,3,17,27841163226,0,0,5831,520362,71372199,71898392
turso,concurrent,32,3,17,27913061909,0,0,5700,498932,58295516,58800148
turso,concurrent,32,3,17,27971862397,0,0,4499,489704,235480921,235975124
turso,concurrent,32,3,17,28207837741,0,0,5320,536392,113391455,113933167
turso,concurrent,32,3,17,28321771278,0,0,7314,3429421,42996298,46433033
turso,concurrent,32,3,17,28368204561,0,0,6513,594592,75666091,76267196
turso,concurrent,32,3,17,28444472048,0,0,5580,713256,105458306,106177142
turso,concurrent,32,3,17,28550649460,0,0,7535,718796,91475933,92202264
turso,concurrent,32,3,17,28642851954,0,0,5441,443116,40385712,40834269
turso,concurrent,32,3,17,28683686504,0,0,5510,631882,40010635,40648027
turso,concurrent,32,3,17,28724334741,0,0,5771,493692,211658621,212158084
turso,concurrent,32,3,17,28936493066,0,0,6111,505865,373091864,373603840
turso,concurrent,32,3,17,29310097086,0,0,5741,591706,289110773,289708220
turso,concurrent,32,3,17,29599805647,0,0,7735,9419453,347566551,356993739
turso,concurrent,32,3,17,29956799647,0,0,6362,492199,140559937,141058498
turso,concurrent,32,3,17,30097858586,0,0,6702,490546,510017494,510514742
turso,concurrent,32,3,17,30608373849,0,0,13446,656529,625213143,625883118
turso,concurrent,32,3,17,31234257257,0,0,9548,3274749,21470181,24754478
turso,concurrent,32,3,17,31259011996,0,0,5410,563153,94432100,95000663
turso,concurrent,32,3,17,31354012930,0,0,6792,468825,59527861,60003478
turso,concurrent,32,3,17,31414016679,0,0,6051,517857,490153815,490677723
turso,concurrent,32,3,17,31904694993,0,0,12884,465418,46786721,47265023
turso,concurrent,32,3,17,31951960326,0,0,5280,523057,171347169,171875506
turso,concurrent,32,3,17,32123836072,0,0,5720,9795723,199114182,208915625
turso,concurrent,32,3,17,32332751918,0,0,6271,7655235,26886611,34548117
turso,concurrent,32,3,17,32367300327,0,0,6763,533045,188272535,188812343
turso,concurrent,32,3,17,32556113000,0,0,5631,486899,367072026,367564556
turso,concurrent,32,3,17,32923677826,0,0,6793,881152,22424352,23312297
turso,concurrent,32,3,17,32946990304,0,0,5871,435932,78253875,78695678
turso,concurrent,32,3,18,770123,1,0,715951,250092,156966164,157932207
turso,concurrent,32,3,18,158702681,1,0,7283,355932,10241074,10604289
turso,concurrent,32,3,18,169307210,1,0,5420,374918,595068594,595448932
turso,concurrent,32,3,18,764756372,1,0,6713,406507,56957902,57371122
turso,concurrent,32,3,18,822127754,1,0,5851,387400,81896749,82290000
turso,concurrent,32,3,18,904418215,1,0,5190,500475,77409330,77914995
turso,concurrent,32,3,18,982333511,1,0,6673,370589,43334386,43711648
turso,concurrent,32,3,18,1026045420,1,0,56657,6425764,112493330,118975751
turso,concurrent,32,3,18,1145021461,1,0,6673,469185,79177988,79653846
turso,concurrent,32,3,18,1224675919,1,0,4959,436694,125895167,126336820
turso,concurrent,32,3,18,1351012999,1,0,6762,431294,246376440,246814496
turso,concurrent,32,3,18,1597827756,1,0,6633,522155,77407898,77936686
turso,concurrent,32,3,18,1675764723,1,0,6281,451352,76307542,76765175
turso,concurrent,32,3,18,1752530148,1,0,5279,427036,12589234,13021549
turso,concurrent,32,3,18,1765551959,1,0,4799,408511,408725540,409138850
turso,concurrent,32,3,18,2174691059,1,0,7374,6359219,14954507,21321100
turso,concurrent,32,3,18,2196012440,1,0,5440,433197,395478625,395917262
turso,concurrent,32,3,18,2591930464,1,0,5340,414322,75348252,75767914
turso,concurrent,32,3,18,2667698618,1,0,6132,415404,65939879,66361415
turso,concurrent,32,3,18,2734060324,1,0,6472,429049,96340221,96775742
turso,concurrent,32,3,18,2830836327,1,0,5140,552402,34769005,35326547
turso,concurrent,32,3,18,2866163174,1,0,5370,477882,99021871,99505123
turso,concurrent,32,3,18,2965668607,1,0,7364,479876,132529725,133016965
turso,concurrent,32,3,18,3098685833,0,0,8797,758200,74343396,75110393
turso,concurrent,32,3,18,3173796507,0,0,7484,3463525,78449373,81920382
turso,concurrent,32,3,18,3255717250,0,0,5661,442725,27645874,28094260
turso,concurrent,32,3,18,3283811831,0,0,5179,450230,187406661,187862070
turso,concurrent,32,3,18,3471674112,0,0,6181,535491,51574514,52116186
turso,concurrent,32,3,18,3523790618,0,0,7464,574454,218615819,219197737
turso,concurrent,32,3,18,3742988695,0,0,6161,467933,225219108,225693202
turso,concurrent,32,3,18,3968682159,0,0,5891,461942,50634430,51102263
turso,concurrent,32,3,18,4019784703,0,0,6191,438538,172343939,172788668
turso,concurrent,32,3,18,4192573652,0,0,6172,2370933,288774359,291151464
turso,concurrent,32,3,18,4483726658,0,0,7915,3342307,280566451,283916673
turso,concurrent,32,3,18,4767643622,0,0,7323,515684,49809173,50332180
turso,concurrent,32,3,18,4817976082,0,0,5420,602878,65813221,66421519
turso,concurrent,32,3,18,4884398081,0,0,5941,567009,666226510,666799460
turso,concurrent,32,3,18,5551197803,0,0,9358,6272395,447953107,454234860
turso,concurrent,32,3,18,6005432933,0,0,7665,470577,149942101,150420343
turso,concurrent,32,3,18,6155853617,0,0,6612,565688,139706948,140279248
turso,concurrent,32,3,18,6296133206,0,0,6282,456180,37980835,38443297
turso,concurrent,32,3,18,6334576763,0,0,6172,470478,9326578,9803228
turso,concurrent,32,3,18,6344380271,0,0,5050,462152,96253467,96720669
turso,concurrent,32,3,18,6441101241,0,0,6903,11303318,122233588,133543809
turso,concurrent,32,3,18,6574645370,0,0,5471,506996,53062362,53574829
turso,concurrent,32,3,18,6628220549,0,0,5791,464556,130016744,130487091
turso,concurrent,32,3,18,6758707892,0,0,5921,437846,151690570,152134337
turso,concurrent,32,3,18,6910842639,0,0,7334,501707,20020546,20529587
turso,concurrent,32,3,18,6931372506,0,0,5210,399614,117791848,118196672
turso,concurrent,32,3,18,7049569408,0,0,5781,469877,538523802,538999460
turso,concurrent,32,3,18,7588569188,0,0,8797,3362535,155391703,158763035
turso,concurrent,32,3,18,7747332543,0,0,5771,510453,523907343,524423567
turso,concurrent,32,3,18,8271756480,0,0,6302,459798,192851926,193318026
turso,concurrent,32,3,18,8465074826,0,0,6503,583230,485362303,485952036
turso,concurrent,32,3,18,8951027283,0,0,9378,6924956,110055139,116989473
turso,concurrent,32,3,18,9068017047,0,0,5911,684512,5945659,6636082
turso,concurrent,32,3,18,9074653369,0,0,4539,520642,90829773,91354954
turso,concurrent,32,3,18,9166008614,0,0,5480,476219,256916967,257398666
turso,concurrent,32,3,18,9423407571,0,0,5951,525392,46117728,46649071
turso,concurrent,32,3,18,9470056852,0,0,5080,486538,128649394,129141012
turso,concurrent,32,3,18,9599198114,0,0,6001,413932,226002736,226422669
turso,concurrent,32,3,18,9825621084,0,0,8586,2382626,129637098,132028310
turso,concurrent,32,3,18,9957649884,0,0,4629,410885,63655049,64070563
turso,concurrent,32,3,18,10021720887,0,0,8245,519911,300770855,301299011
turso,concurrent,32,3,18,10323020249,0,0,8266,575295,97816236,98399797
turso,concurrent,32,3,18,10421422300,0,0,5631,500655,75244095,75750381
turso,concurrent,32,3,18,10497172931,0,0,6232,464046,189921647,190391925
turso,concurrent,32,3,18,10687565086,0,0,6563,596806,243704016,244307385
turso,concurrent,32,3,18,10931872872,0,0,9258,10396186,84916105,95321549
turso,concurrent,32,3,18,11027194722,0,0,6602,656689,83784280,84447571
turso,concurrent,32,3,18,11111642623,0,0,7024,504341,428289124,428800489
turso,concurrent,32,3,18,11540443482,0,0,7143,446843,230196741,230650727
turso,concurrent,32,3,18,11771094490,0,0,8867,613828,51432596,52055291
turso,concurrent,32,3,18,11823150092,0,0,6743,605692,12685126,13297561
turso,concurrent,32,3,18,11836447913,0,0,5841,646290,372045760,372697891
turso,concurrent,32,3,18,12209146175,0,0,9327,3374828,41875523,45259678
turso,concurrent,32,3,18,12254406204,0,0,5511,479785,68716308,69201604
turso,concurrent,32,3,18,12323608079,0,0,4979,409343,76124336,76538658
turso,concurrent,32,3,18,12400146997,0,0,5992,483151,388311342,388800485
turso,concurrent,32,3,18,12788947732,0,0,7484,452003,42476227,42935714
turso,concurrent,32,3,18,12831883786,0,0,7975,525321,18647265,19180561
turso,concurrent,32,3,18,12851064608,0,0,4729,532886,671009674,671547289
turso,concurrent,32,3,18,13522612188,0,0,9227,12421218,30649020,43079465
turso,concurrent,32,3,18,13565691873,0,0,5410,433478,336293460,336732348
turso,concurrent,32,3,18,13902424563,0,0,6953,590123,299610445,300207521
turso,concurrent,32,3,18,14202632385,0,0,6001,557572,70337647,70901220
turso,concurrent,32,3,18,14273533846,0,0,6833,545539,80586506,81138878
turso,concurrent,32,3,18,14354672955,0,0,7514,12114378,204927060,217048952
turso,concurrent,32,3,18,14571722187,0,0,6282,473554,252683499,253163335
turso,concurrent,32,3,18,14824885813,0,0,5941,450009,303664985,304120935
turso,concurrent,32,3,18,15129007019,0,0,7063,655076,76442076,77104215
turso,concurrent,32,3,18,15206111514,0,0,7784,570777,90603847,91182408
turso,concurrent,32,3,18,15297294124,0,0,5180,506636,212158705,212670521
turso,concurrent,32,3,18,15509965005,0,0,8667,2616887,350118727,352744281
turso,concurrent,32,3,18,15862709627,0,0,7073,922461,36233447,37162981
turso,concurrent,32,3,18,15899872828,0,0,5841,527375,82235758,82768974
turso,concurrent,32,3,18,15982642083,0,0,7465,554856,12093028,12655349
turso,concurrent,32,3,18,15995297723,0,0,5440,478933,34806586,35290959
turso,concurrent,32,3,18,16030589072,0,0,5760,488913,25537646,26032319
turso,concurrent,32,3,18,16056621663,0,0,5801,458826,64298933,64763560
turso,concurrent,32,3,18,16121385493,0,0,5631,452453,57873841,58331925
turso,concurrent,32,3,18,16179717698,0,0,5670,479735,66253111,66738516
turso,concurrent,32,3,18,16246456425,0,0,5571,413580,118432396,118851547
turso,concurrent,32,3,18,16365308243,0,0,6372,446983,57439561,57892916
turso,concurrent,32,3,18,16423201410,0,0,5099,457864,126183892,126646855
turso,concurrent,32,3,18,16549848816,0,0,12694,515142,146147821,146675657
turso,concurrent,32,3,18,16696524764,0,0,9077,3422347,67763300,71194724
turso,concurrent,32,3,18,16767719769,0,0,7183,729857,465352158,466089198
turso,concurrent,32,3,18,17233809217,0,0,7134,619679,184630963,185257776
turso,concurrent,32,3,18,17419067274,0,0,6442,492159,166307259,166805860
turso,concurrent,32,3,18,17585873405,0,0,6151,476359,303740187,304222697
turso,concurrent,32,3,18,17890096383,0,0,8756,12337339,132204472,144550567
turso,concurrent,32,3,18,18034647231,0,0,7764,618387,151423436,152049587
turso,concurrent,32,3,18,18186697118,0,0,7214,526623,359564600,360098437
turso,concurrent,32,3,18,18546795836,0,0,5771,558944,95688532,96253247
turso,concurrent,32,3,18,18643049303,0,0,4789,458686,361708625,362172100
turso,concurrent,32,3,18,19005221694,0,0,8285,12186134,107821395,120015814
turso,concurrent,32,3,18,19125237768,0,0,6062,343678,76813978,77163718
turso,concurrent,32,3,18,19202401756,0,0,6012,435652,186455476,186897140
turso,concurrent,32,3,18,19389299266,0,0,6032,543475,462981414,463530921
turso,concurrent,32,3,18,19852830477,0,0,6753,650678,609687909,610345340
turso,concurrent,32,3,18,20463176117,0,0,8737,11653950,123178701,134841388
turso,concurrent,32,3,18,20598017795,0,0,7424,562071,80095349,80664844
turso,concurrent,32,3,18,20678682910,0,0,5710,601044,143592931,144199685
turso,concurrent,32,3,18,20822882865,0,0,5862,492429,111474888,111973179
turso,concurrent,32,3,18,20934856244,0,0,5561,441984,19916991,20364536
turso,concurrent,32,3,18,20955221030,0,0,5120,464326,372232402,372701848
turso,concurrent,32,3,18,21327923228,0,0,7654,5907797,62871340,68786791
turso,concurrent,32,3,18,21396710281,0,0,5320,426565,56641194,57073079
turso,concurrent,32,3,18,21453784773,0,0,5911,815539,14122397,14943847
turso,concurrent,32,3,18,21468728880,0,0,5681,730108,54922911,55658700
turso,concurrent,32,3,18,21524387991,0,0,7454,505063,13372352,13884869
turso,concurrent,32,3,18,21538273120,0,0,4889,544658,41639477,42189024
turso,concurrent,32,3,18,21580462476,0,0,5821,487380,71784838,72278039
turso,concurrent,32,3,18,21652740876,0,0,5631,467301,231583898,232056830
turso,concurrent,32,3,18,21884797956,0,0,5581,466400,81447160,81919141
turso,concurrent,32,3,18,21966717428,0,0,5921,481649,81481223,81968793
turso,concurrent,32,3,18,22048686592,0,0,5190,473914,175511276,175990380
turso,concurrent,32,3,18,22224677303,0,0,6572,629248,291880860,292516680
turso,concurrent,32,3,18,22517194323,0,0,8326,3607176,63853984,67469486
turso,concurrent,32,3,18,22584664050,0,0,5350,623396,170575573,171204319
turso,concurrent,32,3,18,22755868630,0,0,5801,497448,142301835,142805084
turso,concurrent,32,3,18,22898673984,0,0,5861,474075,189903452,190383388
turso,concurrent,32,3,18,23089057622,0,0,6763,415043,51509963,51931769
turso,concurrent,32,3,18,23140989701,0,0,5921,453055,234779157,235238133
turso,concurrent,32,3,18,23376228174,0,0,5981,530781,93919854,94456616
turso,concurrent,32,3,18,23470685733,0,0,19607,611364,195386778,196017749
turso,concurrent,32,3,18,23666703783,0,0,8636,8064086,48657060,56729782
turso,concurrent,32,3,18,23723433815,0,0,6693,509551,74391747,74907991
turso,concurrent,32,3,18,23798342157,0,0,6712,596496,211910576,212513784
turso,concurrent,32,3,18,24010856222,0,0,5941,450891,82183359,82640191
turso,concurrent,32,3,18,24093496704,0,0,6692,472081,197468527,197947300
turso,concurrent,32,3,18,24291444374,0,0,7134,499222,129159426,129665782
turso,concurrent,32,3,18,24421110476,0,0,5921,427346,8147473,8580740
turso,concurrent,32,3,18,24429691508,0,0,4989,452323,119576335,120033647
turso,concurrent,32,3,18,24549725516,0,0,6171,458536,77122619,77587326
turso,concurrent,32,3,18,24627313103,0,0,5851,580115,236404714,236990680
turso,concurrent,32,3,18,24864304053,0,0,9568,3365330,567455993,570830891
turso,concurrent,32,3,18,25435135215,0,0,8616,1026136,194367235,195401987
turso,concurrent,32,3,18,25630537442,0,0,5931,436174,100073915,100516020
turso,concurrent,32,3,18,25731053713,0,0,5991,487460,45894316,46387767
turso,concurrent,32,3,18,25777441751,0,0,5761,543345,177637268,178186374
turso,concurrent,32,3,18,25955628706,0,0,19517,7027440,51970621,59017578
turso,concurrent,32,3,18,26014646655,0,0,7003,650608,219147842,219805453
turso,concurrent,32,3,18,26234452429,0,0,7754,666317,55565465,56239536
turso,concurrent,32,3,18,26290692296,0,0,7965,456501,31389848,31854314
turso,concurrent,32,3,18,26322546841,0,0,4959,428268,88538661,88971888
turso,concurrent,32,3,18,26411518989,0,0,5650,482901,78411432,78899983
turso,concurrent,32,3,18,26490419193,0,0,5661,503480,391304529,391813670
turso,concurrent,32,3,18,26882233194,0,0,6552,614179,559810497,560431228
turso,concurrent,32,3,18,27442664713,0,0,8656,9844375,224141865,233994896
turso,concurrent,32,3,18,27676659970,0,0,6973,494233,57507950,58009156
turso,concurrent,32,3,18,27734669356,0,0,5471,487860,146287875,146781206
turso,concurrent,32,3,18,27881450943,0,0,6733,703447,164516000,165226180
turso,concurrent,32,3,18,28046677473,0,0,7104,571709,164766201,165345014
turso,concurrent,32,3,18,28212022757,0,0,7124,675815,250883884,251566823
turso,concurrent,32,3,18,28463589961,0,0,9037,5871198,53891947,59772182
turso,concurrent,32,3,18,28523362514,0,0,7654,620281,235565350,236193285
turso,concurrent,32,3,18,28759556179,0,0,5991,446993,33837387,34290371
turso,concurrent,32,3,18,28793846881,0,0,5320,457544,378535355,378998219
turso,concurrent,32,3,18,29172845370,0,0,7244,526203,75352149,75885596
turso,concurrent,32,3,18,29248731327,0,0,5651,657270,99685262,100348183
turso,concurrent,32,3,18,29349080011,0,0,14067,475177,192843570,193332814
turso,concurrent,32,3,18,29542413185,0,0,8837,5827185,238788071,244624093
turso,concurrent,32,3,18,29787037638,0,0,6502,471740,180333395,180811637
turso,concurrent,32,3,18,29967849617,0,0,6251,533647,190350446,190890344
turso,concurrent,32,3,18,30158740231,0,0,6943,483783,463903333,464394059
turso,concurrent,32,3,18,30623134711,0,0,7053,583782,188761117,189351952
turso,concurrent,32,3,18,30812486893,0,0,8055,8145630,354375830,362529515
turso,concurrent,32,3,18,31175016668,0,0,6492,517908,108312961,108837361
turso,concurrent,32,3,18,31283854430,0,0,6322,753822,59020554,59780698
turso,concurrent,32,3,18,31343635509,0,0,4839,457764,227221777,227684380
turso,concurrent,32,3,18,31571320269,0,0,6983,500335,40001948,40509266
turso,concurrent,32,3,18,31611829896,0,0,4678,454889,131559745,132019312
turso,concurrent,32,3,18,31743849459,0,0,6302,717063,53249815,53973180
turso,concurrent,32,3,18,31797823000,0,0,5310,505143,93919463,94429916
turso,concurrent,32,3,18,31892253678,0,0,19547,516314,632370117,632905978
turso,concurrent,32,3,18,32525159916,0,0,8046,14105755,376205339,390319140
turso,concurrent,32,3,18,32915479397,0,0,6572,539047,139999280,140544899
turso,concurrent,32,3,19,123313,1,0,3679553,520271,33050933,37250757
turso,concurrent,32,3,19,37374411,1,0,7173,428449,44376682,44812304
turso,concurrent,32,3,19,82186946,1,0,5711,314523,66175013,66495247
turso,concurrent,32,3,19,148682464,1,0,5851,327027,306472673,306805551
turso,concurrent,32,3,19,455488365,1,0,8026,409582,131549146,131966754
turso,concurrent,32,3,19,587455640,1,0,5610,320705,434614279,434940594
turso,concurrent,32,3,19,1022396535,1,0,10099,387691,267107426,267505216
turso,concurrent,32,3,19,1289902142,1,0,41709,2748896,35376771,38167376
turso,concurrent,32,3,19,1328069759,1,0,5480,416536,43324087,43746103
turso,concurrent,32,3,19,1371816423,1,0,5250,491497,57928984,58425731
turso,concurrent,32,3,19,1430242385,1,0,6162,446332,68157965,68610459
turso,concurrent,32,3,19,1498853104,1,0,5701,447224,289531687,289984612
turso,concurrent,32,3,19,1788837956,1,0,6042,510032,161293209,161809283
turso,concurrent,32,3,19,1950647509,1,0,5721,431063,52392268,52829052
turso,concurrent,32,3,19,2003476841,1,0,6332,451622,18747985,19205939
turso,concurrent,32,3,19,2022683030,1,0,6542,827972,58167164,59001678
turso,concurrent,32,3,19,2081685200,1,0,12513,16230115,746790563,763033191
turso,concurrent,32,3,19,2844719392,1,0,6543,444338,137109347,137560228
turso,concurrent,32,3,19,2982279861,1,0,6873,737471,20187972,20932316
turso,concurrent,32,3,19,3003212377,0,0,5521,480476,38938933,39424930
turso,concurrent,32,3,19,3042637567,0,0,6422,433348,66960696,67400466
turso,concurrent,32,3,19,3110038263,0,0,6752,477301,33164687,33648740
turso,concurrent,32,3,19,3143687445,0,0,9718,3624038,84701852,88335608
turso,concurrent,32,3,19,3232023403,0,0,8466,6271864,138051615,144331945
turso,concurrent,32,3,19,3376355588,0,0,5220,389285,88098600,88493105
turso,concurrent,32,3,19,3464849053,0,0,6322,516976,373260112,373783410
turso,concurrent,32,3,19,3838632823,0,0,6923,458606,334841020,335306549
turso,concurrent,32,3,19,4173940093,0,0,26360,434690,185246515,185707565
turso,concurrent,32,3,19,4359648009,0,0,7304,6437897,166994907,173440108
turso,concurrent,32,3,19,4533088438,0,0,6532,558213,10192702,10757447
turso,concurrent,32,3,19,4543846166,0,0,5370,450871,211226285,211682526
turso,concurrent,32,3,19,4755528973,0,0,6763,510262,141226847,141743872
turso,concurrent,32,3,19,4897273135,0,0,6132,427005,96305145,96738282
turso,concurrent,32,3,19,4994012950,0,0,5290,523478,21300411,21829179
turso,concurrent,32,3,19,5015842439,0,0,5711,533697,269116857,269656265
turso,concurrent,32,3,19,5285498965,0,0,5631,625179,149208817,149839627
turso,concurrent,32,3,19,5435338853,0,0,8255,621242,16721552,17351049
turso,concurrent,32,3,19,5452690112,0,0,4759,431414,11040762,11476935
turso,concurrent,32,3,19,5464167268,0,0,4468,407359,15995431,16407258
turso,concurrent,32,3,19,5480574726,0,0,6222,429370,122194455,122630047
turso,concurrent,32,3,19,5603205073,0,0,5851,470097,47560971,48036919
turso,concurrent,32,3,19,5651242333,0,0,5320,646320,46333675,46985315
turso,concurrent,32,3,19,5698227868,0,0,7053,494273,210817243,211318569
turso,concurrent,32,3,19,5909546709,0,0,5670,473634,258029056,258508360
turso,concurrent,32,3,19,6168055310,0,0,6652,631161,196036465,196674278
turso,concurrent,32,3,19,6364730199,0,0,14227,658853,110999521,111672601
turso,concurrent,32,3,19,6476403171,0,0,8325,5406782,28895122,34310229
turso,concurrent,32,3,19,6510713680,0,0,5450,489714,19594643,20089807
turso,concurrent,32,3,19,6530803727,0,0,5090,417788,180259525,180682403
turso,concurrent,32,3,19,6711486361,0,0,5380,419011,64934913,65359304
turso,concurrent,32,3,19,6776845936,0,0,5791,572490,49418636,49996917
turso,concurrent,32,3,19,6826843103,0,0,5872,605733,104679636,105291241
turso,concurrent,32,3,19,6932134614,0,0,5690,454868,15147893,15608451
turso,concurrent,32,3,19,6947743296,0,0,5080,506996,25752692,26264768
turso,concurrent,32,3,19,6974008364,0,0,6512,497579,93520250,94024341
turso,concurrent,32,3,19,7068033067,0,0,7193,485466,96351242,96843901
turso,concurrent,32,3,19,7164877309,0,0,5029,449128,58502175,58956332
turso,concurrent,32,3,19,7223833892,0,0,5981,492529,183470154,183968664
turso,concurrent,32,3,19,7407802846,0,0,6513,1639052,258306941,259952506
turso,concurrent,32,3,19,7667755652,0,0,7914,4141505,48875682,53025101
turso,concurrent,32,3,19,7720780994,0,0,6162,442194,92801584,93249940
turso,concurrent,32,3,19,7814031205,0,0,6552,512126,95817916,96336594
turso,concurrent,32,3,19,7910368039,0,0,6052,483021,14195876,14684949
turso,concurrent,32,3,19,7925053248,0,0,4930,492068,50748105,51245103
turso,concurrent,32,3,19,7976298611,0,0,6312,793798,31629391,32429501
turso,concurrent,32,3,19,8008729985,0,0,5551,517506,107754949,108278006
turso,concurrent,32,3,19,8117008252,0,0,6412,518127,27581763,28106302
turso,concurrent,32,3,19,8145114775,0,0,6171,556430,469882736,470445337
turso,concurrent,32,3,19,8615560372,0,0,7374,453215,41982426,42443015
turso,concurrent,32,3,19,8658003717,0,0,7414,24206224,376137140,400350778
turso,concurrent,32,3,19,9058354796,0,0,6302,517706,86941728,87465736
turso,concurrent,32,3,19,9145820732,0,0,6633,683479,13074380,13764492
turso,concurrent,32,3,19,9159585524,0,0,5611,789660,49710687,50505958
turso,concurrent,32,3,19,9210091733,0,0,6432,793247,148154297,148953976
turso,concurrent,32,3,19,9359045949,0,0,5621,451712,303304615,303761948
turso,concurrent,32,3,19,9662808178,0,0,6582,643464,391391032,392041078
turso,concurrent,32,3,19,10054849587,0,0,13225,3808476,174738939,178560640
turso,concurrent,32,3,19,10233410517,0,0,5922,460528,100147856,100614306
turso,concurrent,32,3,19,10334025074,0,0,6312,575205,72623471,73204988
turso,concurrent,32,3,19,10407230282,0,0,5009,433388,41500726,41939123
turso,concurrent,32,3,19,10449169666,0,0,5570,503961,98173060,98682591
turso,concurrent,32,3,19,10547852487,0,0,7414,726762,117437879,118172055
turso,concurrent,32,3,19,10666024812,0,0,5681,499072,134199216,134703969
turso,concurrent,32,3,19,10800729091,0,0,7084,752269,43309760,44069113
turso,concurrent,32,3,19,10844798584,0,0,8025,518909,206983800,207510734
turso,concurrent,32,3,19,11052309620,0,0,8075,687287,21010133,21705495
turso,concurrent,32,3,19,11074015356,0,0,5861,545689,17737378,18288928
turso,concurrent,32,3,19,11092304525,0,0,5220,606975,211174488,211786683
turso,concurrent,32,3,19,11304091448,0,0,5901,404844,146542346,146953091
turso,concurrent,32,3,19,11451044769,0,0,5992,655918,448047174,448709084
turso,concurrent,32,3,19,11899754123,0,0,6403,605192,98752362,99363957
turso,concurrent,32,3,19,11999118340,0,0,6172,439910,307929361,308375443
turso,concurrent,32,3,19,12307494044,0,0,7334,4032899,131111710,135151943
turso,concurrent,32,3,19,12442646278,0,0,7534,493151,302658926,303159611
turso,concurrent,32,3,19,12745806320,0,0,7454,536292,65430979,65974725
turso,concurrent,32,3,19,12811781296,0,0,6011,452304,35209425,35667740
turso,concurrent,32,3,19,12847449357,0,0,5951,537564,140845146,141388661
turso,concurrent,32,3,19,12988838259,0,0,6171,516705,19904838,20427714
turso,concurrent,32,3,19,13009266193,0,0,6082,579864,24175325,24761271
turso,concurrent,32,3,19,13034027715,0,0,6462,562792,79081847,79651101
turso,concurrent,32,3,19,13113679077,0,0,6562,562872,274759674,275329108
turso,concurrent,32,3,19,13389008546,0,0,8235,19296391,266407054,285711680
turso,concurrent,32,3,19,13674720546,0,0,7024,512156,123210431,123729611
turso,concurrent,32,3,19,13798450438,0,0,5961,456962,95775846,96238769
turso,concurrent,32,3,19,13894689498,0,0,7003,529329,79733887,80270219
turso,concurrent,32,3,19,13974959997,0,0,7134,616573,211666507,212290214
turso,concurrent,32,3,19,14187250511,0,0,6362,447004,276852583,277305949
turso,concurrent,32,3,19,14464556730,0,0,8496,9605033,576639100,586252629
turso,concurrent,32,3,19,15050809641,0,0,5600,499362,81540456,82045418
turso,concurrent,32,3,19,15132855360,0,0,6292,670946,27670450,28347688
turso,concurrent,32,3,19,15161203299,0,0,5170,522956,186278603,186806729
turso,concurrent,32,3,19,15348010288,0,0,5952,604911,121020219,121631082
turso,concurrent,32,3,19,15469641670,0,0,8415,4255820,86616584,90880819
turso,concurrent,32,3,19,15560522771,0,0,6412,556240,262596243,263158895
turso,concurrent,32,3,19,15823681947,0,0,6642,492900,79294228,79793770
turso,concurrent,32,3,19,15903476028,0,0,6722,459938,102048542,102515202
turso,concurrent,32,3,19,16005991540,0,0,7094,583360,221300776,221891230
turso,concurrent,32,3,19,16227883050,0,0,6051,440051,205348695,205794797
turso,concurrent,32,3,19,16433678127,0,0,6623,654224,34690977,35351824
turso,concurrent,32,3,19,16469030252,0,0,7645,629267,50953212,51590124
turso,concurrent,32,3,19,16520620656,0,0,6362,501566,318562014,319069942
turso,concurrent,32,3,19,16839691029,0,0,8977,4224531,11621228,15854736
turso,concurrent,32,3,19,16855546015,0,0,5000,527375,12621615,13153990
turso,concurrent,32,3,19,16868700326,0,0,7073,514521,82039868,82561462
turso,concurrent,32,3,19,16951262059,0,0,5761,560617,52004446,52570824
turso,concurrent,32,3,19,17003833143,0,0,5150,454628,3346614,3806392
turso,concurrent,32,3,19,17007639816,0,0,4869,514200,156436585,156955654
turso,concurrent,32,3,19,17164595761,0,0,6402,475908,253301956,253784266
turso,concurrent,32,3,19,17418380308,0,0,6071,637413,390476707,391120191
turso,concurrent,32,3,19,17809502082,0,0,8797,11922355,39584281,51515433
turso,concurrent,32,3,19,17861017775,0,0,5821,648364,53681019,54335204
turso,concurrent,32,3,19,17915353229,0,0,6071,416376,150823984,151246431
turso,concurrent,32,3,19,18066599921,0,0,7344,671627,301352672,302031643
turso,concurrent,32,3,19,18368632055,0,0,7084,441453,71459133,71907670
turso,concurrent,32,3,19,18440540025,0,0,6934,472541,43551145,44030620
turso,concurrent,32,3,19,18484570916,0,0,5590,545029,112371851,112922470
turso,concurrent,32,3,19,18597493646,0,0,6522,619069,209242512,209868103
turso,concurrent,32,3,19,18807362009,0,0,7304,507367,9322501,9837172
turso,concurrent,32,3,19,18817199471,0,0,5741,602537,278766365,279374643
turso,concurrent,32,3,19,19096574324,0,0,8316,2459982,109036376,111504674
turso,concurrent,32,3,19,19208079389,0,0,6723,534909,77969207,78510839
turso,concurrent,32,3,19,19286590459,0,0,6211,561129,88508574,89075914
turso,concurrent,32,3,19,19375666744,0,0,6683,459727,53257810,53724220
turso,concurrent,32,3,19,19429391235,0,0,6662,534459,63366474,63907595
turso,concurrent,32,3,19,19493299130,0,0,6412,475077,127678692,128160181
turso,concurrent,32,3,19,19621459662,0,0,5540,464337,85071338,85541215
turso,concurrent,32,3,19,19707001207,0,0,5911,494943,15037695,15538549
turso,concurrent,32,3,19,19722539997,0,0,5260,484825,51294015,51784100
turso,concurrent,32,3,19,19774324327,0,0,5641,539588,36670111,37215340
turso,concurrent,32,3,19,19811539998,0,0,5731,542624,6616364,7164719
turso,concurrent,32,3,19,19818704927,0,0,6172,525080,26117631,26648883
turso,concurrent,32,3,19,19845354091,0,0,6652,479425,108501758,108987835
turso,concurrent,32,3,19,19954342206,0,0,5731,464677,56937253,57407661
turso,concurrent,32,3,19,20011750167,0,0,6984,516905,260576353,261100242
turso,concurrent,32,3,19,20272850679,0,0,8436,5763675,120969984,126742095
turso,concurrent,32,3,19,20399593115,0,0,6102,459426,29439699,29905227
turso,concurrent,32,3,19,20429498642,0,0,8405,663011,50224047,50895463
turso,concurrent,32,3,19,20480394376,0,0,5751,455870,352978974,353440595
turso,concurrent,32,3,19,20833835221,0,0,7003,538867,25035118,25580988
turso,concurrent,32,3,19,20859416460,0,0,4889,417788,500990381,501413058
turso,concurrent,32,3,19,21360829909,0,0,7013,8121996,28589053,36718062
turso,concurrent,32,3,19,21397548202,0,0,5250,437425,12230187,12672862
turso,concurrent,32,3,19,21410221334,0,0,5100,435171,108027053,108467324
turso,concurrent,32,3,19,21518688898,0,0,5520,469837,86600493,87075850
turso,concurrent,32,3,19,21605765029,0,0,5791,464246,88551184,89021221
turso,concurrent,32,3,19,21694786541,0,0,7684,598109,195441762,196047555
turso,concurrent,32,3,19,21890834416,0,0,6071,531393,195122790,195660254
turso,concurrent,32,3,19,22086494921,0,0,6192,467652,146956297,147430141
turso,concurrent,32,3,19,22233925313,0,0,8947,659594,33419428,34087969
turso,concurrent,32,3,19,22268013502,0,0,5030,492209,99949040,100446279
turso,concurrent,32,3,19,22368460152,0,0,8065,8900424,62318296,71226785
turso,concurrent,32,3,19,22439687338,0,0,8697,6788148,196315040,203111885
turso,concurrent,32,3,19,22642799563,0,0,5421,496356,70739266,71241043
turso,concurrent,32,3,19,22714040846,0,0,6312,567531,50570961,51144804
turso,concurrent,32,3,19,22765185980,0,0,5731,514852,39183113,39703696
turso,concurrent,32,3,19,22804890016,0,0,5370,469677,342704316,343179363
turso,concurrent,32,3,19,23148069640,0,0,6412,643284,344493222,345142918
turso,concurrent,32,3,19,23493212818,0,0,6102,456481,4737880,5200463
turso,concurrent,32,3,19,23498413531,0,0,4548,549176,16712645,17266369
turso,concurrent,32,3,19,23515680232,0,0,5630,634828,57684262,58324720
turso,concurrent,32,3,19,23574005193,0,0,6983,6518339,64837360,71362682
turso,concurrent,32,3,19,23645368145,0,0,6653,520111,63096284,63623048
turso,concurrent,32,3,19,23708991524,0,0,4989,479325,471235207,471719521
turso,concurrent,32,3,19,24180711396,0,0,6091,463084,47269581,47738756
turso,concurrent,32,3,19,24228450353,0,0,5099,600664,289610576,290216339
turso,concurrent,32,3,19,24518666953,0,0,6091,458255,207887666,208352012
turso,concurrent,32,3,19,24727019255,0,0,14538,10005879,115639336,125659753
turso,concurrent,32,3,19,24852679369,0,0,6061,595033,244890065,245491159
turso,concurrent,32,3,19,25098170768,0,0,5831,431504,43990093,44427428
turso,concurrent,32,3,19,25142598417,0,0,5411,505634,297741478,298252523
turso,concurrent,32,3,19,25440851190,0,0,6242,630530,121974409,122611181
turso,concurrent,32,3,19,25563462641,0,0,5400,423218,63116112,63544730
turso,concurrent,32,3,19,25627007632,0,0,5721,449148,180264644,180719513
turso,concurrent,32,3,19,25807727576,0,0,13836,529469,26756437,27299742
turso,concurrent,32,3,19,25835028179,0,0,13155,550098,47262788,47826041
turso,concurrent,32,3,19,25882854500,0,0,6382,681716,56710605,57398703
turso,concurrent,32,3,19,25940253495,0,0,7534,5362048,445403767,450773349
turso,concurrent,32,3,19,26391027164,0,0,6443,449838,222144417,222600698
turso,concurrent,32,3,19,26613628172,0,0,6773,482440,206896216,207385429
turso,concurrent,32,3,19,26821013871,0,0,7444,534819,49330300,49872563
turso,concurrent,32,3,19,26870886685,0,0,5600,471109,35181503,35658212
turso,concurrent,32,3,19,26906545207,0,0,5030,441272,109302510,109748812
turso,concurrent,32,3,19,27016294369,0,0,6923,451222,11273502,11731647
turso,concurrent,32,3,19,27028026376,0,0,6212,445661,66461964,66913837
turso,concurrent,32,3,19,27094940473,0,0,7264,3548556,147032511,150588331
turso,concurrent,32,3,19,27245529084,0,0,7785,525692,48177424,48710901
turso,concurrent,32,3,19,27294240356,0,0,6612,506586,305895443,306408641
turso,concurrent,32,3,19,27600649238,0,0,6682,561811,35632594,36201087
turso,concurrent,32,3,19,27636850595,0,0,6572,459067,229695775,230161414
turso,concurrent,32,3,19,27867012369,0,0,7194,530801,56578637,57116632
turso,concurrent,32,3,19,27924129351,0,0,5791,482921,10448455,10937167
turso,concurrent,32,3,19,27935066749,0,0,5630,539739,320865880,321411249
turso,concurrent,32,3,19,28256478319,0,0,9778,13682408,133697589,147389775
turso,concurrent,32,3,19,28403868374,0,0,7374,13635870,141760562,155403806
turso,concurrent,32,3,19,28559272481,0,0,7945,928522,195799748,196736215
turso,concurrent,32,3,19,28756008896,0,0,5390,453676,155377768,155836834
turso,concurrent,32,3,19,28911846050,0,0,6001,570236,94937976,95514213
turso,concurrent,32,3,19,29007360523,0,0,6703,614700,136008740,136630143
turso,concurrent,32,3,19,29143991056,0,0,6853,514721,17952905,18474479
turso,concurrent,32,3,19,29162465805,0,0,5330,508269,49031245,49544844
turso,concurrent,32,3,19,29212010920,0,0,7965,736831,9234384,9979180
turso,concurrent,32,3,19,29221990370,0,0,4619,495595,15193158,15693372
turso,concurrent,32,3,19,29237684012,0,0,4719,474044,162718929,163197692
turso,concurrent,32,3,19,29400881945,0,0,6843,673521,253051434,253731798
turso,concurrent,32,3,19,29654614113,0,0,8216,17724623,305438252,323171091
turso,concurrent,32,3,19,29977785564,0,0,6643,565266,113648460,114220369
turso,concurrent,32,3,19,30092006193,0,0,5861,517988,76485828,77009677
turso,concurrent,32,3,19,30169016261,0,0,7364,606063,731123582,731737009
turso,concurrent,32,3,19,30900753510,0,0,8737,9151317,182778108,191938162
turso,concurrent,32,3,19,31092692062,0,0,5320,455379,512002079,512462778
turso,concurrent,32,3,19,31605155102,0,0,5570,561439,12299438,12866447
turso,concurrent,32,3,19,31618021759,0,0,4779,499332,25427959,25932070
turso,concurrent,32,3,19,31643954130,0,0,5631,630089,161417422,162053142
turso,concurrent,32,3,19,31806007503,0,0,5771,465679,122161752,122633202
turso,concurrent,32,3,19,31928640946,0,0,6131,447595,200938864,201392590
turso,concurrent,32,3,19,32130033827,0,0,7103,3989849,191531965,195528917
turso,concurrent,32,3,19,32325562994,0,0,8686,2297215,388743727,391049628
turso,concurrent,32,3,19,32716612923,0,0,7754,520422,17353243,17881419
turso,concurrent,32,3,19,32734494643,0,0,6873,512938,130995290,131515101
turso,concurrent,32,3,19,32866009985,0,0,6081,539799,76455501,77001381
turso,concurrent,32,3,19,32943011757,0,0,6672,487530,14790568,15284770
turso,concurrent,32,3,19,32958296788,0,0,5881,435151,114323433,114764465
turso,concurrent,32,3,20,782557,1,0,3462693,526103,91456626,95445422
turso,concurrent,32,3,20,96228510,1,0,7214,419772,57770605,58197591
turso,concurrent,32,3,20,154426462,1,0,7654,444960,225051212,225503826
turso,concurrent,32,3,20,379930598,1,0,5400,342356,123397134,123744890
turso,concurrent,32,3,20,503675748,1,0,6592,432606,472522887,472962085
turso,concurrent,32,3,20,976638425,1,0,6733,368315,78008231,78383279
turso,concurrent,32,3,20,1055021975,1,0,55294,3316337,54833704,58205335
turso,concurrent,32,3,20,1113227551,1,0,5480,568533,152218065,152792078
turso,concurrent,32,3,20,1266019859,1,0,5030,432265,241126624,241563919
turso,concurrent,32,3,20,1507584619,1,0,8847,664995,289592151,290265993
turso,concurrent,32,3,20,1797850902,1,0,7694,952547,253035525,253995766
turso,concurrent,32,3,20,2051846929,1,0,5931,424431,76571059,77001421
turso,concurrent,32,3,20,2128848560,1,0,6111,12834738,40331449,53172298
turso,concurrent,32,3,20,2182021220,1,0,5611,493992,282604717,283104320
turso,concurrent,32,3,20,2465125820,1,0,5892,566268,23014105,23586265
turso,concurrent,32,3,20,2488712315,1,0,6522,582139,9380730,9969391
turso,concurrent,32,3,20,2498681966,1,0,5421,513118,179615741,180134280
turso,concurrent,32,3,20,2678816987,1,0,6252,503139,192536761,193046152
turso,concurrent,32,3,20,2871863430,1,0,6642,507097,355894034,356407773
turso,concurrent,32,3,20,3228271463,0,0,7404,4220724,300562350,304790478
turso,concurrent,32,3,20,3533062243,0,0,7023,512978,96969408,97489409
turso,concurrent,32,3,20,3630551933,0,0,7344,543265,300983525,301534134
turso,concurrent,32,3,20,3932086418,0,0,6572,411426,294174899,294592897
turso,concurrent,32,3,20,4226679515,0,0,7514,3588852,120395380,123991746
turso,concurrent,32,3,20,4350671541,0,0,6332,528678,70334983,70869993
turso,concurrent,32,3,20,4421541784,0,0,5050,405906,463223089,463634045
turso,concurrent,32,3,20,4885176089,0,0,7575,834775,17831125,18673475
turso,concurrent,32,3,20,4903849844,0,0,6072,423299,65343995,65773366
turso,concurrent,32,3,20,4969623470,0,0,5972,406427,63803779,64216178
turso,concurrent,32,3,20,5033839908,0,0,6492,502508,403441721,403950721
turso,concurrent,32,3,20,5437790999,0,0,8166,8427982,55560475,63996623
turso,concurrent,32,3,20,5501787943,0,0,5771,479435,269783996,270269202
turso,concurrent,32,3,20,5772057475,0,0,5450,436815,77294023,77736288
turso,concurrent,32,3,20,5849795406,0,0,5881,428639,64987262,65421782
turso,concurrent,32,3,20,5915217429,0,0,5440,503520,73292333,73801293
turso,concurrent,32,3,20,5989018992,0,0,8126,588961,27149007,27746094
turso,concurrent,32,3,20,6016765346,0,0,5480,532886,60541503,61079869
turso,concurrent,32,3,20,6077845456,0,0,5761,481128,313864309,314351198
turso,concurrent,32,3,20,6392196945,0,0,8897,5148174,240102801,245259872
turso,concurrent,32,3,20,6637457208,0,0,7584,11904633,151005246,162917463
turso,concurrent,32,3,20,6800374992,0,0,7704,526133,322720811,323254648
turso,concurrent,32,3,20,7123630061,0,0,6672,545419,171769296,172321387
turso,concurrent,32,3,20,7295951819,0,0,6231,702105,374749833,375458169
turso,concurrent,32,3,20,7671410238,0,0,6813,7027971,24236100,31270884
turso,concurrent,32,3,20,7702681383,0,0,5049,454578,72796146,73255773
turso,concurrent,32,3,20,7775937497,0,0,5601,448776,64438106,64892483
turso,concurrent,32,3,20,7840830381,0,0,6913,690263,74334178,75031354
turso,concurrent,32,3,20,7915861995,0,0,5371,434620,185707024,186147015
turso,concurrent,32,3,20,8102009281,0,0,6903,535810,109123672,109666385
turso,concurrent,32,3,20,8211675947,0,0,6302,506345,370149202,370661849
turso,concurrent,32,3,20,8582338056,0,0,6743,546812,121194197,121747752
turso,concurrent,32,3,20,8704086168,0,0,8166,15118627,38799689,53926482
turso,concurrent,32,3,20,8758013071,0,0,10179,569415,130705784,131285378
turso,concurrent,32,3,20,8889298710,0,0,5570,445881,92117754,92569205
turso,concurrent,32,3,20,8981868216,0,0,6302,459958,631344492,631810752
turso,concurrent,32,3,20,9613679398,0,0,12754,456933,43420478,43890165
turso,concurrent,32,3,20,9657569844,0,0,5420,690423,42411344,43107187
turso,concurrent,32,3,20,9700677292,0,0,5891,435882,26896641,27338414
turso,concurrent,32,3,20,9728015986,0,0,5340,477170,21954085,22436595
turso,concurrent,32,3,20,9750452801,0,0,5210,471991,56683695,57160896
turso,concurrent,32,3,20,9807614017,0,0,8366,5946791,219073341,225028498
turso,concurrent,32,3,20,10032642836,0,0,8416,570546,337787901,338366863
turso,concurrent,32,3,20,10371010050,0,0,6261,438928,67881894,68327083
turso,concurrent,32,3,20,10439337474,0,0,5330,493100,39793595,40292025
turso,concurrent,32,3,20,10479629780,0,0,5130,439499,182408651,182853280
turso,concurrent,32,3,20,10662485234,0,0,7133,531002,149789693,150327828
turso,concurrent,32,3,20,10812813333,0,0,5530,515373,334520064,335040967
turso,concurrent,32,3,20,11147854620,0,0,8376,6221409,453933071,460162856
turso,concurrent,32,3,20,11608017867,0,0,7684,672690,350315718,350996092
turso,concurrent,32,3,20,11959014340,0,0,7694,696264,157764009,158467967
turso,concurrent,32,3,20,12117482598,0,0,8376,6240294,59269784,65518454
turso,concurrent,32,3,20,12183001323,0,0,5550,421275,331203917,331630742
turso,concurrent,32,3,20,12514632346,0,0,6101,527045,49666925,50200071
turso,concurrent,32,3,20,12564832787,0,0,6372,576649,90035675,90618696
turso,concurrent,32,3,20,12655451773,0,0,5811,620321,253924922,254551054
turso,concurrent,32,3,20,12910003057,0,0,6072,525511,145458782,145990365
turso,concurrent,32,3,20,13055993692,0,0,7735,606504,63130729,63744968
turso,concurrent,32,3,20,13119738920,0,0,5681,566609,111378096,111950386
turso,concurrent,32,3,20,13231689526,0,0,7545,5033317,96067336,101108198
turso,concurrent,32,3,20,13332797994,0,0,5631,460128,265658292,266124051
turso,concurrent,32,3,20,13598922285,0,0,6392,547764,184349582,184903738
turso,concurrent,32,3,20,13783831864,0,0,5731,433779,269991788,270431298
turso,concurrent,32,3,20,14054263443,0,0,5971,658422,156598450,157262843
turso,concurrent,32,3,20,14211526537,0,0,5480,526524,490788952,491320956
turso,concurrent,32,3,20,14702847844,0,0,8226,590393,170469243,171067862
turso,concurrent,32,3,20,14873916097,0,0,6983,513689,196380303,196900975
turso,concurrent,32,3,20,15070817473,0,0,7544,491899,91008821,91508264
turso,concurrent,32,3,20,15162326047,0,0,5871,558443,188820780,189385094
turso,concurrent,32,3,20,15351711422,0,0,5801,479134,213820801,214305736
turso,concurrent,32,3,20,15566017419,0,0,7293,573392,194415125,194995810
turso,concurrent,32,3,20,15761013490,0,0,5740,442666,226554328,227002734
turso,concurrent,32,3,20,15988016584,0,0,6553,441713,102219575,102667841
turso,concurrent,32,3,20,16090684745,0,0,6773,565337,63765757,64337867
turso,concurrent,32,3,20,16155022992,0,0,6452,491567,10764101,11262120
turso,concurrent,32,3,20,16166285413,0,0,5461,500264,83654344,84160069
turso,concurrent,32,3,20,16250445813,0,0,5540,450821,75848526,76304887
turso,concurrent,32,3,20,16326750920,0,0,6973,840105,137023816,137870894
turso,concurrent,32,3,20,16464622105,0,0,7023,488422,185371590,185867035
turso,concurrent,32,3,20,16650489451,0,0,8526,2909280,30135862,33053668
turso,concurrent,32,3,20,16683543500,0,0,6141,549988,281466620,282022749
turso,concurrent,32,3,20,16965566509,0,0,8145,729467,25134104,25871716
turso,concurrent,32,3,20,16991438506,0,0,5711,470868,1367526128,1368002707
turso,concurrent,32,3,20,18359441594,0,0,9127,12755147,23850804,36615078
turso,concurrent,32,3,20,18396056922,0,0,6022,508068,30273362,30787452
turso,concurrent,32,3,20,18426844804,0,0,6773,528107,56281024,56815904
turso,concurrent,32,3,20,18483660959,0,0,6452,539939,18818899,19365290
turso,concurrent,32,3,20,18503026489,0,0,5951,598680,42126687,42731318
turso,concurrent,32,3,20,18545758078,0,0,5420,438638,179806961,180251019
turso,concurrent,32,3,20,18726009498,0,0,7264,506305,422868897,423382466
turso,concurrent,32,3,20,19149392244,0,0,9678,9188047,55421964,64619689
turso,concurrent,32,3,20,19214012243,0,0,5701,477992,66353811,66837504
turso,concurrent,32,3,20,19280850017,0,0,6012,775102,696483741,697264855
turso,concurrent,32,3,20,19978115293,0,0,6723,479334,40423113,40909170
turso,concurrent,32,3,20,20019024694,0,0,5540,494473,59016586,59516599
turso,concurrent,32,3,20,20078541544,0,0,7123,848301,77066604,77922028
turso,concurrent,32,3,20,20156463863,0,0,6382,651609,75392025,76050016
turso,concurrent,32,3,20,20232514119,0,0,6072,461881,95934937,96402890
turso,concurrent,32,3,20,20328917269,0,0,7304,558013,404922334,405487651
turso,concurrent,32,3,20,20734405291,0,0,6592,542564,93615720,94164876
turso,concurrent,32,3,20,20828570427,0,0,5941,519220,78235530,78760691
turso,concurrent,32,3,20,20907331369,0,0,6282,476248,91198780,91681310
turso,concurrent,32,3,20,20999012959,0,0,5380,452755,48039724,48497859
turso,concurrent,32,3,20,21047511058,0,0,6071,539438,15692159,16237668
turso,concurrent,32,3,20,21063748977,0,0,5341,471169,236377102,236853612
turso,concurrent,32,3,20,21300602959,0,0,7645,7039612,450742180,457789437
turso,concurrent,32,3,20,21758392717,0,0,6903,547924,383361141,383915968
turso,concurrent,32,3,20,22142308975,0,0,5631,447214,18743717,19196562
turso,concurrent,32,3,20,22161505787,0,0,6092,596255,46399669,47002016
turso,concurrent,32,3,20,22208508084,0,0,5851,517336,120924057,121447244
turso,concurrent,32,3,20,22329956851,0,0,7044,599731,165712297,166319072
turso,concurrent,32,3,20,22496276203,0,0,7615,3493843,324241169,327742627
turso,concurrent,32,3,20,22824019251,0,0,8456,480867,40772532,41261855
turso,concurrent,32,3,20,22865281387,0,0,6602,433608,8114100,8554310
turso,concurrent,32,3,20,22873836038,0,0,4729,503971,143546052,144054752
turso,concurrent,32,3,20,23017891140,0,0,6623,576568,72011867,72595058
turso,concurrent,32,3,20,23090486558,0,0,5751,438187,107467747,107911685
turso,concurrent,32,3,20,23198398494,0,0,5911,444769,231699816,232150496
turso,concurrent,32,3,20,23430549331,0,0,5891,464026,441449726,441919643
turso,concurrent,32,3,20,23872469324,0,0,9068,16458365,175586057,192053490
turso,concurrent,32,3,20,24064523104,0,0,6863,601084,34036191,34644138
turso,concurrent,32,3,20,24099167524,0,0,6131,518188,460531561,461055880
turso,concurrent,32,3,20,24560223704,0,0,6292,480838,44996602,45483732
turso,concurrent,32,3,20,24605707717,0,0,6432,653443,433842592,434502467
turso,concurrent,32,3,20,25040210475,0,0,7043,12709892,51587188,64304123
turso,concurrent,32,3,20,25104514838,0,0,5269,446393,169998635,170450297
turso,concurrent,32,3,20,25274965506,0,0,6463,446312,46427071,46879846
turso,concurrent,32,3,20,25321845582,0,0,4689,444619,59710246,60159554
turso,concurrent,32,3,20,25382005396,0,0,4839,370720,20355958,20731517
turso,concurrent,32,3,20,25402737204,0,0,5981,563654,55708244,56277879
turso,concurrent,32,3,20,25459015363,0,0,6122,723776,67725068,68454966
turso,concurrent,32,3,20,25527470559,0,0,5601,485476,88930329,89421406
turso,concurrent,32,3,20,25616892246,0,0,6071,486949,334341337,334834357
turso,concurrent,32,3,20,25951726954,0,0,7995,10924333,44203155,55135483
turso,concurrent,32,3,20,26006862678,0,0,7083,625210,90054641,90686934
turso,concurrent,32,3,20,26097549872,0,0,5941,484204,154889225,155379370
turso,concurrent,32,3,20,26252929522,0,0,6382,489965,151803573,152299920
turso,concurrent,32,3,20,26405229682,0,0,6663,606044,66157250,66769957
turso,concurrent,32,3,20,26471999919,0,0,7063,482300,257883642,258373005
turso,concurrent,32,3,20,26730373204,0,0,7434,521214,22800552,23329200
turso,concurrent,32,3,20,26753702654,0,0,6422,462733,136144046,136613201
turso,concurrent,32,3,20,26890316085,0,0,5220,456161,190610776,191072157
turso,concurrent,32,3,20,27081388513,0,0,7434,458716,33540496,34006646
turso,concurrent,32,3,20,27115395469,0,0,10470,8372028,106605600,114988098
turso,concurrent,32,3,20,27230383837,0,0,7595,532615,38448637,38988847
turso,concurrent,32,3,20,27269372924,0,0,6964,865533,434401948,435274445
turso,concurrent,32,3,20,27704647629,0,0,6142,577600,589674496,590258238
turso,concurrent,32,3,20,28294906188,0,0,10039,5556123,14540676,20106838
turso,concurrent,32,3,20,28315013247,0,0,5500,473464,262738402,263217366
turso,concurrent,32,3,20,28578231033,0,0,6673,737271,135045823,135789767
turso,concurrent,32,3,20,28714021071,0,0,5320,485446,155975845,156466611
turso,concurrent,32,3,20,28870487933,0,0,7414,780943,661999134,662787491
turso,concurrent,32,3,20,29533275784,0,0,7585,2561683,174582554,177151822
turso,concurrent,32,3,20,29710427886,0,0,6513,681045,1080455133,1081142691
turso,concurrent,32,3,20,30791570948,0,0,8355,10174598,476082554,486265507
turso,concurrent,32,3,20,31277836825,0,0,9027,6778340,613814826,620602193
turso,concurrent,32,3,20,31898439600,0,0,16311,445129,246962816,247424256
turso,concurrent,32,3,20,32145864417,0,0,19477,16378023,203078041,219475541
turso,concurrent,32,3,20,32365340288,0,0,7244,504131,201023554,201534929
turso,concurrent,32,3,20,32566875458,0,0,5631,449848,181306371,181761850
turso,concurrent,32,3,20,32748637689,0,0,6732,540931,188151978,188699641
turso,concurrent,32,3,20,32937337600,0,0,7384,424782,100494139,100926305
turso,concurrent,32,3,21,816771,1,0,3846969,371481,223006323,227224773
turso,concurrent,32,3,21,228042155,1,0,5821,437415,106015557,106458793
turso,concurrent,32,3,21,334501239,1,0,7394,425202,29919013,30351609
turso,concurrent,32,3,21,364853189,1,0,4889,340823,77256823,77602535
turso,concurrent,32,3,21,442455985,1,0,7033,556270,95009510,95572813
turso,concurrent,32,3,21,538029499,1,0,6262,319102,96658151,96983515
turso,concurrent,32,3,21,635013295,1,0,6011,390597,62440527,62837135
turso,concurrent,32,3,21,697850771,1,0,6492,404193,271576077,271986762
turso,concurrent,32,3,21,969838244,1,0,6683,341093,447066525,447414301
turso,concurrent,32,3,21,1417253366,1,0,46718,3232981,215402255,218681954
turso,concurrent,32,3,21,1635935590,1,0,6733,419191,8647657,9073581
turso,concurrent,32,3,21,1645009421,1,0,4900,412187,24612591,25029678
turso,concurrent,32,3,21,1670039359,1,0,4689,413410,89396439,89814538
turso,concurrent,32,3,21,1759854168,1,0,5670,511365,74294675,74811710
turso,concurrent,32,3,21,1834666138,1,0,5661,472952,421575917,422054530
turso,concurrent,32,3,21,2256721029,1,0,8426,7535869,79574967,87119262
turso,concurrent,32,3,21,2343840551,1,0,5871,409853,25651531,26067255
turso,concurrent,32,3,21,2369908438,1,0,4909,402079,202632060,203039048
turso,concurrent,32,3,21,2572947746,1,0,5420,475157,262394463,262875040
turso,concurrent,32,3,21,2835823046,1,0,6973,533727,352002131,352542831
turso,concurrent,32,3,21,3188366138,0,0,8866,554547,146080244,146643657
turso,concurrent,32,3,21,3335010065,0,0,7504,673651,98326700,99007855
turso,concurrent,32,3,21,3434018170,0,0,6011,447044,345844462,346297517
turso,concurrent,32,3,21,3780315927,0,0,6723,475757,90853729,91336209
turso,concurrent,32,3,21,3871652397,0,0,6422,511745,220567131,221085298
turso,concurrent,32,3,21,4092737965,0,0,5760,472833,51028674,51507267
turso,concurrent,32,3,21,4144245503,0,0,6012,560136,197589726,198155874
turso,concurrent,32,3,21,4342401667,0,0,7965,8814242,309121811,317944018
turso,concurrent,32,3,21,4660346015,0,0,6573,485356,19635158,20127087
turso,concurrent,32,3,21,4680473403,0,0,4919,522767,207082286,207609972
turso,concurrent,32,3,21,4888083676,0,0,5971,621423,90302298,90929692
turso,concurrent,32,3,21,4979013628,0,0,6713,514831,237148558,237670102
turso,concurrent,32,3,21,5216684060,0,0,6723,539939,382484697,383031359
turso,concurrent,32,3,21,5599717363,0,0,8736,509752,165971776,166490264
turso,concurrent,32,3,21,5766207978,0,0,6111,431004,193187909,193625024
turso,concurrent,32,3,21,5959833263,0,0,6893,747110,156620992,157374995
turso,concurrent,32,3,21,6117208569,0,0,5831,470197,153929124,154405152
turso,concurrent,32,3,21,6271614021,0,0,5621,494713,99058811,99559145
turso,concurrent,32,3,21,6371173396,0,0,5841,578302,367796271,368380414
turso,concurrent,32,3,21,6739554101,0,0,8296,8401492,310889928,319299716
turso,concurrent,32,3,21,7058854067,0,0,5711,457694,30741144,31204549
turso,concurrent,32,3,21,7090058886,0,0,5461,475747,68136655,68617863
turso,concurrent,32,3,21,7158677029,0,0,6983,449999,92551712,93008694
turso,concurrent,32,3,21,7251686025,0,0,6572,609701,30714734,31331007
turso,concurrent,32,3,21,7283017303,0,0,6863,739826,58244950,58991639
turso,concurrent,32,3,21,7342009203,0,0,6602,486318,198388021,198880941
turso,concurrent,32,3,21,7540890425,0,0,8907,3726922,192813132,196548961
turso,concurrent,32,3,21,7737439667,0,0,5630,485647,28086976,28578253
turso,concurrent,32,3,21,7766018291,0,0,6883,624909,123846041,124477833
turso,concurrent,32,3,21,7890496434,0,0,6753,609881,89900139,90516773
turso,concurrent,32,3,21,7981013498,0,0,6031,473644,154884817,155364492
turso,concurrent,32,3,21,8136378300,0,0,5891,527916,117738647,118272454
turso,concurrent,32,3,21,8254651115,0,0,6402,667900,101969223,102643525
turso,concurrent,32,3,21,8357295010,0,0,6863,574795,179165832,179747490
turso,concurrent,32,3,21,8537042900,0,0,6993,586857,26051516,26645366
turso,concurrent,32,3,21,8563688507,0,0,7083,725429,462929496,463662008
turso,concurrent,32,3,21,9027350906,0,0,9017,2202826,54940505,57152348
turso,concurrent,32,3,21,9084503555,0,0,5410,514451,51797956,52317817
turso,concurrent,32,3,21,9136821642,0,0,5751,491227,282540706,283037684
turso,concurrent,32,3,21,9419859707,0,0,6903,525081,83444017,83976001
turso,concurrent,32,3,21,9503836019,0,0,5610,522847,362486243,363014700
turso,concurrent,32,3,21,9866851079,0,0,7745,9030349,48789870,57827964
turso,concurrent,32,3,21,9924679474,0,0,12583,551351,507625901,508189835
turso,concurrent,32,3,21,10432869690,0,0,6973,558394,175403463,175968830
turso,concurrent,32,3,21,10608839151,0,0,5590,519771,289658968,290184329
turso,concurrent,32,3,21,10899025654,0,0,6382,543455,164086459,164636296
turso,concurrent,32,3,21,11063662231,0,0,8806,4374304,144971863,149354973
turso,concurrent,32,3,21,11213017474,0,0,7234,443567,145674778,146125579
turso,concurrent,32,3,21,11359143283,0,0,6352,711242,16064461,16782055
turso,concurrent,32,3,21,11375925619,0,0,5070,507067,183885618,184397755
turso,concurrent,32,3,21,11560323644,0,0,5931,429070,54324362,54759363
turso,concurrent,32,3,21,11615083408,0,0,5931,507748,58287821,58801500
turso,concurrent,32,3,21,11673885219,0,0,7875,692777,167568379,168269031
turso,concurrent,32,3,21,11842154541,0,0,7885,654685,71916517,72579087
turso,concurrent,32,3,21,11914733898,0,0,6332,765004,24047274,24818610
turso,concurrent,32,3,21,11939552788,0,0,5410,517026,100794616,101317052
turso,concurrent,32,3,21,12040870451,0,0,16321,13616112,250102329,263734762
turso,concurrent,32,3,21,12304605554,0,0,6322,536141,200251327,200793790
turso,concurrent,32,3,21,12505399575,0,0,6101,612065,127023366,127641532
turso,concurrent,32,3,21,12633041348,0,0,6262,573802,90204955,90785019
turso,concurrent,32,3,21,12723826577,0,0,4950,532214,117375582,117912746
turso,concurrent,32,3,21,12841739663,0,0,6503,572079,95360923,95939505
turso,concurrent,32,3,21,12937679429,0,0,6602,584443,440434841,441025886
turso,concurrent,32,3,21,13378705646,0,0,9758,9691066,49958184,59659008
turso,concurrent,32,3,21,13438364915,0,0,5360,466420,20390474,20862254
turso,concurrent,32,3,21,13459227409,0,0,5100,508810,11597503,12111413
turso,concurrent,32,3,21,13471339022,0,0,5079,459968,206414136,206879183
turso,concurrent,32,3,21,13678218506,0,0,6883,454859,21632878,22094620
turso,concurrent,32,3,21,13700313376,0,0,6362,482651,273440565,273929578
turso,concurrent,32,3,21,13974243175,0,0,6071,521003,147526153,148053227
turso,concurrent,32,3,21,14122296632,0,0,6813,632603,7710609,8350025
turso,concurrent,32,3,21,14130646858,0,0,5340,632884,59568788,60207012
turso,concurrent,32,3,21,14190854141,0,0,5440,438507,158864206,159308153
turso,concurrent,32,3,21,14350162564,0,0,7574,4858337,253689558,258555469
turso,concurrent,32,3,21,14608718324,0,0,6652,670836,586346627,587024115
turso,concurrent,32,3,21,15195742720,0,0,6933,663813,83623807,84294553
turso,concurrent,32,3,21,15280037563,0,0,6713,3339531,341634539,344980783
turso,concurrent,32,3,21,15625018626,0,0,8035,9302342,18687912,27998289
turso,concurrent,32,3,21,15653017206,0,0,6652,532074,127432007,127970733
turso,concurrent,32,3,21,15780988299,0,0,6332,464146,207760016,208230494
turso,concurrent,32,3,21,15989219063,0,0,6162,477270,107082480,107565912
turso,concurrent,32,3,21,16096785656,0,0,7384,682197,15924487,16614068
turso,concurrent,32,3,21,16113400086,0,0,5701,744685,94479680,95230066
turso,concurrent,32,3,21,16208630403,0,0,5851,438697,24569079,25013627
turso,concurrent,32,3,21,16233644261,0,0,5160,493871,151417915,151916946
turso,concurrent,32,3,21,16385561508,0,0,5791,513689,98474428,98993908
turso,concurrent,32,3,21,16484555697,0,0,5630,494002,230361441,230861073
turso,concurrent,32,3,21,16715417051,0,0,8997,3281952,46104524,49395473
turso,concurrent,32,3,21,16764812764,0,0,5390,493852,87857094,88356336
turso,concurrent,32,3,21,16853169371,0,0,5751,478743,54142290,54626784
turso,concurrent,32,3,21,16907796485,0,0,5230,438177,91007288,91450695
turso,concurrent,32,3,21,16999247471,0,0,6212,609570,58054561,58670343
turso,concurrent,32,3,21,17057918054,0,0,5681,564295,83980309,84550285
turso,concurrent,32,3,21,17142468710,0,0,5621,487009,829484815,829977445
turso,concurrent,32,3,21,17972446436,0,0,9408,12622326,294143129,306774863
turso,concurrent,32,3,21,18279221580,0,0,6652,464046,64022261,64492959
turso,concurrent,32,3,21,18343714789,0,0,6061,651259,320006639,320663959
turso,concurrent,32,3,21,18664379019,0,0,5531,441062,38185962,38632555
turso,concurrent,32,3,21,18703011815,0,0,4919,601054,195444678,196050651
turso,concurrent,32,3,21,18899062716,0,0,7384,531533,439122385,439661302
turso,concurrent,32,3,21,19338724268,0,0,8486,7995917,183701110,191705513
turso,concurrent,32,3,21,19530430051,0,0,7024,541952,477043086,477592062
turso,concurrent,32,3,21,20008022394,0,0,8556,703778,74953477,75665811
turso,concurrent,32,3,21,20083688485,0,0,7264,3505404,46447250,49959918
turso,concurrent,32,3,21,20133648594,0,0,6111,453566,788725439,789185116
turso,concurrent,32,3,21,20922833990,0,0,8055,694360,69745691,70448106
turso,concurrent,32,3,21,20993282386,0,0,5420,548365,37231791,37785576
turso,concurrent,32,3,21,21031068173,0,0,5410,485136,109989696,110480242
turso,concurrent,32,3,21,21141548675,0,0,6983,1019083,87621180,88647246
turso,concurrent,32,3,21,21230198365,0,0,17253,11494498,142214610,153726361
turso,concurrent,32,3,21,21383925067,0,0,6432,502999,16408260,16917691
turso,concurrent,32,3,21,21400843059,0,0,5079,473684,164693916,165172679
turso,concurrent,32,3,21,21566016028,0,0,5961,502048,11005175,11513184
turso,concurrent,32,3,21,21577529492,0,0,5601,535731,44678352,45219684
turso,concurrent,32,3,21,21622749436,0,0,5991,492229,160536050,161034270
turso,concurrent,32,3,21,21783783936,0,0,6402,645137,118334972,118986511
turso,concurrent,32,3,21,21902770739,0,0,5340,542253,151531499,152079092
turso,concurrent,32,3,21,22054850052,0,0,5971,489193,100117699,100612863
turso,concurrent,32,3,21,22155463175,0,0,5310,490055,356125741,356621106
turso,concurrent,32,3,21,22512084612,0,0,8817,8732327,240734222,249475366
turso,concurrent,32,3,21,22761560219,0,0,5661,705090,142766070,143476821
turso,concurrent,32,3,21,22905037281,0,0,5951,451722,135922237,136379910
turso,concurrent,32,3,21,23041417451,0,0,6842,443107,610885057,611335006
turso,concurrent,32,3,21,23652752679,0,0,7344,6304556,415542954,421854854
turso,concurrent,32,3,21,24074607833,0,0,5821,505444,490437228,490948493
turso,concurrent,32,3,21,24565556647,0,0,6182,506716,27643870,28156768
turso,concurrent,32,3,21,24593713696,0,0,5230,439920,284856906,285302056
turso,concurrent,32,3,21,24879015983,0,0,8947,3352966,182938240,186300153
turso,concurrent,32,3,21,25065316436,0,0,7555,463444,50118677,50589676
turso,concurrent,32,3,21,25115906393,0,0,5310,467672,21508114,21981096
turso,concurrent,32,3,21,25137887749,0,0,5040,470818,90291538,90767396
turso,concurrent,32,3,21,25228655395,0,0,6162,557612,188795391,189359165
turso,concurrent,32,3,21,25418014861,0,0,8135,937389,10477259,11422783
turso,concurrent,32,3,21,25429437935,0,0,6502,713857,394225240,394945599
turso,concurrent,32,3,21,25824383794,0,0,6091,437295,399293243,399736629
turso,concurrent,32,3,21,26224120674,0,0,8186,2517650,240019435,242545271
turso,concurrent,32,3,21,26466666295,0,0,8015,780423,11559751,12348189
turso,concurrent,32,3,21,26479014694,0,0,5611,667580,481735801,482408992
turso,concurrent,32,3,21,26961423926,0,0,6192,398602,228717318,229122112
turso,concurrent,32,3,21,27190546289,0,0,8005,3498441,149237541,152743987
turso,concurrent,32,3,21,27343290617,0,0,6151,437947,301776051,302220149
turso,concurrent,32,3,21,27645511056,0,0,6533,542633,352633342,353182508
turso,concurrent,32,3,21,27998693945,0,0,8105,648945,535437949,536094999
turso,concurrent,32,3,21,28534789254,0,0,9508,741850,95986183,96737541
turso,concurrent,32,3,21,28631527085,0,0,6883,535730,331583243,332125856
turso,concurrent,32,3,21,28963653223,0,0,6151,514862,155029250,155550263
turso,concurrent,32,3,21,29119203806,0,0,8065,710791,57182185,57901041
turso,concurrent,32,3,21,29177105108,0,0,6111,664614,35934003,36604728
turso,concurrent,32,3,21,29213710097,0,0,5831,512066,450553744,451071641
turso,concurrent,32,3,21,29664782079,0,0,7805,7717411,130229766,137954982
turso,concurrent,32,3,21,29802737331,0,0,6682,481619,919797995,920286296
turso,concurrent,32,3,21,30723023988,0,0,9317,70408862,128567751,198985930
turso,concurrent,32,3,21,30922010209,0,0,7083,8364312,52025035,60396430
turso,concurrent,32,3,21,30982407060,0,0,6141,441253,128000600,128447994
turso,concurrent,32,3,21,31110855324,0,0,6613,503931,626647238,627157782
turso,concurrent,32,3,21,31738013437,0,0,6622,508740,417128646,417644008
turso,concurrent,32,3,21,32155657736,0,0,10890,17376016,166645217,184032123
turso,concurrent,32,3,21,32339690130,0,0,5731,659715,516663785,517329231
turso,concurrent,32,3,21,32857019631,0,0,6703,558403,233779681,234344787
turso,concurrent,32,3,22,808185,1,0,4060331,657521,298154598,302872450
turso,concurrent,32,3,22,303681015,1,0,6943,368105,143718127,144093175
turso,concurrent,32,3,22,447774600,1,0,6822,424211,97709935,98140968
turso,concurrent,32,3,22,545915940,1,0,6392,330955,187813108,188150455
turso,concurrent,32,3,22,734066645,1,0,6663,409502,441296988,441713153
turso,concurrent,32,3,22,1175780319,1,0,44254,1480153,343699494,345223901
turso,concurrent,32,3,22,1521004501,1,0,6101,451853,120278319,120736273
turso,concurrent,32,3,22,1641741014,1,0,6392,461040,49920804,50388236
turso,concurrent,32,3,22,1692129460,1,0,5611,624498,87029564,87659673
turso,concurrent,32,3,22,1779790094,1,0,6963,523598,60035118,60565679
turso,concurrent,32,3,22,1840356154,1,0,8577,537514,549813504,550359595
turso,concurrent,32,3,22,2390716049,1,0,7404,6094359,158022628,164124391
turso,concurrent,32,3,22,2554840690,1,0,5861,453315,185384105,185843281
turso,concurrent,32,3,22,2740684212,1,0,6272,470367,180155710,180632349
turso,concurrent,32,3,22,2921316892,1,0,6672,531743,246991390,247529805
turso,concurrent,32,3,22,3168846968,0,0,8265,3918995,12395278,16322538
turso,concurrent,32,3,22,3185169736,0,0,5781,661258,56186877,56853916
turso,concurrent,32,3,22,3242024534,0,0,7564,477321,49805105,50289990
turso,concurrent,32,3,22,3292314885,0,0,7685,549687,499785197,500342569
turso,concurrent,32,3,22,3792657795,0,0,5961,442144,106900507,107348612
turso,concurrent,32,3,22,3900006617,0,0,7635,807163,147726269,148541067
turso,concurrent,32,3,22,4048547975,0,0,7133,481188,27908109,28396430
turso,concurrent,32,3,22,4076944676,0,0,5550,573903,43824771,44404224
turso,concurrent,32,3,22,4121349161,0,0,6041,494774,175784983,176285798
turso,concurrent,32,3,22,4297635189,0,0,7103,5899121,140153180,146059404
turso,concurrent,32,3,22,4443694874,0,0,6232,741288,180803182,181550702
turso,concurrent,32,3,22,4625245946,0,0,6543,599511,255001163,255607217
turso,concurrent,32,3,22,4880853443,0,0,7014,586476,314222957,314816447
turso,concurrent,32,3,22,5195670170,0,0,5781,433378,194541493,194980652
turso,concurrent,32,3,22,5390651293,0,0,9568,3579775,28771788,32361131
turso,concurrent,32,3,22,5423012795,0,0,6212,519330,24762202,25287744
turso,concurrent,32,3,22,5448300720,0,0,5280,448496,79739017,80192793
turso,concurrent,32,3,22,5528493813,0,0,6723,473133,102855244,103335100
turso,concurrent,32,3,22,5631830766,0,0,6643,642823,151831946,152481412
turso,concurrent,32,3,22,5784312489,0,0,9157,720059,238794943,239524159
turso,concurrent,32,3,22,6023836849,0,0,7264,627534,137905609,138540407
turso,concurrent,32,3,22,6162377537,0,0,6572,566619,123292677,123865868
turso,concurrent,32,3,22,6286243655,0,0,7104,605051,132818040,133430195
turso,concurrent,32,3,22,6419674592,0,0,14677,22085753,55832629,77933059
turso,concurrent,32,3,22,6497608051,0,0,6973,678951,106904975,107590899
turso,concurrent,32,3,22,6605199552,0,0,7003,569104,137258268,137834375
turso,concurrent,32,3,22,6743034188,0,0,6121,431614,36260599,36698334
turso,concurrent,32,3,22,6779732833,0,0,4929,467843,434262044,434734816
turso,concurrent,32,3,22,7214467889,0,0,6212,478824,505060481,505545517
turso,concurrent,32,3,22,7720013716,0,0,10320,10140514,327549171,337700005
turso,concurrent,32,3,22,8057713971,0,0,6723,529068,293346225,293882016
turso,concurrent,32,3,22,8351596348,0,0,6742,584854,58404010,58995606
turso,concurrent,32,3,22,8410592315,0,0,5470,415915,120993188,121414573
turso,concurrent,32,3,22,8532007268,0,0,6121,478764,59201445,59686330
turso,concurrent,32,3,22,8591693949,0,0,7063,547012,123428723,123982798
turso,concurrent,32,3,22,8715677019,0,0,7564,523378,71176651,71707593
turso,concurrent,32,3,22,8787384912,0,0,5410,468274,25901783,26375467
turso,concurrent,32,3,22,8813760609,0,0,4659,497659,477524254,478026572
turso,concurrent,32,3,22,9291787562,0,0,7003,525482,69692550,70225035
turso,concurrent,32,3,22,9362012868,0,0,5771,417708,175591848,176015327
turso,concurrent,32,3,22,9538028525,0,0,7214,566028,66421579,66994821
turso,concurrent,32,3,22,9605023756,0,0,8156,453666,386256274,386718096
turso,concurrent,32,3,22,9991742232,0,0,9448,4215173,217928802,222153423
turso,concurrent,32,3,22,10213896066,0,0,6593,495975,570619142,571121710
turso,concurrent,32,3,22,10785018157,0,0,6392,564665,59968713,60539770
turso,concurrent,32,3,22,10845558178,0,0,6643,505874,86630099,87142616
turso,concurrent,32,3,22,10932701065,0,0,7584,12709802,26390906,39108292
turso,concurrent,32,3,22,10971809768,0,0,7584,625851,94850931,95484366
turso,concurrent,32,3,22,11067294394,0,0,6853,725529,160872896,161605278
turso,concurrent,32,3,22,11228899952,0,0,7755,813795,80998654,81820204
turso,concurrent,32,3,22,11310722520,0,0,5210,435301,130550802,130991313
turso,concurrent,32,3,22,11441714114,0,0,5851,445440,170003704,170454995
turso,concurrent,32,3,22,11612169390,0,0,6232,475898,53978801,54460931
turso,concurrent,32,3,22,11666630601,0,0,6973,651800,126970145,127628918
turso,concurrent,32,3,22,11794259750,0,0,6061,521464,200873311,201400836
turso,concurrent,32,3,22,11995660876,0,0,7754,847139,25652673,26507566
turso,concurrent,32,3,22,12022168673,0,0,6372,2275484,201949732,204231588
turso,concurrent,32,3,22,12226400641,0,0,8316,581567,110037427,110627310
turso,concurrent,32,3,22,12337028261,0,0,5180,429250,182875230,183309660
turso,concurrent,32,3,22,12520338322,0,0,7214,679322,494984639,495671175
turso,concurrent,32,3,22,13016009797,0,0,7594,531984,305304057,305843635
turso,concurrent,32,3,22,13321853744,0,0,8476,6539409,161280384,167828269
turso,concurrent,32,3,22,13489682334,0,0,6522,793988,96365559,97166069
turso,concurrent,32,3,22,13586848684,0,0,6261,454869,74523235,74984365
turso,concurrent,32,3,22,13661833289,0,0,5741,417408,219758475,220181624
turso,concurrent,32,3,22,13882015213,0,0,6573,545018,168079052,168630643
turso,concurrent,32,3,22,14050646267,0,0,7224,546331,51270060,51823615
turso,concurrent,32,3,22,14102470152,0,0,5811,503039,114339383,114848233
turso,concurrent,32,3,22,14217345476,0,0,6392,911550,523893978,524811920
turso,concurrent,32,3,22,14742157676,0,0,8306,12422499,140425364,152856169
turso,concurrent,32,3,22,14895014216,0,0,6212,489293,95320657,95816162
turso,concurrent,32,3,22,14990830649,0,0,6192,439028,374740725,375185945
turso,concurrent,32,3,22,15366017135,0,0,15960,499252,66464600,66979812
turso,concurrent,32,3,22,15432997328,0,0,9097,660837,39706651,40376585
turso,concurrent,32,3,22,15473374113,0,0,7013,7153198,73504422,80664633
turso,concurrent,32,3,22,15554039037,0,0,5650,447234,23571356,24024240
turso,concurrent,32,3,22,15578063558,0,0,5891,509802,344431977,344947670
turso,concurrent,32,3,22,15923011669,0,0,8316,451241,294542892,295002449
turso,concurrent,32,3,22,16218014429,0,0,6332,463945,125818874,126289151
turso,concurrent,32,3,22,16344303830,0,0,6733,476249,158668436,159151418
turso,concurrent,32,3,22,16503455498,0,0,6342,456632,134097684,134560658
turso,concurrent,32,3,22,16638016406,0,0,7794,7280898,82744117,90032809
turso,concurrent,32,3,22,16728049627,0,0,7254,551370,135988271,136546895
turso,concurrent,32,3,22,16864596833,0,0,6923,692006,57368546,58067475
turso,concurrent,32,3,22,16922664729,0,0,6522,448517,14217476,14672515
turso,concurrent,32,3,22,16937337565,0,0,6823,522435,179301238,179830496
turso,concurrent,32,3,22,17117168332,0,0,5650,456542,628599973,629062165
turso,concurrent,32,3,22,17746230818,0,0,6322,473814,212638560,213118696
turso,concurrent,32,3,22,17959349825,0,0,8035,3105199,209161460,212274694
turso,concurrent,32,3,22,18171624769,0,0,6282,591386,229790744,230388412
turso,concurrent,32,3,22,18402013601,0,0,6312,448196,155538169,155992677
turso,concurrent,32,3,22,18558006589,0,0,6122,441553,17153967,17601642
turso,concurrent,32,3,22,18575608471,0,0,5050,620421,139571432,140196903
turso,concurrent,32,3,22,18715805655,0,0,5150,415003,27939598,28359751
turso,concurrent,32,3,22,18744165716,0,0,5420,539468,58497588,59042476
turso,concurrent,32,3,22,18803208442,0,0,5340,483563,27408746,27897649
turso,concurrent,32,3,22,18831106412,0,0,6562,605372,159164893,159776827
turso,concurrent,32,3,22,18990883490,0,0,6963,9176064,266157233,275340260
turso,concurrent,32,3,22,19266224160,0,0,7845,438327,53342791,53788963
turso,concurrent,32,3,22,19320013433,0,0,5491,506135,318714882,319226508
turso,concurrent,32,3,22,19639240202,0,0,6001,497979,678687021,679191001
turso,concurrent,32,3,22,20318431544,0,0,8486,8228917,33035664,41273067
turso,concurrent,32,3,22,20359704831,0,0,4980,448195,354244071,354697246
turso,concurrent,32,3,22,20714402468,0,0,7444,527005,178169631,178704080
turso,concurrent,32,3,22,20893106809,0,0,6091,435232,69937232,70378555
turso,concurrent,32,3,22,20963485754,0,0,7354,482030,286054827,286544211
turso,concurrent,32,3,22,21250030596,0,0,20108,10971962,21191536,32183606
turso,concurrent,32,3,22,21282214593,0,0,6432,431524,62760270,63198226
turso,concurrent,32,3,22,21345413070,0,0,6562,488031,33657457,34152050
turso,concurrent,32,3,22,21379565391,0,0,6191,470147,393995778,394472116
turso,concurrent,32,3,22,21774037767,0,0,7294,617064,468237812,468862170
turso,concurrent,32,3,22,22242900328,0,0,9387,901601,177357440,178268428
turso,concurrent,32,3,22,22421168996,0,0,8025,3191432,21251279,24450736
turso,concurrent,32,3,22,22445619992,0,0,6673,888486,213504404,214399563
turso,concurrent,32,3,22,22660021329,0,0,6953,525531,228457989,228990473
turso,concurrent,32,3,22,22889012113,0,0,5410,478132,218065050,218548592
turso,concurrent,32,3,22,23107561056,0,0,6121,542364,342225723,342774208
turso,concurrent,32,3,22,23450335845,0,0,7935,545740,117896004,118449679
turso,concurrent,32,3,22,23568785905,0,0,7344,8628912,197551342,206187598
turso,concurrent,32,3,22,23774973794,0,0,6382,544026,36489611,37040019
turso,concurrent,32,3,22,23812014114,0,0,6702,580937,44803277,45390916
turso,concurrent,32,3,22,23857405281,0,0,7234,547162,113049218,113603614
turso,concurrent,32,3,22,23971009276,0,0,6372,659465,106425170,107091007
turso,concurrent,32,3,22,24078100563,0,0,6172,499973,67636150,68142295
turso,concurrent,32,3,22,24146243109,0,0,5170,411967,39771984,40189121
turso,concurrent,32,3,22,24186432491,0,0,5130,420874,19001212,19427216
turso,concurrent,32,3,22,24205860008,0,0,5190,515252,19173869,19694311
turso,concurrent,32,3,22,24225554739,0,0,7274,571258,50119679,50698211
turso,concurrent,32,3,22,24276253181,0,0,5510,525081,45235032,45765623
turso,concurrent,32,3,22,24322019175,0,0,6973,663261,562811500,563481734
turso,concurrent,32,3,22,24885501180,0,0,7514,7041235,9723698,16772447
turso,concurrent,32,3,22,24902273857,0,0,5080,439769,54135176,54580025
turso,concurrent,32,3,22,24956854123,0,0,5470,430482,64722263,65158215
turso,concurrent,32,3,22,25022012618,0,0,5691,483773,134429119,134918583
turso,concurrent,32,3,22,25156931452,0,0,5981,489935,255218903,255714819
turso,concurrent,32,3,22,25412646561,0,0,7193,743864,125099005,125850062
turso,concurrent,32,3,22,25538496894,0,0,7144,649876,59221393,59878413
turso,concurrent,32,3,22,25598375577,0,0,5099,456431,187812567,188274097
turso,concurrent,32,3,22,25786650006,0,0,7955,539918,128826168,129374041
turso,concurrent,32,3,22,25916024388,0,0,7033,3365110,187456495,190828638
turso,concurrent,32,3,22,26106853256,0,0,6382,480237,253545426,254032045
turso,concurrent,32,3,22,26360885541,0,0,6432,663833,15475570,16145835
turso,concurrent,32,3,22,26377031747,0,0,6201,882465,87837638,88726304
turso,concurrent,32,3,22,26465758422,0,0,7344,483071,118911811,119402226
turso,concurrent,32,3,22,26585161008,0,0,6843,455680,119132577,119595100
turso,concurrent,32,3,22,26704756329,0,0,5250,460799,214840004,215306053
turso,concurrent,32,3,22,26920062753,0,0,6913,474986,473978133,474460032
turso,concurrent,32,3,22,27394523166,0,0,8326,6285049,73681527,79974902
turso,concurrent,32,3,22,27474498298,0,0,5260,464947,88041643,88511850
turso,concurrent,32,3,22,27563010389,0,0,5821,507467,90495573,91008861
turso,concurrent,32,3,22,27654019521,0,0,5751,462272,40383839,40851862
turso,concurrent,32,3,22,27694871623,0,0,5400,518248,27464392,27988040
turso,concurrent,32,3,22,27722859883,0,0,5220,500504,257013440,257519164
turso,concurrent,32,3,22,27980379408,0,0,7133,491989,455781067,456280189
turso,concurrent,32,3,22,28436659918,0,0,9307,3551662,421625210,425186179
turso,concurrent,32,3,22,28861846467,0,0,6743,479635,221210916,221697294
turso,concurrent,32,3,22,29083544011,0,0,5951,490185,112641168,113137304
turso,concurrent,32,3,22,29196681566,0,0,6432,604010,46699866,47310308
turso,concurrent,32,3,22,29243992105,0,0,5761,465538,129544262,130015561
turso,concurrent,32,3,22,29374007917,0,0,7223,544107,21279422,21830752
turso,concurrent,32,3,22,29395838909,0,0,5511,568282,215192619,215766412
turso,concurrent,32,3,22,29611605612,0,0,7644,5436468,132800247,138244359
turso,concurrent,32,3,22,29749850261,0,0,6372,563924,188592699,189162995
turso,concurrent,32,3,22,29939013526,0,0,5821,540660,149294289,149840770
turso,concurrent,32,3,22,30088854627,0,0,5430,409022,115712654,116127106
turso,concurrent,32,3,22,30204982064,0,0,14437,469445,121386891,121870773
turso,concurrent,32,3,22,30326853107,0,0,5630,517657,146712897,147236184
turso,concurrent,32,3,22,30474089603,0,0,6071,572761,224135534,224714366
turso,concurrent,32,3,22,30698804229,0,0,6302,592669,617448482,618047453
turso,concurrent,32,3,22,31316851962,0,0,8356,5286164,231271458,236565978
turso,concurrent,32,3,22,31553418481,0,0,6072,462443,201027802,201496317
turso,concurrent,32,3,22,31754915128,0,0,4950,458124,55633854,56096928
turso,concurrent,32,3,22,31811012396,0,0,5942,503410,126952211,127461563
turso,concurrent,32,3,22,31938474210,0,0,5490,553705,1030856457,1031415652
turso,concurrent,32,3,22,32969890153,0,0,8746,3845627,67438286,71292659
turso,concurrent,32,3,23,788378,1,0,3659635,553144,232607789,236820568
turso,concurrent,32,3,23,237609437,1,0,7154,440872,36123640,36571666
turso,concurrent,32,3,23,274181303,1,0,6212,370058,111473526,111849796
turso,concurrent,32,3,23,386031339,1,0,5090,325855,125794427,126125372
turso,concurrent,32,3,23,512156951,1,0,5741,482761,189161302,189649804
turso,concurrent,32,3,23,701807646,1,0,6642,429070,4161121,4596833
turso,concurrent,32,3,23,706404741,1,0,6262,346654,95246146,95599062
turso,concurrent,32,3,23,802004054,1,0,6272,406988,61873517,62286777
turso,concurrent,32,3,23,864291061,1,0,5440,332798,23778337,24116575
turso,concurrent,32,3,23,888408577,1,0,7665,380127,99992583,100380375
turso,concurrent,32,3,23,988789312,1,0,6592,378564,161546517,161931673
turso,concurrent,32,3,23,1150721527,1,0,44013,5130641,177846251,183020905
turso,concurrent,32,3,23,1333742693,1,0,5691,398512,58869338,59273541
turso,concurrent,32,3,23,1393016555,1,0,7133,520542,72777021,73304696
turso,concurrent,32,3,23,1466321551,1,0,6994,438938,36647078,37093010
turso,concurrent,32,3,23,1503414912,1,0,5560,520092,210658774,211184426
turso,concurrent,32,3,23,1714599639,1,0,7414,479915,109763139,110250468
turso,concurrent,32,3,23,1824850798,1,0,5721,399483,457539205,457944409
turso,concurrent,32,3,23,2282795417,1,0,8205,1298691,30794375,32101271
turso,concurrent,32,3,23,2314896979,1,0,7564,658994,250910815,251577373
turso,concurrent,32,3,23,2566474642,1,0,7013,464266,392516456,392987735
turso,concurrent,32,3,23,2959462718,1,0,7173,471580,68074277,68553030
turso,concurrent,32,3,23,3028016008,0,0,5711,396829,172311639,172714179
turso,concurrent,32,3,23,3200730467,0,0,9418,7087614,54868529,61965561
turso,concurrent,32,3,23,3262696238,0,0,6803,720009,155486693,156213505
turso,concurrent,32,3,23,3418910113,0,0,6232,529729,130296472,130832433
turso,concurrent,32,3,23,3549742857,0,0,5671,434269,84229610,84669550
turso,concurrent,32,3,23,3634412758,0,0,6462,576027,135858466,136440955
turso,concurrent,32,3,23,3770854014,0,0,6302,464125,289361677,289832104
turso,concurrent,32,3,23,4060686539,0,0,7083,534018,171315469,171856570
turso,concurrent,32,3,23,4232543399,0,0,7945,13106080,157297519,170411544
turso,concurrent,32,3,23,4402955274,0,0,6161,533046,113594578,114133785
turso,concurrent,32,3,23,4517089309,0,0,7144,701233,209393587,210101964
turso,concurrent,32,3,23,4727192686,0,0,7635,849913,543280607,544138155
turso,concurrent,32,3,23,5271331122,0,0,7404,505384,135441600,135954388
turso,concurrent,32,3,23,5407285840,0,0,7565,10036908,171226982,181271455
turso,concurrent,32,3,23,5588557626,0,0,6682,471119,31128015,31605816
turso,concurrent,32,3,23,5620163752,0,0,5400,443357,52257142,52705899
turso,concurrent,32,3,23,5672870002,0,0,5751,472020,50670849,51148620
turso,concurrent,32,3,23,5724018943,0,0,7474,415003,99985710,100408187
turso,concurrent,32,3,23,5824427671,0,0,6312,573472,25504724,26084508
turso,concurrent,32,3,23,5850512449,0,0,6022,521093,755263180,755790295
turso,concurrent,32,3,23,6606303004,0,0,8126,6099058,242435503,248542687
turso,concurrent,32,3,23,6854845981,0,0,6953,436153,104516098,104959204
turso,concurrent,32,3,23,6959805606,0,0,6853,596295,48125817,48728965
turso,concurrent,32,3,23,7008534841,0,0,5661,438207,211183214,211627082
turso,concurrent,32,3,23,7220162194,0,0,5711,456691,178847351,179309753
turso,concurrent,32,3,23,7399472218,0,0,6662,452815,123924368,124383845
turso,concurrent,32,3,23,7523856224,0,0,8376,4542380,15960145,20510901
turso,concurrent,32,3,23,7544367335,0,0,7915,740357,7916207,8664479
turso,concurrent,32,3,23,7553032185,0,0,50224,436785,331274991,331762000
turso,concurrent,32,3,23,7884794586,0,0,7163,517577,100390163,100914903
turso,concurrent,32,3,23,7985709739,0,0,6312,510363,77175680,77692355
turso,concurrent,32,3,23,8063402485,0,0,6883,523728,45304704,45835315
turso,concurrent,32,3,23,8109238160,0,0,5341,471299,847636315,848112955
turso,concurrent,32,3,23,8957351476,0,0,7124,11963413,295693163,307663700
turso,concurrent,32,3,23,9265015657,0,0,5711,396327,196261439,196663477
turso,concurrent,32,3,23,9461679535,0,0,6462,468314,392870063,393344839
turso,concurrent,32,3,23,9855024705,0,0,8185,3451472,64364568,67824225
turso,concurrent,32,3,23,9922849310,0,0,6372,499463,176507466,177013301
turso,concurrent,32,3,23,10099862971,0,0,9468,528227,65140421,65678116
turso,concurrent,32,3,23,10165541357,0,0,7184,738042,53331089,54076315
turso,concurrent,32,3,23,10219617832,0,0,5681,736430,29948449,30690560
turso,concurrent,32,3,23,10250308762,0,0,7465,565927,33259316,33832708
turso,concurrent,32,3,23,10284141710,0,0,6241,625170,33716559,34347970
turso,concurrent,32,3,23,10318491624,0,0,5340,521885,31993678,32520903
turso,concurrent,32,3,23,10351012757,0,0,5992,576067,95137712,95719771
turso,concurrent,32,3,23,10446732828,0,0,6683,736229,43952652,44695564
turso,concurrent,32,3,23,10491428613,0,0,5701,446562,258431476,258883739
turso,concurrent,32,3,23,10750312612,0,0,6964,577609,127763513,128348086
turso,concurrent,32,3,23,10878660908,0,0,6332,510764,198601113,199118209
turso,concurrent,32,3,23,11077779488,0,0,8937,3853481,115205297,119067715
turso,concurrent,32,3,23,11196847443,0,0,7283,754203,45737150,46498636
turso,concurrent,32,3,23,11243346441,0,0,7073,449248,249207140,249663461
turso,concurrent,32,3,23,11493010172,0,0,6272,460108,231366568,231832948
turso,concurrent,32,3,23,11724843361,0,0,6031,544547,434861245,435411823
turso,concurrent,32,3,23,12160255454,0,0,7855,6979069,81494940,88481864
turso,concurrent,32,3,23,12248737618,0,0,7725,738133,123357499,124103357
turso,concurrent,32,3,23,12372841275,0,0,6142,511114,357652442,358169698
turso,concurrent,32,3,23,12731011324,0,0,7103,517276,15100112,15624491
turso,concurrent,32,3,23,12746636096,0,0,6081,560137,167798784,168365002
turso,concurrent,32,3,23,12915001358,0,0,4970,489824,320354896,320849690
turso,concurrent,32,3,23,13235851359,0,0,9508,971754,106524387,107505649
turso,concurrent,32,3,23,13343357268,0,0,6633,480116,23660935,24147684
turso,concurrent,32,3,23,13367505242,0,0,5290,516605,251218195,251740090
turso,concurrent,32,3,23,13619245612,0,0,5661,470979,5592312,6068952
turso,concurrent,32,3,23,13625314874,0,0,6663,598249,17599618,18204530
turso,concurrent,32,3,23,13643519684,0,0,6152,694670,224571697,225272519
turso,concurrent,32,3,23,13868792513,0,0,5540,446102,82306852,82758494
turso,concurrent,32,3,23,13951551328,0,0,6362,464075,76646932,77117369
turso,concurrent,32,3,23,14028668969,0,0,6412,676396,97893843,98576651
turso,concurrent,32,3,23,14127245921,0,0,5721,439829,257257039,257702589
turso,concurrent,32,3,23,14384949041,0,0,12795,2507361,17903061,20423217
turso,concurrent,32,3,23,14405372538,0,0,5350,627123,46633953,47266426
turso,concurrent,32,3,23,14452639214,0,0,6823,905118,302957029,303868970
turso,concurrent,32,3,23,14756508454,0,0,7144,635188,46412835,47055167
turso,concurrent,32,3,23,14803563922,0,0,6191,439229,10914254,11359674
turso,concurrent,32,3,23,14814923846,0,0,4769,428809,67916949,68350527
turso,concurrent,32,3,23,14883274675,0,0,6412,656248,265602607,266265267
turso,concurrent,32,3,23,15149540232,0,0,9598,1170429,35169259,36349286
turso,concurrent,32,3,23,15185889709,0,0,5740,508670,363868862,364383272
turso,concurrent,32,3,23,15550273261,0,0,9598,7377360,214038722,221425680
turso,concurrent,32,3,23,15771699272,0,0,6503,527786,57458716,57993005
turso,concurrent,32,3,23,15829692588,0,0,7153,683851,12633247,13324251
turso,concurrent,32,3,23,15843017100,0,0,5791,643113,13308812,13957716
turso,concurrent,32,3,23,15856975166,0,0,6082,543606,28188809,28738497
turso,concurrent,32,3,23,15885713973,0,0,6683,517286,84611019,85134988
turso,concurrent,32,3,23,15970849192,0,0,5851,471179,93563411,94040441
turso,concurrent,32,3,23,16064889954,0,0,5781,483262,111090452,111579495
turso,concurrent,32,3,23,16176469750,0,0,7213,630140,311819932,312457285
turso,concurrent,32,3,23,16488927336,0,0,6211,509471,175500506,176016188
turso,concurrent,32,3,23,16664943865,0,0,8736,9446685,44524431,53979852
turso,concurrent,32,3,23,16718923988,0,0,6182,800450,100823200,101629832
turso,concurrent,32,3,23,16820554100,0,0,5401,450279,19491097,19946777
turso,concurrent,32,3,23,16840501158,0,0,5130,429580,35065273,35499983
turso,concurrent,32,3,23,16876001382,0,0,5470,455720,225906345,226367535
turso,concurrent,32,3,23,17102369177,0,0,5701,454317,86433559,86893577
turso,concurrent,32,3,23,17189262994,0,0,5871,466401,102278085,102750357
turso,concurrent,32,3,23,17292013601,0,0,6292,423880,31383586,31813758
turso,concurrent,32,3,23,17323827600,0,0,5570,489474,160692535,161187579
turso,concurrent,32,3,23,17485015459,0,0,6312,509972,244307676,244823960
turso,concurrent,32,3,23,17729839800,0,0,6723,421926,225576151,226004800
turso,concurrent,32,3,23,17955844921,0,0,8226,4040273,68878475,72926974
turso,concurrent,32,3,23,18028772205,0,0,6953,601616,117249213,117857782
turso,concurrent,32,3,23,18146630187,0,0,6312,467162,35142188,35615662
turso,concurrent,32,3,23,18182246140,0,0,5400,500965,194109799,194616164
turso,concurrent,32,3,23,18376862585,0,0,5460,521224,107899752,108426436
turso,concurrent,32,3,23,18485289301,0,0,5300,488081,34082640,34576021
turso,concurrent,32,3,23,18519865643,0,0,6973,473313,191982515,192462801
turso,concurrent,32,3,23,18712329956,0,0,6964,429580,41191312,41627856
turso,concurrent,32,3,23,18753958083,0,0,5260,427326,36019404,36451990
turso,concurrent,32,3,23,18790410304,0,0,5711,422286,46006589,46434586
turso,concurrent,32,3,23,18836845230,0,0,6873,528858,40718600,41254331
turso,concurrent,32,3,23,18878100172,0,0,14608,597317,262131357,262743282
turso,concurrent,32,3,23,19140843985,0,0,8646,9046219,122047116,131101981
turso,concurrent,32,3,23,19271946237,0,0,5590,545560,392767990,393319140
turso,concurrent,32,3,23,19665265638,0,0,7604,498931,240976811,241483346
turso,concurrent,32,3,23,19906749285,0,0,7444,594452,821397286,821999182
turso,concurrent,32,3,23,20728748737,0,0,9248,6194458,112062797,118266503
turso,concurrent,32,3,23,20847015491,0,0,5891,419221,122595922,123021034
turso,concurrent,32,3,23,20970036796,0,0,5971,519670,212640123,213165764
turso,concurrent,32,3,23,21183202831,0,0,6833,498029,289492063,289996925
turso,concurrent,32,3,23,21473200107,0,0,8195,6126540,369261227,375395962
turso,concurrent,32,3,23,21848596369,0,0,7695,743012,9072548,9823255
turso,concurrent,32,3,23,21858420025,0,0,7945,884689,730703048,731595682
turso,concurrent,32,3,23,22590016088,0,0,9147,3706424,33040683,36756254
turso,concurrent,32,3,23,22626772603,0,0,6131,572451,144308881,144887463
turso,concurrent,32,3,23,22771660416,0,0,6802,766727,141584381,142357910
turso,concurrent,32,3,23,22914018597,0,0,5290,513830,187318926,187838046
turso,concurrent,32,3,23,23101856943,0,0,5280,467793,14499027,14972100
turso,concurrent,32,3,23,23116829294,0,0,4799,470808,63709982,64185589
turso,concurrent,32,3,23,23181015194,0,0,5340,405044,438952544,439362928
turso,concurrent,32,3,23,23620378553,0,0,16371,6237960,78862002,85116333
turso,concurrent,32,3,23,23705495167,0,0,5260,456421,225366466,225828147
turso,concurrent,32,3,23,23931323595,0,0,6772,468695,404909720,405385187
turso,concurrent,32,3,23,24336709063,0,0,6312,638775,28254753,28899840
turso,concurrent,32,3,23,24365609133,0,0,5150,495525,47895793,48396468
turso,concurrent,32,3,23,24414005911,0,0,6382,439890,62030043,62476315
turso,concurrent,32,3,23,24476482606,0,0,5992,574233,187969303,188549528
turso,concurrent,32,3,23,24665032645,0,0,13345,447504,30743499,31204348
turso,concurrent,32,3,23,24696237324,0,0,6432,431394,71482768,71920594
turso,concurrent,32,3,23,24768158209,0,0,8015,13260721,41473064,54741800
turso,concurrent,32,3,23,24822900350,0,0,5821,473283,175005722,175484826
turso,concurrent,32,3,23,24998385457,0,0,7624,550018,161680709,162238351
turso,concurrent,32,3,23,25160624039,0,0,6162,471239,149184631,149662032
turso,concurrent,32,3,23,25310286372,0,0,5931,481919,170230282,170718132
turso,concurrent,32,3,23,25481004775,0,0,5901,555057,39445248,40006206
turso,concurrent,32,3,23,25521011291,0,0,5260,444058,113385062,113834380
turso,concurrent,32,3,23,25634845811,0,0,4910,416035,101501259,101922204
turso,concurrent,32,3,23,25736768346,0,0,6402,497749,45856315,46360466
turso,concurrent,32,3,23,25783129082,0,0,5982,417177,115705661,116128820
turso,concurrent,32,3,23,25899258202,0,0,9739,16544167,215596671,232150577
turso,concurrent,32,3,23,26131409070,0,0,9057,539788,402533416,403082261
turso,concurrent,32,3,23,26534491682,0,0,6142,444148,74521552,74971842
turso,concurrent,32,3,23,26609463784,0,0,5230,441183,155804322,156250735
turso,concurrent,32,3,23,26765714859,0,0,7364,536162,209482836,210026362
turso,concurrent,32,3,23,26975741501,0,0,5881,405576,399497027,399908484
turso,concurrent,32,3,23,27375650336,0,0,8295,5899662,27942474,33850431
turso,concurrent,32,3,23,27409501017,0,0,5470,569455,198940124,199515049
turso,concurrent,32,3,23,27609016426,0,0,7454,529169,133972888,134509511
turso,concurrent,32,3,23,27743526188,0,0,5750,491508,204987393,205484651
turso,concurrent,32,3,23,27949011130,0,0,6722,495055,269258234,269760011
turso,concurrent,32,3,23,28218771662,0,0,14137,552091,80693819,81260047
turso,concurrent,32,3,23,28300032220,0,0,17904,6878338,618187767,625084009
turso,concurrent,32,3,23,28925116609,0,0,6602,463655,78301785,78772042
turso,concurrent,32,3,23,29003888942,0,0,6082,540470,404581240,405127792
turso,concurrent,32,3,23,29409017034,0,0,8807,597938,343781049,344387794
turso,concurrent,32,3,23,29753405088,0,0,8316,2051902,424654386,426714604
turso,concurrent,32,3,23,30180119882,0,0,5671,434880,1037439939,1037880490
turso,concurrent,32,3,23,31218000733,0,0,7725,6207192,31734068,37948985
turso,concurrent,32,3,23,31255949938,0,0,6513,524018,161760401,162290932
turso,concurrent,32,3,23,31418241140,0,0,7134,530210,107239666,107777010
turso,concurrent,32,3,23,31526018541,0,0,7093,508139,1560419231,1560934463
turso,concurrent,32,3,24,163128,1,0,13783939,609830,233484804,247878573
turso,concurrent,32,3,24,248042202,1,0,6372,369518,344261124,344637014
turso,concurrent,32,3,24,592679576,1,0,6352,368665,125444818,125819835
turso,concurrent,32,3,24,718499642,1,0,4920,356202,58016719,58377841
turso,concurrent,32,3,24,776877734,1,0,5450,333489,244469672,244808611
turso,concurrent,32,3,24,1021686936,1,0,7454,379897,240466047,240853398
turso,concurrent,32,3,24,1262540654,1,0,44915,6683551,35371982,42100448
turso,concurrent,32,3,24,1304641443,1,0,5631,438046,69652435,70096112
turso,concurrent,32,3,24,1374737835,1,0,5110,417969,484849736,485272815
turso,concurrent,32,3,24,1860011501,1,0,7064,577239,9147871,9732174
turso,concurrent,32,3,24,1869743985,1,0,6262,478603,215791750,216276615
turso,concurrent,32,3,24,2086020840,1,0,9548,3518930,49943246,53471724
turso,concurrent,32,3,24,2139492925,1,0,8646,571659,494948181,495528486
turso,concurrent,32,3,24,2635021811,1,0,7264,509281,640665289,641181834
turso,concurrent,32,3,24,3276204016,0,0,8145,2199931,66206212,68414288
turso,concurrent,32,3,24,3344618695,0,0,5230,426926,148661083,149093239
turso,concurrent,32,3,24,3493712224,0,0,7073,543065,350573905,351124043
turso,concurrent,32,3,24,3844837290,0,0,6322,477992,16530451,17014765
turso,concurrent,32,3,24,3861852325,0,0,4819,501376,135007942,135514137
turso,concurrent,32,3,24,3997366743,0,0,5250,410634,101054847,101470731
turso,concurrent,32,3,24,4098837725,0,0,5450,488963,84756644,85251057
turso,concurrent,32,3,24,4184089033,0,0,6141,539278,60137551,60682970
turso,concurrent,32,3,24,4244772354,0,0,8426,1036245,142888211,143932882
turso,concurrent,32,3,24,4388705466,0,0,6332,526042,67348267,67880641
turso,concurrent,32,3,24,4456586469,0,0,5630,450110,133554980,134010720
turso,concurrent,32,3,24,4590597449,0,0,6763,512607,279741835,280261205
turso,concurrent,32,3,24,4870858925,0,0,6602,509261,200686699,201202562
turso,concurrent,32,3,24,5072061797,0,0,6562,433748,101996684,102436994
turso,concurrent,32,3,24,5174499073,0,0,7574,740247,63336938,64084759
turso,concurrent,32,3,24,5238584163,0,0,6152,499963,54079551,54585666
turso,concurrent,32,3,24,5293170199,0,0,5681,421105,164776000,165202786
turso,concurrent,32,3,24,5458373315,0,0,8426,8428404,171832254,180269084
turso,concurrent,32,3,24,5638642589,0,0,5681,565667,95755208,96326556
turso,concurrent,32,3,24,5734970457,0,0,5581,422527,492190247,492618355
turso,concurrent,32,3,24,6227589082,0,0,6723,496236,186628583,187131542
turso,concurrent,32,3,24,6414720885,0,0,7474,5610316,582507062,588124852
turso,concurrent,32,3,24,7002846007,0,0,6312,419141,35405566,35831019
turso,concurrent,32,3,24,7038677296,0,0,5491,484714,198730778,199220983
turso,concurrent,32,3,24,7237898951,0,0,5360,479945,98133595,98618900
turso,concurrent,32,3,24,7336518112,0,0,6552,418550,107903720,108328822
turso,concurrent,32,3,24,7444847184,0,0,6533,546841,122946153,123499527
turso,concurrent,32,3,24,7568346992,0,0,7714,4202109,160193253,164403076
turso,concurrent,32,3,24,7732750519,0,0,5991,454748,141637271,142098010
turso,concurrent,32,3,24,7874848779,0,0,5891,474937,7681183,8162011
turso,concurrent,32,3,24,7883011040,0,0,4889,470228,50068803,50543920
turso,concurrent,32,3,24,7933555270,0,0,6753,522837,432336050,432865640
turso,concurrent,32,3,24,8366421310,0,0,6523,593970,26441933,27042426
turso,concurrent,32,3,24,8393464006,0,0,5391,473032,151613184,152091607
turso,concurrent,32,3,24,8545555913,0,0,7284,528427,11626197,12161908
turso,concurrent,32,3,24,8557718102,0,0,7083,493892,170372219,170873194
turso,concurrent,32,3,24,8728591707,0,0,8376,7172754,61240593,68421723
turso,concurrent,32,3,24,8797013660,0,0,5831,486328,7816849,8309008
turso,concurrent,32,3,24,8805322908,0,0,5621,703958,130228404,130937983
turso,concurrent,32,3,24,8936261202,0,0,4899,439719,41576460,42021078
turso,concurrent,32,3,24,8978282530,0,0,5631,614109,247674037,248293777
turso,concurrent,32,3,24,9226576577,0,0,6723,494974,69932473,70434170
turso,concurrent,32,3,24,9297011018,0,0,6272,580826,38054022,38641120
turso,concurrent,32,3,24,9335652379,0,0,6242,693107,143629580,144328929
turso,concurrent,32,3,24,9479981538,0,0,13025,562411,32566719,33142155
turso,concurrent,32,3,24,9513123924,0,0,5280,593319,273708822,274307421
turso,concurrent,32,3,24,9787431635,0,0,8126,4018552,135281839,139308517
turso,concurrent,32,3,24,9926740452,0,0,7725,14885637,84529837,99423199
turso,concurrent,32,3,24,10026164001,0,0,8216,619378,288808473,289436067
turso,concurrent,32,3,24,10315600549,0,0,6893,665275,11402596,12074764
turso,concurrent,32,3,24,10327675553,0,0,5551,607065,11568568,12181184
turso,concurrent,32,3,24,10339858621,0,0,5550,563764,113534063,114103377
turso,concurrent,32,3,24,10453962219,0,0,4989,478142,8852384,9335515
turso,concurrent,32,3,24,10463297954,0,0,5040,497789,11163063,11665892
turso,concurrent,32,3,24,10474964066,0,0,6292,790793,68460866,69257951
turso,concurrent,32,3,24,10544222408,0,0,6782,627845,51338169,51972796
turso,concurrent,32,3,24,10596195604,0,0,6803,504773,169695191,170206767
turso,concurrent,32,3,24,10766402752,0,0,6192,463925,495674100,496144217
turso,concurrent,32,3,24,11262547250,0,0,9047,580646,119880628,120470321
turso,concurrent,32,3,24,11383017912,0,0,6432,474475,185379146,185860053
turso,concurrent,32,3,24,11568878205,0,0,6102,583551,82725562,83315215
turso,concurrent,32,3,24,11652193690,0,0,6452,603439,17576745,18186636
turso,concurrent,32,3,24,11670380586,0,0,5029,520312,47849175,48374516
turso,concurrent,32,3,24,11718755363,0,0,5040,500384,113572666,114078090
turso,concurrent,32,3,24,11832833713,0,0,6763,598930,224024294,224629987
turso,concurrent,32,3,24,12057464011,0,0,7814,616464,355793414,356417692
turso,concurrent,32,3,24,12413881923,0,0,5921,450200,31813628,32269749
turso,concurrent,32,3,24,12446151973,0,0,7053,488652,248491480,248987185
turso,concurrent,32,3,24,12695139409,0,0,6051,639466,196506552,197152069
turso,concurrent,32,3,24,12892291909,0,0,7023,635148,147537975,148180146
turso,concurrent,32,3,24,13040472285,0,0,6573,570847,501980990,502558410
turso,concurrent,32,3,24,13543031055,0,0,8416,567822,313394914,313971152
turso,concurrent,32,3,24,13857002458,0,0,5991,555468,420457096,421018555
turso,concurrent,32,3,24,14278021273,0,0,6883,485667,170498948,170991498
turso,concurrent,32,3,24,14449013042,0,0,8285,4497417,82096795,86602497
turso,concurrent,32,3,24,14535615809,0,0,5210,640318,30239699,30885227
turso,concurrent,32,3,24,14566501416,0,0,5671,433157,226088199,226527027
turso,concurrent,32,3,24,14793028783,0,0,6923,624208,133536886,134168017
turso,concurrent,32,3,24,14927197071,0,0,6312,484945,117428712,117919969
turso,concurrent,32,3,24,15045117340,0,0,6362,555669,122954308,123516339
turso,concurrent,32,3,24,15168633990,0,0,5420,472111,101558917,102036448
turso,concurrent,32,3,24,15270670759,0,0,6382,530301,213392944,213929627
turso,concurrent,32,3,24,15484600636,0,0,7935,6975362,232269070,239252367
turso,concurrent,32,3,24,15723853313,0,0,7564,563082,712777866,713348512
turso,concurrent,32,3,24,16437202477,0,0,6122,481258,92143392,92630772
turso,concurrent,32,3,24,16529833550,0,0,6592,478623,69326550,69811765
turso,concurrent,32,3,24,16599645586,0,0,7935,6182686,246610460,252801081
turso,concurrent,32,3,24,16852446968,0,0,7955,15177558,340667434,355852947
turso,concurrent,32,3,24,17208300185,0,0,7564,551802,181013517,181572883
turso,concurrent,32,3,24,17389873249,0,0,5620,456291,112739845,113201756
turso,concurrent,32,3,24,17503075326,0,0,5801,532495,30912357,31450653
turso,concurrent,32,3,24,17534526239,0,0,5511,472882,518010677,518489070
turso,concurrent,32,3,24,18053015629,0,0,9298,3582309,320993562,324585169
turso,concurrent,32,3,24,18377601068,0,0,5741,556049,26414832,26976622
turso,concurrent,32,3,24,18404577950,0,0,5320,447234,67986962,68439516
turso,concurrent,32,3,24,18473017777,0,0,5781,444037,55997040,56446858
turso,concurrent,32,3,24,18529464925,0,0,6031,564496,50826943,51397470
turso,concurrent,32,3,24,18580862695,0,0,7695,702977,76403132,77113804
turso,concurrent,32,3,24,18657976779,0,0,5470,472592,579560032,580038094
turso,concurrent,32,3,24,19238015084,0,0,7373,12574176,152001216,164582765
turso,concurrent,32,3,24,19402598100,0,0,5330,421195,62667775,63094300
turso,concurrent,32,3,24,19465692701,0,0,6582,432216,58602104,59040902
turso,concurrent,32,3,24,19524733954,0,0,5811,447554,19470187,19923552
turso,concurrent,32,3,24,19544657767,0,0,6111,635680,158129900,158771691
turso,concurrent,32,3,24,19703429658,0,0,5551,456561,84373622,84835734
turso,concurrent,32,3,24,19788265632,0,0,5971,439168,166307230,166752369
turso,concurrent,32,3,24,19955018302,0,0,5791,485887,197615784,198107462
turso,concurrent,32,3,24,20153126025,0,0,7835,9023205,260034160,269065200
turso,concurrent,32,3,24,20422191595,0,0,7455,444157,33028681,33480293
turso,concurrent,32,3,24,20455672158,0,0,7043,597968,310352684,310957695
turso,concurrent,32,3,24,20766630124,0,0,7294,543165,302287606,302838065
turso,concurrent,32,3,24,21069468419,0,0,6553,560948,680491826,681059327
turso,concurrent,32,3,24,21750528047,0,0,7705,3690784,91442299,95140788
turso,concurrent,32,3,24,21845669095,0,0,6332,632133,29044493,29682958
turso,concurrent,32,3,24,21875352284,0,0,5971,755736,147904907,148666614
turso,concurrent,32,3,24,22024020611,0,0,7504,647702,41172848,41828054
turso,concurrent,32,3,24,22065848935,0,0,5460,507488,34786197,35299145
turso,concurrent,32,3,24,22101148320,0,0,5771,424461,25245065,25675297
turso,concurrent,32,3,24,22126823867,0,0,6903,679702,90152406,90839011
turso,concurrent,32,3,24,22217663108,0,0,6202,629197,99563162,100198561
turso,concurrent,32,3,24,22317861900,0,0,5560,531674,263329336,263866570
turso,concurrent,32,3,24,22581728671,0,0,7955,3662771,148612562,152283288
turso,concurrent,32,3,24,22734012209,0,0,6893,836859,10546731,11390483
turso,concurrent,32,3,24,22745402952,0,0,5731,718345,226882858,227606934
turso,concurrent,32,3,24,22973010227,0,0,6983,509381,80937368,81453732
turso,concurrent,32,3,24,23054464319,0,0,5690,415985,76789983,77211658
turso,concurrent,32,3,24,23131676198,0,0,6182,599801,43058646,43664629
turso,concurrent,32,3,24,23175341078,0,0,5260,462392,143308905,143776557
turso,concurrent,32,3,24,23319117995,0,0,6242,464807,82173119,82644168
turso,concurrent,32,3,24,23401762544,0,0,6723,503820,43707200,44217743
turso,concurrent,32,3,24,23445980568,0,0,16110,687217,202980026,203683353
turso,concurrent,32,3,24,23649664242,0,0,8536,3591135,309640030,313239701
turso,concurrent,32,3,24,23962904213,0,0,8276,603078,148054869,148666223
turso,concurrent,32,3,24,24111570777,0,0,6863,763110,161391464,162161437
turso,concurrent,32,3,24,24273732484,0,0,5641,497599,98470180,98973420
turso,concurrent,32,3,24,24372706285,0,0,5260,575926,78780798,79361984
turso,concurrent,32,3,24,24452068590,0,0,8506,703117,216343481,217055104
turso,concurrent,32,3,24,24669123975,0,0,6873,446231,309083740,309536844
turso,concurrent,32,3,24,24978661069,0,0,8556,2889924,202982611,205881091
turso,concurrent,32,3,24,25184542410,0,0,5490,470508,686837750,687313748
turso,concurrent,32,3,24,25871856529,0,0,6963,547503,95336257,95890723
turso,concurrent,32,3,24,25967747743,0,0,18435,787756,13470497,14276688
turso,concurrent,32,3,24,25982024802,0,0,7845,1094835,7401055,8503735
turso,concurrent,32,3,24,25990528768,0,0,7143,537444,130591419,131136006
turso,concurrent,32,3,24,26121665084,0,0,6843,600623,127083410,127690876
turso,concurrent,32,3,24,26249356341,0,0,7073,767408,247326041,248100522
turso,concurrent,32,3,24,26497457253,0,0,5891,438797,427111432,427556120
turso,concurrent,32,3,24,26925013645,0,0,6612,468985,111073040,111548637
turso,concurrent,32,3,24,27036562653,0,0,7444,493371,96959890,97460705
turso,concurrent,32,3,24,27134023569,0,0,8566,7188934,84801469,91998969
turso,concurrent,32,3,24,27226022828,0,0,6762,624549,117363258,117994569
turso,concurrent,32,3,24,27344017679,0,0,5861,431284,289244095,289681240
turso,concurrent,32,3,24,27633699399,0,0,6462,479715,429371626,429857803
turso,concurrent,32,3,24,28063557544,0,0,5530,402720,284211939,284620189
turso,concurrent,32,3,24,28348177994,0,0,7855,12602910,255224724,267835489
turso,concurrent,32,3,24,28616013864,0,0,6603,512697,131333509,131852809
turso,concurrent,32,3,24,28747867073,0,0,6753,432436,157705840,158145029
turso,concurrent,32,3,24,28906012353,0,0,5991,448196,46962261,47416448
turso,concurrent,32,3,24,28953429071,0,0,6623,708326,41224085,41939034
turso,concurrent,32,3,24,28995368495,0,0,7825,651319,71985016,72644160
turso,concurrent,32,3,24,29068012936,0,0,5460,544498,43375613,43925571
turso,concurrent,32,3,24,29111938748,0,0,5670,481148,740434731,740921549
turso,concurrent,32,3,24,29852860568,0,0,9387,3613148,94591010,98213545
turso,concurrent,32,3,24,29951074404,0,0,7153,793778,99849052,100649983
turso,concurrent,32,3,24,30051724637,0,0,6072,437034,912485377,912928483
turso,concurrent,32,3,24,30964653501,0,0,9137,15300199,792054912,807364248
turso,concurrent,32,3,24,31772018019,0,0,7304,580295,78289361,78876960
turso,concurrent,32,3,24,31850895340,0,0,5701,536312,1231536373,1232078386
turso,concurrent,32,3,25,775954,1,0,4436812,618888,98930849,103986549
turso,concurrent,32,3,25,104763254,1,0,9408,702065,436849576,437561049
turso,concurrent,32,3,25,542324554,1,0,6472,346514,20675662,21028648
turso,concurrent,32,3,25,563353452,1,0,5190,369667,169650268,170025125
turso,concurrent,32,3,25,733378917,1,0,6643,416306,110902538,111325487
turso,concurrent,32,3,25,844704995,1,0,5851,446011,221246813,221698675
turso,concurrent,32,3,25,1066404081,1,0,50165,3871495,70354649,74276309
turso,concurrent,32,3,25,1140680691,1,0,7103,568533,52571626,53147262
turso,concurrent,32,3,25,1193828233,1,0,5641,412929,44806945,45225515
turso,concurrent,32,3,25,1239054890,1,0,5440,478463,562474413,562958316
turso,concurrent,32,3,25,1802013477,1,0,5510,387882,108424172,108817564
turso,concurrent,32,3,25,1910831241,1,0,5350,436824,200470290,200912464
turso,concurrent,32,3,25,2111744117,1,0,7935,5858815,157283523,163150273
turso,concurrent,32,3,25,2274894790,1,0,6252,510253,320311635,320828140
turso,concurrent,32,3,25,2595723210,1,0,6372,446673,26222448,26675493
turso,concurrent,32,3,25,2622398964,1,0,5230,464947,188542103,189012280
turso,concurrent,32,3,25,2811411545,1,0,7023,441854,29980279,30429156
turso,concurrent,32,3,25,2841841252,1,0,5059,439259,753649716,754094034
turso,concurrent,32,3,25,3595935626,0,0,8165,5209129,89390167,94607461
turso,concurrent,32,3,25,3690543338,0,0,6222,459357,196834911,197300490
turso,concurrent,32,3,25,3887844088,0,0,6202,512557,141760463,142279222
turso,concurrent,32,3,25,4030123581,0,0,6452,481518,174409477,174897447
turso,concurrent,32,3,25,4205021309,0,0,9187,6160795,255817012,261986994
turso,concurrent,32,3,25,4467008644,0,0,7584,10228680,36211487,46447751
turso,concurrent,32,3,25,4513456645,0,0,5881,462683,139729831,140198395
turso,concurrent,32,3,25,4653655301,0,0,6903,545940,148825834,149378677
turso,concurrent,32,3,25,4803034349,0,0,7705,493651,132234579,132735935
turso,concurrent,32,3,25,4935770554,0,0,5912,399213,193560603,193965728
turso,concurrent,32,3,25,5129736562,0,0,5621,388853,18089373,18483847
turso,concurrent,32,3,25,5148220659,0,0,5080,496056,178580257,179081393
turso,concurrent,32,3,25,5327302572,0,0,15238,2556394,44851278,47422910
turso,concurrent,32,3,25,5374725734,0,0,5530,490055,26943449,27439034
turso,concurrent,32,3,25,5402165058,0,0,5320,438758,89056307,89500385
turso,concurrent,32,3,25,5491666746,0,0,5841,425012,101915911,102346764
turso,concurrent,32,3,25,5594013791,0,0,5310,467562,194858141,195331013
turso,concurrent,32,3,25,5789345094,0,0,4738,609521,25811362,26425621
turso,concurrent,32,3,25,5815771027,0,0,6863,479244,194756730,195242837
turso,concurrent,32,3,25,6011014074,0,0,6783,571508,27833017,28411308
turso,concurrent,32,3,25,6039425653,0,0,5771,524179,100048688,100578638
turso,concurrent,32,3,25,6140004542,0,0,6251,574555,83439258,84020064
turso,concurrent,32,3,25,6224024867,0,0,6221,451793,648840124,649298138
turso,concurrent,32,3,25,6873323285,0,0,8026,7051525,318787008,325846559
turso,concurrent,32,3,25,7199170114,0,0,5760,484635,185796202,186286597
turso,concurrent,32,3,25,7385457043,0,0,7063,457233,98918386,99382682
turso,concurrent,32,3,25,7484840015,0,0,6182,499042,208497396,209002620
turso,concurrent,32,3,25,7693842885,0,0,8917,3866977,15294769,19170663
turso,concurrent,32,3,25,7713013788,0,0,5862,606133,131220936,131832931
turso,concurrent,32,3,25,7844846980,0,0,5921,433267,55877083,56316271
turso,concurrent,32,3,25,7901163602,0,0,6722,644927,148677154,149328803
turso,concurrent,32,3,25,8050492685,0,0,6462,497008,194940045,195443515
turso,concurrent,32,3,25,8245936462,0,0,7494,568533,97319789,97895816
turso,concurrent,32,3,25,8343832578,0,0,5511,507578,43984422,44497511
turso,concurrent,32,3,25,8388330380,0,0,5720,508580,17540226,18054526
turso,concurrent,32,3,25,8406385187,0,0,6161,685103,460442974,461134238
turso,concurrent,32,3,25,8867519766,0,0,8215,5852673,68553602,74414490
turso,concurrent,32,3,25,8941934596,0,0,5831,466811,32362935,32835577
turso,concurrent,32,3,25,8974770433,0,0,5330,495305,430484847,430985482
turso,concurrent,32,3,25,9405756215,0,0,7184,526643,126035463,126569290
turso,concurrent,32,3,25,9532325775,0,0,6773,706022,185773860,186486655
turso,concurrent,32,3,25,9718812731,0,0,5680,419863,216013348,216438891
turso,concurrent,32,3,25,9935251912,0,0,8907,13607055,46335960,59951922
turso,concurrent,32,3,25,9995204054,0,0,7664,938271,72195433,73141368
turso,concurrent,32,3,25,10068345773,0,0,8957,480226,25302402,25791585
turso,concurrent,32,3,25,10094137659,0,0,7023,520662,285835563,286363248
turso,concurrent,32,3,25,10380501218,0,0,6562,449449,203784323,204240334
turso,concurrent,32,3,25,10584743896,0,0,7244,601866,390766293,391375403
turso,concurrent,32,3,25,10976119779,0,0,14236,5227184,24518473,29759893
turso,concurrent,32,3,25,11005879953,0,0,6252,442495,173678889,174127636
turso,concurrent,32,3,25,11180007899,0,0,7514,456382,463203452,463667348
turso,concurrent,32,3,25,11643675648,0,0,7835,594552,209735873,210338260
turso,concurrent,32,3,25,11854014149,0,0,6302,594391,108232640,108833333
turso,concurrent,32,3,25,11962847813,0,0,9307,836268,105989468,106835043
turso,concurrent,32,3,25,12069683237,0,0,13235,4697243,102427457,107137935
turso,concurrent,32,3,25,12176821442,0,0,6262,486027,107541947,108034236
turso,concurrent,32,3,25,12284855888,0,0,5070,601104,27079476,27685650
turso,concurrent,32,3,25,12312541788,0,0,5761,512827,14028120,14546708
turso,concurrent,32,3,25,12327088726,0,0,5380,461701,222973201,223440282
turso,concurrent,32,3,25,12550529379,0,0,7314,510203,284336564,284854081
turso,concurrent,32,3,25,12835383730,0,0,6132,553935,117617489,118177556
turso,concurrent,32,3,25,12953561536,0,0,6212,513589,169590645,170110446
turso,concurrent,32,3,25,13123672272,0,0,6883,536793,321630173,322173849
turso,concurrent,32,3,25,13445846431,0,0,8276,6320836,41834477,48163589
turso,concurrent,32,3,25,13494010260,0,0,5500,459497,81530457,81995454
turso,concurrent,32,3,25,13576005965,0,0,5650,531734,90991398,91528782
turso,concurrent,32,3,25,13667534988,0,0,5119,470178,344392091,344867388
turso,concurrent,32,3,25,14012402617,0,0,6141,548866,209054057,209609064
turso,concurrent,32,3,25,14222011961,0,0,5841,470158,71116116,71592115
turso,concurrent,32,3,25,14293604507,0,0,8857,11711878,76001836,87722571
turso,concurrent,32,3,25,14381327328,0,0,9408,13151094,64348036,77508538
turso,concurrent,32,3,25,14458836247,0,0,5991,460870,56978841,57445702
turso,concurrent,32,3,25,14516282270,0,0,6412,508219,29881071,30395702
turso,concurrent,32,3,25,14546678333,0,0,5490,434039,458507723,458947252
turso,concurrent,32,3,25,15005625825,0,0,5731,427757,30455575,30889063
turso,concurrent,32,3,25,15036515199,0,0,4759,488432,175825709,176318900
turso,concurrent,32,3,25,15212834450,0,0,5360,479414,28533730,29018504
turso,concurrent,32,3,25,15241853335,0,0,5290,508108,49220693,49734091
turso,concurrent,32,3,25,15291587666,0,0,6052,586246,87473381,88065679
turso,concurrent,32,3,25,15379653635,0,0,6923,529960,45484293,46021176
turso,concurrent,32,3,25,15425675252,0,0,9237,611113,7422796,8043146
turso,concurrent,32,3,25,15433718659,0,0,6492,19095751,337427390,356529633
turso,concurrent,32,3,25,15790248633,0,0,8125,8250898,119787694,128046717
turso,concurrent,32,3,25,15918295680,0,0,5972,442074,95439271,95887317
turso,concurrent,32,3,25,16014183267,0,0,6142,776685,108713157,109495984
turso,concurrent,32,3,25,16123679522,0,0,5851,467121,534591092,535064064
turso,concurrent,32,3,25,16658744026,0,0,7864,3863851,282942915,286814630
turso,concurrent,32,3,25,16945558938,0,0,6412,496417,60666389,61169218
turso,concurrent,32,3,25,17006728476,0,0,5811,490956,42188925,42685692
turso,concurrent,32,3,25,17049414559,0,0,7825,556951,97686091,98250867
turso,concurrent,32,3,25,17147665676,0,0,5500,515162,82135248,82655910
turso,concurrent,32,3,25,17230321877,0,0,7203,561560,198964790,199533553
turso,concurrent,32,3,25,17429855720,0,0,5801,557993,98441957,99005751
turso,concurrent,32,3,25,17528861731,0,0,6032,584673,83397570,83988275
turso,concurrent,32,3,25,17612850277,0,0,5470,448356,269708694,270162520
turso,concurrent,32,3,25,17883013188,0,0,8225,6985070,26042268,33035563
turso,concurrent,32,3,25,17916049012,0,0,5270,455800,84896408,85357478
turso,concurrent,32,3,25,18001406770,0,0,6813,840085,163663832,164510730
turso,concurrent,32,3,25,18165917891,0,0,7274,511294,265075912,265594480
turso,concurrent,32,3,25,18431512652,0,0,7214,736960,81223288,81967462
turso,concurrent,32,3,25,18513480334,0,0,6523,526523,39728332,40261378
turso,concurrent,32,3,25,18553742123,0,0,6732,540320,259415322,259962374
turso,concurrent,32,3,25,18813704827,0,0,7014,524599,58065392,58597005
turso,concurrent,32,3,25,18872302162,0,0,5780,483893,27905465,28395138
turso,concurrent,32,3,25,18900697611,0,0,6653,605192,161540785,162152630
turso,concurrent,32,3,25,19062850542,0,0,7825,4733962,25187726,29929513
turso,concurrent,32,3,25,19092780486,0,0,5791,458625,230402088,230866504
turso,concurrent,32,3,25,19323647270,0,0,7635,607636,36586835,37202106
turso,concurrent,32,3,25,19360849646,0,0,6092,498029,60189540,60693661
turso,concurrent,32,3,25,19421543587,0,0,5921,520603,30681812,31208336
turso,concurrent,32,3,25,19452752194,0,0,6181,466040,348128732,348600953
turso,concurrent,32,3,25,19801354760,0,0,6021,430222,182754112,183190355
turso,concurrent,32,3,25,19984545446,0,0,6372,547323,109631620,110185315
turso,concurrent,32,3,25,20094731362,0,0,17192,834255,180168703,181020150
turso,concurrent,32,3,25,20275751893,0,0,6803,493211,17426842,17926856
turso,concurrent,32,3,25,20293678979,0,0,5761,480717,47010703,47497181
turso,concurrent,32,3,25,20341176441,0,0,6041,458285,62217756,62682082
turso,concurrent,32,3,25,20403858774,0,0,5721,476348,67153009,67635078
turso,concurrent,32,3,25,20471494122,0,0,5661,506856,110708753,111221270
turso,concurrent,32,3,25,20582715813,0,0,7353,617205,304057846,304682404
turso,concurrent,32,3,25,20887398508,0,0,7644,632023,14802590,15442257
turso,concurrent,32,3,25,20902841106,0,0,5180,495154,232527137,233027471
turso,concurrent,32,3,25,21135868818,0,0,6963,604450,65362391,65973804
turso,concurrent,32,3,25,21201842882,0,0,8035,12279039,377324992,389612066
turso,concurrent,32,3,25,21591455218,0,0,8336,6462885,315089170,321560391
turso,concurrent,32,3,25,21913015930,0,0,6512,603328,30145201,30755041
turso,concurrent,32,3,25,21943771231,0,0,5110,479895,32753752,33238757
turso,concurrent,32,3,25,21977010269,0,0,5871,686736,40643678,41336285
turso,concurrent,32,3,25,22018346785,0,0,6152,492499,71239259,71737910
turso,concurrent,32,3,25,22090085035,0,0,5460,470007,99462572,99938039
turso,concurrent,32,3,25,22190023356,0,0,6212,492829,153875483,154374524
turso,concurrent,32,3,25,22344398641,0,0,13446,544006,209893891,210451343
turso,concurrent,32,3,25,22554850244,0,0,8886,6872578,222682222,229563686
turso,concurrent,32,3,25,22784414281,0,0,4980,443066,408770435,409218481
turso,concurrent,32,3,25,23193632992,0,0,6392,506456,25044665,25557513
turso,concurrent,32,3,25,23219190876,0,0,7374,516224,377847738,378371336
turso,concurrent,32,3,25,23597562503,0,0,8205,4215865,134071144,138295214
turso,concurrent,32,3,25,23735858077,0,0,7234,631121,297519429,298157784
turso,concurrent,32,3,25,24034016132,0,0,5400,603268,10496856,11105524
turso,concurrent,32,3,25,24045121917,0,0,4979,471981,397985856,398462816
turso,concurrent,32,3,25,24443585033,0,0,6633,552762,60706556,61265951
turso,concurrent,32,3,25,24504851204,0,0,5180,474655,186065531,186545366
turso,concurrent,32,3,25,24691397111,0,0,14317,691325,40629903,41335545
turso,concurrent,32,3,25,24732733056,0,0,10349,6850887,36835904,43697140
turso,concurrent,32,3,25,24776430728,0,0,10019,420133,128756987,129187139
turso,concurrent,32,3,25,24905618348,0,0,6863,530812,28038314,28575989
turso,concurrent,32,3,25,24934194677,0,0,6763,442625,316954511,317403899
turso,concurrent,32,3,25,25251598846,0,0,6893,534920,231748327,232290140
turso,concurrent,32,3,25,25483889347,0,0,5440,418109,98370422,98793971
turso,concurrent,32,3,25,25582683569,0,0,5641,457393,57408641,57871675
turso,concurrent,32,3,25,25640555525,0,0,5300,516525,149900111,150421936
turso,concurrent,32,3,25,25790977742,0,0,10309,432426,10300816,10743551
turso,concurrent,32,3,25,25801721854,0,0,15209,477331,162443288,162935828
turso,concurrent,32,3,25,25964658083,0,0,9177,4795569,91471314,96276060
turso,concurrent,32,3,25,26060934433,0,0,5580,488482,337269983,337764045
turso,concurrent,32,3,25,26398698869,0,0,6292,480838,834751794,835238924
turso,concurrent,32,3,25,27233938174,0,0,8927,2673774,124772770,127455471
turso,concurrent,32,3,25,27361393906,0,0,6863,537113,22746840,23290816
turso,concurrent,32,3,25,27384684952,0,0,5560,525321,559161432,559692313
turso,concurrent,32,3,25,27944377527,0,0,7574,517437,107466194,107991205
turso,concurrent,32,3,25,28052369013,0,0,6051,509181,15247540,15762772
turso,concurrent,32,3,25,28068132005,0,0,4799,424641,47763814,48193254
turso,concurrent,32,3,25,28116325479,0,0,4538,444449,37490600,37939587
turso,concurrent,32,3,25,28154265337,0,0,5461,426985,298224960,298657406
turso,concurrent,32,3,25,28452923114,0,0,7614,6557684,24190625,30755923
turso,concurrent,32,3,25,28483679297,0,0,5791,494914,28335926,28836631
turso,concurrent,32,3,25,28512516228,0,0,6362,600173,108744055,109350590
turso,concurrent,32,3,25,28621867179,0,0,5440,476249,53699733,54181422
turso,concurrent,32,3,25,28676048972,0,0,5370,460680,208354948,208820998
turso,concurrent,32,3,25,28884870330,0,0,6653,544928,506576201,507127782
turso,concurrent,32,3,25,29391998453,0,0,8095,627955,183224530,183860580
turso,concurrent,32,3,25,29575859423,0,0,7885,11512974,135921826,147442685
turso,concurrent,32,3,25,29723302379,0,0,6472,561790,46650153,47218415
turso,concurrent,32,3,25,29770521044,0,0,6302,786825,99107232,99900359
turso,concurrent,32,3,25,29870421713,0,0,5380,428940,119157974,119592294
turso,concurrent,32,3,25,29990014348,0,0,5490,452564,12672472,13130526
turso,concurrent,32,3,25,30003145205,0,0,6482,506566,926246181,926759229
turso,concurrent,32,3,25,30929904704,0,0,9197,3466371,56627398,60102966
turso,concurrent,32,3,25,30990007931,0,0,5681,448667,692330484,692784832
turso,concurrent,32,3,25,31682793013,0,0,6994,644506,1234546243,1235197743
turso,concurrent,32,3,25,32917991046,0,0,8136,6518298,36684639,43211073
turso,concurrent,32,3,25,32961202440,0,0,5721,505684,22132171,22643576
turso,concurrent,32,3,25,32983846266,0,0,5541,537614,40276386,40819541
turso,concurrent,32,3,26,756337,1,0,4384654,750796,171142283,176277733
turso,concurrent,32,3,26,177034701,1,0,7103,337186,312467975,312812264
turso,concurrent,32,3,26,489847226,1,0,6121,415033,468390380,468811534
turso,concurrent,32,3,26,958659241,1,0,6933,391269,334956187,335354389
turso,concurrent,32,3,26,1294013900,1,0,43061,4098934,245548237,249690232
turso,concurrent,32,3,26,1543704623,1,0,5931,464216,74796942,75267089
turso,concurrent,32,3,26,1618971952,1,0,6152,420253,682600565,683026970
turso,concurrent,32,3,26,2301999303,1,0,8476,10834693,125705330,136548499
turso,concurrent,32,3,26,2438548122,1,0,5861,505785,21441286,21952932
turso,concurrent,32,3,26,2460501675,1,0,5942,527044,75993840,76526826
turso,concurrent,32,3,26,2537028772,1,0,6662,396889,64346964,64750515
turso,concurrent,32,3,26,2601779538,1,0,5951,444840,354321537,354772328
turso,concurrent,32,3,26,2956552366,1,0,7154,739495,134724908,135471557
turso,concurrent,32,3,26,3092024203,0,0,6453,533817,101852632,102392902
turso,concurrent,32,3,26,3194417375,0,0,7604,9691306,16894217,26593127
turso,concurrent,32,3,26,3221010834,0,0,5841,457062,51974920,52437823
turso,concurrent,32,3,26,3273448887,0,0,5981,438969,42897892,43342842
turso,concurrent,32,3,26,3316792481,0,0,5420,494253,185410474,185910147
turso,concurrent,32,3,26,3502702899,0,0,6452,571548,136887388,137465388
turso,concurrent,32,3,26,3640168588,0,0,6673,444258,376149383,376600314
turso,concurrent,32,3,26,4016769183,0,0,7604,518599,37694003,38220206
turso,concurrent,32,3,26,4054989639,0,0,5540,448767,504714187,505168494
turso,concurrent,32,3,26,4560158455,0,0,7795,4375676,159013667,163397138
turso,concurrent,32,3,26,4723555854,0,0,6161,555489,191035398,191597048
turso,concurrent,32,3,26,4915153252,0,0,6863,444860,108220187,108671910
turso,concurrent,32,3,26,5023825442,0,0,6372,787997,200390109,201184478
turso,concurrent,32,3,26,5225010181,0,0,6582,834404,85504025,86345011
turso,concurrent,32,3,26,5311355483,0,0,8556,3280279,264374500,267663335
turso,concurrent,32,3,26,5579019238,0,0,8005,740117,198726860,199474982
turso,concurrent,32,3,26,5778494471,0,0,7053,434350,41927692,42369095
turso,concurrent,32,3,26,5820863836,0,0,5771,470959,590475718,590952448
turso,concurrent,32,3,26,6411816645,0,0,8706,11016967,20826658,31852331
turso,concurrent,32,3,26,6443669316,0,0,6022,458966,246786543,247251531
turso,concurrent,32,3,26,6690922299,0,0,6873,532395,76472644,77011912
turso,concurrent,32,3,26,6767934431,0,0,5200,492990,202447401,202945591
turso,concurrent,32,3,26,6970880282,0,0,5360,631001,274134034,274770395
turso,concurrent,32,3,26,7245650978,0,0,6672,606064,84415430,85028166
turso,concurrent,32,3,26,7330679395,0,0,4779,422247,117324135,117751161
turso,concurrent,32,3,26,7448430846,0,0,7554,526303,11052224,11586081
turso,concurrent,32,3,26,7460017318,0,0,8516,436293,37261718,37706527
turso,concurrent,32,3,26,7497724116,0,0,6863,480036,142832956,143319855
turso,concurrent,32,3,26,7641044342,0,0,9678,5117165,95475560,100602403
turso,concurrent,32,3,26,7741647005,0,0,6262,496487,293860345,294363094
turso,concurrent,32,3,26,8036010379,0,0,5931,531843,103460256,103998030
turso,concurrent,32,3,26,8140008710,0,0,6723,519841,119831396,120357960
turso,concurrent,32,3,26,8260366890,0,0,5661,568593,163753160,164327414
turso,concurrent,32,3,26,8424694604,0,0,6092,445039,43868504,44319635
turso,concurrent,32,3,26,8469014560,0,0,5600,418270,59060599,59484469
turso,concurrent,32,3,26,8528499490,0,0,5761,520993,216810412,217337166
turso,concurrent,32,3,26,8745836917,0,0,8005,10626751,208167193,218801949
turso,concurrent,32,3,26,8964639137,0,0,5891,474776,313735356,314216023
turso,concurrent,32,3,26,9278855461,0,0,6442,473353,360420235,360900030
turso,concurrent,32,3,26,9639755871,0,0,6002,519880,82324045,82849927
turso,concurrent,32,3,26,9722606129,0,0,5911,470497,18938325,19414733
turso,concurrent,32,3,26,9742021132,0,0,5971,547844,144987792,145541607
turso,concurrent,32,3,26,9887563040,0,0,7334,4668018,226416317,231091669
turso,concurrent,32,3,26,10118655069,0,0,8556,578091,14318026,14904673
turso,concurrent,32,3,26,10133560013,0,0,4899,490937,307963936,308459772
turso,concurrent,32,3,26,10442020176,0,0,7314,649906,81330890,81988110
turso,concurrent,32,3,26,10524008587,0,0,6833,466530,11237003,11710366
turso,concurrent,32,3,26,10535719183,0,0,5611,637803,87434758,88078172
turso,concurrent,32,3,26,10623797635,0,0,6062,537504,59418244,59961810
turso,concurrent,32,3,26,10683759746,0,0,5520,504572,354299436,354809528
turso,concurrent,32,3,26,11038569564,0,0,8156,11493877,103467690,114969723
turso,concurrent,32,3,26,11153539587,0,0,7494,595174,142519354,143122022
turso,concurrent,32,3,26,11296664144,0,0,7053,550168,59482175,60039396
turso,concurrent,32,3,26,11356703761,0,0,5801,499181,115848050,116353032
turso,concurrent,32,3,26,11473057053,0,0,5410,436153,1013820212,1014261775
turso,concurrent,32,3,26,12487319100,0,0,8736,15379509,101974753,117362998
turso,concurrent,32,3,26,12604682358,0,0,7534,640509,17907209,18555252
turso,concurrent,32,3,26,12623237830,0,0,5771,578161,128520190,129104122
turso,concurrent,32,3,26,12752342243,0,0,6352,565086,43089694,43661132
turso,concurrent,32,3,26,12796003606,0,0,6031,487149,197530403,198023583
turso,concurrent,32,3,26,12994027480,0,0,6663,601605,33685139,34293407
turso,concurrent,32,3,26,13028321237,0,0,5561,641470,157423257,158070288
turso,concurrent,32,3,26,13186391785,0,0,11212,5295301,51122662,56429175
turso,concurrent,32,3,26,13242821421,0,0,6282,586206,36899404,37491892
turso,concurrent,32,3,26,13280313573,0,0,4870,389685,55679349,56073904
turso,concurrent,32,3,26,13336387737,0,0,5531,429871,59424376,59859778
turso,concurrent,32,3,26,13396247745,0,0,4308,419331,28018347,28441986
turso,concurrent,32,3,26,13424690002,0,0,5461,518468,194816151,195340080
turso,concurrent,32,3,26,13620030373,0,0,5170,457784,67688699,68151653
turso,concurrent,32,3,26,13688182256,0,0,5040,426455,52715777,53147272
turso,concurrent,32,3,26,13741329769,0,0,5290,446653,37361796,37813739
turso,concurrent,32,3,26,13779143748,0,0,5760,666819,35017964,35690543
turso,concurrent,32,3,26,13814834582,0,0,6743,528397,321269122,321804262
turso,concurrent,32,3,26,14136639184,0,0,7093,460299,583491619,583959011
turso,concurrent,32,3,26,14720598487,0,0,9217,532405,255369137,255910759
turso,concurrent,32,3,26,14976509507,0,0,6061,481418,323190337,323677816
turso,concurrent,32,3,26,15300187583,0,0,5150,477120,74641960,75124230
turso,concurrent,32,3,26,15375312073,0,0,6593,469055,25884270,26359918
turso,concurrent,32,3,26,15401672262,0,0,5119,566048,59775649,60346816
turso,concurrent,32,3,26,15462019408,0,0,8737,6649216,49147284,55805237
turso,concurrent,32,3,26,15517824936,0,0,5761,519570,163657790,164183121
turso,concurrent,32,3,26,15682008348,0,0,6061,741660,127257888,128005609
turso,concurrent,32,3,26,15810014268,0,0,6853,629988,84360868,84997709
turso,concurrent,32,3,26,15895012257,0,0,6032,550859,38644448,39201339
turso,concurrent,32,3,26,15934213876,0,0,6342,541782,64169890,64718014
turso,concurrent,32,3,26,15998932231,0,0,5380,474936,34713400,35193716
turso,concurrent,32,3,26,16034126207,0,0,5911,485667,71445948,71937526
turso,concurrent,32,3,26,16106064164,0,0,6422,454638,172486949,172948009
turso,concurrent,32,3,26,16279012484,0,0,6332,497559,682517318,683021209
turso,concurrent,32,3,26,16962033984,0,0,8135,3513990,271833674,275355799
turso,concurrent,32,3,26,17237390023,0,0,7995,784721,174487253,175279969
turso,concurrent,32,3,26,17412670314,0,0,5550,480377,84160158,84646085
turso,concurrent,32,3,26,17497316710,0,0,7634,781064,54397922,55186620
turso,concurrent,32,3,26,17552503580,0,0,5250,406868,16094909,16507027
turso,concurrent,32,3,26,17569010847,0,0,4698,530712,168148593,168684003
turso,concurrent,32,3,26,17737695071,0,0,6071,416406,97315301,97737778
turso,concurrent,32,3,26,17835433401,0,0,17202,3441404,13118994,16577600
turso,concurrent,32,3,26,17852011291,0,0,5931,661749,25223153,25890833
turso,concurrent,32,3,26,17877902424,0,0,6683,652511,61791121,62450315
turso,concurrent,32,3,26,17940353010,0,0,5470,451492,131015729,131472691
turso,concurrent,32,3,26,18071826032,0,0,7614,669423,34193128,34870165
turso,concurrent,32,3,26,18106696508,0,0,6282,616363,9681678,10304323
turso,concurrent,32,3,26,18117001061,0,0,5010,575295,220436404,221016709
turso,concurrent,32,3,26,18338018051,0,0,7304,511935,12618339,13137578
turso,concurrent,32,3,26,18351155890,0,0,5460,513309,59147603,59666372
turso,concurrent,32,3,26,18410822623,0,0,5741,439309,22331607,22776657
turso,concurrent,32,3,26,18433599550,0,0,5601,443366,94728630,95177597
turso,concurrent,32,3,26,18528777498,0,0,6703,532234,39913812,40452749
turso,concurrent,32,3,26,18569230517,0,0,6322,615301,474149466,474771089
turso,concurrent,32,3,26,19044001897,0,0,8426,11488677,286759076,298256179
turso,concurrent,32,3,26,19342258347,0,0,7434,507668,411612016,412127118
turso,concurrent,32,3,26,19754385786,0,0,8235,601065,136769154,137378454
turso,concurrent,32,3,26,19891764541,0,0,6973,541932,389701004,390249909
turso,concurrent,32,3,26,20282014730,0,0,8386,15399197,260676972,276084555
turso,concurrent,32,3,26,20558099555,0,0,6563,516625,140791834,141315022
turso,concurrent,32,3,26,20699414828,0,0,5771,520602,95787709,96314082
turso,concurrent,32,3,26,20795731014,0,0,6091,502929,23771123,24280143
turso,concurrent,32,3,26,20820011358,0,0,5710,499633,307187121,307692464
turso,concurrent,32,3,26,21127704072,0,0,6012,536552,86584844,87127408
turso,concurrent,32,3,26,21214831721,0,0,7604,1498938,291683718,293190260
turso,concurrent,32,3,26,21508022362,0,0,6562,651169,123289731,123947462
turso,concurrent,32,3,26,21631970085,0,0,5189,467843,53058384,53531416
turso,concurrent,32,3,26,21685501751,0,0,6201,489303,81725866,82221370
turso,concurrent,32,3,26,21767723363,0,0,6031,549858,503335897,503891786
turso,concurrent,32,3,26,22271615399,0,0,7043,550649,13370619,13928311
turso,concurrent,32,3,26,22285543940,0,0,5220,415965,73050767,73471952
turso,concurrent,32,3,26,22359016172,0,0,8556,19518770,371693055,391220381
turso,concurrent,32,3,26,22750236833,0,0,8436,12103427,118662360,130774223
turso,concurrent,32,3,26,22881011317,0,0,5851,468194,1380766119,1381240164
turso,concurrent,32,3,26,24262251742,0,0,7504,3300207,123330257,126637968
turso,concurrent,32,3,26,24388890051,0,0,5931,531393,240774990,241312314
turso,concurrent,32,3,26,24630202605,0,0,5541,432436,196400641,196838618
turso,concurrent,32,3,26,24827041483,0,0,8015,4369334,97589869,101967218
turso,concurrent,32,3,26,24929009083,0,0,7424,597457,60227241,60832122
turso,concurrent,32,3,26,24989841455,0,0,5511,545810,36368823,36920144
turso,concurrent,32,3,26,25026761869,0,0,6723,692196,268481809,269180728
turso,concurrent,32,3,26,25295942968,0,0,6602,538606,197632697,198177905
turso,concurrent,32,3,26,25494121103,0,0,7013,501296,49937155,50445464
turso,concurrent,32,3,26,25544566817,0,0,5561,498520,57615564,58119645
turso,concurrent,32,3,26,25602686732,0,0,6603,404703,87003384,87414690
turso,concurrent,32,3,26,25690101662,0,0,5771,428619,105050666,105485056
turso,concurrent,32,3,26,25795587029,0,0,6091,432366,404662413,405100870
turso,concurrent,32,3,26,26200688420,0,0,8526,5873884,307445448,313327858
turso,concurrent,32,3,26,26514016879,0,0,6642,607857,81953836,82568335
turso,concurrent,32,3,26,26596585565,0,0,5410,446733,147497198,147949341
turso,concurrent,32,3,26,26744535196,0,0,6392,451302,51645277,52102971
turso,concurrent,32,3,26,26796638438,0,0,5971,551471,16545319,17102761
turso,concurrent,32,3,26,26813741449,0,0,4328,392611,188101643,188498582
turso,concurrent,32,3,26,27002240461,0,0,8006,460108,17931734,18399848
turso,concurrent,32,3,26,27020640800,0,0,14367,516635,90673369,91204371
turso,concurrent,32,3,26,27111845511,0,0,11843,11912698,155580839,167505380
turso,concurrent,32,3,26,27279351182,0,0,6623,506525,59793993,60307141
turso,concurrent,32,3,26,27339658634,0,0,6242,457804,769918903,770382949
turso,concurrent,32,3,26,28110041893,0,0,6463,472671,310775432,311254566
turso,concurrent,32,3,26,28421296750,0,0,7424,6307802,221711790,228027016
turso,concurrent,32,3,26,28649324187,0,0,6352,469716,13471208,13947276
turso,concurrent,32,3,26,28663271754,0,0,6422,485025,309907524,310398971
turso,concurrent,32,3,26,28973671025,0,0,7254,546611,206507532,207061397
turso,concurrent,32,3,26,29180732693,0,0,6893,714317,266321774,267042984
turso,concurrent,32,3,26,29447775917,0,0,6763,10600763,50251106,60858632
turso,concurrent,32,3,26,29508635371,0,0,17834,2900963,351114486,354033283
turso,concurrent,32,3,26,29862669025,0,0,7885,817292,202175347,203000524
turso,concurrent,32,3,26,30065669890,0,0,6612,614840,891724315,892345767
turso,concurrent,32,3,26,30958015997,0,0,8126,7179486,465451464,472639076
turso,concurrent,32,3,26,31430655424,0,0,7043,506686,35850165,36363894
turso,concurrent,32,3,26,31467019698,0,0,6733,539498,1599860571,1600406802
turso,concurrent,32,3,27,98706,1,0,2539702,697096,370570617,373807415
turso,concurrent,32,3,27,373906491,1,0,5921,345422,190341690,190693033
turso,concurrent,32,3,27,564599924,1,0,7805,518789,78720625,79247219
turso,concurrent,32,3,27,643847463,1,0,5961,319893,319841669,320167523
turso,concurrent,32,3,27,964015227,1,0,8166,482390,71214422,71704978
turso,concurrent,32,3,27,1035720705,1,0,66956,1281047,514588309,515936312
turso,concurrent,32,3,27,1551657389,1,0,6432,492509,173698135,174197076
turso,concurrent,32,3,27,1725854796,1,0,7364,569865,81299371,81876600
turso,concurrent,32,3,27,1807731686,1,0,6352,433258,98690976,99130586
turso,concurrent,32,3,27,1906862944,1,0,6261,524450,34616927,35147638
turso,concurrent,32,3,27,1942010843,1,0,5631,430692,47208937,47645260
turso,concurrent,32,3,27,1989656414,1,0,7734,560378,231619304,232187416
turso,concurrent,32,3,27,2221844071,1,0,8897,828192,232660299,233497388
turso,concurrent,32,3,27,2455341699,1,0,6032,425653,259932598,260364283
turso,concurrent,32,3,27,2715706292,1,0,7544,713146,331906523,332627213
turso,concurrent,32,3,27,3048333966,0,0,6302,476970,218951241,219434513
turso,concurrent,32,3,27,3267768749,0,0,7834,483643,112064441,112555918
turso,concurrent,32,3,27,3380325669,0,0,7244,766637,318752563,319526444
turso,concurrent,32,3,27,3699852403,0,0,6743,447274,61405644,61859661
turso,concurrent,32,3,27,3761712305,0,0,6602,595133,279828489,280430224
turso,concurrent,32,3,27,4042142789,0,0,6422,486398,38376962,38869782
turso,concurrent,32,3,27,4081012802,0,0,5360,533276,48320304,48858940
turso,concurrent,32,3,27,4129871962,0,0,5661,462162,106671164,107138987
turso,concurrent,32,3,27,4237011190,0,0,7975,2643558,330029761,332681294
turso,concurrent,32,3,27,4569692805,0,0,7354,471099,80923912,81402365
turso,concurrent,32,3,27,4651095381,0,0,5510,486689,8082580,8574779
turso,concurrent,32,3,27,4659670451,0,0,6111,464787,5926393,6397291
turso,concurrent,32,3,27,4666068022,0,0,5040,453716,192836476,193295232
turso,concurrent,32,3,27,4859363515,0,0,6502,332307,225735482,226074291
turso,concurrent,32,3,27,5085438167,0,0,7274,499352,28305198,28811824
turso,concurrent,32,3,27,5114250262,0,0,5510,459357,29219483,29684350
turso,concurrent,32,3,27,5143934822,0,0,4428,391038,36788505,37183971
turso,concurrent,32,3,27,5181119054,0,0,4749,418860,36220383,36643992
turso,concurrent,32,3,27,5217764469,0,0,5630,483493,58777766,59266889
turso,concurrent,32,3,27,5277031608,0,0,6763,481378,12064354,12552495
turso,concurrent,32,3,27,5289584353,0,0,4890,596896,345826618,346428404
turso,concurrent,32,3,27,5636012957,0,0,7524,3462854,155536015,159006393
turso,concurrent,32,3,27,5795019632,0,0,6151,462333,311633560,312102044
turso,concurrent,32,3,27,6107121987,0,0,7063,693949,35853812,36554824
turso,concurrent,32,3,27,6143677051,0,0,5701,468384,33474542,33948627
turso,concurrent,32,3,27,6177625928,0,0,6052,656388,11269564,11932004
turso,concurrent,32,3,27,6189558153,0,0,5520,668622,702742771,703416913
turso,concurrent,32,3,27,6892975336,0,0,13656,14305533,177435967,191755156
turso,concurrent,32,3,27,7084730793,0,0,6953,499933,144996439,145503325
turso,concurrent,32,3,27,7230234349,0,0,6221,483022,259820847,260310090
turso,concurrent,32,3,27,7490544689,0,0,7755,577700,186875489,187460944
turso,concurrent,32,3,27,7678005943,0,0,8386,1220854,176440559,177669799
turso,concurrent,32,3,27,7855676023,0,0,5721,462011,91666182,92133914
turso,concurrent,32,3,27,7947810198,0,0,6292,579924,132472928,133059144
turso,concurrent,32,3,27,8080869593,0,0,6031,523398,68307557,68836986
turso,concurrent,32,3,27,8149706829,0,0,6493,565096,54955153,55526742
turso,concurrent,32,3,27,8205233781,0,0,4879,584373,106066644,106655896
turso,concurrent,32,3,27,8311890037,0,0,6623,469325,90905968,91381916
turso,concurrent,32,3,27,8403272223,0,0,6472,526534,114208366,114741372
turso,concurrent,32,3,27,8518013865,0,0,6162,462112,374301426,374769700
turso,concurrent,32,3,27,8892783836,0,0,8075,5819561,165245606,171073242
turso,concurrent,32,3,27,9063857348,0,0,5421,485215,59834800,60325436
turso,concurrent,32,3,27,9124183095,0,0,6783,474836,394166669,394648288
turso,concurrent,32,3,27,9518831704,0,0,7915,608908,76127282,76744105
turso,concurrent,32,3,27,9595576160,0,0,6813,445430,68901588,69353831
turso,concurrent,32,3,27,9664930271,0,0,5331,417127,19725389,20147847
turso,concurrent,32,3,27,9685078318,0,0,6141,460118,198445680,198911939
turso,concurrent,32,3,27,9883990549,0,0,9728,4372761,33654923,38037412
turso,concurrent,32,3,27,9922028201,0,0,5160,483612,18436207,18924979
turso,concurrent,32,3,27,9940953460,0,0,5761,669834,82707238,83382833
turso,concurrent,32,3,27,10024338437,0,0,7233,509843,386403971,386921047
turso,concurrent,32,3,27,10411259785,0,0,7244,467462,114970193,115444899
turso,concurrent,32,3,27,10526704944,0,0,7004,561088,180264636,180832728
turso,concurrent,32,3,27,10707537922,0,0,5982,510322,17620889,18137193
turso,concurrent,32,3,27,10725675385,0,0,8015,544097,20499149,21051261
turso,concurrent,32,3,27,10746726856,0,0,4919,527265,194496630,195028814
turso,concurrent,32,3,27,10941756351,0,0,19006,9962237,353307343,363288586
turso,concurrent,32,3,27,11305045198,0,0,6492,482811,409160812,409650115
turso,concurrent,32,3,27,11714695683,0,0,7004,551580,172435182,172993766
turso,concurrent,32,3,27,11887689689,0,0,7794,1111357,57675255,58794406
turso,concurrent,32,3,27,11946484357,0,0,7454,666999,97533032,98207485
turso,concurrent,32,3,27,12044692102,0,0,8146,2727566,251464379,254200091
turso,concurrent,32,3,27,12298892454,0,0,6542,601034,182129334,182736910
turso,concurrent,32,3,27,12481629634,0,0,6483,431854,582380504,582818841
turso,concurrent,32,3,27,13064448825,0,0,7214,510884,195668129,196186227
turso,concurrent,32,3,27,13260635303,0,0,8416,685022,146312653,147006091
turso,concurrent,32,3,27,13407641675,0,0,5891,744134,273409326,274159351
turso,concurrent,32,3,27,13681801306,0,0,6743,472952,229572533,230052228
turso,concurrent,32,3,27,13911853834,0,0,8345,924284,45155864,46088493
turso,concurrent,32,3,27,13957942658,0,0,5531,497749,20667176,21170456
turso,concurrent,32,3,27,13979113304,0,0,6763,687918,163826378,164521059
turso,concurrent,32,3,27,14143634634,0,0,7524,632564,10745876,11385964
turso,concurrent,32,3,27,14155020908,0,0,6673,482420,261967066,262456159
turso,concurrent,32,3,27,14417477328,0,0,6913,9090182,556854710,565951805
turso,concurrent,32,3,27,14983429413,0,0,7254,840716,46565002,47412972
turso,concurrent,32,3,27,15030842676,0,0,5330,460148,229985422,230450900
turso,concurrent,32,3,27,15261293836,0,0,6222,520502,66004852,66531576
turso,concurrent,32,3,27,15327825753,0,0,6713,493521,58690681,59190915
turso,concurrent,32,3,27,15387016948,0,0,6602,481919,208337224,208825745
turso,concurrent,32,3,27,15595842965,0,0,8366,5318225,141164729,146491320
turso,concurrent,32,3,27,15742334746,0,0,6663,768109,97594587,98369359
turso,concurrent,32,3,27,15840704375,0,0,5941,676366,161109953,161792260
turso,concurrent,32,3,27,16002496917,0,0,6131,456492,35870021,36332644
turso,concurrent,32,3,27,16038829802,0,0,6261,586026,193160398,193752685
turso,concurrent,32,3,27,16232582748,0,0,5941,480016,61948668,62434625
turso,concurrent,32,3,27,16295017674,0,0,7314,500775,20488088,20996177
turso,concurrent,32,3,27,16316014171,0,0,7213,576067,243780631,244363911
turso,concurrent,32,3,27,16560378354,0,0,6412,700702,372647335,373354449
turso,concurrent,32,3,27,16933733084,0,0,7995,6737743,80867356,87613094
turso,concurrent,32,3,27,17021346469,0,0,8015,644115,99866855,100518985
turso,concurrent,32,3,27,17121865835,0,0,6262,461841,57157258,57625361
turso,concurrent,32,3,27,17179491437,0,0,5680,434320,97084085,97524085
turso,concurrent,32,3,27,17277015802,0,0,6863,562552,32169640,32739055
turso,concurrent,32,3,27,17309755127,0,0,5090,454397,163184046,163643533
turso,concurrent,32,3,27,17473398941,0,0,7764,817854,40406140,41231758
turso,concurrent,32,3,27,17514631000,0,0,8205,554126,86165673,86728004
turso,concurrent,32,3,27,17601359264,0,0,5640,748342,32390877,33144859
turso,concurrent,32,3,27,17634504375,0,0,5350,466570,124605774,125077694
turso,concurrent,32,3,27,17759582310,0,0,6602,509271,63723418,64239291
turso,concurrent,32,3,27,17823821821,0,0,7455,6423751,266074726,272505932
turso,concurrent,32,3,27,18096328084,0,0,8376,994747,114209948,115213071
turso,concurrent,32,3,27,18211541426,0,0,5631,486197,948820366,949312194
turso,concurrent,32,3,27,19160853881,0,0,8245,6578403,89388364,95975012
turso,concurrent,32,3,27,19256829213,0,0,6082,437605,97255459,97699146
turso,concurrent,32,3,27,19354528609,0,0,5961,423209,329691894,330121064
turso,concurrent,32,3,27,19684650064,0,0,5500,497760,151110725,151613985
turso,concurrent,32,3,27,19836264330,0,0,5781,419922,95877718,96303421
turso,concurrent,32,3,27,19932568042,0,0,8035,658272,190641995,191308302
turso,concurrent,32,3,27,20123876585,0,0,6632,5453491,261633126,267093249
turso,concurrent,32,3,27,20390970144,0,0,7384,505414,161927135,162439933
turso,concurrent,32,3,27,20553410357,0,0,8016,534328,156867417,157409761
turso,concurrent,32,3,27,20710820519,0,0,7224,614940,101940508,102562672
turso,concurrent,32,3,27,20813383431,0,0,6072,475748,194193808,194675628
turso,concurrent,32,3,27,21008059479,0,0,5340,473464,367480876,367959680
turso,concurrent,32,3,27,21376021103,0,0,8726,5631987,77827300,83468013
turso,concurrent,32,3,27,21459489336,0,0,5290,469806,69152432,69627528
turso,concurrent,32,3,27,21529117105,0,0,5290,430412,215260427,215696129
turso,concurrent,32,3,27,21744813494,0,0,6102,543385,44114779,44664266
turso,concurrent,32,3,27,21789478010,0,0,6301,823484,17292649,18122434
turso,concurrent,32,3,27,21807600665,0,0,5731,532565,86710171,87248467
turso,concurrent,32,3,27,21894849372,0,0,5440,483643,68477518,68966601
turso,concurrent,32,3,27,21963816263,0,0,5902,503319,105283075,105792296
turso,concurrent,32,3,27,22069608830,0,0,5140,496887,128279195,128781222
turso,concurrent,32,3,27,22198390303,0,0,5921,492970,56957060,57455951
turso,concurrent,32,3,27,22255846495,0,0,6001,656148,129331432,129993581
turso,concurrent,32,3,27,22385840436,0,0,10310,6213013,68224490,74447813
turso,concurrent,32,3,27,22460288529,0,0,6623,641541,262331885,262980049
turso,concurrent,32,3,27,22723268918,0,0,7695,645648,324823358,325476701
turso,concurrent,32,3,27,23048745880,0,0,6692,611775,28654366,29272833
turso,concurrent,32,3,27,23078019004,0,0,6572,478153,108219656,108704381
turso,concurrent,32,3,27,23186723665,0,0,5641,482781,18799251,19287673
turso,concurrent,32,3,27,23206011699,0,0,5380,496647,37506780,38008807
turso,concurrent,32,3,27,23244020847,0,0,5500,448667,356562405,357016572
turso,concurrent,32,3,27,23601037700,0,0,7544,11767734,446701857,458477135
turso,concurrent,32,3,27,24059515085,0,0,6783,776655,29143350,29926788
turso,concurrent,32,3,27,24089442133,0,0,5421,556430,41958790,42520641
turso,concurrent,32,3,27,24131963054,0,0,7544,739856,135953977,136701377
turso,concurrent,32,3,27,24268664682,0,0,8576,660406,43963934,44632916
turso,concurrent,32,3,27,24313297929,0,0,5801,457843,67955554,68419198
turso,concurrent,32,3,27,24381717517,0,0,6732,531824,24937594,25476150
turso,concurrent,32,3,27,24407193878,0,0,5009,438418,411733596,412177023
turso,concurrent,32,3,27,24819371251,0,0,7945,11237173,342045524,353290642
turso,concurrent,32,3,27,25172662314,0,0,7664,625951,169963579,170597194
turso,concurrent,32,3,27,25343259768,0,0,5861,519300,815061301,815586462
turso,concurrent,32,3,27,26158846511,0,0,7985,7703505,111134426,118845916
turso,concurrent,32,3,27,26277692757,0,0,6833,532315,35610021,36149169
turso,concurrent,32,3,27,26313842196,0,0,4999,454107,12941588,13400694
turso,concurrent,32,3,27,26327243202,0,0,5230,423720,181856709,182285659
turso,concurrent,32,3,27,26509529221,0,0,7124,536001,200384890,200928015
turso,concurrent,32,3,27,26710457496,0,0,6142,530450,25056178,25592770
turso,concurrent,32,3,27,26736050567,0,0,5801,536532,22472844,23015177
turso,concurrent,32,3,27,26759066064,0,0,4879,422437,33523044,33950360
turso,concurrent,32,3,27,26793016764,0,0,5030,459517,228143686,228608233
turso,concurrent,32,3,27,27021625238,0,0,7795,748803,179643462,180400060
turso,concurrent,32,3,27,27202025679,0,0,8296,7368423,65203320,72580039
turso,concurrent,32,3,27,27274606069,0,0,6352,448115,72546115,73000582
turso,concurrent,32,3,27,27347606991,0,0,6503,500253,419775871,420282627
turso,concurrent,32,3,27,27767889929,0,0,7945,600012,45345431,45953388
turso,concurrent,32,3,27,27813843587,0,0,5240,443827,8261318,8710385
turso,concurrent,32,3,27,27822554223,0,0,4899,441773,37715265,38161937
turso,concurrent,32,3,27,27860716380,0,0,5100,463254,38062398,38530752
turso,concurrent,32,3,27,27899247382,0,0,5651,536172,186233888,186775711
turso,concurrent,32,3,27,28086023343,0,0,6101,455730,155580940,156042771
turso,concurrent,32,3,27,28242066416,0,0,6422,3380429,255794690,259181541
turso,concurrent,32,3,27,28501248387,0,0,8005,4300004,166959390,171267399
turso,concurrent,32,3,27,28672516066,0,0,6423,525912,102373295,102905630
turso,concurrent,32,3,27,28775421946,0,0,5100,462463,34579727,35047290
turso,concurrent,32,3,27,28810469536,0,0,5791,559776,260467307,261032874
turso,concurrent,32,3,27,29071502760,0,0,6843,646250,34085484,34738577
turso,concurrent,32,3,27,29106241618,0,0,7534,693649,123097288,123798471
turso,concurrent,32,3,27,29230040350,0,0,4649,501155,68273643,68779447
turso,concurrent,32,3,27,29298820058,0,0,6332,562160,5613082,6181574
turso,concurrent,32,3,27,29305001882,0,0,5330,493511,98283979,98782820
turso,concurrent,32,3,27,29403784982,0,0,7043,626012,86505063,87138118
turso,concurrent,32,3,27,29490923451,0,0,6823,4171120,53633249,57811192
turso,concurrent,32,3,27,29548734943,0,0,5641,475547,349424748,349905936
turso,concurrent,32,3,27,29898641229,0,0,7244,558935,255154422,255720601
turso,concurrent,32,3,27,30154362080,0,0,5801,481519,1292380678,1292867998
turso,concurrent,32,3,27,31447230479,0,0,8716,14623443,74502295,89134454
turso,concurrent,32,3,27,31536365154,0,0,5210,430692,98215791,98651693
turso,concurrent,32,3,27,31635017187,0,0,6613,709047,530932198,531647858
turso,concurrent,32,3,27,32166665926,0,0,19688,9220908,339929772,349170368
turso,concurrent,32,3,27,32515836624,0,0,6483,497699,342678959,343183141
turso,concurrent,32,3,27,32859020025,0,0,7064,578391,116487486,117072941
turso,concurrent,32,3,27,32976093327,0,0,5170,485376,122052937,122543483
turso,concurrent,32,3,28,87545,1,0,2291985,518428,7142146,9952559
turso,concurrent,32,3,28,10040685,1,0,7124,325204,23296938,23629266
turso,concurrent,32,3,28,33670251,1,0,8406,384836,34951780,35345022
turso,concurrent,32,3,28,69015513,1,0,6653,371891,19269089,19647633
turso,concurrent,32,3,28,88663406,1,0,7033,323691,471445064,471775788
turso,concurrent,32,3,28,560439775,1,0,7023,406627,277001023,277414673
turso,concurrent,32,3,28,837854749,1,0,7194,410344,15035200,15452738
turso,concurrent,32,3,28,853307727,1,0,5581,416435,269131335,269553351
turso,concurrent,32,3,28,1122861378,1,0,52159,4165660,173938759,178156578
turso,concurrent,32,3,28,1301018847,1,0,6242,470017,85192707,85668966
turso,concurrent,32,3,28,1386688354,1,0,8416,511455,22823615,23343486
turso,concurrent,32,3,28,1410032071,1,0,5901,541472,84634063,85181436
turso,concurrent,32,3,28,1495213807,1,0,5400,501477,15942180,16449057
turso,concurrent,32,3,28,1511663255,1,0,4970,432596,44911011,45348577
turso,concurrent,32,3,28,1557012172,1,0,5631,461431,409528455,409995517
turso,concurrent,32,3,28,1967007969,1,0,6061,443918,416694967,417144946
turso,concurrent,32,3,28,2384153286,1,0,9097,6158881,82530935,88698913
turso,concurrent,32,3,28,2472853011,1,0,6221,453456,153699560,154159237
turso,concurrent,32,3,28,2627012509,1,0,6302,438918,97293149,97738369
turso,concurrent,32,3,28,2724751249,1,0,6211,442245,48346123,48794579
turso,concurrent,32,3,28,2773546218,1,0,6593,467452,244567856,245041901
turso,concurrent,32,3,28,3018588390,0,0,6392,431985,313313561,313751938
turso,concurrent,32,3,28,3332340578,0,0,7504,5049127,121118264,126174895
turso,concurrent,32,3,28,3458515743,0,0,6923,523207,235107286,235637416
turso,concurrent,32,3,28,3694153420,0,0,6092,488682,225185635,225680409
turso,concurrent,32,3,28,3919834099,0,0,6913,501256,246108313,246616482
turso,concurrent,32,3,28,4166450962,0,0,5160,400466,245544118,245949744
turso,concurrent,32,3,28,4412400987,0,0,8796,6371322,121713397,128093515
turso,concurrent,32,3,28,4540494872,0,0,6382,386780,130965004,131358166
turso,concurrent,32,3,28,4671853308,0,0,5911,469106,25980331,26455348
turso,concurrent,32,3,28,4698308956,0,0,7434,522146,134641740,135171320
turso,concurrent,32,3,28,4833480637,0,0,6933,637663,109369466,110014062
turso,concurrent,32,3,28,4943495079,0,0,6512,448406,8817257,9272175
turso,concurrent,32,3,28,4952768627,0,0,4960,406657,56505569,56917186
turso,concurrent,32,3,28,5009686043,0,0,4649,466159,141855122,142325930
turso,concurrent,32,3,28,5152012153,0,0,4809,523308,15146609,15674726
turso,concurrent,32,3,28,5167687130,0,0,5190,536422,87780760,88322372
turso,concurrent,32,3,28,5256009792,0,0,7744,418841,64411726,64838311
turso,concurrent,32,3,28,5320848344,0,0,8497,8879784,161130662,170018943
turso,concurrent,32,3,28,5490867698,0,0,6512,450841,164259355,164716708
turso,concurrent,32,3,28,5655584657,0,0,5660,487270,33538503,34031433
turso,concurrent,32,3,28,5689616430,0,0,5360,433508,52419178,52858046
turso,concurrent,32,3,28,5742474747,0,0,5169,443026,40687191,41135386
turso,concurrent,32,3,28,5783610474,0,0,5470,478654,23305594,23789718
turso,concurrent,32,3,28,5807400503,0,0,7203,535371,440508640,441051214
turso,concurrent,32,3,28,6248451977,0,0,5149,415194,19143331,19563674
turso,concurrent,32,3,28,6268015952,0,0,7254,456932,698878790,699342976
turso,concurrent,32,3,28,6967359189,0,0,8906,9763082,154549254,164321242
turso,concurrent,32,3,28,7131680942,0,0,6091,664304,126599556,127269951
turso,concurrent,32,3,28,7258951163,0,0,6222,516204,32873618,33396044
turso,concurrent,32,3,28,7292347447,0,0,5740,497429,72435165,72938334
turso,concurrent,32,3,28,7365286173,0,0,5851,477171,52246752,52729774
turso,concurrent,32,3,28,7418016278,0,0,5981,624128,111149133,111779242
turso,concurrent,32,3,28,7529795781,0,0,7253,4882653,119483610,124373516
turso,concurrent,32,3,28,7654169597,0,0,6342,450941,20412205,20869488
turso,concurrent,32,3,28,7675039336,0,0,7143,533357,216150767,216691267
turso,concurrent,32,3,28,7891730903,0,0,5650,481549,62452619,62939818
turso,concurrent,32,3,28,7954671003,0,0,5490,474536,150569484,151049510
turso,concurrent,32,3,28,8105720814,0,0,5510,495555,136182087,136683152
turso,concurrent,32,3,28,8242404287,0,0,7143,559416,74871863,75438422
turso,concurrent,32,3,28,8317843080,0,0,6372,482721,57434541,57923634
turso,concurrent,32,3,28,8375766984,0,0,6252,500905,44604974,45112131
turso,concurrent,32,3,28,8420879485,0,0,4980,412769,214282773,214700522
turso,concurrent,32,3,28,8635580307,0,0,8376,3427968,83851897,87288241
turso,concurrent,32,3,28,8722868909,0,0,6222,500344,127279719,127786285
turso,concurrent,32,3,28,8850658150,0,0,6883,491818,156324002,156822703
turso,concurrent,32,3,28,9007481204,0,0,6041,561790,99813785,100381616
turso,concurrent,32,3,28,9107863171,0,0,6563,762498,54450481,55219542
turso,concurrent,32,3,28,9163082964,0,0,5510,551661,107225781,107782952
turso,concurrent,32,3,28,9270866346,0,0,5771,491758,237052336,237549865
turso,concurrent,32,3,28,9508416451,0,0,6102,512307,219878360,220396769
turso,concurrent,32,3,28,9728813471,0,0,6492,509612,143248741,143764845
turso,concurrent,32,3,28,9872578636,0,0,7685,6190520,251893630,258091835
turso,concurrent,32,3,28,10130670772,0,0,7494,700281,56963362,57671137
turso,concurrent,32,3,28,10188342190,0,0,5610,558073,74785861,75349544
turso,concurrent,32,3,28,10263691995,0,0,5821,575486,297534457,298115764
turso,concurrent,32,3,28,10561808029,0,0,9358,517236,55762847,56289441
turso,concurrent,32,3,28,10618097740,0,0,5651,577079,94548069,95130799
turso,concurrent,32,3,28,10713228800,0,0,6232,486788,63196153,63689173
turso,concurrent,32,3,28,10776918193,0,0,5620,529559,611268612,611803791
turso,concurrent,32,3,28,11388722346,0,0,9908,10809356,359272859,370092123
turso,concurrent,32,3,28,11758814770,0,0,7424,543004,165836161,166386589
turso,concurrent,32,3,28,11925201700,0,0,6001,521103,436625313,437152417
turso,concurrent,32,3,28,12362354368,0,0,9107,7559915,9092997,16662019
turso,concurrent,32,3,28,12379016688,0,0,5390,746368,334446115,335197873
turso,concurrent,32,3,28,12714214831,0,0,7695,648984,46679188,47335867
turso,concurrent,32,3,28,12761550948,0,0,5531,438006,55505161,55948698
turso,concurrent,32,3,28,12817499916,0,0,4759,476770,82030029,82511558
turso,concurrent,32,3,28,12900011795,0,0,5981,520342,103012952,103539275
turso,concurrent,32,3,28,13003551290,0,0,5150,543585,216819620,217368355
turso,concurrent,32,3,28,13220919925,0,0,9098,11510418,17348865,28868381
turso,concurrent,32,3,28,13249788506,0,0,5851,853521,68305975,69165347
turso,concurrent,32,3,28,13318954103,0,0,6492,590695,82385771,82982958
turso,concurrent,32,3,28,13401937321,0,0,5380,516936,369818116,370340432
turso,concurrent,32,3,28,13772278094,0,0,6673,583230,23563802,24153705
turso,concurrent,32,3,28,13796432060,0,0,5230,477230,133967679,134450139
turso,concurrent,32,3,28,13930882469,0,0,5400,475097,244495259,244975756
turso,concurrent,32,3,28,14175858486,0,0,5951,493722,23300424,23800097
turso,concurrent,32,3,28,14199658844,0,0,6492,592568,69763505,70362565
turso,concurrent,32,3,28,14270021639,0,0,6703,537684,30005266,30549653
turso,concurrent,32,3,28,14300571532,0,0,6162,27111967,149562725,176680854
turso,concurrent,32,3,28,14477252656,0,0,9047,8415790,71337253,79762090
turso,concurrent,32,3,28,14557015097,0,0,5651,494453,24597973,25098077
turso,concurrent,32,3,28,14582113434,0,0,5480,548274,100587886,101141640
turso,concurrent,32,3,28,14683255356,0,0,5771,477100,116201115,116683986
turso,concurrent,32,3,28,14799939613,0,0,5691,473062,46415570,46894323
turso,concurrent,32,3,28,14846834267,0,0,6432,506145,60009530,60522107
turso,concurrent,32,3,28,14907356614,0,0,5090,500304,55824574,56329968
turso,concurrent,32,3,28,14963686842,0,0,4719,527586,138376748,138909053
turso,concurrent,32,3,28,15102596165,0,0,6212,574884,81089495,81670591
turso,concurrent,32,3,28,15184267027,0,0,6242,826870,100781471,101614583
turso,concurrent,32,3,28,15285881900,0,0,7294,657761,26401096,27066151
turso,concurrent,32,3,28,15312948281,0,0,4659,481739,233195078,233681476
turso,concurrent,32,3,28,15546630027,0,0,9418,3008006,180365285,183382709
turso,concurrent,32,3,28,15730013026,0,0,6983,591166,467159226,467757375
turso,concurrent,32,3,28,16197770642,0,0,6542,485556,65442161,65934259
turso,concurrent,32,3,28,16263705232,0,0,6472,541331,217486327,218034130
turso,concurrent,32,3,28,16481739653,0,0,7164,519320,81735283,82261767
turso,concurrent,32,3,28,16564001690,0,0,6142,457263,505879226,506342631
turso,concurrent,32,3,28,17070344601,0,0,8956,3290339,358001460,361300755
turso,concurrent,32,3,28,17431645638,0,0,6392,456681,88234738,88697811
turso,concurrent,32,3,28,17520343779,0,0,6953,511636,58474974,58993563
turso,concurrent,32,3,28,17579337523,0,0,5841,416836,203129148,203551825
turso,concurrent,32,3,28,17782889949,0,0,17353,7156503,72479870,79653726
turso,concurrent,32,3,28,17862543975,0,0,7564,9181374,109941014,119129952
turso,concurrent,32,3,28,17981674268,0,0,7534,618817,118718025,119344376
turso,concurrent,32,3,28,18101018945,0,0,7143,446423,186985817,187439383
turso,concurrent,32,3,28,18288458699,0,0,6191,449098,125457140,125912429
turso,concurrent,32,3,28,18414371379,0,0,5771,469836,33746536,34222143
turso,concurrent,32,3,28,18448594924,0,0,6022,471960,87385485,87863467
turso,concurrent,32,3,28,18536458701,0,0,5671,424591,5996475,6426737
turso,concurrent,32,3,28,18542885688,0,0,5140,395967,11202007,11603114
turso,concurrent,32,3,28,18554489062,0,0,5931,589393,850994491,851589815
turso,concurrent,32,3,28,19406079408,0,0,8416,7383472,237546217,244938105
turso,concurrent,32,3,28,19651017794,0,0,8015,521434,437926619,438456068
turso,concurrent,32,3,28,20089474222,0,0,8777,2069815,15466664,17545256
turso,concurrent,32,3,28,20107019768,0,0,7174,475968,75046733,75529875
turso,concurrent,32,3,28,20182550014,0,0,6572,530371,142931393,143468336
turso,concurrent,32,3,28,20326018700,0,0,8025,862528,48969909,49840462
turso,concurrent,32,3,28,20375859422,0,0,6072,616002,532362096,532984170
turso,concurrent,32,3,28,20908843852,0,0,5861,550409,35258829,35815099
turso,concurrent,32,3,28,20944659211,0,0,5230,522095,176829353,177356678
turso,concurrent,32,3,28,21122016140,0,0,5681,517807,463225093,463748581
turso,concurrent,32,3,28,21585765001,0,0,9198,6132852,212927275,219069325
turso,concurrent,32,3,28,21804834606,0,0,6773,556470,619462403,620025646
turso,concurrent,32,3,28,22424860762,0,0,20599,6805731,630944658,637770988
turso,concurrent,32,3,28,23062632021,0,0,6041,432456,159602328,160040825
turso,concurrent,32,3,28,23222673117,0,0,6913,472161,370685824,371164898
turso,concurrent,32,3,28,23593838325,0,0,8647,7226585,340179032,347414264
turso,concurrent,32,3,28,23941252880,0,0,6733,585334,75169615,75761682
turso,concurrent,32,3,28,24017014812,0,0,5872,496316,86152288,86654476
turso,concurrent,32,3,28,24103669639,0,0,7684,571298,50573736,51152718
turso,concurrent,32,3,28,24154822637,0,0,5380,428128,94756071,95189579
turso,concurrent,32,3,28,24250012478,0,0,6232,517105,44960084,45483421
turso,concurrent,32,3,28,24295496159,0,0,6593,515302,101248503,101770398
turso,concurrent,32,3,28,24397266807,0,0,6783,591827,109480214,110078824
turso,concurrent,32,3,28,24507345871,0,0,6182,475026,89391410,89872618
turso,concurrent,32,3,28,24597218859,0,0,6282,497218,121991662,122495162
turso,concurrent,32,3,28,24719714352,0,0,7695,5919328,13524399,19451422
turso,concurrent,32,3,28,24739166135,0,0,6803,576107,426581261,427164171
turso,concurrent,32,3,28,25166330697,0,0,7754,476550,333661203,334145507
turso,concurrent,32,3,28,25500476585,0,0,5841,436354,421100509,421542704
turso,concurrent,32,3,28,25922019550,0,0,7454,11262951,219177098,230447503
turso,concurrent,32,3,28,26152467304,0,0,6662,442836,144099716,144549214
turso,concurrent,32,3,28,26297016779,0,0,5771,444499,564135047,564585317
turso,concurrent,32,3,28,26861602366,0,0,6002,461500,493599015,494066517
turso,concurrent,32,3,28,27355669094,0,0,7995,3362644,197321159,200691798
turso,concurrent,32,3,28,27556361162,0,0,7184,480978,190297966,190786128
turso,concurrent,32,3,28,27747147550,0,0,5982,488201,159631263,160125446
turso,concurrent,32,3,28,27907273267,0,0,7033,497278,52011709,52516020
turso,concurrent,32,3,28,27959789587,0,0,6523,597137,41899809,42503469
turso,concurrent,32,3,28,28002293337,0,0,6812,798678,31313473,32118963
turso,concurrent,32,3,28,28034412521,0,0,5059,503971,44334894,44843924
turso,concurrent,32,3,28,28079256696,0,0,5761,456942,29490845,29953548
turso,concurrent,32,3,28,28109210605,0,0,5891,548736,31876316,32430943
turso,concurrent,32,3,28,28141641798,0,0,5400,489484,27134269,27629153
turso,concurrent,32,3,28,28169271121,0,0,5250,496517,174917415,175419182
turso,concurrent,32,3,28,28344690654,0,0,8516,3999977,309951227,313959720
turso,concurrent,32,3,28,28658650825,0,0,7273,494033,43760770,44262076
turso,concurrent,32,3,28,28702913192,0,0,6482,458906,112776684,113242072
turso,concurrent,32,3,28,28816155515,0,0,6312,551420,64608859,65166591
turso,concurrent,32,3,28,28881322466,0,0,5461,452714,34236319,34694494
turso,concurrent,32,3,28,28916017240,0,0,7104,534148,122457080,122998332
turso,concurrent,32,3,28,29039015802,0,0,6021,462703,165231771,165700495
turso,concurrent,32,3,28,29204716557,0,0,6252,566249,268729666,269302167
turso,concurrent,32,3,28,29474019075,0,0,9217,10287561,289849317,300146095
turso,concurrent,32,3,28,29774165601,0,0,6542,467051,211483161,211956754
turso,concurrent,32,3,28,29986122675,0,0,6032,783658,50333403,51123093
turso,concurrent,32,3,28,30037246028,0,0,5470,466300,808016589,808488359
turso,concurrent,32,3,28,30845734687,0,0,8096,8541837,116875037,125424970
turso,concurrent,32,3,28,30971159948,0,0,6953,804578,252266553,253078084
turso,concurrent,32,3,28,31224238373,0,0,6171,507949,108552985,109067105
turso,concurrent,32,3,28,31333305748,0,0,6492,600253,544577985,545184730
turso,concurrent,32,3,28,31878490739,0,0,7003,707465,1169656935,1170371403
turso,concurrent,32,3,29,14237,1,0,19620782,324352,329702945,349648079
turso,concurrent,32,3,29,349662727,1,0,6512,366211,183707832,184080555
turso,concurrent,32,3,29,533743713,1,0,7875,717794,209546736,210272405
turso,concurrent,32,3,29,744016369,1,0,7795,517967,65999753,66525515
turso,concurrent,32,3,29,810542264,1,0,7234,475497,349271989,349754720
turso,concurrent,32,3,29,1160297646,1,0,46267,3406457,573106455,576559179
turso,concurrent,32,3,29,1736857086,1,0,5590,437095,139711817,140154502
turso,concurrent,32,3,29,1877011859,1,0,6512,689431,230143740,230839683
turso,concurrent,32,3,29,2107851813,1,0,8676,3605222,4181029,7794927
turso,concurrent,32,3,29,2115647321,1,0,3997,487820,44693041,45184858
turso,concurrent,32,3,29,2160832430,1,0,5530,612105,202033881,202651516
turso,concurrent,32,3,29,2363484257,1,0,7814,618758,223103296,223729868
turso,concurrent,32,3,29,2587214435,1,0,6212,434139,298317906,298758257
turso,concurrent,32,3,29,2885972952,1,0,40596,467412,67162577,67670585
turso,concurrent,32,3,29,2953643798,1,0,5821,529960,147838551,148374332
turso,concurrent,32,3,29,3102018401,0,0,6683,429881,310031097,310467661
turso,concurrent,32,3,29,3412486352,0,0,7785,3993425,36923389,40924599
turso,concurrent,32,3,29,3453411593,0,0,5250,494703,75659369,76159322
turso,concurrent,32,3,29,3529571216,0,0,8015,592017,227002353,227602385
turso,concurrent,32,3,29,3757173961,0,0,6833,568082,133701056,134275971
turso,concurrent,32,3,29,3891450202,0,0,6321,498731,91883382,92388434
turso,concurrent,32,3,29,3983838867,0,0,6422,541762,254637286,255185470
turso,concurrent,32,3,29,4239024779,0,0,17713,6624841,33882491,40525045
turso,concurrent,32,3,29,4279550075,0,0,9267,720189,26743181,27472637
turso,concurrent,32,3,29,4307023113,0,0,6402,449899,228195664,228651965
turso,concurrent,32,3,29,4535675338,0,0,5590,461190,174641636,175108416
turso,concurrent,32,3,29,4710784025,0,0,6402,501236,82548498,83056136
turso,concurrent,32,3,29,4793840351,0,0,4889,419863,132597363,133022115
turso,concurrent,32,3,29,4926862747,0,0,6021,465699,69262879,69734599
turso,concurrent,32,3,29,4996597657,0,0,5300,494683,31027155,31527138
turso,concurrent,32,3,29,5028125115,0,0,5591,471179,279152563,279629333
turso,concurrent,32,3,29,5307754718,0,0,8126,4047246,47298567,51353939
turso,concurrent,32,3,29,5359108947,0,0,7114,517436,85152311,85676861
turso,concurrent,32,3,29,5444787461,0,0,7694,848972,312659066,313515732
turso,concurrent,32,3,29,5758303654,0,0,6332,413199,123029440,123448971
turso,concurrent,32,3,29,5881752876,0,0,6342,645468,89241566,89893376
turso,concurrent,32,3,29,5971646653,0,0,6913,456632,500562805,501026350
turso,concurrent,32,3,29,6472673313,0,0,9097,4819213,625889319,630717629
turso,concurrent,32,3,29,7103391273,0,0,6111,464076,33537751,34007938
turso,concurrent,32,3,29,7137399562,0,0,5240,406396,244041173,244452809
turso,concurrent,32,3,29,7381852732,0,0,6312,467392,41368847,41842551
turso,concurrent,32,3,29,7423695524,0,0,5951,450300,239494844,239951095
turso,concurrent,32,3,29,7663646920,0,0,7303,5408606,118897283,124313192
turso,concurrent,32,3,29,7787960362,0,0,6022,488952,411082177,411577151
turso,concurrent,32,3,29,8199537844,0,0,6051,507758,140229795,140743604
turso,concurrent,32,3,29,8340281818,0,0,6963,579463,475146117,475732543
turso,concurrent,32,3,29,8816014753,0,0,9427,6251186,123204841,129465454
turso,concurrent,32,3,29,8945480547,0,0,5962,489333,401711124,402206419
turso,concurrent,32,3,29,9347687217,0,0,7504,699931,122408779,123116214
turso,concurrent,32,3,29,9470803691,0,0,5881,496347,107800154,108302382
turso,concurrent,32,3,29,9579106354,0,0,5821,419992,127468977,127894790
turso,concurrent,32,3,29,9707001435,0,0,5751,439138,115837620,116282509
turso,concurrent,32,3,29,9823284275,0,0,7053,11227915,128892062,140127030
turso,concurrent,32,3,29,9963411696,0,0,6542,474405,276561585,277042532
turso,concurrent,32,3,29,10240454588,0,0,6552,508649,67110329,67625530
turso,concurrent,32,3,29,10308080370,0,0,5851,595022,17320271,17921144
turso,concurrent,32,3,29,10326001755,0,0,6342,571137,522565491,523142970
turso,concurrent,32,3,29,10849145096,0,0,6943,520532,247758697,248286172
turso,concurrent,32,3,29,11097431619,0,0,8265,10897923,258232180,269138368
turso,concurrent,32,3,29,11366570367,0,0,7645,502007,161954597,162464249
turso,concurrent,32,3,29,11529034996,0,0,6362,442365,132670903,133119630
turso,concurrent,32,3,29,11662154986,0,0,7524,566619,41057731,41631874
turso,concurrent,32,3,29,11703787120,0,0,6082,501015,162566581,163073678
turso,concurrent,32,3,29,11866861109,0,0,6021,591226,51903474,52500721
turso,concurrent,32,3,29,11919362101,0,0,6953,688760,15781978,16477691
turso,concurrent,32,3,29,11935841335,0,0,5691,560798,190986756,191553245
turso,concurrent,32,3,29,12127394821,0,0,8185,5322112,12625483,17955780
turso,concurrent,32,3,29,12145350841,0,0,4940,469406,437174399,437648745
turso,concurrent,32,3,29,12582999836,0,0,7514,561921,90917919,91487354
turso,concurrent,32,3,29,12674487471,0,0,6712,484214,94696680,95187606
turso,concurrent,32,3,29,12769675327,0,0,6222,478182,12382094,12866498
turso,concurrent,32,3,29,12782542045,0,0,5270,411777,180987820,181404867
turso,concurrent,32,3,29,12963947142,0,0,5741,522286,161530937,162058964
turso,concurrent,32,3,29,13126006396,0,0,6732,671067,593960823,594638622
turso,concurrent,32,3,29,13720645751,0,0,9287,5117717,65940200,71067204
turso,concurrent,32,3,29,13791713175,0,0,6101,641631,280222792,280870524
turso,concurrent,32,3,29,14072583981,0,0,5721,490916,571881043,572377680
turso,concurrent,32,3,29,14644961931,0,0,9348,6866866,269726248,276602462
turso,concurrent,32,3,29,14921564633,0,0,5390,459117,57812083,58276590
turso,concurrent,32,3,29,14979841443,0,0,5410,453215,44574236,45032861
turso,concurrent,32,3,29,15024874605,0,0,6011,438959,204357685,204802655
turso,concurrent,32,3,29,15229677551,0,0,5470,467212,537704606,538177288
turso,concurrent,32,3,29,15767855109,0,0,8506,7502576,617328436,624839518
turso,concurrent,32,3,29,16392694868,0,0,6933,569244,185735788,186311965
turso,concurrent,32,3,29,16579007164,0,0,6091,510734,42325953,42842778
turso,concurrent,32,3,29,16621850223,0,0,7244,9789291,173372059,183168594
turso,concurrent,32,3,29,16805019128,0,0,6682,540641,23490112,24037435
turso,concurrent,32,3,29,16829056854,0,0,5400,501637,47108707,47615744
turso,concurrent,32,3,29,16876672799,0,0,4869,481809,78439876,78926554
turso,concurrent,32,3,29,16955599663,0,0,6883,513299,72593373,73113555
turso,concurrent,32,3,29,17028713459,0,0,5811,525862,131756978,132288651
turso,concurrent,32,3,29,17161002351,0,0,6001,606655,120603813,121216469
turso,concurrent,32,3,29,17282219130,0,0,7424,788568,20815767,21611759
turso,concurrent,32,3,29,17303831129,0,0,4549,456160,153151777,153612486
turso,concurrent,32,3,29,17457443886,0,0,6131,515794,24111324,24633249
turso,concurrent,32,3,29,17482077456,0,0,4879,485536,60707557,61197972
turso,concurrent,32,3,29,17543275709,0,0,8015,736500,18994640,19739155
turso,concurrent,32,3,29,17563015124,0,0,4869,478684,108549929,109033482
turso,concurrent,32,3,29,17672048916,0,0,5741,500044,549340391,549846176
turso,concurrent,32,3,29,18221895392,0,0,9838,17025024,762652813,779687675
turso,concurrent,32,3,29,19001583369,0,0,8175,8987909,23997310,32993394
turso,concurrent,32,3,29,19034577084,0,0,6181,438869,75997927,76442977
turso,concurrent,32,3,29,19111020402,0,0,6552,473544,46461817,46941913
turso,concurrent,32,3,29,19157962595,0,0,5651,660166,32727963,33393780
turso,concurrent,32,3,29,19191356635,0,0,5140,444479,143960854,144410473
turso,concurrent,32,3,29,19335767389,0,0,5611,525241,88713690,89244542
turso,concurrent,32,3,29,19425012202,0,0,5631,445550,158359534,158810715
turso,concurrent,32,3,29,19583823187,0,0,5561,446122,116110644,116562327
turso,concurrent,32,3,29,19700385825,0,0,6683,481538,59978532,60466753
turso,concurrent,32,3,29,19760852858,0,0,5460,471420,541902126,542379006
turso,concurrent,32,3,29,20303232165,0,0,10119,12893057,250537281,263440457
turso,concurrent,32,3,29,20566672882,0,0,7844,678370,60496289,61182503
turso,concurrent,32,3,29,20627855896,0,0,5891,528007,70234663,70768561
turso,concurrent,32,3,29,20698624727,0,0,5921,512487,5970456,6488864
turso,concurrent,32,3,29,20705113801,0,0,4479,492689,212490271,212987439
turso,concurrent,32,3,29,20918101540,0,0,7765,508980,83111070,83627815
turso,concurrent,32,3,29,21001729615,0,0,5500,468254,444466197,444939951
turso,concurrent,32,3,29,21446669857,0,0,9127,7913692,173853428,181776247
turso,concurrent,32,3,29,21628446375,0,0,5771,452143,81779978,82237892
turso,concurrent,32,3,29,21710684548,0,0,5571,508419,50808589,51322579
turso,concurrent,32,3,29,21762007347,0,0,5130,502027,69501480,70008637
turso,concurrent,32,3,29,21832016204,0,0,6723,534489,288593407,289134619
turso,concurrent,32,3,29,22121151143,0,0,6523,472431,45247145,45726099
turso,concurrent,32,3,29,22166877693,0,0,5610,466821,42654133,43126564
turso,concurrent,32,3,29,22210004528,0,0,5991,514311,71099454,71619756
turso,concurrent,32,3,29,22281624565,0,0,8286,789559,22093227,22891072
turso,concurrent,32,3,29,22304515888,0,0,5149,534930,149536795,150076874
turso,concurrent,32,3,29,22454593033,0,0,8786,6672671,337426719,344108176
turso,concurrent,32,3,29,22798701600,0,0,6712,532816,48880200,49419728
turso,concurrent,32,3,29,22848123141,0,0,5701,418500,59440606,59864807
turso,concurrent,32,3,29,22907988539,0,0,6102,455680,124369358,124831140
turso,concurrent,32,3,29,23032820109,0,0,7204,573833,291448644,292029681
turso,concurrent,32,3,29,23324850051,0,0,6452,468334,62687803,63162589
turso,concurrent,32,3,29,23388012981,0,0,5360,474696,17282539,17762595
turso,concurrent,32,3,29,23405775837,0,0,6021,522686,88787521,89316228
turso,concurrent,32,3,29,23495092315,0,0,6693,534298,327937073,328478064
turso,concurrent,32,3,29,23823570749,0,0,8797,9053994,197047272,206110063
turso,concurrent,32,3,29,24029681092,0,0,5791,628676,255417138,256051605
turso,concurrent,32,3,29,24285732968,0,0,5099,444729,473448814,473898642
turso,concurrent,32,3,29,24759631941,0,0,7454,24674928,29343588,54025970
turso,concurrent,32,3,29,24813658221,0,0,7334,524931,241533300,242065565
turso,concurrent,32,3,29,25055724127,0,0,5631,487850,152355855,152849336
turso,concurrent,32,3,29,25208573844,0,0,6502,473584,363527217,364007303
turso,concurrent,32,3,29,25572581468,0,0,6382,461420,111352818,111820620
turso,concurrent,32,3,29,25684402348,0,0,5150,441463,357000943,357447556
turso,concurrent,32,3,29,26041850264,0,0,7664,11169676,293999136,305176476
turso,concurrent,32,3,29,26347027162,0,0,7304,561469,562521933,563090706
turso,concurrent,32,3,29,26910118289,0,0,6412,479245,158410118,158895775
turso,concurrent,32,3,29,27069014395,0,0,7324,714387,191124326,191846037
turso,concurrent,32,3,29,27260860803,0,0,7925,9351856,1234809729,1244169510
turso,concurrent,32,3,29,28505030574,0,0,7113,6217372,94761231,100985716
turso,concurrent,32,3,29,28606016561,0,0,6201,587108,198068469,198661778
turso,concurrent,32,3,29,28804678679,0,0,7293,532515,240475805,241015613
turso,concurrent,32,3,29,29045694644,0,0,5891,463475,109523816,109993182
turso,concurrent,32,3,29,29155688137,0,0,5981,565567,157365217,157936765
turso,concurrent,32,3,29,29313625293,0,0,8236,916860,18815362,19740458
turso,concurrent,32,3,29,29333366231,0,0,14398,1094415,45267954,46376767
turso,concurrent,32,3,29,29379743449,0,0,16742,617004,582110835,582744581
turso,concurrent,32,3,29,29962488401,0,0,8345,9006394,73865504,82880243
turso,concurrent,32,3,29,30045368995,0,0,5671,449628,154194655,154649954
turso,concurrent,32,3,29,30200019209,0,0,5721,469426,995923874,996399021
turso,concurrent,32,3,29,31196418480,0,0,8065,10483993,130639579,141131637
turso,concurrent,32,3,29,31337550457,0,0,6061,641460,67641420,68288941
turso,concurrent,32,3,29,31405839630,0,0,6783,489453,92763683,93259919
turso,concurrent,32,3,29,31499099860,0,0,5670,470959,1221441405,1221918034
turso,concurrent,32,3,29,32721018165,0,0,7845,6496597,352413327,358917769
turso,concurrent,32,3,30,170,1,0,1905045,509692,412306487,414721224
turso,concurrent,32,3,30,414721764,1,0,6903,433558,53153784,53594245
turso,concurrent,32,3,30,468316390,1,0,5961,442265,70049664,70497890
turso,concurrent,32,3,30,538814551,1,0,4889,336375,82819238,83160502
turso,concurrent,32,3,30,621975304,1,0,5640,362364,40714152,41082156
turso,concurrent,32,3,30,663058112,1,0,7063,354819,182103415,182465297
turso,concurrent,32,3,30,845523689,1,0,6433,531542,12533540,13071515
turso,concurrent,32,3,30,858595434,1,0,6352,655337,93476337,94138026
turso,concurrent,32,3,30,952733740,1,0,5340,387361,89032302,89425003
turso,concurrent,32,3,30,1042159435,1,0,55304,2211433,4805938,7072675
turso,concurrent,32,3,30,1049232340,1,0,4609,439469,68045783,68489861
turso,concurrent,32,3,30,1117722542,1,0,6462,478062,79193468,79677992
turso,concurrent,32,3,30,1197400824,1,0,5851,699430,14255057,14960338
turso,concurrent,32,3,30,1212361483,1,0,4589,631802,8155218,8791609
turso,concurrent,32,3,30,1221153342,1,0,5260,455930,231230491,231691681
turso,concurrent,32,3,30,1452845374,1,0,7093,542604,38343098,38892795
turso,concurrent,32,3,30,1491738470,1,0,5410,447745,110672744,111125899
turso,concurrent,32,3,30,1602865241,1,0,6102,700632,564421347,565128081
turso,concurrent,32,3,30,2167993903,1,0,8586,3383344,108636362,112028292
turso,concurrent,32,3,30,2280022576,1,0,6502,521424,15753384,16281310
turso,concurrent,32,3,30,2296304127,1,0,5650,535681,32832541,33373872
turso,concurrent,32,3,30,2329678369,1,0,6593,433959,398344602,398785154
turso,concurrent,32,3,30,2728463924,1,0,6552,465218,327965096,328436866
turso,concurrent,32,3,30,3056901101,0,0,5761,518468,25576870,26101099
turso,concurrent,32,3,30,3083002501,0,0,5160,497077,242990961,243493198
turso,concurrent,32,3,30,3326496090,0,0,8727,3794780,157715708,161519215
turso,concurrent,32,3,30,3488015716,0,0,6292,530290,48241616,48778198
turso,concurrent,32,3,30,3536794194,0,0,4759,522286,18195312,18722357
turso,concurrent,32,3,30,3555516841,0,0,5370,514440,101889562,102409372
turso,concurrent,32,3,30,3657926485,0,0,5149,457213,63213095,63675457
turso,concurrent,32,3,30,3721602262,0,0,5040,482591,740378464,740866095
turso,concurrent,32,3,30,4462468788,0,0,9748,4997981,252514751,257522480
turso,concurrent,32,3,30,4719991659,0,0,7845,582479,262772566,263362890
turso,concurrent,32,3,30,4983365409,0,0,5210,462303,36869648,37337161
turso,concurrent,32,3,30,5020702830,0,0,5551,566769,310912600,311484920
turso,concurrent,32,3,30,5332188021,0,0,8035,3705382,45235152,48948569
turso,concurrent,32,3,30,5381136971,0,0,6953,503701,166032400,166543054
turso,concurrent,32,3,30,5547680406,0,0,6162,538796,130323854,130868812
turso,concurrent,32,3,30,5678549508,0,0,5951,567151,100897169,101470271
turso,concurrent,32,3,30,5780020029,0,0,5730,470819,63599303,64075852
turso,concurrent,32,3,30,5844096133,0,0,4959,427837,35018886,35451682
turso,concurrent,32,3,30,5879548236,0,0,7624,546331,608637838,609191793
turso,concurrent,32,3,30,6488740419,0,0,8376,816511,160043801,160868688
turso,concurrent,32,3,30,6649609408,0,0,5650,526644,1151060416,1151592710
turso,concurrent,32,3,30,7801202519,0,0,9207,6145786,27149908,33304901
turso,concurrent,32,3,30,7834507801,0,0,6953,518258,449790354,450315565
turso,concurrent,32,3,30,8284823797,0,0,7614,637854,114218695,114864163
turso,concurrent,32,3,30,8399688231,0,0,5199,473504,154673327,155152030
turso,concurrent,32,3,30,8554840522,0,0,5520,517417,92489114,93012051
turso,concurrent,32,3,30,8647852804,0,0,6953,7296618,136280242,143583813
turso,concurrent,32,3,30,8791437008,0,0,6592,487120,41567061,42060773
turso,concurrent,32,3,30,8833498051,0,0,6653,510684,239678140,240195477
turso,concurrent,32,3,30,9073693828,0,0,5040,461871,120875055,121341966
turso,concurrent,32,3,30,9195036085,0,0,5640,687588,39933098,40626326
turso,concurrent,32,3,30,9235662812,0,0,7013,544418,86410665,86962096
turso,concurrent,32,3,30,9322625318,0,0,5912,669403,142510778,143186093
turso,concurrent,32,3,30,9465811802,0,0,5481,595804,10085389,10686674
turso,concurrent,32,3,30,9476498677,0,0,4398,558484,256959979,257522861
turso,concurrent,32,3,30,9734021908,0,0,6302,589713,410405389,411001404
turso,concurrent,32,3,30,10145023723,0,0,9348,6431616,333855520,340296484
turso,concurrent,32,3,30,10485320578,0,0,6552,578021,270778472,271363045
turso,concurrent,32,3,30,10756684054,0,0,7404,704319,86494664,87206387
turso,concurrent,32,3,30,10843891032,0,0,15199,585374,239962868,240563441
turso,concurrent,32,3,30,11084454833,0,0,7534,14057334,170501723,184566591
turso,concurrent,32,3,30,11269021726,0,0,6061,418340,44911152,45335553
turso,concurrent,32,3,30,11314369321,0,0,5510,530361,20415431,20951302
turso,concurrent,32,3,30,11335320904,0,0,10470,499032,27169855,27679357
turso,concurrent,32,3,30,11363000482,0,0,5079,481729,67192614,67679422
turso,concurrent,32,3,30,11430680144,0,0,5290,446032,116399520,116850842
turso,concurrent,32,3,30,11547531236,0,0,5770,526294,109818151,110350215
turso,concurrent,32,3,30,11657881723,0,0,5821,636972,533168697,533811490
turso,concurrent,32,3,30,12191693614,0,0,9067,18015102,380856675,398880844
turso,concurrent,32,3,30,12590574699,0,0,6302,689831,459033976,459730109
turso,concurrent,32,3,30,13050305158,0,0,5461,561389,245689483,246256333
turso,concurrent,32,3,30,13296561771,0,0,6832,6301340,228797560,235105732
turso,concurrent,32,3,30,13531667895,0,0,7775,551200,25778050,26337025
turso,concurrent,32,3,30,13558005150,0,0,4979,419993,359440526,359865498
turso,concurrent,32,3,30,13917871018,0,0,6232,468644,166342606,166817482
turso,concurrent,32,3,30,14084688771,0,0,5560,468254,358126036,358599850
turso,concurrent,32,3,30,14443288841,0,0,7184,566549,467058095,467631828
turso,concurrent,32,3,30,14910921050,0,0,6743,578481,275073216,275658440
turso,concurrent,32,3,30,15186579801,0,0,5019,564035,13856856,14425910
turso,concurrent,32,3,30,15201006001,0,0,5300,496677,429229328,429731305
turso,concurrent,32,3,30,15630737667,0,0,9017,3618899,51194536,54822452
turso,concurrent,32,3,30,15685560480,0,0,6562,508009,25763292,26277863
turso,concurrent,32,3,30,15711838624,0,0,5450,479404,163371841,163856695
turso,concurrent,32,3,30,15875695620,0,0,5139,465268,208514719,208985126
turso,concurrent,32,3,30,16084680977,0,0,5681,507978,49601351,50115010
turso,concurrent,32,3,30,16134796287,0,0,5070,468254,195740866,196214190
turso,concurrent,32,3,30,16331010738,0,0,5200,461891,125249810,125716901
turso,concurrent,32,3,30,16456727909,0,0,4779,496808,200805272,201306859
turso,concurrent,32,3,30,16658035370,0,0,27451,7412156,14516671,21956278
turso,concurrent,32,3,30,16679992059,0,0,15589,583682,232898317,233497588
turso,concurrent,32,3,30,16913490018,0,0,6903,517757,98844496,99369156
turso,concurrent,32,3,30,17012859575,0,0,7183,632514,372004202,372643899
turso,concurrent,32,3,30,17385503784,0,0,6092,500073,49167864,49674029
turso,concurrent,32,3,30,17435178113,0,0,5881,523959,364914695,365444535
turso,concurrent,32,3,30,17800623069,0,0,7153,9468105,31619832,41095090
turso,concurrent,32,3,30,17841718450,0,0,5581,510513,63935528,64451622
turso,concurrent,32,3,30,17906170402,0,0,6983,718356,251679034,252404373
turso,concurrent,32,3,30,18158575035,0,0,5461,540069,46722599,47268129
turso,concurrent,32,3,30,18205843404,0,0,5391,558113,8737867,9301371
turso,concurrent,32,3,30,18215144955,0,0,4940,527164,9794642,10326746
turso,concurrent,32,3,30,18225471941,0,0,5070,630680,41722034,42357784
turso,concurrent,32,3,30,18267830346,0,0,6242,582639,29433336,30022217
turso,concurrent,32,3,30,18297852884,0,0,5971,629829,30826175,31461975
turso,concurrent,32,3,30,18329315119,0,0,6462,705381,230651219,231363062
turso,concurrent,32,3,30,18560678441,0,0,6071,639026,212361858,213006955
turso,concurrent,32,3,30,18773685677,0,0,5320,455599,174053366,174514285
turso,concurrent,32,3,30,18948200252,0,0,8015,21548920,145540776,167097711
turso,concurrent,32,3,30,19115298324,0,0,6171,474045,50781828,51262044
turso,concurrent,32,3,30,19166560669,0,0,7654,990419,229278327,230276400
turso,concurrent,32,3,30,19396837340,0,0,5650,767589,65947764,66721003
turso,concurrent,32,3,30,19463558694,0,0,5380,527886,125111769,125645035
turso,concurrent,32,3,30,19589204030,0,0,5049,475728,74863417,75344194
turso,concurrent,32,3,30,19664548485,0,0,6081,561790,89937671,90505542
turso,concurrent,32,3,30,19755054307,0,0,5931,495525,29196249,29697705
turso,concurrent,32,3,30,19784752283,0,0,5310,619779,84638963,85264052
turso,concurrent,32,3,30,19870016635,0,0,5961,550258,200275513,200831732
turso,concurrent,32,3,30,20070848638,0,0,8236,8451066,109570354,118029656
turso,concurrent,32,3,30,20188878615,0,0,6662,557973,28280883,28845518
turso,concurrent,32,3,30,20217724413,0,0,4197,510393,32676025,33190615
turso,concurrent,32,3,30,20250915420,0,0,7645,470898,256460096,256938639
turso,concurrent,32,3,30,20507854369,0,0,7023,679122,23827159,24513304
turso,concurrent,32,3,30,20532367923,0,0,5611,517677,69656572,70179860
turso,concurrent,32,3,30,20602548164,0,0,6762,563854,250378511,250949127
turso,concurrent,32,3,30,20853497571,0,0,4969,519550,96981721,97506240
turso,concurrent,32,3,30,20951004113,0,0,5200,494914,85348681,85848795
turso,concurrent,32,3,30,21036853189,0,0,5260,438026,295724563,296167849
turso,concurrent,32,3,30,21333027620,0,0,9308,847699,31820241,32677248
turso,concurrent,32,3,30,21365705188,0,0,7144,488401,271537245,272032790
turso,concurrent,32,3,30,21637738248,0,0,5771,541922,403566556,404114249
turso,concurrent,32,3,30,22041852778,0,0,6201,573673,40506390,41086264
turso,concurrent,32,3,30,22082939292,0,0,6372,591576,33958334,34556282
turso,concurrent,32,3,30,22117495806,0,0,5310,480737,21669828,22155875
turso,concurrent,32,3,30,22139651991,0,0,6712,684271,122055923,122746906
turso,concurrent,32,3,30,22262399289,0,0,6402,529990,58504500,59040892
turso,concurrent,32,3,30,22321440462,0,0,5610,499263,333595039,334099912
turso,concurrent,32,3,30,22655540684,0,0,7765,3433709,5313656,8755130
turso,concurrent,32,3,30,22664296085,0,0,4628,542274,176170159,176717061
turso,concurrent,32,3,30,22841013486,0,0,5139,471189,18099932,18576260
turso,concurrent,32,3,30,22859590008,0,0,5300,576668,103973895,104555863
turso,concurrent,32,3,30,22964146131,0,0,5801,643925,21762563,22412289
turso,concurrent,32,3,30,22986558721,0,0,5169,481369,21814380,22300918
turso,concurrent,32,3,30,23008859850,0,0,4739,477401,86844153,87326293
turso,concurrent,32,3,30,23096186423,0,0,5911,602447,57265081,57873439
turso,concurrent,32,3,30,23154060183,0,0,7455,508880,127441335,127957670
turso,concurrent,32,3,30,23282018153,0,0,6422,518879,99377131,99902432
turso,concurrent,32,3,30,23381920865,0,0,6101,543285,29378523,29927909
turso,concurrent,32,3,30,23411849126,0,0,4689,544948,14264686,14814323
turso,concurrent,32,3,30,23426663790,0,0,5661,529088,231319849,231854598
turso,concurrent,32,3,30,23658518678,0,0,8566,3351353,265818915,269178834
turso,concurrent,32,3,30,23927697743,0,0,4990,513940,196454763,196973693
turso,concurrent,32,3,30,24124671717,0,0,5079,506476,35020909,35532464
turso,concurrent,32,3,30,24160204432,0,0,4959,484394,16513630,17002983
turso,concurrent,32,3,30,24177207715,0,0,6342,602647,80893375,81502364
turso,concurrent,32,3,30,24258710359,0,0,5671,506927,271290789,271803387
turso,concurrent,32,3,30,24530514056,0,0,6052,714347,107608644,108329043
turso,concurrent,32,3,30,24638843389,0,0,5952,531643,449687710,450225305
turso,concurrent,32,3,30,25089068994,0,0,7214,5275474,176494511,181777199
turso,concurrent,32,3,30,25270846524,0,0,6352,701544,134787165,135495061
turso,concurrent,32,3,30,25406341826,0,0,6001,703137,39480033,40189171
turso,concurrent,32,3,30,25446531248,0,0,6291,763190,281511425,282280906
turso,concurrent,32,3,30,25728812434,0,0,5851,741870,404779364,405527085
turso,concurrent,32,3,30,26134339829,0,0,10209,8425308,174059606,182495123
turso,concurrent,32,3,30,26316835274,0,0,6993,773379,113929801,114710173
turso,concurrent,32,3,30,26431545717,0,0,8596,572120,167360657,167941373
turso,concurrent,32,3,30,26599487330,0,0,6633,742621,175782819,176532073
turso,concurrent,32,3,30,26776019633,0,0,5450,569415,126316953,126891818
turso,concurrent,32,3,30,26902911731,0,0,5430,462874,66573205,67041509
turso,concurrent,32,3,30,26969953530,0,0,5010,462262,374308209,374775481
turso,concurrent,32,3,30,27344737597,0,0,8146,3827632,239220817,243056595
turso,concurrent,32,3,30,27587794423,0,0,5691,537434,75599316,76142441
turso,concurrent,32,3,30,27663937104,0,0,5530,552753,252306268,252864551
turso,concurrent,32,3,30,27916801916,0,0,5130,527485,522834518,523367133
turso,concurrent,32,3,30,28440169369,0,0,9007,10975710,17482968,28467685
turso,concurrent,32,3,30,28468637284,0,0,6252,748032,221253045,222007329
turso,concurrent,32,3,30,28690644843,0,0,5761,582619,598289121,598877501
turso,concurrent,32,3,30,29289522615,0,0,5460,584944,300253498,300843902
turso,concurrent,32,3,30,29590366807,0,0,8596,15009671,27388108,42406375
turso,concurrent,32,3,30,29632773453,0,0,6392,715510,9547204,10269106
turso,concurrent,32,3,30,29643042870,0,0,4148,535781,190256768,190796697
turso,concurrent,32,3,30,29833839838,0,0,5430,525331,91244907,91775668
turso,concurrent,32,3,30,29925615757,0,0,5410,562361,375756552,376324323
turso,concurrent,32,3,30,30301940350,0,0,6181,553254,534478890,535038325
turso,concurrent,32,3,30,30836979077,0,0,14427,3620852,145243304,148878583
turso,concurrent,32,3,30,30985857921,0,0,5109,466992,98158692,98630793
turso,concurrent,32,3,30,31084489015,0,0,8926,542464,59642588,60193978
turso,concurrent,32,3,30,31144683243,0,0,5360,631211,444884567,445521138
turso,concurrent,32,3,30,31590204682,0,0,6983,529188,35802405,36338576
turso,concurrent,32,3,30,31626543588,0,0,7585,587007,33030515,33625107
turso,concurrent,32,3,30,31660168985,0,0,6653,535540,104301623,104843816
turso,concurrent,32,3,30,31765013052,0,0,4969,479385,69515546,69999900
turso,concurrent,32,3,30,31835013222,0,0,5249,471941,74882563,75359753
turso,concurrent,32,3,30,31910373287,0,0,5620,485436,35869972,36361028
turso,concurrent,32,3,30,31946734576,0,0,5640,558765,407247881,407812286
turso,concurrent,32,3,30,32354547113,0,0,7224,8655561,339798885,348461670
turso,concurrent,32,3,30,32703009054,0,0,5901,525031,340478477,341009409
turso,concurrent,32,3,31,150744,1,0,5269713,640258,214667769,220577740
turso,concurrent,32,3,31,220728886,1,0,5861,380328,211893714,212279903
turso,concurrent,32,3,31,433009060,1,0,7815,520351,179838872,180367038
turso,concurrent,32,3,31,613376409,1,0,4999,411296,97296876,97713171
turso,concurrent,32,3,31,711089861,1,0,6613,572129,71568320,72147062
turso,concurrent,32,3,31,783237403,1,0,5209,361382,152675398,153041989
turso,concurrent,32,3,31,936279684,1,0,4949,432316,282090597,282527862
turso,concurrent,32,3,31,1218807866,1,0,65223,9384166,89322149,98771538
turso,concurrent,32,3,31,1317579655,1,0,4930,389074,44870164,45264168
turso,concurrent,32,3,31,1362844885,1,0,8236,492829,17043970,17545035
turso,concurrent,32,3,31,1380390210,1,0,5671,499983,201155354,201661008
turso,concurrent,32,3,31,1582051478,1,0,5150,497900,429653267,430156317
turso,concurrent,32,3,31,2012208046,1,0,5971,573883,270708811,271288665
turso,concurrent,32,3,31,2283497132,1,0,8806,7006811,195369957,202385574
turso,concurrent,32,3,31,2485883027,1,0,7203,557622,685896184,686461009
turso,concurrent,32,3,31,3172344497,0,0,12193,13620430,253711599,267344222
turso,concurrent,32,3,31,3439688990,0,0,5450,501516,214128733,214635699
turso,concurrent,32,3,31,3654325460,0,0,6342,458655,165741663,166206660
turso,concurrent,32,3,31,3820532380,0,0,5070,508108,55806660,56319838
turso,concurrent,32,3,31,3876852478,0,0,5590,567080,310320333,310893003
turso,concurrent,32,3,31,4187745903,0,0,6853,500444,66685066,67192363
turso,concurrent,32,3,31,4254938566,0,0,8035,11427272,165298186,176733493
turso,concurrent,32,3,31,4431672379,0,0,5801,433358,147176502,147615661
turso,concurrent,32,3,31,4579288280,0,0,5451,526142,50633158,51164751
turso,concurrent,32,3,31,4630453312,0,0,6993,591085,431803335,432401413
turso,concurrent,32,3,31,5062855006,0,0,6151,569104,596131089,596706344
turso,concurrent,32,3,31,5659561771,0,0,8726,6902865,88936121,95847712
turso,concurrent,32,3,31,5755409763,0,0,7194,747981,274760256,275515431
turso,concurrent,32,3,31,6030925414,0,0,6813,519370,225587954,226114137
turso,concurrent,32,3,31,6257039932,0,0,6502,459778,51899116,52365396
turso,concurrent,32,3,31,6309405659,0,0,6993,547293,152070667,152624953
turso,concurrent,32,3,31,6462030852,0,0,6563,2439102,80958427,83404092
turso,concurrent,32,3,31,6545435245,0,0,4939,482491,78705707,79193137
turso,concurrent,32,3,31,6624637779,0,0,5861,499884,61865171,62370916
turso,concurrent,32,3,31,6687008995,0,0,5209,505494,176489622,177000325
turso,concurrent,32,3,31,6864009602,0,0,5120,484454,63340394,63829968
turso,concurrent,32,3,31,6927839801,0,0,5440,709238,15385050,16099728
turso,concurrent,32,3,31,6943939819,0,0,6242,506336,33379352,33891930
turso,concurrent,32,3,31,6977831979,0,0,5511,535410,38696214,39237135
turso,concurrent,32,3,31,7017069545,0,0,7585,544798,26228680,26781063
turso,concurrent,32,3,31,7043850848,0,0,5160,518989,13685543,14209692
turso,concurrent,32,3,31,7058060810,0,0,5360,452595,111639077,112097032
turso,concurrent,32,3,31,7170158113,0,0,6943,577019,153674653,154258615
turso,concurrent,32,3,31,7324417009,0,0,5099,436504,70951927,71393530
turso,concurrent,32,3,31,7395810759,0,0,5751,622404,115300978,115929133
turso,concurrent,32,3,31,7511740172,0,0,7284,7520661,277578022,285105967
turso,concurrent,32,3,31,7796846429,0,0,9308,4302899,216449852,220762059
turso,concurrent,32,3,31,8017608748,0,0,6041,557472,212179775,212743288
turso,concurrent,32,3,31,8230352276,0,0,5841,618778,365824852,366449471
turso,concurrent,32,3,31,8596802288,0,0,14097,541091,394502703,395057891
turso,concurrent,32,3,31,8991860560,0,0,8776,5868674,344278557,350156007
turso,concurrent,32,3,31,9342016808,0,0,5661,677518,192597936,193281115
turso,concurrent,32,3,31,9535298213,0,0,11401,689080,260264564,260965045
turso,concurrent,32,3,31,9796263750,0,0,16071,4419910,171214509,175650490
turso,concurrent,32,3,31,9971914560,0,0,6863,987573,43107148,44101584
turso,concurrent,32,3,31,10016016514,0,0,6513,477310,101017767,101501590
turso,concurrent,32,3,31,10117518505,0,0,7654,571358,248600827,249179839
turso,concurrent,32,3,31,10366698644,0,0,6964,981722,466830987,467819673
turso,concurrent,32,3,31,10834518587,0,0,5149,490055,21575941,22071145
turso,concurrent,32,3,31,10856590043,0,0,5671,536973,52140232,52682876
turso,concurrent,32,3,31,10909273149,0,0,7605,6129094,105400567,111537266
turso,concurrent,32,3,31,11020810666,0,0,6723,7064389,230947206,238018318
turso,concurrent,32,3,31,11258829375,0,0,6432,498921,36501764,37007117
turso,concurrent,32,3,31,11295836743,0,0,5330,490676,101686338,102182344
turso,concurrent,32,3,31,11398019398,0,0,7404,816771,88736513,89560688
turso,concurrent,32,3,31,11487582240,0,0,5219,467923,28092708,28565850
turso,concurrent,32,3,31,11516148361,0,0,4809,501356,77646769,78152934
turso,concurrent,32,3,31,11594301586,0,0,5510,550659,97358443,97914612
turso,concurrent,32,3,31,11692216418,0,0,5470,568323,110232643,110806436
turso,concurrent,32,3,31,11803023265,0,0,8065,613188,178318793,178940046
turso,concurrent,32,3,31,11981963772,0,0,14437,578011,436235968,436828416
turso,concurrent,32,3,31,12418792539,0,0,8436,6900380,44034247,50943063
turso,concurrent,32,3,31,12469735902,0,0,6241,513940,140131269,140651450
turso,concurrent,32,3,31,12610387753,0,0,7615,575556,35975721,36558892
turso,concurrent,32,3,31,12646946946,0,0,5350,505444,13769932,14280726
turso,concurrent,32,3,31,12661227902,0,0,5140,554967,244043447,244603554
turso,concurrent,32,3,31,12905831726,0,0,6011,522927,284511625,285040563
turso,concurrent,32,3,31,13190872610,0,0,7925,8847164,262988754,271843843
turso,concurrent,32,3,31,13462716924,0,0,5861,512868,186714054,187232783
turso,concurrent,32,3,31,13649950097,0,0,6322,493722,183876440,184376484
turso,concurrent,32,3,31,13834326812,0,0,5881,447514,86961595,87414990
turso,concurrent,32,3,31,13921742112,0,0,11141,616624,66667613,67295378
turso,concurrent,32,3,31,13989037801,0,0,4759,534949,78897379,79437087
turso,concurrent,32,3,31,14068475118,0,0,5931,538126,228011637,228555694
turso,concurrent,32,3,31,14297031072,0,0,8005,3603459,128276060,131887524
turso,concurrent,32,3,31,14428918977,0,0,9007,3402460,503287415,506698882
turso,concurrent,32,3,31,14935618170,0,0,5921,532325,200598672,201136918
turso,concurrent,32,3,31,15136755359,0,0,6803,732321,220607778,221346902
turso,concurrent,32,3,31,15358102501,0,0,5661,541922,136002549,136550132
turso,concurrent,32,3,31,15494653003,0,0,13014,3872457,192710649,196596120
turso,concurrent,32,3,31,15691249404,0,0,5260,489284,426163943,426658487
turso,concurrent,32,3,31,16117908302,0,0,8897,502969,473738140,474250006
turso,concurrent,32,3,31,16592158679,0,0,9217,9512759,616666057,626188033
turso,concurrent,32,3,31,17218347122,0,0,8316,3338790,51338078,54685184
turso,concurrent,32,3,31,17273032566,0,0,6042,587518,21286124,21879684
turso,concurrent,32,3,31,17294912531,0,0,5069,508570,153143642,153657281
turso,concurrent,32,3,31,17448570192,0,0,7294,576889,60536724,61120907
turso,concurrent,32,3,31,17509691359,0,0,5581,551831,177227846,177785258
turso,concurrent,32,3,31,17687476947,0,0,5270,442295,66895462,67343027
turso,concurrent,32,3,31,17754820235,0,0,5650,453065,15223755,15682470
turso,concurrent,32,3,31,17770502986,0,0,5330,484234,58583379,59072943
turso,concurrent,32,3,31,17829576249,0,0,7605,10612053,492066373,502686031
turso,concurrent,32,3,31,18332262691,0,0,6332,537354,173126697,173670383
turso,concurrent,32,3,31,18505933334,0,0,5981,518639,104910923,105435543
turso,concurrent,32,3,31,18611369197,0,0,10510,740878,8030473,8781861
turso,concurrent,32,3,31,18620151318,0,0,4939,641170,231897940,232544049
turso,concurrent,32,3,31,18852695758,0,0,7564,561740,200409265,200978569
turso,concurrent,32,3,31,19053674568,0,0,6332,567270,16424371,16997973
turso,concurrent,32,3,31,19070672831,0,0,5270,516625,361586024,362107919
turso,concurrent,32,3,31,19432781091,0,0,6993,557232,25770244,26334469
turso,concurrent,32,3,31,19459115861,0,0,5530,503951,157083466,157592947
turso,concurrent,32,3,31,19616709068,0,0,5461,487990,165023938,165517389
turso,concurrent,32,3,31,19782226708,0,0,6171,652852,260651324,261310347
turso,concurrent,32,3,31,20043537356,0,0,7023,2716175,27596662,30319860
turso,concurrent,32,3,31,20073857566,0,0,7003,586737,66566281,67160021
turso,concurrent,32,3,31,20141017988,0,0,6382,615311,171115152,171736845
turso,concurrent,32,3,31,20312755083,0,0,5651,528207,83388422,83922280
turso,concurrent,32,3,31,20396677654,0,0,5330,630279,295541457,296177066
turso,concurrent,32,3,31,20692855111,0,0,6773,551540,359432280,359990593
turso,concurrent,32,3,31,21052846095,0,0,7154,522486,224471738,225001378
turso,concurrent,32,3,31,21277848034,0,0,15449,7655415,274805751,282476615
turso,concurrent,32,3,31,21560324990,0,0,5841,541822,147029986,147577649
turso,concurrent,32,3,31,21707902939,0,0,5791,510604,30517632,31034027
turso,concurrent,32,3,31,21738937277,0,0,6432,494293,128246734,128747459
turso,concurrent,32,3,31,21867684966,0,0,4067,508029,126062903,126574999
turso,concurrent,32,3,31,21994260247,0,0,5560,499934,65782433,66287927
turso,concurrent,32,3,31,22060548464,0,0,4909,497710,159530812,160033431
turso,concurrent,32,3,31,22220582366,0,0,7344,616423,230987753,231611520
turso,concurrent,32,3,31,22452194257,0,0,8456,505494,162382173,162896123
turso,concurrent,32,3,31,22615096401,0,0,6262,510253,88055699,88572214
turso,concurrent,32,3,31,22703668876,0,0,5560,525341,225109652,225640553
turso,concurrent,32,3,31,22929309689,0,0,5610,459547,195163006,195628163
turso,concurrent,32,3,31,23124938094,0,0,5650,557863,85181827,85745340
turso,concurrent,32,3,31,23210683684,0,0,4899,466771,54178959,54650629
turso,concurrent,32,3,31,23265334563,0,0,5571,475928,29196650,29678149
turso,concurrent,32,3,31,23295012952,0,0,5390,561600,558289447,558856437
turso,concurrent,32,3,31,23853869669,0,0,8546,5670219,86471320,92150085
turso,concurrent,32,3,31,23946020255,0,0,6693,503109,122373443,122883245
turso,concurrent,32,3,31,24068903730,0,0,6031,742902,162457596,163206529
turso,concurrent,32,3,31,24232110579,0,0,7164,519901,72074054,72601119
turso,concurrent,32,3,31,24304711938,0,0,5410,573112,176891069,177469591
turso,concurrent,32,3,31,24482181850,0,0,6843,607566,57682048,58296457
turso,concurrent,32,3,31,24540478598,0,0,4639,445520,110962692,111412851
turso,concurrent,32,3,31,24651891690,0,0,4418,485747,33312706,33802871
turso,concurrent,32,3,31,24685694771,0,0,6212,579313,153736521,154322046
turso,concurrent,32,3,31,24840017127,0,0,8396,7600200,123183581,130792177
turso,concurrent,32,3,31,24970809685,0,0,6102,621763,75085005,75712870
turso,concurrent,32,3,31,25046522816,0,0,5290,482079,87388120,87875489
turso,concurrent,32,3,31,25134398575,0,0,5941,593871,62120293,62720105
turso,concurrent,32,3,31,25197118960,0,0,6673,654996,159232279,159893948
turso,concurrent,32,3,31,25357013189,0,0,7083,588731,10097723,10693537
turso,concurrent,32,3,31,25367706946,0,0,5490,569054,189470405,190044949
turso,concurrent,32,3,31,25557752226,0,0,6762,815930,166619268,167441960
turso,concurrent,32,3,31,25725194427,0,0,6102,552132,18092799,18651033
turso,concurrent,32,3,31,25743845720,0,0,5280,529359,96568642,97103281
turso,concurrent,32,3,31,25840949552,0,0,13555,511345,530865913,531390813
turso,concurrent,32,3,31,26372340785,0,0,8256,5527880,67139223,72675359
turso,concurrent,32,3,31,26445016414,0,0,7013,635128,48883296,49525437
turso,concurrent,32,3,31,26494542193,0,0,6512,862888,314089736,314959136
turso,concurrent,32,3,31,26809501589,0,0,6272,638785,38391359,39036416
turso,concurrent,32,3,31,26848538256,0,0,5460,518579,464337402,464861441
turso,concurrent,32,3,31,27313399967,0,0,7064,8426079,160343316,168776459
turso,concurrent,32,3,31,27482176646,0,0,5401,562601,11630214,12198216
turso,concurrent,32,3,31,27494375163,0,0,5260,573582,39197000,39775842
turso,concurrent,32,3,31,27534151255,0,0,5300,485687,204192624,204683611
turso,concurrent,32,3,31,27738835146,0,0,7404,580606,58587757,59175767
turso,concurrent,32,3,31,27798011193,0,0,5841,496878,331078791,331581510
turso,concurrent,32,3,31,28129593044,0,0,5661,497809,29865292,30368762
turso,concurrent,32,3,31,28159962066,0,0,5150,499702,231381677,231886529
turso,concurrent,32,3,31,28391848906,0,0,9117,6497049,404656912,411163078
turso,concurrent,32,3,31,28803012285,0,0,6252,489013,44122633,44617898
turso,concurrent,32,3,31,28847634962,0,0,5500,467793,283420546,283893839
turso,concurrent,32,3,31,29131529042,0,0,5671,472591,232205250,232683512
turso,concurrent,32,3,31,29364213085,0,0,16081,571679,57216710,57804470
turso,concurrent,32,3,31,29422017866,0,0,7464,809096,74404672,75221232
turso,concurrent,32,3,31,29497239318,0,0,7204,12065265,15704963,27777432
turso,concurrent,32,3,31,29525017051,0,0,6883,561870,282985586,283554339
turso,concurrent,32,3,31,29808571901,0,0,6412,503129,79237661,79747202
turso,concurrent,32,3,31,29888319504,0,0,6903,497518,703491995,703996416
turso,concurrent,32,3,31,30592316341,0,0,16291,583781,257931542,258531614
turso,concurrent,32,3,31,30850848186,0,0,6993,8704334,2017152715,2025864042
turso,concurrent,32,3,31,32876712629,0,0,8707,3948049,172197143,176153899
