engine,mode,connections,run,connection,started_ns,warmup,restarts,begin_ns,work_ns,commit_ns,total_ns
turso,concurrent,32,2,0,41358,1,0,2431509,518939,612987773,615938221
turso,concurrent,32,2,0,615979890,1,0,5831,354529,43235046,43595406
turso,concurrent,32,2,0,659575557,1,0,6091,553966,41281229,41841286
turso,concurrent,32,2,0,701417163,1,0,5561,361262,158550767,158917590
turso,concurrent,32,2,0,860335034,1,0,6572,426826,147126688,147560086
turso,concurrent,32,2,0,1007895701,1,0,6943,359037,521954759,522320739
turso,concurrent,32,2,0,1530216691,1,0,50796,6295290,98281785,104627871
turso,concurrent,32,2,0,1634844802,1,0,5891,409142,7169161,7584194
turso,concurrent,32,2,0,1642429186,1,0,5039,457854,22154041,22616934
turso,concurrent,32,2,0,1665046651,1,0,5250,468645,126443262,126917157
turso,concurrent,32,2,0,1791963988,1,0,6953,573082,468042532,468622567
turso,concurrent,32,2,0,2260586745,1,0,8656,7379908,42609956,49998520
turso,concurrent,32,2,0,2310585507,1,0,6201,475488,313311843,313793532
turso,concurrent,32,2,0,2624379270,1,0,6442,485747,317546325,318038514
turso,concurrent,32,2,0,2942418044,1,0,6322,492299,152664960,153163581
turso,concurrent,32,2,0,3095581896,0,0,5881,437836,227413461,227857178
turso,concurrent,32,2,0,3323439324,0,0,8376,4429860,214345928,218784164
turso,concurrent,32,2,0,3542224320,0,0,6502,615792,242165973,242788267
turso,concurrent,32,2,0,3785012827,0,0,6112,633826,31391454,32031392
turso,concurrent,32,2,0,3817044389,0,0,5861,571559,168548607,169126027
turso,concurrent,32,2,0,3986170606,0,0,6101,420534,46166559,46593194
turso,concurrent,32,2,0,4032764000,0,0,5060,425683,139393844,139824587
turso,concurrent,32,2,0,4172588908,0,0,6041,473844,178176167,178656052
turso,concurrent,32,2,0,4351245250,0,0,8326,8268314,69731532,78008172
turso,concurrent,32,2,0,4429253623,0,0,5380,432676,88239512,88677568
turso,concurrent,32,2,0,4517931431,0,0,7043,818304,215703992,216529339
turso,concurrent,32,2,0,4734461011,0,0,6392,459477,327025004,327490873
turso,concurrent,32,2,0,5061952135,0,0,6522,435242,54856388,55298152
turso,concurrent,32,2,0,5117250488,0,0,5771,563183,582434260,583003214
turso,concurrent,32,2,0,5700254042,0,0,7895,5163876,126768977,131940748
turso,concurrent,32,2,0,5832194960,0,0,5411,451201,144934340,145390952
turso,concurrent,32,2,0,5977586203,0,0,7414,520081,14319034,14846529
turso,concurrent,32,2,0,5992432893,0,0,5500,564826,199426802,199997128
turso,concurrent,32,2,0,6192431604,0,0,6762,501617,360565654,361074033
turso,concurrent,32,2,0,6553505928,0,0,8025,10208116,239543683,249759824
turso,concurrent,32,2,0,6803266022,0,0,6202,599451,451569454,452175107
turso,concurrent,32,2,0,7255441329,0,0,6673,553324,310927423,311487420
turso,concurrent,32,2,0,7566928999,0,0,8746,3531515,69926300,73466561
turso,concurrent,32,2,0,7640395811,0,0,6372,696544,357336821,358039737
turso,concurrent,32,2,0,7998435789,0,0,6522,512267,114454216,114973005
turso,concurrent,32,2,0,8113409034,0,0,5902,476389,262172400,262654691
turso,concurrent,32,2,0,8376064005,0,0,5881,476910,175728487,176211278
turso,concurrent,32,2,0,8552275533,0,0,7043,584994,138725893,139317930
turso,concurrent,32,2,0,8691593925,0,0,7454,14799851,217130103,231937408
turso,concurrent,32,2,0,8923531554,0,0,6171,413861,141373279,141793311
turso,concurrent,32,2,0,9065325216,0,0,7424,508911,293740066,294256401
turso,concurrent,32,2,0,9359581928,0,0,7043,507408,168136559,168651010
turso,concurrent,32,2,0,9528233208,0,0,6382,439299,17327021,17772702
turso,concurrent,32,2,0,9546006140,0,0,5571,461200,38554403,39021174
turso,concurrent,32,2,0,9585027524,0,0,6793,541331,55968137,56516261
turso,concurrent,32,2,0,9641544066,0,0,6883,714779,369183899,369905561
turso,concurrent,32,2,0,10011449878,0,0,8917,5233547,213896159,219138623
turso,concurrent,32,2,0,10230588752,0,0,5851,471690,123919119,124396660
turso,concurrent,32,2,0,10354985642,0,0,5761,472662,235735446,236213869
turso,concurrent,32,2,0,10591199802,0,0,5951,574244,139154993,139735188
turso,concurrent,32,2,0,10730935220,0,0,5581,487380,4066314,4559275
turso,concurrent,32,2,0,10735494735,0,0,5040,480998,61176796,61662834
turso,concurrent,32,2,0,10797157850,0,0,4949,465178,96418608,96888735
turso,concurrent,32,2,0,10894046896,0,0,7374,494643,341268726,341770743
turso,concurrent,32,2,0,11235817869,0,0,9048,6522689,236640144,243171881
turso,concurrent,32,2,0,11478990021,0,0,6412,394033,66369517,66769962
turso,concurrent,32,2,0,11545760244,0,0,6031,504973,73360601,73871605
turso,concurrent,32,2,0,11619632040,0,0,4919,449679,13769406,14224004
turso,concurrent,32,2,0,11633856345,0,0,6943,573152,515922945,516503040
turso,concurrent,32,2,0,12150359626,0,0,7464,16122307,62773721,78903492
turso,concurrent,32,2,0,12229265292,0,0,8496,577991,119456005,120042492
turso,concurrent,32,2,0,12349308035,0,0,8055,762509,148450065,149220629
turso,concurrent,32,2,0,12498528925,0,0,6572,568152,87474117,88048841
turso,concurrent,32,2,0,12586577987,0,0,5230,468474,49373701,49847405
turso,concurrent,32,2,0,12636425683,0,0,6753,458365,55054783,55519901
turso,concurrent,32,2,0,12691945844,0,0,5350,489224,99804578,100299152
turso,concurrent,32,2,0,12792245547,0,0,7344,619659,4460558,5087561
turso,concurrent,32,2,0,12797333329,0,0,4999,490245,369761931,370257175
turso,concurrent,32,2,0,13167590814,0,0,10029,9675090,846315925,856001044
turso,concurrent,32,2,0,14023592189,0,0,7735,663221,490062791,490733747
turso,concurrent,32,2,0,14514326206,0,0,7514,6792980,157318272,164118766
turso,concurrent,32,2,0,14678445283,0,0,6121,436424,104205825,104648370
turso,concurrent,32,2,0,14783093943,0,0,6572,575397,606906906,607488875
turso,concurrent,32,2,0,15390583409,0,0,7664,15239952,33760225,49007841
turso,concurrent,32,2,0,15439591681,0,0,10580,465538,161507649,161983767
turso,concurrent,32,2,0,15601575748,0,0,5941,449449,257988533,258443923
turso,concurrent,32,2,0,15860019982,0,0,8055,646640,188075409,188730104
turso,concurrent,32,2,0,16048750357,0,0,7324,645548,74851705,75504577
turso,concurrent,32,2,0,16124255185,0,0,5661,480787,14358709,14845157
turso,concurrent,32,2,0,16139100562,0,0,5410,682318,53487074,54174802
turso,concurrent,32,2,0,16193275635,0,0,6162,540019,15769401,16315582
turso,concurrent,32,2,0,16209591567,0,0,5801,481719,27036556,27524076
turso,concurrent,32,2,0,16237115873,0,0,5801,553886,31757475,32317162
turso,concurrent,32,2,0,16269433245,0,0,5460,511766,336697609,337214835
turso,concurrent,32,2,0,16606648360,0,0,8466,6213767,57691770,63914003
turso,concurrent,32,2,0,16670562724,0,0,6062,466460,193286724,193759246
turso,concurrent,32,2,0,16864322220,0,0,6122,429380,43214908,43650410
turso,concurrent,32,2,0,16907972871,0,0,5230,409062,337204144,337618436
turso,concurrent,32,2,0,17245591568,0,0,6552,508450,208749306,209264308
turso,concurrent,32,2,0,17454856166,0,0,6182,468885,143194396,143669463
turso,concurrent,32,2,0,17598525910,0,0,6442,561510,141521639,142089591
turso,concurrent,32,2,0,17740615882,0,0,6783,5120133,167486732,172613648
turso,concurrent,32,2,0,17913229801,0,0,6312,471209,47538127,48015648
turso,concurrent,32,2,0,17961245700,0,0,5871,552132,403477260,404035263
turso,concurrent,32,2,0,18365281263,0,0,6783,479104,484440249,484926136
turso,concurrent,32,2,0,18850207660,0,0,8416,5931785,234248410,240188611
turso,concurrent,32,2,0,19090396691,0,0,6583,457543,17175395,17639521
turso,concurrent,32,2,0,19108036592,0,0,6603,456261,111440037,111902901
turso,concurrent,32,2,0,19219939724,0,0,5751,569735,108533923,109109409
turso,concurrent,32,2,0,19329049363,0,0,6603,564335,10959263,11530201
turso,concurrent,32,2,0,19340579944,0,0,6703,513709,56333537,56853949
turso,concurrent,32,2,0,19397434203,0,0,7424,617075,230182266,230806765
turso,concurrent,32,2,0,19628241248,0,0,6573,519260,283557780,284083613
turso,concurrent,32,2,0,19912325111,0,0,7314,576939,175376653,175960906
turso,concurrent,32,2,0,20088286407,0,0,9278,658302,24633931,25301511
turso,concurrent,32,2,0,20113588108,0,0,4990,747891,23249158,24002039
turso,concurrent,32,2,0,20137590437,0,0,6092,593640,359394184,359993916
turso,concurrent,32,2,0,20497584623,0,0,7334,664184,95550178,96221696
turso,concurrent,32,2,0,20593806600,0,0,6462,668742,214105064,214780268
turso,concurrent,32,2,0,20808587058,0,0,4970,452684,23857005,24314659
turso,concurrent,32,2,0,20832901937,0,0,5250,410785,293995880,294411915
turso,concurrent,32,2,0,21127314092,0,0,7655,3373867,765221408,768602930
turso,concurrent,32,2,0,21895917363,0,0,6983,477181,5880498,6364662
turso,concurrent,32,2,0,21902282255,0,0,4569,460389,140710769,141175727
turso,concurrent,32,2,0,22043458232,0,0,6072,498711,389614327,390119110
turso,concurrent,32,2,0,22433577702,0,0,8416,9428144,162181821,171618381
turso,concurrent,32,2,0,22605196343,0,0,7204,594381,678791583,679393168
turso,concurrent,32,2,0,23284589901,0,0,7264,520673,397086278,397614215
turso,concurrent,32,2,0,23682204497,0,0,9227,11640760,98217472,109867459
turso,concurrent,32,2,0,23792072257,0,0,6532,690483,39164745,39861760
turso,concurrent,32,2,0,23831934277,0,0,5881,523158,47426577,47955616
turso,concurrent,32,2,0,23879890123,0,0,6482,500845,146916191,147423518
turso,concurrent,32,2,0,24027313881,0,0,6011,489905,100639153,101135069
turso,concurrent,32,2,0,24128449251,0,0,6021,467362,351664846,352138229
turso,concurrent,32,2,0,24480588973,0,0,7474,531173,308200497,308739144
turso,concurrent,32,2,0,24789328347,0,0,8086,2624884,12618113,15251083
turso,concurrent,32,2,0,24804579691,0,0,5039,494564,125506274,126005877
turso,concurrent,32,2,0,24930585768,0,0,6783,513108,29005041,29524932
turso,concurrent,32,2,0,24960110950,0,0,5410,548054,191259108,191812572
turso,concurrent,32,2,0,25151923783,0,0,7323,602137,205628867,206238327
turso,concurrent,32,2,0,25358162270,0,0,6162,618517,310250706,310875385
turso,concurrent,32,2,0,25669038206,0,0,15840,522917,155777885,156316642
turso,concurrent,32,2,0,25825355068,0,0,8727,9537540,63523075,73069342
turso,concurrent,32,2,0,25898424600,0,0,5200,406627,166894205,167306032
turso,concurrent,32,2,0,26065730852,0,0,5821,424882,130407604,130838307
turso,concurrent,32,2,0,26196569409,0,0,5320,442595,45223369,45671284
turso,concurrent,32,2,0,26242240924,0,0,5901,561219,92842940,93410060
turso,concurrent,32,2,0,26335651234,0,0,5721,478343,113394756,113878820
turso,concurrent,32,2,0,26449530285,0,0,6642,716563,50340796,51064001
turso,concurrent,32,2,0,26500594577,0,0,6653,559075,173762746,174328474
turso,concurrent,32,2,0,26674923312,0,0,7143,457454,112680438,113145035
turso,concurrent,32,2,0,26788068557,0,0,5991,445991,436853801,437305783
turso,concurrent,32,2,0,27225374551,0,0,7895,6539703,31862743,38410341
turso,concurrent,32,2,0,27263785163,0,0,5350,547653,119921284,120474287
turso,concurrent,32,2,0,27384259771,0,0,6812,552854,259762702,260322368
turso,concurrent,32,2,0,27644582369,0,0,6984,460789,605700660,606168433
turso,concurrent,32,2,0,28250751123,0,0,7564,5122548,212704620,217834732
turso,concurrent,32,2,0,28468586076,0,0,7354,554065,344064663,344626082
turso,concurrent,32,2,0,28813212438,0,0,6393,440391,190423199,190869983
turso,concurrent,32,2,0,29004082692,0,0,6512,557933,46578226,47142671
turso,concurrent,32,2,0,29051225593,0,0,5841,453146,108746553,109205540
turso,concurrent,32,2,0,29160431364,0,0,7143,624008,37210506,37841657
turso,concurrent,32,2,0,29198273232,0,0,6452,703417,22309865,23019734
turso,concurrent,32,2,0,29221293176,0,0,4208,496487,283144580,283645275
turso,concurrent,32,2,0,29504938742,0,0,7915,2134839,71159176,73301930
turso,concurrent,32,2,0,29578240903,0,0,6572,741179,47812365,48560116
turso,concurrent,32,2,0,29626801199,0,0,5941,528919,57921082,58455942
turso,concurrent,32,2,0,29685257372,0,0,5089,446012,17222954,17674055
turso,concurrent,32,2,0,29702931648,0,0,5140,445470,61619693,62070303
turso,concurrent,32,2,0,29765002191,0,0,5852,513799,17006346,17525997
turso,concurrent,32,2,0,29782528478,0,0,7194,564405,84139975,84711574
turso,concurrent,32,2,0,29867240292,0,0,5471,568122,115931564,116505157
turso,concurrent,32,2,0,29983745659,0,0,5992,470648,130652526,131129166
turso,concurrent,32,2,0,30114875026,0,0,5981,418269,632655952,633080202
turso,concurrent,32,2,0,30747955419,0,0,9467,7222231,182229916,189461614
turso,concurrent,32,2,0,30937417234,0,0,5510,495095,139128763,139629368
turso,concurrent,32,2,0,31077046832,0,0,5901,537354,44821109,45364364
turso,concurrent,32,2,0,31122411438,0,0,5570,487671,78859178,79352419
turso,concurrent,32,2,0,31201764138,0,0,7263,538056,222632147,223177466
turso,concurrent,32,2,0,31424941854,0,0,6272,452915,89919251,90378438
turso,concurrent,32,2,0,31515320503,0,0,5380,524460,27734903,28264743
turso,concurrent,32,2,0,31543585466,0,0,5120,624669,157913906,158543695
turso,concurrent,32,2,0,31702129892,0,0,14909,488872,552210450,552714231
turso,concurrent,32,2,0,32254844383,0,0,7855,6255376,148235670,154498901
turso,concurrent,32,2,0,32409343535,0,0,5360,486398,117842731,118334489
turso,concurrent,32,2,0,32527678274,0,0,6983,698739,24185585,24891307
turso,concurrent,32,2,0,32552569902,0,0,5069,478423,68516339,68999831
turso,concurrent,32,2,0,32621569953,0,0,6412,521865,105697269,106225546
turso,concurrent,32,2,0,32727795739,0,0,6312,627064,104571535,105204911
turso,concurrent,32,2,0,32833000980,0,0,6933,436263,51982796,52425992
turso,concurrent,32,2,0,32885427172,0,0,5030,405595,4307910,4718535
turso,concurrent,32,2,0,32890145948,0,0,4799,442695,69031732,69479226
turso,concurrent,32,2,0,32959625374,0,0,6032,466230,73480196,73952458
turso,concurrent,32,2,1,6092,1,0,11777247,525973,694846462,707149682
turso,concurrent,32,2,1,707156074,1,0,5741,357755,179302803,179666299
turso,concurrent,32,2,1,886822683,1,0,7344,402840,182388496,182798680
turso,concurrent,32,2,1,1069621534,1,0,44273,3432228,66479385,69955886
turso,concurrent,32,2,1,1139577720,1,0,6693,419992,418765453,419192138
turso,concurrent,32,2,1,1558770329,1,0,7444,435101,386361889,386804434
turso,concurrent,32,2,1,1945574983,1,0,6001,485696,183323571,183815268
turso,concurrent,32,2,1,2129390442,1,0,7855,5460556,82514337,87982748
turso,concurrent,32,2,1,2217373360,1,0,6943,564976,49474813,50046732
turso,concurrent,32,2,1,2267420663,1,0,5440,452144,507236791,507694375
turso,concurrent,32,2,1,2775115309,1,0,6703,458655,79837335,80302693
turso,concurrent,32,2,1,2855418302,1,0,6973,605644,167882158,168494775
turso,concurrent,32,2,1,3023913318,0,0,5831,583501,123791568,124380900
turso,concurrent,32,2,1,3148294478,0,0,6022,423840,39705354,40135216
turso,concurrent,32,2,1,3188429915,0,0,6953,4207531,187133141,191347625
turso,concurrent,32,2,1,3379777800,0,0,5981,491398,17610335,18107714
turso,concurrent,32,2,1,3397885714,0,0,5300,514962,200167610,200687872
turso,concurrent,32,2,1,3598574127,0,0,5420,495826,19339399,19840645
turso,concurrent,32,2,1,3618415002,0,0,5140,449248,29120528,29574916
turso,concurrent,32,2,1,3647990209,0,0,6763,596936,238669604,239273303
turso,concurrent,32,2,1,3887263873,0,0,5931,480777,82829151,83315859
turso,concurrent,32,2,1,3970579922,0,0,5390,439450,430921194,431366034
turso,concurrent,32,2,1,4401946166,0,0,7935,6127244,15498931,21634110
turso,concurrent,32,2,1,4423580516,0,0,5010,410845,231589281,232005136
turso,concurrent,32,2,1,4655585923,0,0,8916,789561,548793681,549592158
turso,concurrent,32,2,1,5205178341,0,0,6823,404243,75996145,76407211
turso,concurrent,32,2,1,5281585813,0,0,5270,450830,118420121,118876221
turso,concurrent,32,2,1,5400462275,0,0,8336,5666544,267891914,273566794
turso,concurrent,32,2,1,5674029500,0,0,6462,445871,202245652,202697985
turso,concurrent,32,2,1,5876727756,0,0,6612,440802,111435379,111882793
turso,concurrent,32,2,1,5988610789,0,0,5501,484544,99891522,100381567
turso,concurrent,32,2,1,6088992616,0,0,5170,470619,62615241,63091030
turso,concurrent,32,2,1,6152083937,0,0,7594,543386,450409163,450960143
turso,concurrent,32,2,1,6603046224,0,0,7975,6731304,176802894,183542173
turso,concurrent,32,2,1,6786588658,0,0,7163,619068,105041903,105668134
turso,concurrent,32,2,1,6892256972,0,0,6843,762529,318418552,319187924
turso,concurrent,32,2,1,7211445156,0,0,7755,812233,78012520,78832508
turso,concurrent,32,2,1,7290277925,0,0,5440,495415,321191876,321692731
turso,concurrent,32,2,1,7611970906,0,0,9258,639196,213656637,214305091
turso,concurrent,32,2,1,7826276288,0,0,7344,520963,88008556,88536863
turso,concurrent,32,2,1,7914813471,0,0,6943,565458,24731545,25303946
turso,concurrent,32,2,1,7940117657,0,0,6903,630871,154364968,155002742
turso,concurrent,32,2,1,8095120739,0,0,6863,485456,66971302,67463621
turso,concurrent,32,2,1,8162584622,0,0,5510,551792,134399338,134956640
turso,concurrent,32,2,1,8297541502,0,0,5771,540380,91062199,91608350
turso,concurrent,32,2,1,8389150112,0,0,6172,547774,137670360,138224306
turso,concurrent,32,2,1,8527374789,0,0,6643,499432,88184839,88690914
turso,concurrent,32,2,1,8616066334,0,0,13816,569134,198564134,199147084
turso,concurrent,32,2,1,8815213648,0,0,7243,5448883,59324522,64780648
turso,concurrent,32,2,1,8879994497,0,0,5651,423509,15179208,15608368
turso,concurrent,32,2,1,8895603135,0,0,5931,552553,90169204,90727688
turso,concurrent,32,2,1,8986331093,0,0,5771,537855,201866937,202410563
turso,concurrent,32,2,1,9188742047,0,0,7194,692446,219905551,220605191
turso,concurrent,32,2,1,9409347489,0,0,7213,544759,9293068,9845040
turso,concurrent,32,2,1,9419192780,0,0,5690,592789,25374088,25972567
turso,concurrent,32,2,1,9445165537,0,0,5921,501918,115425819,115933658
turso,concurrent,32,2,1,9561099486,0,0,5209,399404,384116612,384521225
turso,concurrent,32,2,1,9945621151,0,0,9719,25008077,290947576,315965372
turso,concurrent,32,2,1,10261586794,0,0,6392,460399,245118033,245584824
turso,concurrent,32,2,1,10507171858,0,0,7414,569185,3748073,4324672
turso,concurrent,32,2,1,10511496771,0,0,6101,526033,58382243,58914377
turso,concurrent,32,2,1,10570411358,0,0,5511,501406,230368808,230875725
turso,concurrent,32,2,1,10801287363,0,0,6443,569835,471205331,471781609
turso,concurrent,32,2,1,11273069253,0,0,7474,4859752,159354895,164222121
turso,concurrent,32,2,1,11437291614,0,0,5581,2697110,318593061,321295752
turso,concurrent,32,2,1,11758589329,0,0,6332,597137,10018167,10621636
turso,concurrent,32,2,1,11769211206,0,0,4639,460519,126737127,127202285
turso,concurrent,32,2,1,11896413721,0,0,6372,594082,11409102,12009556
turso,concurrent,32,2,1,11908423507,0,0,4849,578502,263080704,263664055
turso,concurrent,32,2,1,12172087822,0,0,8005,7373827,649077634,656459466
turso,concurrent,32,2,1,12828547579,0,0,7153,587158,201276232,201870543
turso,concurrent,32,2,1,13030418273,0,0,5941,449038,56413557,56868536
turso,concurrent,32,2,1,13087287330,0,0,12183,598890,198554296,199165369
turso,concurrent,32,2,1,13286452929,0,0,9889,12280286,83027104,95317279
turso,concurrent,32,2,1,13381770509,0,0,5120,555338,82235069,82795527
turso,concurrent,32,2,1,13464566367,0,0,5721,487079,219527908,220020708
turso,concurrent,32,2,1,13684587316,0,0,6322,502598,65318053,65826973
turso,concurrent,32,2,1,13750414589,0,0,7384,597087,192130011,192734482
turso,concurrent,32,2,1,13943149271,0,0,5531,463204,532657458,533126193
turso,concurrent,32,2,1,14476275764,0,0,8456,2734040,37571187,40313683
turso,concurrent,32,2,1,14516589667,0,0,5871,455930,100367461,100829262
turso,concurrent,32,2,1,14617419230,0,0,5631,419622,119428644,119853897
turso,concurrent,32,2,1,14737273367,0,0,5431,547693,194759484,195312608
turso,concurrent,32,2,1,14932586195,0,0,7414,622735,130395472,131025621
turso,concurrent,32,2,1,15063612076,0,0,5170,529950,176800440,177335560
turso,concurrent,32,2,1,15240947846,0,0,5982,495555,142973149,143474686
turso,concurrent,32,2,1,15384422802,0,0,8246,1987561,31172671,33168478
turso,concurrent,32,2,1,15417591490,0,0,7364,3406239,297153799,300567402
turso,concurrent,32,2,1,15718159132,0,0,5811,601916,26805960,27413687
turso,concurrent,32,2,1,15745573090,0,0,5120,512477,187834975,188352572
turso,concurrent,32,2,1,15933925872,0,0,5651,475898,216024927,216506476
turso,concurrent,32,2,1,16150432579,0,0,6201,552844,92191129,92750174
turso,concurrent,32,2,1,16243182963,0,0,5030,476399,75462608,75944037
turso,concurrent,32,2,1,16319127201,0,0,5570,610552,84294066,84910188
turso,concurrent,32,2,1,16404037629,0,0,5750,530211,433849671,434385632
turso,concurrent,32,2,1,16838423492,0,0,8186,4507677,143034515,147550378
turso,concurrent,32,2,1,16985974080,0,0,6643,490405,39111204,39608252
turso,concurrent,32,2,1,17025582502,0,0,4859,431665,153567082,154003606
turso,concurrent,32,2,1,17179586398,0,0,6082,471810,154977024,155454916
turso,concurrent,32,2,1,17335041604,0,0,10249,640720,223571810,224222779
turso,concurrent,32,2,1,17559264603,0,0,6763,572010,140425671,141004444
turso,concurrent,32,2,1,17700269327,0,0,8456,613989,275921207,276543652
turso,concurrent,32,2,1,17976813200,0,0,7283,884069,194412809,195304161
turso,concurrent,32,2,1,18172117662,0,0,6522,477261,93742587,94226370
turso,concurrent,32,2,1,18266344293,0,0,6432,501757,209736870,210245059
turso,concurrent,32,2,1,18476589672,0,0,6913,502498,150419682,150929093
turso,concurrent,32,2,1,18627519047,0,0,6482,605974,331458160,332070616
turso,concurrent,32,2,1,18959589924,0,0,7885,3363558,346952482,350323925
turso,concurrent,32,2,1,19309914110,0,0,6272,489854,65282456,65778582
turso,concurrent,32,2,1,19375692942,0,0,5711,489113,413278748,413773572
turso,concurrent,32,2,1,19789466764,0,0,6813,499222,389384283,389890318
turso,concurrent,32,2,1,20179357353,0,0,9788,5905976,168259862,174175626
turso,concurrent,32,2,1,20353533209,0,0,5820,506236,67350298,67862354
turso,concurrent,32,2,1,20421395744,0,0,6292,794179,128722905,129523376
turso,concurrent,32,2,1,20550919420,0,0,6843,682578,246878507,247567928
turso,concurrent,32,2,1,20798487648,0,0,7134,457924,198292782,198757840
turso,concurrent,32,2,1,20997245678,0,0,7434,611163,33551992,34170589
turso,concurrent,32,2,1,21031416477,0,0,6341,573072,367592355,368171768
turso,concurrent,32,2,1,21399588447,0,0,7374,12604207,101777863,114389444
turso,concurrent,32,2,1,21513978191,0,0,5881,418350,38181729,38605960
turso,concurrent,32,2,1,21552584281,0,0,4298,411006,61096105,61511409
turso,concurrent,32,2,1,21614095930,0,0,5210,586286,110392952,110984448
turso,concurrent,32,2,1,21725080688,0,0,6593,548865,195624497,196179955
turso,concurrent,32,2,1,21921260913,0,0,6062,571598,84570508,85148168
turso,concurrent,32,2,1,22006409341,0,0,5611,667229,195887262,196560102
turso,concurrent,32,2,1,22202969733,0,0,7595,3975212,207702350,211685157
turso,concurrent,32,2,1,22414655321,0,0,7644,531273,37646058,38184975
turso,concurrent,32,2,1,22452840497,0,0,4969,519811,38774418,39299198
turso,concurrent,32,2,1,22492139915,0,0,5370,537545,16736416,17279331
turso,concurrent,32,2,1,22509420739,0,0,5861,524099,169211788,169741748
turso,concurrent,32,2,1,22679162798,0,0,6712,484335,17340335,17831382
turso,concurrent,32,2,1,22696994421,0,0,6482,482481,39738807,40227770
turso,concurrent,32,2,1,22737222462,0,0,5791,626382,298093953,298726126
turso,concurrent,32,2,1,23035948829,0,0,6292,675545,111946042,112627879
turso,concurrent,32,2,1,23148576968,0,0,6382,473875,161807704,162287961
turso,concurrent,32,2,1,23310865190,0,0,5490,486859,113709971,114202320
turso,concurrent,32,2,1,23425068061,0,0,16061,7091984,27645254,34753299
turso,concurrent,32,2,1,23459821721,0,0,9868,554677,24587003,25151548
turso,concurrent,32,2,1,23484973459,0,0,5060,513879,179411899,179930838
turso,concurrent,32,2,1,23664904517,0,0,6012,421435,40936167,41363614
turso,concurrent,32,2,1,23706268332,0,0,5691,499753,67465656,67971100
turso,concurrent,32,2,1,23774239662,0,0,4719,550459,418840745,419395923
turso,concurrent,32,2,1,24193635765,0,0,5380,456853,256488713,256950946
turso,concurrent,32,2,1,24450586941,0,0,6663,479515,144223488,144709666
turso,concurrent,32,2,1,24595296888,0,0,8396,11800150,54111212,65919758
turso,concurrent,32,2,1,24661216846,0,0,5331,458875,25987085,26451291
turso,concurrent,32,2,1,24687668428,0,0,7223,697737,54388967,55093927
turso,concurrent,32,2,1,24742762585,0,0,5671,558554,36032834,36597059
turso,concurrent,32,2,1,24779359934,0,0,5921,532786,145202045,145740752
turso,concurrent,32,2,1,24925100937,0,0,6552,648684,484440330,485095566
turso,concurrent,32,2,1,25410196773,0,0,6653,497609,25956276,26460538
turso,concurrent,32,2,1,25436657521,0,0,5240,450511,511178912,511634663
turso,concurrent,32,2,1,25948292454,0,0,9378,3783020,973135918,976928316
turso,concurrent,32,2,1,26925220991,0,0,8917,3527868,73821501,77358286
turso,concurrent,32,2,1,27002579477,0,0,5511,486858,261478160,261970529
turso,concurrent,32,2,1,27264550216,0,0,13616,598650,35084113,35696379
turso,concurrent,32,2,1,27300246775,0,0,5150,1659532,135343630,137008312
turso,concurrent,32,2,1,27437255297,0,0,6232,475006,10352208,10833446
turso,concurrent,32,2,1,27448088973,0,0,4699,440742,31908901,32354342
turso,concurrent,32,2,1,27480443645,0,0,6272,449358,17647486,18103116
turso,concurrent,32,2,1,27498546981,0,0,5611,467913,185393317,185866841
turso,concurrent,32,2,1,27684414133,0,0,7434,520211,249644346,250171991
turso,concurrent,32,2,1,27934586405,0,0,5971,457273,251252111,251715355
turso,concurrent,32,2,1,28186301990,0,0,6903,6189561,81817702,88014166
turso,concurrent,32,2,1,28274316366,0,0,5882,480997,90253533,90740412
turso,concurrent,32,2,1,28365057019,0,0,6001,475467,521729865,522211333
turso,concurrent,32,2,1,28887268602,0,0,7124,549246,144439056,144995426
turso,concurrent,32,2,1,29032264228,0,0,5390,548034,703349620,703903044
turso,concurrent,32,2,1,29736167483,0,0,8045,6172289,894316425,900496759
turso,concurrent,32,2,1,30636664532,0,0,8285,3441375,84176444,87626104
turso,concurrent,32,2,1,30724290847,0,0,5110,475347,695164342,695644799
turso,concurrent,32,2,1,31419935826,0,0,7605,695883,144535647,145239135
turso,concurrent,32,2,1,31565175242,0,0,7184,578642,110170942,110756768
turso,concurrent,32,2,1,31675932230,0,0,5901,515814,315136888,315658603
turso,concurrent,32,2,1,31991591083,0,0,11562,9670311,42900064,52581937
turso,concurrent,32,2,1,32044173310,0,0,5060,428428,102498472,102931960
turso,concurrent,32,2,1,32147105571,0,0,8346,739786,70637612,71385744
turso,concurrent,32,2,1,32218491596,0,0,6392,530531,160215380,160752303
turso,concurrent,32,2,1,32379244189,0,0,6633,498540,61915852,62421025
turso,concurrent,32,2,1,32441665424,0,0,5661,463194,59095139,59563994
turso,concurrent,32,2,1,32501229748,0,0,6713,569555,336518752,337095020
turso,concurrent,32,2,1,32838325028,0,0,5781,452334,112236019,112694134
turso,concurrent,32,2,1,32951019513,0,0,7073,452043,25241839,25700955
turso,concurrent,32,2,1,32976720828,0,0,13025,512347,70866153,71391525
turso,concurrent,32,2,2,29757,1,0,3484015,714038,204385821,208583874
turso,concurrent,32,2,2,208614352,1,0,8286,373705,136589391,136971382
turso,concurrent,32,2,2,345586114,1,0,7755,287913,263544149,263839817
turso,concurrent,32,2,2,609426161,1,0,6964,499743,38338304,38845011
turso,concurrent,32,2,2,648271383,1,0,4939,344049,98521257,98870245
turso,concurrent,32,2,2,747142048,1,0,5421,404483,147637412,148047316
turso,concurrent,32,2,2,895189674,1,0,6252,375058,121849152,122230462
turso,concurrent,32,2,2,1017420426,1,0,74791,2048106,280846382,282969279
turso,concurrent,32,2,2,1300390016,1,0,6722,577390,88566529,89150641
turso,concurrent,32,2,2,1389541479,1,0,5490,415064,49357891,49778445
turso,concurrent,32,2,2,1439320135,1,0,5951,485917,206440909,206932777
turso,concurrent,32,2,2,1646253163,1,0,6472,459778,27872122,28338372
turso,concurrent,32,2,2,1674591835,1,0,6122,421385,48403150,48830657
turso,concurrent,32,2,2,1723422802,1,0,5992,433318,50422310,50861620
turso,concurrent,32,2,2,1774284643,1,0,5801,474365,84783279,85263445
turso,concurrent,32,2,2,1859548328,1,0,6052,420203,132905749,133332004
turso,concurrent,32,2,2,1992880662,1,0,6092,522305,310436908,310965305
turso,concurrent,32,2,2,2303846989,1,0,8426,4123723,73985169,78117318
turso,concurrent,32,2,2,2381964528,1,0,8456,476820,377137429,377622705
turso,concurrent,32,2,2,2759587444,1,0,6061,438818,135191984,135636863
turso,concurrent,32,2,2,2895224507,1,0,6092,412739,87777700,88196531
turso,concurrent,32,2,2,2983421359,1,0,6863,546491,529241852,529795206
turso,concurrent,32,2,2,3513216845,0,0,7795,3293245,534090753,537391793
turso,concurrent,32,2,2,4050608939,0,0,7163,578612,99241625,99827400
turso,concurrent,32,2,2,4150436550,0,0,6031,461221,256757450,257224702
turso,concurrent,32,2,2,4407661503,0,0,7364,3287614,36271855,39566833
turso,concurrent,32,2,2,4447228526,0,0,6753,511015,513840375,514358143
turso,concurrent,32,2,2,4961586959,0,0,7003,493792,377982595,378483390
turso,concurrent,32,2,2,5340070619,0,0,6683,476920,26413760,26897363
turso,concurrent,32,2,2,5366968202,0,0,7715,3137752,21947641,25093108
turso,concurrent,32,2,2,5392061510,0,0,6162,506676,94585859,95098697
turso,concurrent,32,2,2,5487160407,0,0,6192,812564,93176579,93995335
turso,concurrent,32,2,2,5581155922,0,0,4409,433929,147497206,147935544
turso,concurrent,32,2,2,5729093470,0,0,6402,462954,7870624,8339980
turso,concurrent,32,2,2,5737433680,0,0,4108,433708,48462052,48899868
turso,concurrent,32,2,2,5786333798,0,0,5630,547353,18550720,19103703
turso,concurrent,32,2,2,5805438043,0,0,4318,424701,77398362,77827381
turso,concurrent,32,2,2,5883265684,0,0,6673,561370,58765445,59333488
turso,concurrent,32,2,2,5942599473,0,0,6352,518699,214164356,214689407
turso,concurrent,32,2,2,6157289160,0,0,7373,563895,74625097,75196365
turso,concurrent,32,2,2,6232485726,0,0,5891,464977,128022273,128493141
turso,concurrent,32,2,2,6360979098,0,0,6693,562311,423204811,423773815
turso,concurrent,32,2,2,6784753204,0,0,9598,5476936,39356196,44842730
turso,concurrent,32,2,2,6829596215,0,0,5941,433137,55548154,55987232
turso,concurrent,32,2,2,6885583658,0,0,5370,476429,31958555,32440354
turso,concurrent,32,2,2,6918024242,0,0,4509,463304,130709003,131176816
turso,concurrent,32,2,2,7049201298,0,0,6393,553424,41671575,42231392
turso,concurrent,32,2,2,7091432891,0,0,5210,424391,88724236,89153837
turso,concurrent,32,2,2,7180586908,0,0,6282,557502,99192583,99756367
turso,concurrent,32,2,2,7280343486,0,0,6422,514361,16405100,16925883
turso,concurrent,32,2,2,7297269600,0,0,5180,489664,181487115,181981959
turso,concurrent,32,2,2,7479251759,0,0,5460,466481,946275847,946747788
turso,concurrent,32,2,2,8425999817,0,0,9057,5341281,385874308,391224646
turso,concurrent,32,2,2,8817224764,0,0,7153,2814171,20382508,23203832
turso,concurrent,32,2,2,8840428916,0,0,6643,605974,129570845,130183462
turso,concurrent,32,2,2,8970612618,0,0,6412,585084,421902394,422493890
turso,concurrent,32,2,2,9393106868,0,0,7995,642874,62787356,63438225
turso,concurrent,32,2,2,9456545394,0,0,7173,658764,113945516,114611453
turso,concurrent,32,2,2,9571157127,0,0,6222,487730,108594006,109087958
turso,concurrent,32,2,2,9680245326,0,0,5460,449338,344932591,345387389
turso,concurrent,32,2,2,10025633085,0,0,9829,17450654,274167778,291628261
turso,concurrent,32,2,2,10317261557,0,0,7253,594011,98540433,99141697
turso,concurrent,32,2,2,10416403584,0,0,5381,493802,375764378,376263561
turso,concurrent,32,2,2,10792667405,0,0,6302,455961,252299978,252762241
turso,concurrent,32,2,2,11045429956,0,0,8456,6328023,114709658,121046137
turso,concurrent,32,2,2,11166478557,0,0,6643,560658,371839261,372406562
turso,concurrent,32,2,2,11538885399,0,0,7535,481548,102920619,103409702
turso,concurrent,32,2,2,11642295362,0,0,5981,465449,45658539,46129969
turso,concurrent,32,2,2,11688425562,0,0,5710,506326,120469068,120981104
turso,concurrent,32,2,2,11809406946,0,0,6282,500585,137795958,138302825
turso,concurrent,32,2,2,11947710001,0,0,5731,434380,61245627,61685738
turso,concurrent,32,2,2,12009395999,0,0,7534,3478875,24719532,28205941
turso,concurrent,32,2,2,12037602252,0,0,8346,4147026,17332011,21487383
turso,concurrent,32,2,2,12059090005,0,0,5791,493191,32657964,33156946
turso,concurrent,32,2,2,12092247272,0,0,5611,731640,262001548,262738799
turso,concurrent,32,2,2,12354986491,0,0,6964,514431,87078219,87599614
turso,concurrent,32,2,2,12442586386,0,0,5961,535802,174315550,174857313
turso,concurrent,32,2,2,12617443919,0,0,5420,419642,247297327,247722389
turso,concurrent,32,2,2,12865166558,0,0,6372,511134,16066492,16583998
turso,concurrent,32,2,2,12881750817,0,0,5531,459998,395397151,395862680
turso,concurrent,32,2,2,13277613797,0,0,8526,3673253,217090177,220771956
turso,concurrent,32,2,2,13498386334,0,0,5851,470629,220466519,220942999
turso,concurrent,32,2,2,13719329614,0,0,7353,607337,50610335,51225025
turso,concurrent,32,2,2,13770560390,0,0,6282,442866,205586767,206035915
turso,concurrent,32,2,2,13976596656,0,0,6482,562071,22715059,23283612
turso,concurrent,32,2,2,13999880659,0,0,7705,544708,70573891,71126304
turso,concurrent,32,2,2,14071007224,0,0,6442,525993,55879510,56411945
turso,concurrent,32,2,2,14127419339,0,0,5811,459427,125603007,126068245
turso,concurrent,32,2,2,14253487984,0,0,9248,4394724,202529908,206933880
turso,concurrent,32,2,2,14460422144,0,0,6162,755035,166383350,167144547
turso,concurrent,32,2,2,14627566942,0,0,5230,479875,124201772,124686877
turso,concurrent,32,2,2,14752254070,0,0,7464,656699,13165627,13829790
turso,concurrent,32,2,2,14766084030,0,0,5340,673381,160704402,161383123
turso,concurrent,32,2,2,14927467404,0,0,5641,426715,74428938,74861294
turso,concurrent,32,2,2,15002328958,0,0,5109,448286,139194588,139647983
turso,concurrent,32,2,2,15141977172,0,0,6182,514661,39265074,39785917
turso,concurrent,32,2,2,15181763349,0,0,6332,630039,104868135,105504506
turso,concurrent,32,2,2,15287268105,0,0,6092,437826,85832529,86276447
turso,concurrent,32,2,2,15373544812,0,0,6282,489694,193956659,194452635
turso,concurrent,32,2,2,15567997757,0,0,8766,11791524,42632779,54433069
turso,concurrent,32,2,2,15622431208,0,0,7444,483052,36442006,36932502
turso,concurrent,32,2,2,15659364000,0,0,6202,475738,25215949,25697889
turso,concurrent,32,2,2,15685062129,0,0,5861,523558,418741287,419270706
turso,concurrent,32,2,2,16104333076,0,0,7585,608388,236393528,237009501
turso,concurrent,32,2,2,16341342807,0,0,5841,448907,201489234,201943982
turso,concurrent,32,2,2,16543287011,0,0,8135,7341696,26188484,33538315
turso,concurrent,32,2,2,16576825537,0,0,5971,621142,67971420,68598533
turso,concurrent,32,2,2,16645424261,0,0,5480,481489,232679929,233166898
turso,concurrent,32,2,2,16878591540,0,0,7825,560919,192744440,193313184
turso,concurrent,32,2,2,17071904984,0,0,6883,491938,113056358,113555179
turso,concurrent,32,2,2,17185460404,0,0,5591,459637,132760365,133225593
turso,concurrent,32,2,2,17318686247,0,0,6212,672249,47875103,48553564
turso,concurrent,32,2,2,17367240071,0,0,5942,622685,10351175,10979802
turso,concurrent,32,2,2,17378220093,0,0,4779,467562,16361358,16833699
turso,concurrent,32,2,2,17395053994,0,0,4809,438227,76442437,76885473
turso,concurrent,32,2,2,17471939788,0,0,6803,435231,390899833,391341867
turso,concurrent,32,2,2,17863281996,0,0,8175,6645763,97726857,104380795
turso,concurrent,32,2,2,17967663001,0,0,6933,644697,60272460,60924090
turso,concurrent,32,2,2,18028587351,0,0,5942,647001,160352689,161005632
turso,concurrent,32,2,2,18189593203,0,0,6021,487831,42497173,42991025
turso,concurrent,32,2,2,18232584429,0,0,4979,428028,140218169,140651176
turso,concurrent,32,2,2,18373235796,0,0,5430,544407,18307021,18856858
turso,concurrent,32,2,2,18392092904,0,0,6172,534869,110649155,111190196
turso,concurrent,32,2,2,18503283350,0,0,6192,464637,28826824,29297653
turso,concurrent,32,2,2,18532581224,0,0,5079,384967,147316816,147706862
turso,concurrent,32,2,2,18680288336,0,0,6783,673572,46637708,47318063
turso,concurrent,32,2,2,18727607170,0,0,18365,733634,283755984,284507983
turso,concurrent,32,2,2,19012115564,0,0,7815,18489294,138247360,156744469
turso,concurrent,32,2,2,19168860213,0,0,5881,459818,238261033,238726732
turso,concurrent,32,2,2,19407588397,0,0,6904,543435,23940873,24491212
turso,concurrent,32,2,2,19432079869,0,0,5270,556340,82621479,83183089
turso,concurrent,32,2,2,19515263228,0,0,6472,580846,440144511,440731829
turso,concurrent,32,2,2,19955995649,0,0,19878,534058,137724152,138278088
turso,concurrent,32,2,2,20094273978,0,0,6742,487440,74673469,75167651
turso,concurrent,32,2,2,20169441900,0,0,6251,543506,73006964,73556721
turso,concurrent,32,2,2,20242998901,0,0,6923,481349,56859609,57347881
turso,concurrent,32,2,2,20300346993,0,0,5640,505414,141383739,141894793
turso,concurrent,32,2,2,20442242087,0,0,6472,548205,102790493,103345170
turso,concurrent,32,2,2,20545587488,0,0,6432,750025,112040571,112797028
turso,concurrent,32,2,2,20658384676,0,0,6733,524901,264657469,265189103
turso,concurrent,32,2,2,20923574050,0,0,7424,691735,26998103,27697262
turso,concurrent,32,2,2,20951271592,0,0,6181,582469,102848633,103437283
turso,concurrent,32,2,2,21054709127,0,0,7344,12565745,235740455,248313544
turso,concurrent,32,2,2,21303022942,0,0,8095,10768012,399838302,410614409
turso,concurrent,32,2,2,21713637622,0,0,6472,587399,44351223,44945094
turso,concurrent,32,2,2,21758582976,0,0,5500,467984,54240546,54714030
turso,concurrent,32,2,2,21813297216,0,0,6632,529890,247328816,247865338
turso,concurrent,32,2,2,22061162825,0,0,6873,664033,75663577,76334483
turso,concurrent,32,2,2,22137497560,0,0,5901,533567,118545898,119085366
turso,concurrent,32,2,2,22256583116,0,0,7194,6441657,744016078,750464929
turso,concurrent,32,2,2,23007048296,0,0,8907,631852,104721348,105362107
turso,concurrent,32,2,2,23112410613,0,0,6262,560778,82311594,82878634
turso,concurrent,32,2,2,23195289467,0,0,6853,551381,130221253,130779487
turso,concurrent,32,2,2,23326069154,0,0,6452,668953,116316961,116992366
turso,concurrent,32,2,2,23443061750,0,0,8627,5211154,158814346,164034127
turso,concurrent,32,2,2,23607096117,0,0,6483,424391,170224439,170655313
turso,concurrent,32,2,2,23777751680,0,0,6202,653263,68009732,68669197
turso,concurrent,32,2,2,23846421108,0,0,5490,503531,65435925,65944946
turso,concurrent,32,2,2,23912366254,0,0,6683,731781,113485908,114224372
turso,concurrent,32,2,2,24026590857,0,0,5731,485005,187394223,187884959
turso,concurrent,32,2,2,24214476027,0,0,6322,546291,95055645,95608258
turso,concurrent,32,2,2,24310084525,0,0,6332,439560,313794535,314240427
turso,concurrent,32,2,2,24624325202,0,0,8416,5422143,96733252,102163811
turso,concurrent,32,2,2,24726489243,0,0,6142,572891,108283640,108862673
turso,concurrent,32,2,2,24835352117,0,0,6712,685824,283276159,283968695
turso,concurrent,32,2,2,25119321062,0,0,7314,586227,69137210,69730751
turso,concurrent,32,2,2,25189052103,0,0,6102,569354,83469340,84044796
turso,concurrent,32,2,2,25273097149,0,0,7264,867798,99453104,100328166
turso,concurrent,32,2,2,25373425556,0,0,5400,435592,23022229,23463221
turso,concurrent,32,2,2,25396889007,0,0,5461,459567,9065780,9530808
turso,concurrent,32,2,2,25406420326,0,0,5230,479134,59677648,60162012
turso,concurrent,32,2,2,25466582628,0,0,5661,451292,108230259,108687212
turso,concurrent,32,2,2,25575270111,0,0,5731,481488,99666348,100153567
turso,concurrent,32,2,2,25675424068,0,0,9148,488662,132185880,132683690
turso,concurrent,32,2,2,25808108048,0,0,8526,8931335,69446835,78386696
turso,concurrent,32,2,2,25886495006,0,0,6522,588341,87080854,87675717
turso,concurrent,32,2,2,25974171014,0,0,8456,686966,39720263,40415685
turso,concurrent,32,2,2,26014586969,0,0,5550,430933,136423158,136859641
turso,concurrent,32,2,2,26151446881,0,0,5631,417398,25496388,25919417
turso,concurrent,32,2,2,26177366499,0,0,4849,456301,102199387,102660537
turso,concurrent,32,2,2,26280027357,0,0,6122,559405,86128558,86694085
turso,concurrent,32,2,2,26366721693,0,0,6853,511876,42875147,43393876
turso,concurrent,32,2,2,26410115849,0,0,5531,502458,23786021,24294010
turso,concurrent,32,2,2,26434410079,0,0,5621,466560,57276737,57748918
turso,concurrent,32,2,2,26492159247,0,0,5701,513910,155743700,156263311
turso,concurrent,32,2,2,26648422768,0,0,5901,527506,420101705,420635112
turso,concurrent,32,2,2,27069058190,0,0,7694,20599998,86649080,107256772
turso,concurrent,32,2,2,27176315213,0,0,7174,744685,110199156,110951015
turso,concurrent,32,2,2,27287266408,0,0,6252,544698,21848043,22398993
turso,concurrent,32,2,2,27309665661,0,0,5871,454377,213459746,213919994
turso,concurrent,32,2,2,27523585906,0,0,6543,722153,341923070,342651766
turso,concurrent,32,2,2,27866237933,0,0,5430,489664,114234932,114730026
turso,concurrent,32,2,2,27980968250,0,0,7414,571889,25038414,25617717
turso,concurrent,32,2,2,28006586208,0,0,5250,494142,109292815,109792207
turso,concurrent,32,2,2,28116379207,0,0,15279,642492,75228667,75886438
turso,concurrent,32,2,2,28192265976,0,0,14507,9980576,130566073,140561156
turso,concurrent,32,2,2,28332827402,0,0,6903,542684,46571032,47120619
turso,concurrent,32,2,2,28379948252,0,0,5501,474996,247148325,247628822
turso,concurrent,32,2,2,28627577375,0,0,6522,471250,35120862,35598634
turso,concurrent,32,2,2,28663176240,0,0,5721,493972,74292680,74792373
turso,concurrent,32,2,2,28737968894,0,0,6963,615171,231000189,231622323
turso,concurrent,32,2,2,28969591508,0,0,7063,556480,549095822,549659365
turso,concurrent,32,2,2,29519251133,0,0,8617,10723157,128185000,138916774
turso,concurrent,32,2,2,29658168117,0,0,5971,434831,99555217,99996019
turso,concurrent,32,2,2,29758164387,0,0,4959,454318,79150999,79610276
turso,concurrent,32,2,2,29837774873,0,0,5460,465289,158059991,158530740
turso,concurrent,32,2,2,29996305804,0,0,6101,523979,44584693,45114773
turso,concurrent,32,2,2,30041420768,0,0,4809,488752,163074305,163567866
turso,concurrent,32,2,2,30204988885,0,0,6352,491958,112099101,112597411
turso,concurrent,32,2,2,30317586526,0,0,5490,535691,145943294,146484475
turso,concurrent,32,2,2,30464071233,0,0,5430,495946,379438162,379939538
turso,concurrent,32,2,2,30844011011,0,0,8186,3710302,250850743,254569231
turso,concurrent,32,2,2,31098580492,0,0,5810,313001,63190688,63509499
turso,concurrent,32,2,2,31162090252,0,0,6232,536753,42694045,43237030
turso,concurrent,32,2,2,31205327553,0,0,4899,416626,83388938,83810463
turso,concurrent,32,2,2,31289138196,0,0,6853,541823,351268808,351817484
turso,concurrent,32,2,2,31640955941,0,0,5720,437917,46895785,47339422
turso,concurrent,32,2,2,31688295623,0,0,6783,798958,9328486,10134227
turso,concurrent,32,2,2,31698430130,0,0,7885,908735,146031511,146948131
turso,concurrent,32,2,2,31845378481,0,0,7194,15828442,285059654,300895290
turso,concurrent,32,2,2,32146274042,0,0,6703,489052,201669575,202165330
turso,concurrent,32,2,2,32348439693,0,0,5851,431053,49910384,50347288
turso,concurrent,32,2,2,32398787252,0,0,7093,562341,228595221,229164655
turso,concurrent,32,2,2,32627952118,0,0,5771,475808,130618422,131100001
turso,concurrent,32,2,2,32759052429,0,0,7283,465278,275751688,276224249
turso,concurrent,32,2,3,2575,1,0,3105752,633846,782015794,785755392
turso,concurrent,32,2,3,785758358,1,0,5941,404994,149251167,149662102
turso,concurrent,32,2,3,935420691,1,0,5180,348608,151654002,152007790
turso,concurrent,32,2,3,1087428731,1,0,44203,6230749,71630166,77905118
turso,concurrent,32,2,3,1165334049,1,0,6092,452684,86790567,87249343
turso,concurrent,32,2,3,1252583913,1,0,5721,434951,108660762,109101434
turso,concurrent,32,2,3,1361685627,1,0,6803,428078,436279106,436713987
turso,concurrent,32,2,3,1798399885,1,0,7925,719117,21636644,22363686
turso,concurrent,32,2,3,1820763871,1,0,6944,432225,26029465,26468634
turso,concurrent,32,2,3,1847233216,1,0,6412,490125,87012917,87509454
turso,concurrent,32,2,3,1934742930,1,0,6052,425212,42997909,43429173
turso,concurrent,32,2,3,1978172283,1,0,5891,514141,149463999,149984031
turso,concurrent,32,2,3,2128156654,1,0,12193,3374118,182703861,186090172
turso,concurrent,32,2,3,2314247047,1,0,5741,429240,256624950,257059931
turso,concurrent,32,2,3,2571307208,1,0,6291,478824,216211469,216696584
turso,concurrent,32,2,3,2788004114,1,0,5620,537174,79497874,80040668
turso,concurrent,32,2,3,2868044962,1,0,5581,476519,43873982,44356082
turso,concurrent,32,2,3,2912401615,1,0,6002,663201,152515538,153184741
turso,concurrent,32,2,3,3065586526,0,0,6923,478063,187150393,187635379
turso,concurrent,32,2,3,3253222135,0,0,8636,3434262,23849280,27292178
turso,concurrent,32,2,3,3280514613,0,0,5952,476329,74765472,75247753
turso,concurrent,32,2,3,3355762527,0,0,4979,692647,75839720,76537346
turso,concurrent,32,2,3,3432300154,0,0,6712,465148,191531702,192003562
turso,concurrent,32,2,3,3624303926,0,0,7524,470979,26801882,27280385
turso,concurrent,32,2,3,3651584542,0,0,4829,432296,341331084,341768209
turso,concurrent,32,2,3,3993352971,0,0,5931,473404,68631446,69110781
turso,concurrent,32,2,3,4062463952,0,0,5430,417799,210133028,210556257
turso,concurrent,32,2,3,4273020559,0,0,8406,6732065,116506740,123247211
turso,concurrent,32,2,3,4396267920,0,0,5901,572821,75740483,76319205
turso,concurrent,32,2,3,4472587435,0,0,6863,704600,168816162,169527625
turso,concurrent,32,2,3,4642115310,0,0,5611,559896,169249810,169815317
turso,concurrent,32,2,3,4811930838,0,0,5610,458345,12791912,13255867
turso,concurrent,32,2,3,4825186925,0,0,4960,429911,105519564,105954435
turso,concurrent,32,2,3,4931142873,0,0,6482,549437,81631570,82187489
turso,concurrent,32,2,3,5013330563,0,0,6041,510383,367533435,368049859
turso,concurrent,32,2,3,5381380703,0,0,8826,6444433,25443619,31896878
turso,concurrent,32,2,3,5413277851,0,0,6172,452744,343854897,344313813
turso,concurrent,32,2,3,5757591994,0,0,7264,495435,40161967,40664666
turso,concurrent,32,2,3,5798256940,0,0,5491,411376,272204723,272621590
turso,concurrent,32,2,3,6070878861,0,0,6753,481689,116058403,116546845
turso,concurrent,32,2,3,6187425956,0,0,6342,691586,430127616,430825544
turso,concurrent,32,2,3,6618251941,0,0,8316,546802,154550769,155105887
turso,concurrent,32,2,3,6773358058,0,0,7815,482561,77786513,78276889
turso,concurrent,32,2,3,6851635188,0,0,6392,477912,50125160,50609464
turso,concurrent,32,2,3,6902244852,0,0,5260,487741,48348697,48841698
turso,concurrent,32,2,3,6951086780,0,0,6652,559186,20931203,21497041
turso,concurrent,32,2,3,6972584061,0,0,5641,603559,64251159,64860359
turso,concurrent,32,2,3,7037444660,0,0,5932,514881,24149888,24670701
turso,concurrent,32,2,3,7062115571,0,0,5430,452364,139556921,140014715
turso,concurrent,32,2,3,7202130517,0,0,5981,570998,150878768,151455747
turso,concurrent,32,2,3,7353586495,0,0,6442,618487,159724263,160349192
turso,concurrent,32,2,3,7513936348,0,0,19938,453476,268181570,268654984
turso,concurrent,32,2,3,7782591663,0,0,8346,10328152,246653742,256990240
turso,concurrent,32,2,3,8039582243,0,0,6392,464778,238538366,239009536
turso,concurrent,32,2,3,8278592390,0,0,6622,434751,120393044,120834417
turso,concurrent,32,2,3,8399427067,0,0,6702,461100,62223232,62691034
turso,concurrent,32,2,3,8462118313,0,0,5951,525882,59928291,60460124
turso,concurrent,32,2,3,8522578698,0,0,5009,483523,179919065,180407597
turso,concurrent,32,2,3,8702986576,0,0,7724,16521731,90018099,106547554
turso,concurrent,32,2,3,8809534420,0,0,7184,486548,121169980,121663712
turso,concurrent,32,2,3,8931198343,0,0,6282,452103,62670376,63128761
turso,concurrent,32,2,3,8994327424,0,0,6022,517677,597583350,598107049
turso,concurrent,32,2,3,9592434764,0,0,5931,471169,25206071,25683171
turso,concurrent,32,2,3,9618118135,0,0,4769,406858,262891196,263302823
turso,concurrent,32,2,3,9881421309,0,0,8776,4957938,273999079,278965793
turso,concurrent,32,2,3,10160389467,0,0,7925,679202,138767311,139454438
turso,concurrent,32,2,3,10299844155,0,0,6412,481289,189893880,190381581
turso,concurrent,32,2,3,10490225997,0,0,5470,489955,255927384,256422809
turso,concurrent,32,2,3,10746649186,0,0,8746,562472,738065327,738636545
turso,concurrent,32,2,3,11485286093,0,0,8296,8852978,76931530,85792804
turso,concurrent,32,2,3,11571079208,0,0,6492,577971,107284975,107869438
turso,concurrent,32,2,3,11678948927,0,0,5591,325844,22857579,23189014
turso,concurrent,32,2,3,11702138221,0,0,4910,410214,44695472,45110596
turso,concurrent,32,2,3,11747249007,0,0,5401,464717,78447992,78918110
turso,concurrent,32,2,3,11826167408,0,0,6532,730028,377864101,378600661
turso,concurrent,32,2,3,12204768309,0,0,7945,576428,39888691,40473064
turso,concurrent,32,2,3,12245241824,0,0,7754,923303,10052451,10983508
turso,concurrent,32,2,3,12256225723,0,0,7434,630881,30311977,30950292
turso,concurrent,32,2,3,12287176295,0,0,6071,714639,137690809,138411519
turso,concurrent,32,2,3,12425588076,0,0,6001,526173,276474321,277006495
turso,concurrent,32,2,3,12702594842,0,0,6402,524049,19943058,20473509
turso,concurrent,32,2,3,12723068742,0,0,7694,569064,224896170,225472928
turso,concurrent,32,2,3,12948541930,0,0,6102,549336,28501080,29056518
turso,concurrent,32,2,3,12977598919,0,0,6652,858320,194893166,195758138
turso,concurrent,32,2,3,13173357347,0,0,8546,3708579,16010066,19727191
turso,concurrent,32,2,3,13193084828,0,0,6783,636181,55216709,55859673
turso,concurrent,32,2,3,13248944731,0,0,5280,462252,95828354,96295886
turso,concurrent,32,2,3,13345240858,0,0,5380,412649,97479029,97897058
turso,concurrent,32,2,3,13443138146,0,0,6593,552332,93332253,93891178
turso,concurrent,32,2,3,13537029584,0,0,6702,616424,638497305,639120431
turso,concurrent,32,2,3,14176150277,0,0,6061,409824,204648346,205064231
turso,concurrent,32,2,3,14381214819,0,0,7244,2234146,130108420,132349810
turso,concurrent,32,2,3,14513565059,0,0,7363,420153,282098085,282525601
turso,concurrent,32,2,3,14796090972,0,0,6643,510543,13716897,14234083
turso,concurrent,32,2,3,14810325296,0,0,5731,537975,236134158,236677864
turso,concurrent,32,2,3,15047003421,0,0,5721,402119,279668540,280076380
turso,concurrent,32,2,3,15327080071,0,0,6222,443226,188899294,189348742
turso,concurrent,32,2,3,15516429194,0,0,8035,646510,77097003,77751548
turso,concurrent,32,2,3,15594181012,0,0,6032,494814,52891560,53392406
turso,concurrent,32,2,3,15647573709,0,0,5771,451231,36238943,36695945
turso,concurrent,32,2,3,15684269924,0,0,5109,582299,3750368,4337776
turso,concurrent,32,2,3,15688607941,0,0,4318,488151,661505869,661998338
turso,concurrent,32,2,3,16350606591,0,0,5570,500084,56541179,57046833
turso,concurrent,32,2,3,16407653664,0,0,5270,597998,12024143,12627411
turso,concurrent,32,2,3,16420281276,0,0,4909,474736,54100031,54579676
turso,concurrent,32,2,3,16474861393,0,0,7394,589402,19020848,19617644
turso,concurrent,32,2,3,16494479267,0,0,5861,12967273,78622902,91596036
turso,concurrent,32,2,3,16586075694,0,0,7284,3398464,86799414,90205162
turso,concurrent,32,2,3,16676281196,0,0,6112,462032,52682626,53150770
turso,concurrent,32,2,3,16729432226,0,0,5209,524290,162711460,163240959
turso,concurrent,32,2,3,16892673466,0,0,5981,549868,215440684,215996533
turso,concurrent,32,2,3,17108670311,0,0,6502,681937,53667946,54356385
turso,concurrent,32,2,3,17163026926,0,0,5300,448306,129203061,129656667
turso,concurrent,32,2,3,17292683784,0,0,6352,486879,11931778,12425009
turso,concurrent,32,2,3,17305109053,0,0,4678,468575,212815019,213288272
turso,concurrent,32,2,3,17518397646,0,0,6473,487780,46061491,46555744
turso,concurrent,32,2,3,17564953650,0,0,7635,522746,14611215,15141596
turso,concurrent,32,2,3,17580095517,0,0,5370,513639,46812448,47331457
turso,concurrent,32,2,3,17627427275,0,0,6562,3446324,94322322,97775208
turso,concurrent,32,2,3,17725202703,0,0,7224,8089908,150216849,158313981
turso,concurrent,32,2,3,17883516925,0,0,5290,448636,35446768,35900694
turso,concurrent,32,2,3,17919417819,0,0,5671,475107,388103976,388584754
turso,concurrent,32,2,3,18308003264,0,0,6773,451723,189114500,189572996
turso,concurrent,32,2,3,18497576550,0,0,6232,456041,190108696,190570969
turso,concurrent,32,2,3,18688147809,0,0,6232,679683,46771961,47457876
turso,concurrent,32,2,3,18735606266,0,0,13555,871705,323931686,324816946
turso,concurrent,32,2,3,19060423604,0,0,8145,6418815,216587999,223014959
turso,concurrent,32,2,3,19283438834,0,0,5520,446142,273287447,273739109
turso,concurrent,32,2,3,19557178233,0,0,7394,551341,129426513,129985248
turso,concurrent,32,2,3,19687164963,0,0,5259,476970,144588047,145070276
turso,concurrent,32,2,3,19832235450,0,0,6042,453375,75891147,76350564
turso,concurrent,32,2,3,19908586265,0,0,7614,456782,17330267,17794663
turso,concurrent,32,2,3,19926381209,0,0,9077,9100735,283100747,292210559
turso,concurrent,32,2,3,20218592029,0,0,7724,6191265,47900522,54099511
turso,concurrent,32,2,3,20272691790,0,0,5921,518659,58155505,58680085
turso,concurrent,32,2,3,20331372095,0,0,4969,452113,120088349,120545431
turso,concurrent,32,2,3,20451918108,0,0,16541,539819,58121361,58677721
turso,concurrent,32,2,3,20510596079,0,0,7675,770063,7961475,8739213
turso,concurrent,32,2,3,20519335443,0,0,5750,639277,81026359,81671386
turso,concurrent,32,2,3,20601007029,0,0,5500,436574,147138480,147580554
turso,concurrent,32,2,3,20748587804,0,0,5570,468635,34141865,34616070
turso,concurrent,32,2,3,20783204104,0,0,5110,473032,33558143,34036285
turso,concurrent,32,2,3,20817240630,0,0,4609,444990,64263402,64713001
turso,concurrent,32,2,3,20881953781,0,0,4609,448436,298651275,299104320
turso,concurrent,32,2,3,21181058332,0,0,8856,3379599,77991881,81380336
turso,concurrent,32,2,3,21262438889,0,0,4929,446723,183204246,183655898
turso,concurrent,32,2,3,21446095027,0,0,5651,538997,227770885,228315533
turso,concurrent,32,2,3,21674410790,0,0,7104,525752,71711319,72244175
turso,concurrent,32,2,3,21746655125,0,0,6993,792686,181032918,181832597
turso,concurrent,32,2,3,21928487973,0,0,6632,572350,145468368,146047350
turso,concurrent,32,2,3,22074535583,0,0,5701,511626,159105414,159622741
turso,concurrent,32,2,3,22234158545,0,0,8035,5797512,40641251,46446798
turso,concurrent,32,2,3,22280605613,0,0,5801,508510,80139695,80654006
turso,concurrent,32,2,3,22361259929,0,0,6613,482250,260538226,261027089
turso,concurrent,32,2,3,22622287358,0,0,6943,528838,110078558,110614339
turso,concurrent,32,2,3,22732901988,0,0,6422,499012,335674278,336179712
turso,concurrent,32,2,3,23069081910,0,0,6011,610082,138740791,139356884
turso,concurrent,32,2,3,23208439064,0,0,7544,580476,268011319,268599339
turso,concurrent,32,2,3,23477038694,0,0,9298,644065,62592439,63245802
turso,concurrent,32,2,3,23540284706,0,0,5581,625160,137554532,138185273
turso,concurrent,32,2,3,23678470329,0,0,7134,514010,213420793,213941937
turso,concurrent,32,2,3,23892412466,0,0,5560,442556,125727271,126175387
turso,concurrent,32,2,3,24018588163,0,0,5892,446452,130984343,131436687
turso,concurrent,32,2,3,24150025030,0,0,4909,483213,223211510,223699632
turso,concurrent,32,2,3,24373724952,0,0,7544,545590,341987743,342540877
turso,concurrent,32,2,3,24716266099,0,0,8957,3436245,496809684,500254886
turso,concurrent,32,2,3,25216521255,0,0,7034,506676,52578339,53092049
turso,concurrent,32,2,3,25269613625,0,0,8295,674934,231960272,232643501
turso,concurrent,32,2,3,25502257366,0,0,5981,416045,207668567,208090593
turso,concurrent,32,2,3,25710348209,0,0,7194,723876,89530118,90261188
turso,concurrent,32,2,3,25800609998,0,0,20358,3444892,202506273,205971523
turso,concurrent,32,2,3,26006581782,0,0,5781,453716,344867448,345326945
turso,concurrent,32,2,3,26351908907,0,0,6462,583732,438916323,439506517
turso,concurrent,32,2,3,26791415674,0,0,6572,516725,288491020,289014317
turso,concurrent,32,2,3,27080430223,0,0,8065,3758393,137646806,141413264
turso,concurrent,32,2,3,27221843738,0,0,5761,462322,31190575,31658658
turso,concurrent,32,2,3,27253502637,0,0,6212,620520,503648671,504275403
turso,concurrent,32,2,3,27757778340,0,0,6582,498501,82627640,83132723
turso,concurrent,32,2,3,27840911285,0,0,6101,541753,116878521,117426375
turso,concurrent,32,2,3,27958337880,0,0,4779,422327,306396603,306823709
turso,concurrent,32,2,3,28265161860,0,0,8115,6715975,64227645,70951735
turso,concurrent,32,2,3,28336113835,0,0,5390,504162,318789762,319299314
turso,concurrent,32,2,3,28655413449,0,0,6172,443296,18048874,18498342
turso,concurrent,32,2,3,28673912021,0,0,5500,454568,218625545,219085613
turso,concurrent,32,2,3,28892997915,0,0,7755,675224,113522628,114205607
turso,concurrent,32,2,3,29007203842,0,0,6823,697577,710669905,711374305
turso,concurrent,32,2,3,29718578367,0,0,7474,13072421,103172365,116252260
turso,concurrent,32,2,3,29834830827,0,0,9117,1074468,70326555,71410140
turso,concurrent,32,2,3,29906241177,0,0,5209,478383,66194086,66677678
turso,concurrent,32,2,3,29972919007,0,0,6011,548826,14908346,15463183
turso,concurrent,32,2,3,29988382410,0,0,5320,478343,81133891,81617554
turso,concurrent,32,2,3,30070000225,0,0,4789,428038,117979048,118411875
turso,concurrent,32,2,3,30188412330,0,0,8166,464446,85087734,85560346
turso,concurrent,32,2,3,30273972916,0,0,6432,490626,139769443,140266501
turso,concurrent,32,2,3,30414239657,0,0,7484,469246,198118733,198595463
turso,concurrent,32,2,3,30612835721,0,0,14117,9575431,393644243,403233791
turso,concurrent,32,2,3,31016069702,0,0,7454,572882,166702342,167282678
turso,concurrent,32,2,3,31183352610,0,0,6793,733294,139348428,140088515
turso,concurrent,32,2,3,31323441345,0,0,5831,524440,34808763,35339034
turso,concurrent,32,2,3,31358780660,0,0,7284,528086,202182373,202717743
turso,concurrent,32,2,3,31561498613,0,0,6392,518940,243574029,244099361
turso,concurrent,32,2,3,31805598315,0,0,12554,6844247,13646714,20503515
turso,concurrent,32,2,3,31826102682,0,0,12744,552854,312872024,313437622
turso,concurrent,32,2,3,32139540544,0,0,5951,437967,40455801,40899719
turso,concurrent,32,2,3,32180440513,0,0,4669,427236,85707483,86139388
turso,concurrent,32,2,3,32266580152,0,0,6672,581658,208769594,209357924
turso,concurrent,32,2,3,32475938347,0,0,6983,535821,203798142,204340946
turso,concurrent,32,2,3,32680279504,0,0,5390,489363,22891322,23386075
turso,concurrent,32,2,3,32703665810,0,0,4478,471270,321284801,321760549
turso,concurrent,32,2,4,47199,1,0,1735195,588871,209137268,211461334
turso,concurrent,32,2,4,211508895,1,0,5951,350101,225359964,225716016
turso,concurrent,32,2,4,437225222,1,0,7143,351814,103603769,103962726
turso,concurrent,32,2,4,541188188,1,0,5671,358075,42601581,42965327
turso,concurrent,32,2,4,584153736,1,0,6191,448597,451026188,451480976
turso,concurrent,32,2,4,1035635443,1,0,51247,19969107,309636537,329656891
turso,concurrent,32,2,4,1365292574,1,0,6762,501898,233735671,234244331
turso,concurrent,32,2,4,1599537157,1,0,7724,628096,12230683,12866503
turso,concurrent,32,2,4,1612403910,1,0,5751,459637,56351100,56816488
turso,concurrent,32,2,4,1669221240,1,0,5460,536984,106505564,107048008
turso,concurrent,32,2,4,1776269499,1,0,5550,435151,283812982,284253683
turso,concurrent,32,2,4,2060523442,1,0,7063,469286,453517149,453993498
turso,concurrent,32,2,4,2514517161,1,0,8606,3448258,3367555,6824419
turso,concurrent,32,2,4,2521341770,1,0,5020,489213,439581679,440075912
turso,concurrent,32,2,4,2961417872,1,0,6041,503381,77663151,78172573
turso,concurrent,32,2,4,3039590775,0,0,7795,686516,113297633,113991944
turso,concurrent,32,2,4,3153582969,0,0,6493,405435,102146969,102558897
turso,concurrent,32,2,4,3256143078,0,0,6953,3395619,191191499,194594071
turso,concurrent,32,2,4,3450737420,0,0,6843,413720,356210275,356630838
turso,concurrent,32,2,4,3807368478,0,0,6362,540741,62382923,62930026
turso,concurrent,32,2,4,3870298755,0,0,5891,498170,130459983,130964044
turso,concurrent,32,2,4,4001263029,0,0,5801,471250,69728997,70206048
turso,concurrent,32,2,4,4071469338,0,0,6822,495676,54677611,55180109
turso,concurrent,32,2,4,4126649617,0,0,4900,395045,30240362,30640307
turso,concurrent,32,2,4,4157290135,0,0,4428,409122,75477897,75891447
turso,concurrent,32,2,4,4233181863,0,0,12734,2571733,425521444,428105911
turso,concurrent,32,2,4,4661288044,0,0,8727,817623,583924572,584750922
turso,concurrent,32,2,4,5246039177,0,0,6522,490977,72900332,73397831
turso,concurrent,32,2,4,5319437269,0,0,6702,534199,30379794,30920695
turso,concurrent,32,2,4,5350358235,0,0,7203,4857067,242056656,246920926
turso,concurrent,32,2,4,5597279502,0,0,7424,5826075,55403471,61236970
turso,concurrent,32,2,4,5658516643,0,0,5220,476869,32038185,32520274
turso,concurrent,32,2,4,5691037147,0,0,4860,493030,204818969,205316859
turso,concurrent,32,2,4,5896364786,0,0,6963,481229,196787821,197276013
turso,concurrent,32,2,4,6093641019,0,0,6693,498020,166939941,167444654
turso,concurrent,32,2,4,6261085963,0,0,6993,660617,177010626,177678236
turso,concurrent,32,2,4,6438764460,0,0,7674,593861,44226447,44827982
turso,concurrent,32,2,4,6483592723,0,0,7334,7766587,151055202,158829123
turso,concurrent,32,2,4,6642422097,0,0,6171,493011,300118875,300618057
turso,concurrent,32,2,4,6943040404,0,0,7204,589472,47605244,48201920
turso,concurrent,32,2,4,6991242585,0,0,5750,444550,290524277,290974577
turso,concurrent,32,2,4,7282217402,0,0,7284,530982,84815771,85354037
turso,concurrent,32,2,4,7367571679,0,0,5891,456852,249666227,250128970
turso,concurrent,32,2,4,7617701020,0,0,7975,9166259,75911325,85085559
turso,concurrent,32,2,4,7702786810,0,0,5781,578742,160580519,161165042
turso,concurrent,32,2,4,7863952142,0,0,6122,476479,97988791,98471392
turso,concurrent,32,2,4,7962423765,0,0,5570,523428,222018088,222547086
turso,concurrent,32,2,4,8184971091,0,0,5991,467893,22683630,23157514
turso,concurrent,32,2,4,8208128816,0,0,4940,519160,635264444,635788544
turso,concurrent,32,2,4,8843917610,0,0,7774,6215250,23452702,29675726
turso,concurrent,32,2,4,8873593577,0,0,4709,430202,43827214,44262125
turso,concurrent,32,2,4,8917856102,0,0,6042,459276,31090928,31556246
turso,concurrent,32,2,4,8949412538,0,0,5230,461721,105841622,106308573
turso,concurrent,32,2,4,9055721331,0,0,6442,527606,104282229,104816277
turso,concurrent,32,2,4,9160537868,0,0,5881,499653,262259254,262764788
turso,concurrent,32,2,4,9423302906,0,0,6682,489855,18454358,18950895
turso,concurrent,32,2,4,9442254062,0,0,4819,532665,251245497,251782981
turso,concurrent,32,2,4,9694037395,0,0,7755,482490,56069048,56559293
turso,concurrent,32,2,4,9750596988,0,0,7144,491427,113999979,114498550
turso,concurrent,32,2,4,9865095768,0,0,8577,3700633,115470975,119180185
turso,concurrent,32,2,4,9984276334,0,0,7183,634007,550474283,551115473
turso,concurrent,32,2,4,10535392108,0,0,7354,498661,384651971,385157986
turso,concurrent,32,2,4,10920550395,0,0,13566,6424725,260522716,266961007
turso,concurrent,32,2,4,11187511612,0,0,6883,535931,162537652,163080466
turso,concurrent,32,2,4,11350592289,0,0,7333,504042,40243781,40755156
turso,concurrent,32,2,4,11391349239,0,0,5521,483632,37176201,37665354
turso,concurrent,32,2,4,11429014834,0,0,5230,463444,68574208,69042882
turso,concurrent,32,2,4,11498057937,0,0,5510,462483,59816410,60284403
turso,concurrent,32,2,4,11558342540,0,0,6452,936488,35733769,36676709
turso,concurrent,32,2,4,11595019519,0,0,5861,513248,613097390,613616499
turso,concurrent,32,2,4,12208636249,0,0,8877,6648688,286279877,292937442
turso,concurrent,32,2,4,12501573871,0,0,6102,714498,78612183,79332783
turso,concurrent,32,2,4,12580906884,0,0,7073,618628,21526155,22151856
turso,concurrent,32,2,4,12603059051,0,0,8276,705180,324641286,325354742
turso,concurrent,32,2,4,12928414113,0,0,5962,622965,284983040,285611967
turso,concurrent,32,2,4,13214026471,0,0,13395,3451674,48853570,52318639
turso,concurrent,32,2,4,13266345361,0,0,6943,509521,25361194,25877658
turso,concurrent,32,2,4,13292223209,0,0,5721,618928,442050538,442675187
turso,concurrent,32,2,4,13734898606,0,0,7373,806673,243026416,243840462
turso,concurrent,32,2,4,13978739289,0,0,6332,621043,113218774,113846149
turso,concurrent,32,2,4,14092585618,0,0,6322,507257,21655149,22168728
turso,concurrent,32,2,4,14114754557,0,0,5731,620180,290055493,290681404
turso,concurrent,32,2,4,14405436291,0,0,10380,4269408,121514119,125793907
turso,concurrent,32,2,4,14531230459,0,0,5420,602367,104765260,105373047
turso,concurrent,32,2,4,14636603726,0,0,7354,791334,94209078,95007766
turso,concurrent,32,2,4,14731611732,0,0,5441,495234,95922221,96422896
turso,concurrent,32,2,4,14828034899,0,0,5801,538796,53210944,53755541
turso,concurrent,32,2,4,14881790720,0,0,5060,437786,56059630,56502476
turso,concurrent,32,2,4,14938293436,0,0,6392,484324,97544243,98034959
turso,concurrent,32,2,4,15036328665,0,0,6282,480116,421216729,421703127
turso,concurrent,32,2,4,15458032053,0,0,7774,9121094,72601338,81730206
turso,concurrent,32,2,4,15539762560,0,0,7855,565748,348636741,349210344
turso,concurrent,32,2,4,15888973174,0,0,9048,875372,184184255,185068675
turso,concurrent,32,2,4,16074042149,0,0,6222,566038,186923074,187495334
turso,concurrent,32,2,4,16261537764,0,0,6943,497980,479418191,479923114
turso,concurrent,32,2,4,16741461058,0,0,7514,4614229,163856791,168478534
turso,concurrent,32,2,4,16909939793,0,0,5871,500264,223967888,224474023
turso,concurrent,32,2,4,17134414126,0,0,5761,565527,22328891,22900179
turso,concurrent,32,2,4,17157314636,0,0,6462,483212,47299587,47789261
turso,concurrent,32,2,4,17205104077,0,0,5220,505444,5985626,6496290
turso,concurrent,32,2,4,17211600688,0,0,6853,581878,201190060,201778791
turso,concurrent,32,2,4,17413379749,0,0,5470,454357,17404607,17864434
turso,concurrent,32,2,4,17431244435,0,0,5300,518819,255012086,255536205
turso,concurrent,32,2,4,17686780931,0,0,7434,815349,40986082,41808865
turso,concurrent,32,2,4,17728590026,0,0,6602,632254,33828924,34467780
turso,concurrent,32,2,4,17763058036,0,0,4849,475117,482044768,482524734
turso,concurrent,32,2,4,18245583030,0,0,5981,452634,613266489,613725104
turso,concurrent,32,2,4,18859308335,0,0,8767,19722832,286228220,305959819
turso,concurrent,32,2,4,19165268454,0,0,6823,599792,200458770,201065385
turso,concurrent,32,2,4,19366334119,0,0,6132,594953,272717341,273318426
turso,concurrent,32,2,4,19639652805,0,0,7534,659004,142730281,143396819
turso,concurrent,32,2,4,19783049864,0,0,5510,578272,254811898,255395680
turso,concurrent,32,2,4,20038445835,0,0,9408,7226037,113141278,120376723
turso,concurrent,32,2,4,20158822899,0,0,6071,543776,22807625,23357472
turso,concurrent,32,2,4,20182180621,0,0,4118,422167,44519389,44945674
turso,concurrent,32,2,4,20227126576,0,0,5681,527636,164829557,165362874
turso,concurrent,32,2,4,20392489671,0,0,6001,596536,69315807,69918344
turso,concurrent,32,2,4,20462408296,0,0,6542,588752,429635627,430230921
turso,concurrent,32,2,4,20892639438,0,0,6742,591387,97399649,97997778
turso,concurrent,32,2,4,20990637907,0,0,11412,670095,212269920,212951427
turso,concurrent,32,2,4,21203589634,0,0,11081,8881091,62516566,71408738
turso,concurrent,32,2,4,21274998622,0,0,5310,496237,670800982,671302529
turso,concurrent,32,2,4,21946301441,0,0,7144,480717,167385552,167873413
turso,concurrent,32,2,4,22114175114,0,0,6683,463084,10227041,10696808
turso,concurrent,32,2,4,22124872142,0,0,5420,473975,436932299,437411694
turso,concurrent,32,2,4,22562284256,0,0,7555,2371786,211040460,213419801
turso,concurrent,32,2,4,22775704298,0,0,6111,463124,6422511,6891746
turso,concurrent,32,2,4,22782596264,0,0,4489,479966,231509250,231993705
turso,concurrent,32,2,4,23014590219,0,0,7654,618617,45019294,45645565
turso,concurrent,32,2,4,23060237408,0,0,7083,463625,84595334,85066042
turso,concurrent,32,2,4,23145303721,0,0,5560,436735,18698068,19140363
turso,concurrent,32,2,4,23164444244,0,0,5881,559807,140830765,141396453
turso,concurrent,32,2,4,23305840908,0,0,6592,637994,41230333,41874919
turso,concurrent,32,2,4,23347716288,0,0,15429,451773,235123631,235590833
turso,concurrent,32,2,4,23583307412,0,0,8185,2832255,44339922,47180362
turso,concurrent,32,2,4,23630488014,0,0,5491,479464,243171831,243656786
turso,concurrent,32,2,4,23874145100,0,0,6622,488312,777218760,777713694
turso,concurrent,32,2,4,24651859006,0,0,9458,11077556,479786366,490873380
turso,concurrent,32,2,4,25142732626,0,0,9188,650417,63436752,64096357
turso,concurrent,32,2,4,25206829174,0,0,5690,523068,384947168,385475926
turso,concurrent,32,2,4,25592305381,0,0,6041,612296,34010026,34628363
turso,concurrent,32,2,4,25626934024,0,0,6122,658844,640985722,641650688
turso,concurrent,32,2,4,26268584922,0,0,8376,3732404,18721753,22462533
turso,concurrent,32,2,4,26291047695,0,0,6964,691905,316936765,317635634
turso,concurrent,32,2,4,26608683539,0,0,6602,386480,9513925,9907007
turso,concurrent,32,2,4,26618590837,0,0,7274,526233,52326675,52860182
turso,concurrent,32,2,4,26671451219,0,0,5160,450610,28147402,28603172
turso,concurrent,32,2,4,26700054551,0,0,5331,531282,456494508,457031121
turso,concurrent,32,2,4,27157085972,0,0,7343,582690,498723866,499313899
turso,concurrent,32,2,4,27656400113,0,0,6001,469145,116342730,116817876
turso,concurrent,32,2,4,27773218210,0,0,5951,435061,101924179,102365191
turso,concurrent,32,2,4,27875583701,0,0,6041,436785,77208733,77651559
turso,concurrent,32,2,4,27953235441,0,0,6242,691525,65673172,66370939
turso,concurrent,32,2,4,28019606581,0,0,5360,450240,143140905,143596505
turso,concurrent,32,2,4,28163203326,0,0,7414,6205551,130931904,137144869
turso,concurrent,32,2,4,28300348476,0,0,7564,3625463,137377248,141010275
turso,concurrent,32,2,4,28441358941,0,0,4518,605343,133383811,133993672
turso,concurrent,32,2,4,28575352793,0,0,5671,648574,491253898,491908143
turso,concurrent,32,2,4,29067261177,0,0,5801,510042,24330999,24846842
turso,concurrent,32,2,4,29092108340,0,0,6602,629408,165854532,166490542
turso,concurrent,32,2,4,29258599163,0,0,6382,483292,49750262,50239936
turso,concurrent,32,2,4,29308839630,0,0,15830,745597,104824001,105585428
turso,concurrent,32,2,4,29414425289,0,0,8476,1432062,117737643,119178181
turso,concurrent,32,2,4,29533603700,0,0,6242,503711,89178754,89688707
turso,concurrent,32,2,4,29623292718,0,0,7073,485416,254538052,255030541
turso,concurrent,32,2,4,29878323519,0,0,7324,552984,15054602,15614910
turso,concurrent,32,2,4,29893938659,0,0,4188,490907,69983147,70478242
turso,concurrent,32,2,4,29964417141,0,0,6402,555699,211960256,212522357
turso,concurrent,32,2,4,30176939788,0,0,6632,450330,167745791,168202753
turso,concurrent,32,2,4,30345142783,0,0,6322,529278,351781056,352316656
turso,concurrent,32,2,4,30697459770,0,0,8726,3758063,28798981,32565770
turso,concurrent,32,2,4,30730025790,0,0,4819,464927,159125633,159595379
turso,concurrent,32,2,4,30889621420,0,0,6472,478203,97708733,98193408
turso,concurrent,32,2,4,30987815078,0,0,7895,618598,44146917,44773410
turso,concurrent,32,2,4,31032588688,0,0,5370,514201,188060110,188579681
turso,concurrent,32,2,4,31221168549,0,0,5370,498731,145630504,146134605
turso,concurrent,32,2,4,31367303405,0,0,6823,699380,186285991,186992194
turso,concurrent,32,2,4,31554295910,0,0,6462,524801,72595226,73126489
turso,concurrent,32,2,4,31627422660,0,0,5580,433669,35926483,36365732
turso,concurrent,32,2,4,31663788732,0,0,5491,469546,198637993,199113030
turso,concurrent,32,2,4,31862901963,0,0,8345,3468987,59523226,63000558
turso,concurrent,32,2,4,31925902742,0,0,6041,457403,242100800,242564244
turso,concurrent,32,2,4,32168467236,0,0,5791,446483,188501783,188954057
turso,concurrent,32,2,4,32357421543,0,0,5350,616914,93327785,93950049
turso,concurrent,32,2,4,32451371843,0,0,5882,449007,9627550,10082439
turso,concurrent,32,2,4,32461454592,0,0,5260,483593,48541531,49030384
turso,concurrent,32,2,4,32510485126,0,0,5881,489654,26799458,27294993
turso,concurrent,32,2,4,32537780349,0,0,4729,464377,22986090,23455196
turso,concurrent,32,2,4,32561235786,0,0,5220,529259,35487264,36021743
turso,concurrent,32,2,4,32597257749,0,0,5651,463074,19161092,19629817
turso,concurrent,32,2,4,32616887756,0,0,5210,505744,437219031,437729985
turso,concurrent,32,2,5,73820,1,0,4270529,401869,38858005,43530403
turso,concurrent,32,2,5,43604995,1,0,6763,323690,672908129,673238582
turso,concurrent,32,2,5,716843847,1,0,6182,428809,114162075,114597066
turso,concurrent,32,2,5,831441123,1,0,5771,384336,284597191,284987298
turso,concurrent,32,2,5,1116428692,1,0,44413,7178388,164304497,171527298
turso,concurrent,32,2,5,1287956551,1,0,7544,474185,693826878,694308607
turso,concurrent,32,2,5,1982265448,1,0,6883,550008,311652312,312209203
turso,concurrent,32,2,5,2294474931,1,0,7824,3275792,81046036,84329652
turso,concurrent,32,2,5,2378804795,1,0,6211,551742,52963756,53521709
turso,concurrent,32,2,5,2432327065,1,0,4870,400365,73621103,74026338
turso,concurrent,32,2,5,2506353654,1,0,5861,477070,105414646,105897577
turso,concurrent,32,2,5,2612251431,1,0,5420,462754,28248643,28716817
turso,concurrent,32,2,5,2640968448,1,0,5811,493812,35122926,35622549
turso,concurrent,32,2,5,2676591197,1,0,6772,478944,181944318,182430034
turso,concurrent,32,2,5,2859021442,1,0,5711,432336,222976778,223414825
turso,concurrent,32,2,5,3082436557,0,0,6112,470197,346677403,347153712
turso,concurrent,32,2,5,3429590510,0,0,9107,7423059,58090763,65522929
turso,concurrent,32,2,5,3495114321,0,0,7193,568223,195896790,196472206
turso,concurrent,32,2,5,3691586767,0,0,5931,403191,77964610,78373732
turso,concurrent,32,2,5,3769960780,0,0,6172,395666,304832451,305234289
turso,concurrent,32,2,5,4075195279,0,0,7223,516234,59510292,60033749
turso,concurrent,32,2,5,4135229290,0,0,4849,414402,130041954,130461205
turso,concurrent,32,2,5,4265690696,0,0,8175,1661045,48249069,49918289
turso,concurrent,32,2,5,4315609185,0,0,6783,3413953,151163626,154584362
turso,concurrent,32,2,5,4470193758,0,0,7253,566550,166124942,166698745
turso,concurrent,32,2,5,4636892724,0,0,6702,582740,58619831,59209273
turso,concurrent,32,2,5,4696102288,0,0,5811,419101,41414119,41839031
turso,concurrent,32,2,5,4737941540,0,0,6141,487240,219484617,219977998
turso,concurrent,32,2,5,4957919818,0,0,6703,442094,709935659,710384456
turso,concurrent,32,2,5,5668304565,0,0,7835,3349732,157583632,160941199
turso,concurrent,32,2,5,5829246065,0,0,5671,435862,87899160,88340693
turso,concurrent,32,2,5,5917586988,0,0,5130,464747,33888847,34358724
turso,concurrent,32,2,5,5951945933,0,0,6101,909306,32859525,33774932
turso,concurrent,32,2,5,5985722268,0,0,5440,520973,150344340,150870753
turso,concurrent,32,2,5,6136593262,0,0,7474,508289,58932341,59448104
turso,concurrent,32,2,5,6196041627,0,0,6181,846728,70527755,71380664
turso,concurrent,32,2,5,6267422511,0,0,6682,887515,26668110,27562307
turso,concurrent,32,2,5,6294985009,0,0,5190,620591,146781126,147406907
turso,concurrent,32,2,5,6442392156,0,0,7074,517807,16345338,16870219
turso,concurrent,32,2,5,6459262605,0,0,6913,7896273,12116858,20020044
turso,concurrent,32,2,5,6479282899,0,0,6492,4916129,146216369,151138990
turso,concurrent,32,2,5,6630422149,0,0,5922,477641,16678106,17161669
turso,concurrent,32,2,5,6647583989,0,0,4829,469325,50637998,51112152
turso,concurrent,32,2,5,6698696361,0,0,4890,455499,143298213,143758602
turso,concurrent,32,2,5,6842455253,0,0,5761,483663,80642734,81132158
turso,concurrent,32,2,5,6923587631,0,0,6171,544398,84773350,85323919
turso,concurrent,32,2,5,7008911851,0,0,5932,453035,86046613,86505580
turso,concurrent,32,2,5,7095417691,0,0,6703,461391,15362142,15830236
turso,concurrent,32,2,5,7111248248,0,0,7394,587799,277756160,278351353
turso,concurrent,32,2,5,7389599832,0,0,5280,436814,8844993,9287087
turso,concurrent,32,2,5,7398887120,0,0,4799,443898,283701530,284150227
turso,concurrent,32,2,5,7683037538,0,0,8045,11792976,79543621,91344642
turso,concurrent,32,2,5,7774382440,0,0,5911,511446,17264242,17781599
turso,concurrent,32,2,5,7792164269,0,0,5440,766197,26783016,27554653
turso,concurrent,32,2,5,7819719213,0,0,5781,555488,269144308,269705577
turso,concurrent,32,2,5,8089425010,0,0,5881,543165,315146016,315695062
turso,concurrent,32,2,5,8405120302,0,0,5260,451001,165009427,165465688
turso,concurrent,32,2,5,8570586221,0,0,5911,502819,126234608,126743338
turso,concurrent,32,2,5,8697329870,0,0,7765,7991542,41913031,49912338
turso,concurrent,32,2,5,8747242438,0,0,6532,711633,31506211,32224376
turso,concurrent,32,2,5,8779467055,0,0,5270,475868,149306792,149787930
turso,concurrent,32,2,5,8929255226,0,0,6011,445170,183479525,183930706
turso,concurrent,32,2,5,9113186233,0,0,6312,591255,154209305,154806872
turso,concurrent,32,2,5,9267993325,0,0,5571,491077,38919010,39415658
turso,concurrent,32,2,5,9307409194,0,0,4809,417107,690757115,691179031
turso,concurrent,32,2,5,9998590579,0,0,7985,2473448,187789600,190271033
turso,concurrent,32,2,5,10188861872,0,0,8256,545910,21133975,21688141
turso,concurrent,32,2,5,10210550524,0,0,22202,465839,8224933,8712974
turso,concurrent,32,2,5,10219263718,0,0,4539,505925,151874117,152384581
turso,concurrent,32,2,5,10371648599,0,0,7163,510724,57079825,57597712
turso,concurrent,32,2,5,10429246572,0,0,5921,734025,89442282,90182228
turso,concurrent,32,2,5,10519428961,0,0,6763,649245,24326271,24982279
turso,concurrent,32,2,5,10544411460,0,0,4609,492509,55439639,55936757
turso,concurrent,32,2,5,10600348478,0,0,5510,674022,43306862,43986394
turso,concurrent,32,2,5,10644335172,0,0,5491,628656,56407136,57041283
turso,concurrent,32,2,5,10701376675,0,0,5691,455570,147129042,147590303
turso,concurrent,32,2,5,10848967248,0,0,8637,467452,277465762,277941851
turso,concurrent,32,2,5,11126909360,0,0,8375,4868920,116168050,121045345
turso,concurrent,32,2,5,11247955055,0,0,7313,564135,293955774,294527222
turso,concurrent,32,2,5,11542482518,0,0,6793,477972,8617914,9102679
turso,concurrent,32,2,5,11551585428,0,0,5129,536753,433511073,434052955
turso,concurrent,32,2,5,11985638883,0,0,13746,427427,26943550,27384723
turso,concurrent,32,2,5,12013023866,0,0,8596,15854772,139595525,155458893
turso,concurrent,32,2,5,12168483119,0,0,8677,6960426,150971584,157940687
turso,concurrent,32,2,5,12326424046,0,0,5350,585576,86934579,87525505
turso,concurrent,32,2,5,12413949831,0,0,6052,531573,20485331,21022956
turso,concurrent,32,2,5,12434973007,0,0,5360,530361,30925645,31461366
turso,concurrent,32,2,5,12466434614,0,0,6252,605763,236775710,237387725
turso,concurrent,32,2,5,12703822689,0,0,6883,522076,270160866,270689825
turso,concurrent,32,2,5,12974512894,0,0,7544,669123,94405609,95082276
turso,concurrent,32,2,5,13069595571,0,0,7654,649767,81496916,82154337
turso,concurrent,32,2,5,13151750129,0,0,6552,10904670,107991109,118902331
turso,concurrent,32,2,5,13270652690,0,0,6252,546441,246686413,247239106
turso,concurrent,32,2,5,13517892167,0,0,6462,500515,59497919,60004896
turso,concurrent,32,2,5,13577897333,0,0,7254,543545,82554443,83105242
turso,concurrent,32,2,5,13661002835,0,0,6281,481519,121186922,121674722
turso,concurrent,32,2,5,13782677969,0,0,7725,641721,222663816,223313262
turso,concurrent,32,2,5,14005991522,0,0,6803,539938,80574597,81121338
turso,concurrent,32,2,5,14087113120,0,0,6292,500485,24233134,24739911
turso,concurrent,32,2,5,14111853241,0,0,5290,514622,27964947,28484859
turso,concurrent,32,2,5,14140338340,0,0,4849,423129,206809725,207237703
turso,concurrent,32,2,5,14347576404,0,0,8727,11770564,22699510,34478801
turso,concurrent,32,2,5,14382055465,0,0,4879,463264,301840554,302308697
turso,concurrent,32,2,5,14684364504,0,0,6332,478954,199728441,200213727
turso,concurrent,32,2,5,14884578482,0,0,6592,516505,165484463,166007560
turso,concurrent,32,2,5,15050586333,0,0,5560,410225,115416281,115832066
turso,concurrent,32,2,5,15166418790,0,0,7825,491117,9881549,10380491
turso,concurrent,32,2,5,15176799481,0,0,5350,583031,25910901,26499282
turso,concurrent,32,2,5,15203299023,0,0,5500,441564,53838217,54285281
turso,concurrent,32,2,5,15257584574,0,0,5371,453696,261403398,261862465
turso,concurrent,32,2,5,15519447320,0,0,7644,3571450,104124121,107703215
turso,concurrent,32,2,5,15627150915,0,0,5521,674553,94752423,95432497
turso,concurrent,32,2,5,15722583662,0,0,6292,503901,236496653,237006846
turso,concurrent,32,2,5,15959590749,0,0,7003,493071,72018959,72519033
turso,concurrent,32,2,5,16032110032,0,0,4959,492370,44440631,44937960
turso,concurrent,32,2,5,16077048253,0,0,4989,436003,197272175,197713167
turso,concurrent,32,2,5,16274761671,0,0,5691,480336,203203330,203689357
turso,concurrent,32,2,5,16478451338,0,0,6993,636402,150321396,150964791
turso,concurrent,32,2,5,16629416410,0,0,7584,11072046,421721552,432801182
turso,concurrent,32,2,5,17062217913,0,0,6913,490886,174857443,175355242
turso,concurrent,32,2,5,17237573365,0,0,6543,470368,180967434,181444345
turso,concurrent,32,2,5,17419017960,0,0,5741,452644,17457317,17915702
turso,concurrent,32,2,5,17436933852,0,0,5029,615251,156654128,157274408
turso,concurrent,32,2,5,17594208532,0,0,7484,608819,229023900,229640203
turso,concurrent,32,2,5,17823849035,0,0,7985,3385169,81997030,85390184
turso,concurrent,32,2,5,17909239550,0,0,7013,552573,178668295,179227881
turso,concurrent,32,2,5,18088467762,0,0,8095,683520,61791998,62483613
turso,concurrent,32,2,5,18150951776,0,0,7073,523358,60839651,61370082
turso,concurrent,32,2,5,18212322028,0,0,5040,554376,618033415,618592831
turso,concurrent,32,2,5,18830916933,0,0,9047,11213583,330259839,341482469
turso,concurrent,32,2,5,19172399643,0,0,6702,462453,10965064,11434219
turso,concurrent,32,2,5,19183834143,0,0,8025,580786,70639295,71228106
turso,concurrent,32,2,5,19255062460,0,0,5701,408340,316693827,317107868
turso,concurrent,32,2,5,19572170578,0,0,6042,492890,41018923,41517855
turso,concurrent,32,2,5,19613688724,0,0,5440,666027,150881274,151552741
turso,concurrent,32,2,5,19765241665,0,0,5370,482110,60687554,61175034
turso,concurrent,32,2,5,19826416939,0,0,5300,466911,146248551,146720762
turso,concurrent,32,2,5,19973137901,0,0,7294,7762510,1252528187,1260297991
turso,concurrent,32,2,5,21233436143,0,0,8636,4593369,100336883,104938888
turso,concurrent,32,2,5,21338375251,0,0,8536,549267,75537650,76095453
turso,concurrent,32,2,5,21414470984,0,0,7805,529149,433189725,433726679
turso,concurrent,32,2,5,21848197954,0,0,6492,494603,226512580,227013675
turso,concurrent,32,2,5,22075211860,0,0,5160,481619,57041031,57527810
turso,concurrent,32,2,5,22132739891,0,0,6542,539118,32853182,33398842
turso,concurrent,32,2,5,22166138934,0,0,6983,748873,212100791,212856647
turso,concurrent,32,2,5,22378995822,0,0,7193,3600466,415809263,419416922
turso,concurrent,32,2,5,22798412945,0,0,5680,528999,162632080,163166759
turso,concurrent,32,2,5,22961579904,0,0,5991,459808,145536005,146001804
turso,concurrent,32,2,5,23107581970,0,0,5691,550429,138133013,138689133
turso,concurrent,32,2,5,23246271314,0,0,5981,508961,49871340,50386282
turso,concurrent,32,2,5,23296657827,0,0,6442,631873,377642773,378281088
turso,concurrent,32,2,5,23674939115,0,0,8566,6879364,353969635,360857565
turso,concurrent,32,2,5,24035796931,0,0,6893,531122,42065760,42603775
turso,concurrent,32,2,5,24078400886,0,0,4950,473994,85966732,86445676
turso,concurrent,32,2,5,24164846873,0,0,7053,518879,136054312,136580244
turso,concurrent,32,2,5,24301427337,0,0,5420,490636,79572765,80068821
turso,concurrent,32,2,5,24381496389,0,0,6362,495926,84829716,85332004
turso,concurrent,32,2,5,24466828674,0,0,5681,510924,245237990,245754595
turso,concurrent,32,2,5,24712583579,0,0,8747,11626432,289026711,300661890
turso,concurrent,32,2,5,25013245750,0,0,8095,705572,235584861,236298528
turso,concurrent,32,2,5,25249544499,0,0,6212,526744,93205955,93738911
turso,concurrent,32,2,5,25343283620,0,0,4759,433318,220693848,221131925
turso,concurrent,32,2,5,25564415746,0,0,5490,475507,471527399,472008396
turso,concurrent,32,2,5,26036424363,0,0,7544,6277848,266879072,273164464
turso,concurrent,32,2,5,26309589068,0,0,7264,574223,68049809,68631296
turso,concurrent,32,2,5,26378220694,0,0,7414,637944,258550485,259195843
turso,concurrent,32,2,5,26637416837,0,0,7655,768280,219864203,220640138
turso,concurrent,32,2,5,26858057255,0,0,7785,576117,189571472,190155374
turso,concurrent,32,2,5,27048212850,0,0,8115,18524220,164411589,182943924
turso,concurrent,32,2,5,27231157065,0,0,6762,747732,105129247,105883741
turso,concurrent,32,2,5,27337041136,0,0,7364,487410,116275313,116770087
turso,concurrent,32,2,5,27453811513,0,0,6563,445110,164860857,165312530
turso,concurrent,32,2,5,27619124313,0,0,6763,597187,80687148,81291098
turso,concurrent,32,2,5,27700415621,0,0,5611,458345,81530019,81993975
turso,concurrent,32,2,5,27782409847,0,0,5520,510173,102233743,102749436
turso,concurrent,32,2,5,27885159503,0,0,4980,438006,11777377,12220363
turso,concurrent,32,2,5,27897380087,0,0,4488,450130,67343485,67798103
turso,concurrent,32,2,5,27965178460,0,0,5892,540920,102972166,103518978
turso,concurrent,32,2,5,28068697679,0,0,5761,449668,99797645,100253074
turso,concurrent,32,2,5,28168951004,0,0,7454,3413763,258002179,261423396
turso,concurrent,32,2,5,28430374640,0,0,5491,494894,188978844,189479229
turso,concurrent,32,2,5,28619854129,0,0,6553,475818,240167610,240649981
turso,concurrent,32,2,5,28860504411,0,0,7123,568493,199584951,200160567
turso,concurrent,32,2,5,29060665258,0,0,6573,452544,149153322,149612439
turso,concurrent,32,2,5,29210277908,0,0,7083,635319,191992772,192635174
turso,concurrent,32,2,5,29402913323,0,0,7784,12242455,312427895,324678134
turso,concurrent,32,2,5,29727591818,0,0,8015,11891953,525156201,537056169
turso,concurrent,32,2,5,30264648268,0,0,6593,428508,41436422,41871523
turso,concurrent,32,2,5,30306520051,0,0,5701,483933,210716058,211205692
turso,concurrent,32,2,5,30517725994,0,0,6392,461000,268224251,268691643
turso,concurrent,32,2,5,30786417897,0,0,8806,6458399,272782854,279250059
turso,concurrent,32,2,5,31065668148,0,0,6743,707194,101877170,102591107
turso,concurrent,32,2,5,31168259505,0,0,5921,546782,322792476,323345179
turso,concurrent,32,2,5,31491604945,0,0,5570,460209,78805227,79271006
turso,concurrent,32,2,5,31570876261,0,0,8326,721462,374826348,375556136
turso,concurrent,32,2,5,31946432698,0,0,7774,751919,124305999,125065692
turso,concurrent,32,2,5,32071498650,0,0,6813,484324,51906041,52397178
turso,concurrent,32,2,5,32123896098,0,0,5050,652241,380172658,380829949
turso,concurrent,32,2,5,32504726288,0,0,5871,440671,45031467,45478009
turso,concurrent,32,2,5,32550204517,0,0,5420,488172,87249994,87743586
turso,concurrent,32,2,5,32637948363,0,0,6102,500034,36074161,36580297
turso,concurrent,32,2,5,32674528921,0,0,5761,493411,9391253,9890425
turso,concurrent,32,2,5,32684419516,0,0,4879,489604,128672841,129167324
turso,concurrent,32,2,5,32813587111,0,0,6072,510333,232464583,232980988
turso,concurrent,32,2,6,60705,1,0,3770276,586487,439183116,443539879
turso,concurrent,32,2,6,443601105,1,0,6002,313992,124122362,124442356
turso,concurrent,32,2,6,568043722,1,0,6542,328851,126975156,127310549
turso,concurrent,32,2,6,695354541,1,0,6052,345632,46545915,46897599
turso,concurrent,32,2,6,742252360,1,0,6793,378875,250660724,251046392
turso,concurrent,32,2,6,993299403,1,0,7615,333279,19933780,20274674
turso,concurrent,32,2,6,1013574377,1,0,3683121,2291885,155797572,161772578
turso,concurrent,32,2,6,1175347237,1,0,7073,737211,71243766,71988050
turso,concurrent,32,2,6,1247335518,1,0,4909,415464,62649727,63070100
turso,concurrent,32,2,6,1310406259,1,0,5340,441583,454922771,455369694
turso,concurrent,32,2,6,1765776225,1,0,7113,427427,64213959,64648499
turso,concurrent,32,2,6,1830424964,1,0,6793,450260,50354643,50811696
turso,concurrent,32,2,6,1881236870,1,0,5340,454738,37379285,37839363
turso,concurrent,32,2,6,1919076534,1,0,5831,409943,325783652,326199426
turso,concurrent,32,2,6,2245276200,1,0,8737,3381802,117234483,120625022
turso,concurrent,32,2,6,2365901452,1,0,5760,478373,54602610,55086743
turso,concurrent,32,2,6,2420988436,1,0,5350,394475,636356115,636755940
turso,concurrent,32,2,6,3057745378,0,0,6242,459647,50960396,51426285
turso,concurrent,32,2,6,3109171843,0,0,5861,658733,594261161,594925755
turso,concurrent,32,2,6,3704097859,0,0,7775,5940371,15370438,21318584
turso,concurrent,32,2,6,3725416623,0,0,6803,684001,38155089,38845893
turso,concurrent,32,2,6,3764262686,0,0,5781,474786,528182813,528663380
turso,concurrent,32,2,6,4292926317,0,0,9578,3442076,94210721,97662375
turso,concurrent,32,2,6,4390588932,0,0,5621,419161,397411603,397836385
turso,concurrent,32,2,6,4788425547,0,0,6592,430252,79322934,79759778
turso,concurrent,32,2,6,4868185535,0,0,5670,429411,115968844,116403925
turso,concurrent,32,2,6,4984589701,0,0,6332,422938,20080427,20509697
turso,concurrent,32,2,6,5005099679,0,0,4979,422999,149494356,149922334
turso,concurrent,32,2,6,5155022293,0,0,5500,414633,85244439,85664572
turso,concurrent,32,2,6,5240687106,0,0,5611,419221,332763073,333187905
turso,concurrent,32,2,6,5573875272,0,0,8406,604210,167252280,167864896
turso,concurrent,32,2,6,5741740348,0,0,6613,504913,400684028,401195554
turso,concurrent,32,2,6,6142936192,0,0,6463,508108,71794917,72309488
turso,concurrent,32,2,6,6215247724,0,0,6191,606465,67724234,68336890
turso,concurrent,32,2,6,6283584854,0,0,6683,425162,135395949,135827794
turso,concurrent,32,2,6,6419412858,0,0,6442,478283,264862066,265346791
turso,concurrent,32,2,6,6684759859,0,0,7495,5160749,48327006,53495250
turso,concurrent,32,2,6,6738255310,0,0,5139,467453,349319830,349792422
turso,concurrent,32,2,6,7088047983,0,0,7574,725349,84620361,85353284
turso,concurrent,32,2,6,7173401457,0,0,5710,461722,221423646,221891078
turso,concurrent,32,2,6,7395292756,0,0,6543,464035,93530798,94001376
turso,concurrent,32,2,6,7489294422,0,0,7024,501025,18423681,18931730
turso,concurrent,32,2,6,7508226442,0,0,7454,793358,80071877,80872689
turso,concurrent,32,2,6,7589099391,0,0,9067,3936510,104019543,107965120
turso,concurrent,32,2,6,7697064721,0,0,6452,633335,178193349,178833136
turso,concurrent,32,2,6,7875898078,0,0,6402,536542,177844310,178387254
turso,concurrent,32,2,6,8054285522,0,0,5460,446973,15557912,16010345
turso,concurrent,32,2,6,8070296059,0,0,5220,449859,12520690,12975769
turso,concurrent,32,2,6,8083272108,0,0,4999,507158,428788389,429300546
turso,concurrent,32,2,6,8512572904,0,0,5991,439059,347354912,347799962
turso,concurrent,32,2,6,8860373156,0,0,7585,851166,483148080,484006831
turso,concurrent,32,2,6,9344380168,0,0,7324,519440,146973479,147500243
turso,concurrent,32,2,6,9491880671,0,0,7434,795902,117568093,118371429
turso,concurrent,32,2,6,9610252310,0,0,5731,448186,39064775,39518692
turso,concurrent,32,2,6,9649771213,0,0,5300,446743,26027631,26479674
turso,concurrent,32,2,6,9676251148,0,0,5841,466991,170847415,171320247
turso,concurrent,32,2,6,9847571675,0,0,8746,3801905,80628518,84439169
turso,concurrent,32,2,6,9932011075,0,0,5381,591686,108976609,109573676
turso,concurrent,32,2,6,10041585061,0,0,5991,530792,103258627,103795410
turso,concurrent,32,2,6,10145380681,0,0,5741,457323,163009503,163472567
turso,concurrent,32,2,6,10308853568,0,0,7093,515613,288233965,288756671
turso,concurrent,32,2,6,10597610500,0,0,6702,563474,170184433,170754609
turso,concurrent,32,2,6,10768365321,0,0,8456,644947,18397812,19051215
turso,concurrent,32,2,6,10787416736,0,0,5260,489083,57490289,57984632
turso,concurrent,32,2,6,10845401579,0,0,5420,555849,255583745,256145014
turso,concurrent,32,2,6,11101549178,0,0,25028,3374689,502009757,505409474
turso,concurrent,32,2,6,11606958902,0,0,8046,526313,576904513,577438872
turso,concurrent,32,2,6,12184398005,0,0,7454,10210671,148800336,159018461
turso,concurrent,32,2,6,12343416626,0,0,6402,547193,524815518,525369113
turso,concurrent,32,2,6,12868786009,0,0,6903,698498,68979092,69684493
turso,concurrent,32,2,6,12938470783,0,0,6502,381360,11436193,11824055
turso,concurrent,32,2,6,12950295139,0,0,6322,512928,109142391,109661641
turso,concurrent,32,2,6,13059957030,0,0,6742,682027,249599993,250288762
turso,concurrent,32,2,6,13310246033,0,0,7745,5436640,109683322,115127707
turso,concurrent,32,2,6,13425373990,0,0,7363,579875,28614904,29202142
turso,concurrent,32,2,6,13454576353,0,0,6132,587078,390980375,391573585
turso,concurrent,32,2,6,13846150158,0,0,6312,444850,50065707,50516869
turso,concurrent,32,2,6,13896667278,0,0,6091,495636,66585905,67087632
turso,concurrent,32,2,6,13963755120,0,0,6192,452384,191709477,192168053
turso,concurrent,32,2,6,14155923384,0,0,6542,456331,127747794,128210667
turso,concurrent,32,2,6,14284134232,0,0,7925,6335817,426121756,432465498
turso,concurrent,32,2,6,14716599921,0,0,6903,554396,29414323,29975622
turso,concurrent,32,2,6,14746575763,0,0,5340,474787,365193979,365674106
turso,concurrent,32,2,6,15112250079,0,0,5982,606194,195453493,196065669
turso,concurrent,32,2,6,15308316058,0,0,6212,606415,41396977,42009604
turso,concurrent,32,2,6,15350325942,0,0,6312,654515,80438750,81099577
turso,concurrent,32,2,6,15431425870,0,0,12313,4674161,126187370,130873844
turso,concurrent,32,2,6,15562300455,0,0,8246,644226,134478567,135131039
turso,concurrent,32,2,6,15697431884,0,0,6502,735307,80420195,81162004
turso,concurrent,32,2,6,15778594099,0,0,6202,666328,22622144,23294674
turso,concurrent,32,2,6,15801889163,0,0,6743,481379,331038428,331526550
turso,concurrent,32,2,6,16133415943,0,0,7113,527015,145470371,146004499
turso,concurrent,32,2,6,16279420684,0,0,6071,516906,120493083,121016060
turso,concurrent,32,2,6,16400437104,0,0,7484,511866,25019840,25539190
turso,concurrent,32,2,6,16425976614,0,0,6112,511936,296567483,297085531
turso,concurrent,32,2,6,16723062485,0,0,8106,6909570,27355417,34273093
turso,concurrent,32,2,6,16757335828,0,0,4218,415094,163720885,164140197
turso,concurrent,32,2,6,16921476325,0,0,6984,659544,90387816,91054344
turso,concurrent,32,2,6,17012530910,0,0,6031,636812,136888275,137531118
turso,concurrent,32,2,6,17150062389,0,0,6612,455069,77069862,77531543
turso,concurrent,32,2,6,17227594222,0,0,6332,499803,642124482,642630617
turso,concurrent,32,2,6,17870225190,0,0,7704,495245,173691983,174194932
turso,concurrent,32,2,6,18044420543,0,0,7554,567201,67422514,67997269
turso,concurrent,32,2,6,18112418103,0,0,6602,513990,763475374,763995966
turso,concurrent,32,2,6,18876414479,0,0,8847,7455440,104709015,112173302
turso,concurrent,32,2,6,18988588061,0,0,6092,543756,48764241,49314089
turso,concurrent,32,2,6,19037902410,0,0,5631,461431,78061924,78528986
turso,concurrent,32,2,6,19116431616,0,0,6051,464728,33338739,33809518
turso,concurrent,32,2,6,19150241474,0,0,6272,463515,231579292,232049079
turso,concurrent,32,2,6,19382290834,0,0,6262,723716,38725946,39455924
turso,concurrent,32,2,6,19421746958,0,0,4919,507037,130362690,130874646
turso,concurrent,32,2,6,19552621864,0,0,6081,581077,362999227,363586385
turso,concurrent,32,2,6,19916208620,0,0,5901,451563,75918569,76376033
turso,concurrent,32,2,6,19992585033,0,0,8877,24008220,434536748,458553845
turso,concurrent,32,2,6,20451139118,0,0,7494,541442,420990773,421539709
turso,concurrent,32,2,6,20872679067,0,0,7654,627305,82352120,82987079
turso,concurrent,32,2,6,20955666367,0,0,7143,650638,62857699,63515480
turso,concurrent,32,2,6,21019182398,0,0,13766,699681,322035057,322748504
turso,concurrent,32,2,6,21341931172,0,0,7454,10573586,184402537,194983577
turso,concurrent,32,2,6,21536914989,0,0,6001,417007,58917894,59340902
turso,concurrent,32,2,6,21596256112,0,0,4949,450941,189389599,189845489
turso,concurrent,32,2,6,21786101872,0,0,6001,484364,502989015,503479380
turso,concurrent,32,2,6,22289581533,0,0,8847,2793392,274818927,277621166
turso,concurrent,32,2,6,22567202959,0,0,6733,572941,33779992,34359666
turso,concurrent,32,2,6,22601562846,0,0,5650,599492,71280826,71885968
turso,concurrent,32,2,6,22673449074,0,0,5831,588932,135997925,136592688
turso,concurrent,32,2,6,22810042022,0,0,6222,477972,146116000,146600194
turso,concurrent,32,2,6,22956642416,0,0,5150,494032,276318297,276817479
turso,concurrent,32,2,6,23233460166,0,0,6282,508830,36435193,36950305
turso,concurrent,32,2,6,23270411793,0,0,5391,495896,447500904,448002191
turso,concurrent,32,2,6,23718414655,0,0,8005,6648568,30181992,36838565
turso,concurrent,32,2,6,23755253450,0,0,5460,473554,40706203,41185217
turso,concurrent,32,2,6,23796438868,0,0,6061,480537,452081339,452567937
turso,concurrent,32,2,6,24249006996,0,0,6261,487430,155967293,156460984
turso,concurrent,32,2,6,24405468290,0,0,7895,566008,78032729,78606632
turso,concurrent,32,2,6,24484075122,0,0,6362,530260,84398002,84934624
turso,concurrent,32,2,6,24569009987,0,0,8385,3300760,42857142,46166287
turso,concurrent,32,2,6,24615176456,0,0,7734,14534982,190667751,205210467
turso,concurrent,32,2,6,24820387193,0,0,6241,426796,478762564,479195601
turso,concurrent,32,2,6,25299583075,0,0,7564,761618,127695275,128464457
turso,concurrent,32,2,6,25428047702,0,0,5892,451021,58807976,59264889
turso,concurrent,32,2,6,25487312872,0,0,7795,644836,265320311,265972942
turso,concurrent,32,2,6,25753286065,0,0,8666,4790491,292984891,297784048
turso,concurrent,32,2,6,26051070394,0,0,5951,476159,115447400,115929510
turso,concurrent,32,2,6,26167000074,0,0,4649,445271,227821820,228271740
turso,concurrent,32,2,6,26395272055,0,0,6212,633034,263691748,264330994
turso,concurrent,32,2,6,26659603299,0,0,5811,416306,186585867,187007984
turso,concurrent,32,2,6,26846611975,0,0,16992,507978,478855560,479380530
turso,concurrent,32,2,6,27325992755,0,0,9618,2675329,89597154,92282101
turso,concurrent,32,2,6,27418275086,0,0,5340,473604,8120495,8599439
turso,concurrent,32,2,6,27426874787,0,0,4488,394264,297700050,298098802
turso,concurrent,32,2,6,27724973789,0,0,5902,474986,99350792,99831680
turso,concurrent,32,2,6,27824805699,0,0,5510,425183,90353732,90784425
turso,concurrent,32,2,6,27915590354,0,0,7234,469676,282765856,283242766
turso,concurrent,32,2,6,28198833410,0,0,8145,6207275,88964710,95180130
turso,concurrent,32,2,6,28294013891,0,0,7374,850325,24906235,25763934
turso,concurrent,32,2,6,28319778075,0,0,5340,462202,157707768,158175310
turso,concurrent,32,2,6,28477953605,0,0,14597,436174,86999381,87450152
turso,concurrent,32,2,6,28565403997,0,0,6823,711002,511812368,512530193
turso,concurrent,32,2,6,29077934490,0,0,5911,477121,308877445,309360477
turso,concurrent,32,2,6,29387295217,0,0,32401,507538,88617084,89157023
turso,concurrent,32,2,6,29476452510,0,0,6933,11792646,215400108,227199687
turso,concurrent,32,2,6,29703652418,0,0,7224,2708662,88935234,91651120
turso,concurrent,32,2,6,29795303759,0,0,5179,477111,260080051,260562341
turso,concurrent,32,2,6,30055866380,0,0,5942,441443,99274738,99722123
turso,concurrent,32,2,6,30155588763,0,0,5129,406147,471411029,471822305
turso,concurrent,32,2,6,30627411349,0,0,8757,6426759,206575664,213011180
turso,concurrent,32,2,6,30840422819,0,0,6463,427356,351492751,351926570
turso,concurrent,32,2,6,31192349640,0,0,6793,454557,56400313,56861663
turso,concurrent,32,2,6,31249211604,0,0,7584,540500,56581404,57129488
turso,concurrent,32,2,6,31306341323,0,0,5701,475086,21646323,22127110
turso,concurrent,32,2,6,31328468703,0,0,6502,809398,81470777,82286677
turso,concurrent,32,2,6,31410755591,0,0,3987,461101,253304563,253769651
turso,concurrent,32,2,6,31664525443,0,0,6692,495175,139222600,139724467
turso,concurrent,32,2,6,31804250110,0,0,7605,7988156,72475440,80471201
turso,concurrent,32,2,6,31884721562,0,0,7384,546822,68201024,68755230
turso,concurrent,32,2,6,31953476962,0,0,4879,517908,127447988,127970775
turso,concurrent,32,2,6,32081447957,0,0,5992,496376,55535491,56037859
turso,concurrent,32,2,6,32137486026,0,0,5140,493451,468607368,469105959
turso,concurrent,32,2,6,32606592235,0,0,6342,455681,31697592,32159615
turso,concurrent,32,2,6,32638752120,0,0,5230,511115,142320136,142836481
turso,concurrent,32,2,6,32781588831,0,0,7074,476760,201883578,202367412
turso,concurrent,32,2,6,32983956504,0,0,6522,423068,68813530,69243120
turso,concurrent,32,2,7,110960,1,0,1854651,533587,26207510,28595748
turso,concurrent,32,2,7,28707489,1,0,6332,332959,299352648,299691939
turso,concurrent,32,2,7,328399679,1,0,6322,428569,93751825,94186716
turso,concurrent,32,2,7,422586655,1,0,5571,296660,113562543,113864774
turso,concurrent,32,2,7,536451659,1,0,6462,386700,66433498,66826660
turso,concurrent,32,2,7,603278830,1,0,5831,424010,47666860,48096701
turso,concurrent,32,2,7,651375832,1,0,5520,337257,77481187,77823964
turso,concurrent,32,2,7,729200037,1,0,7023,498150,71015435,71520608
turso,concurrent,32,2,7,800720936,1,0,6482,378264,44767960,45152706
turso,concurrent,32,2,7,845874423,1,0,6793,475277,157078499,157560569
turso,concurrent,32,2,7,1003435223,1,0,6993,324582,77477902,77809477
turso,concurrent,32,2,7,1081244970,1,0,46007,588962,157705102,158340071
turso,concurrent,32,2,7,1239585361,1,0,8196,804348,43977006,44789550
turso,concurrent,32,2,7,1284375201,1,0,6392,418760,42229599,42654751
turso,concurrent,32,2,7,1327030223,1,0,5811,527856,124022865,124556532
turso,concurrent,32,2,7,1451586965,1,0,6302,432947,294262593,294701842
turso,concurrent,32,2,7,1746289057,1,0,5912,410394,55716281,56132587
turso,concurrent,32,2,7,1802422225,1,0,6101,507989,147351251,147865341
turso,concurrent,32,2,7,1950287748,1,0,5720,491919,187633034,188130673
turso,concurrent,32,2,7,2138418681,1,0,9158,3587690,148907028,152503876
turso,concurrent,32,2,7,2290922868,1,0,7584,612086,450351614,450971284
turso,concurrent,32,2,7,2741894362,1,0,6613,465719,285633537,286105869
turso,concurrent,32,2,7,3028000521,0,0,6673,542524,85719366,86268563
turso,concurrent,32,2,7,3114269254,0,0,5691,451893,99375658,99833242
turso,concurrent,32,2,7,3214102806,0,0,7243,5838629,221208921,227054793
turso,concurrent,32,2,7,3441157800,0,0,6593,788728,1046480831,1047276152
turso,concurrent,32,2,7,4488434212,0,0,8025,9660502,104478218,114146745
turso,concurrent,32,2,7,4602581168,0,0,6412,508870,22493701,23008983
turso,concurrent,32,2,7,4625590423,0,0,6913,508360,39479197,39994470
turso,concurrent,32,2,7,4665585144,0,0,7624,1089096,610351347,611448067
turso,concurrent,32,2,7,5277033441,0,0,5330,388343,705165026,705558699
turso,concurrent,32,2,7,5982592581,0,0,8235,2336440,10210480,12555155
turso,concurrent,32,2,7,5995147936,0,0,5040,451101,283819123,284275264
turso,concurrent,32,2,7,6279425043,0,0,7273,527245,237920761,238455279
turso,concurrent,32,2,7,6517880643,0,0,7955,458446,11722473,12188874
turso,concurrent,32,2,7,6530069727,0,0,4429,532064,10808589,11345082
turso,concurrent,32,2,7,6541414999,0,0,4749,638776,281368067,282011592
turso,concurrent,32,2,7,6823426841,0,0,7444,684061,163479761,164171266
turso,concurrent,32,2,7,6987598347,0,0,6302,467613,116268860,116742775
turso,concurrent,32,2,7,7104341373,0,0,5640,435051,91633167,92073858
turso,concurrent,32,2,7,7196415501,0,0,5160,519871,56478651,57003682
turso,concurrent,32,2,7,7253419453,0,0,6683,585935,80985011,81577629
turso,concurrent,32,2,7,7334997302,0,0,5070,466551,85733782,86205403
turso,concurrent,32,2,7,7421202945,0,0,6172,482581,42452068,42940821
turso,concurrent,32,2,7,7464143957,0,0,4769,381360,9049598,9435727
turso,concurrent,32,2,7,7473579865,0,0,4618,452294,474553620,475010532
turso,concurrent,32,2,7,7948590618,0,0,7805,10503012,141780067,152290884
turso,concurrent,32,2,7,8100881702,0,0,5460,460079,128616283,129081822
turso,concurrent,32,2,7,8229963754,0,0,6141,491608,26575295,27073044
turso,concurrent,32,2,7,8257037019,0,0,7014,592968,113601407,114201389
turso,concurrent,32,2,7,8371238648,0,0,5972,496497,232176890,232679359
turso,concurrent,32,2,7,8603918217,0,0,7675,737301,119613312,120358288
turso,concurrent,32,2,7,8724276766,0,0,8646,3691267,66616594,70316507
turso,concurrent,32,2,7,8794593653,0,0,7054,774341,72522229,73303624
turso,concurrent,32,2,7,8867897677,0,0,7354,398222,219104219,219509795
turso,concurrent,32,2,7,9087407882,0,0,7194,832691,51014218,51854103
turso,concurrent,32,2,7,9139262205,0,0,5611,457884,43112956,43576451
turso,concurrent,32,2,7,9182838876,0,0,5000,489523,41300556,41795079
turso,concurrent,32,2,7,9224634205,0,0,5911,442125,52184656,52632692
turso,concurrent,32,2,7,9277267178,0,0,6192,576177,385084789,385667158
turso,concurrent,32,2,7,9662934786,0,0,5841,440311,245771096,246217248
turso,concurrent,32,2,7,9909152285,0,0,8396,4828492,17293969,22130857
turso,concurrent,32,2,7,9931283392,0,0,6022,676727,29443127,30125876
turso,concurrent,32,2,7,9961409498,0,0,5801,510904,13699174,14215879
turso,concurrent,32,2,7,9975625568,0,0,5380,739555,57698684,58443619
turso,concurrent,32,2,7,10034071280,0,0,7034,570436,48173116,48750586
turso,concurrent,32,2,7,10082822146,0,0,6873,488132,110919505,111414510
turso,concurrent,32,2,7,10194236836,0,0,5430,417719,148750091,149173240
turso,concurrent,32,2,7,10343410376,0,0,6493,456351,286902763,287365607
turso,concurrent,32,2,7,10630776213,0,0,6252,485416,46187839,46679507
turso,concurrent,32,2,7,10677456021,0,0,6933,499763,33083788,33590484
turso,concurrent,32,2,7,10711046705,0,0,4839,452885,577084744,577542468
turso,concurrent,32,2,7,11288589433,0,0,9769,715681,223598721,224324171
turso,concurrent,32,2,7,11512913794,0,0,6402,496537,251111104,251614043
turso,concurrent,32,2,7,11764528128,0,0,5951,683660,400326734,401016345
turso,concurrent,32,2,7,12165544724,0,0,8175,3515064,121695623,125218862
turso,concurrent,32,2,7,12290763776,0,0,5961,457384,361181947,361645292
turso,concurrent,32,2,7,12652409318,0,0,6463,536512,86229548,86772523
turso,concurrent,32,2,7,12739182092,0,0,5610,531103,305196207,305732920
turso,concurrent,32,2,7,13044915363,0,0,7834,620171,196358461,196986466
turso,concurrent,32,2,7,13241902190,0,0,8175,11051357,215320067,226379599
turso,concurrent,32,2,7,13468282029,0,0,5681,504552,71673327,72183560
turso,concurrent,32,2,7,13540465820,0,0,5450,535010,58520073,59060533
turso,concurrent,32,2,7,13599526623,0,0,5982,671367,128936488,129613837
turso,concurrent,32,2,7,13729140660,0,0,7805,841919,80593581,81443305
turso,concurrent,32,2,7,13810584236,0,0,5520,487711,468471160,468964391
turso,concurrent,32,2,7,14279548838,0,0,13215,5100927,151005177,156119319
turso,concurrent,32,2,7,14435668448,0,0,8195,905489,139246846,140160530
turso,concurrent,32,2,7,14575829299,0,0,7003,482390,14492612,14982005
turso,concurrent,32,2,7,14590811514,0,0,5380,466992,186124998,186597370
turso,concurrent,32,2,7,14777409144,0,0,5741,535310,40967788,41508839
turso,concurrent,32,2,7,14818918193,0,0,6102,740848,31258543,32005493
turso,concurrent,32,2,7,14850923916,0,0,5370,549517,66098655,66653542
turso,concurrent,32,2,7,14917577700,0,0,5380,423950,67279575,67708905
turso,concurrent,32,2,7,14985286895,0,0,6302,444609,112507071,112957982
turso,concurrent,32,2,7,15098245098,0,0,5600,442305,148731577,149179482
turso,concurrent,32,2,7,15247424810,0,0,5300,480447,119583276,120069023
turso,concurrent,32,2,7,15367494204,0,0,13245,569234,186309085,186891564
turso,concurrent,32,2,7,15554386059,0,0,8486,11324342,265296886,276629714
turso,concurrent,32,2,7,15831016044,0,0,7454,555238,400759401,401322093
turso,concurrent,32,2,7,16232338407,0,0,6062,462031,237787068,238255161
turso,concurrent,32,2,7,16470593899,0,0,8466,567000,53599577,54175043
turso,concurrent,32,2,7,16524769212,0,0,6583,3384918,107628594,111020095
turso,concurrent,32,2,7,16635789558,0,0,5730,458065,237032925,237496720
turso,concurrent,32,2,7,16873286458,0,0,5180,491768,84548155,85045103
turso,concurrent,32,2,7,16958331801,0,0,6071,484084,12536349,13026504
turso,concurrent,32,2,7,16971358557,0,0,5620,398302,157613409,158017331
turso,concurrent,32,2,7,17129376128,0,0,5590,457914,417956146,418419650
turso,concurrent,32,2,7,17547796029,0,0,6873,498080,164881015,165385968
turso,concurrent,32,2,7,17713182277,0,0,7865,8602305,124540652,133150822
turso,concurrent,32,2,7,17846333369,0,0,7575,495134,168415345,168918054
turso,concurrent,32,2,7,18015251714,0,0,6422,626472,97405500,98038394
turso,concurrent,32,2,7,18113290339,0,0,5971,554767,222577804,223138542
turso,concurrent,32,2,7,18336429132,0,0,6262,602316,245570648,246179226
turso,concurrent,32,2,7,18582608568,0,0,6703,502509,122170709,122679921
turso,concurrent,32,2,7,18705288719,0,0,6583,670856,301189976,301867415
turso,concurrent,32,2,7,19007156364,0,0,6943,5398399,29048622,34453964
turso,concurrent,32,2,7,19041610599,0,0,5390,433538,255914590,256353518
turso,concurrent,32,2,7,19297964377,0,0,6292,511546,128107803,128625641
turso,concurrent,32,2,7,19426590239,0,0,6242,506516,101237141,101749899
turso,concurrent,32,2,7,19528340449,0,0,5310,467222,357773885,358246417
turso,concurrent,32,2,7,19886587106,0,0,6913,673441,743268287,743948641
turso,concurrent,32,2,7,20630535958,0,0,7204,9026315,35162130,44195649
turso,concurrent,32,2,7,20674731918,0,0,5290,413720,161357245,161776255
turso,concurrent,32,2,7,20836508403,0,0,6452,623086,48408811,49038349
turso,concurrent,32,2,7,20885547033,0,0,5991,473043,31828899,32307933
turso,concurrent,32,2,7,20917855227,0,0,5160,476338,14937782,15419280
turso,concurrent,32,2,7,20933274868,0,0,6302,536081,53132977,53675360
turso,concurrent,32,2,7,20986950869,0,0,15629,562973,110892303,111470905
turso,concurrent,32,2,7,21098423608,0,0,8987,6240928,166750122,173000037
turso,concurrent,32,2,7,21271423846,0,0,6201,503861,90502152,91012214
turso,concurrent,32,2,7,21362436231,0,0,5380,492509,86752776,87250665
turso,concurrent,32,2,7,21449687096,0,0,5289,629759,602335499,602970547
turso,concurrent,32,2,7,22052657814,0,0,5951,516145,34406855,34928951
turso,concurrent,32,2,7,22087587005,0,0,7234,694901,126850762,127552897
turso,concurrent,32,2,7,22215140122,0,0,8326,7676357,278491138,286175821
turso,concurrent,32,2,7,22501316153,0,0,7945,590324,468350965,468949234
turso,concurrent,32,2,7,22970265647,0,0,6172,519530,428230967,428756669
turso,concurrent,32,2,7,23399022587,0,0,8506,4147016,25494415,29649937
turso,concurrent,32,2,7,23428672764,0,0,5852,558754,133685020,134249626
turso,concurrent,32,2,7,23562922640,0,0,5771,519350,54759917,55285038
turso,concurrent,32,2,7,23618207928,0,0,7014,542493,396644094,397193601
turso,concurrent,32,2,7,24015401810,0,0,7223,510825,83347399,83865447
turso,concurrent,32,2,7,24099267467,0,0,5490,557072,44523608,45086170
turso,concurrent,32,2,7,24144353857,0,0,6162,530020,34805738,35341920
turso,concurrent,32,2,7,24179696037,0,0,5771,622205,196889272,197517248
turso,concurrent,32,2,7,24377213536,0,0,7224,497979,51728827,52234030
turso,concurrent,32,2,7,24429447776,0,0,5591,516554,24633751,25155896
turso,concurrent,32,2,7,24454603992,0,0,7014,553324,18861026,19421364
turso,concurrent,32,2,7,24474025616,0,0,11212,530451,323323999,323865662
turso,concurrent,32,2,7,24797891528,0,0,8627,1245029,63096100,64349756
turso,concurrent,32,2,7,24862241484,0,0,5611,449127,103114786,103569524
turso,concurrent,32,2,7,24965811288,0,0,5981,559446,22785753,23351180
turso,concurrent,32,2,7,24989162759,0,0,6662,548906,59875281,60430849
turso,concurrent,32,2,7,25049593888,0,0,5390,555448,72690066,73250904
turso,concurrent,32,2,7,25122845013,0,0,6502,579544,166387839,166973885
turso,concurrent,32,2,7,25289819148,0,0,6071,690303,253787305,254483679
turso,concurrent,32,2,7,25544303077,0,0,6241,490135,301018443,301514819
turso,concurrent,32,2,7,25845818338,0,0,8025,8242937,265724904,273975866
turso,concurrent,32,2,7,26119794455,0,0,7584,479585,387995001,388482170
turso,concurrent,32,2,7,26508276845,0,0,6883,586838,28550582,29144303
turso,concurrent,32,2,7,26537421399,0,0,4829,492650,93311253,93808732
turso,concurrent,32,2,7,26631230422,0,0,7524,539338,83449532,83996394
turso,concurrent,32,2,7,26715227126,0,0,7324,512327,27359865,27879516
turso,concurrent,32,2,7,26743106863,0,0,5390,457373,155016047,155478810
turso,concurrent,32,2,7,26898585913,0,0,8577,9337772,45323999,54670348
turso,concurrent,32,2,7,26953256511,0,0,7384,4066886,138424674,142498944
turso,concurrent,32,2,7,27095755656,0,0,5741,507067,98617798,99130606
turso,concurrent,32,2,7,27194886542,0,0,5821,449679,382517954,382973454
turso,concurrent,32,2,7,27577860267,0,0,6883,547844,56219992,56774719
turso,concurrent,32,2,7,27634635256,0,0,6141,498902,165248327,165753370
turso,concurrent,32,2,7,27800388898,0,0,6051,401208,110794799,111202058
turso,concurrent,32,2,7,27911591257,0,0,6653,489413,483307301,483803367
turso,concurrent,32,2,7,28395394864,0,0,8577,3616645,60753709,64378931
turso,concurrent,32,2,7,28459774065,0,0,5731,491518,44139413,44636662
turso,concurrent,32,2,7,28504411027,0,0,7655,491888,94990182,95489725
turso,concurrent,32,2,7,28599900992,0,0,5230,447014,646096608,646548852
turso,concurrent,32,2,7,29246450094,0,0,6473,493491,115955018,116454982
turso,concurrent,32,2,7,29362905617,0,0,13556,493281,182225899,182732736
turso,concurrent,32,2,7,29545638563,0,0,7304,541753,255269021,255818078
turso,concurrent,32,2,7,29801456881,0,0,5771,498040,379322794,379826605
turso,concurrent,32,2,7,30181283777,0,0,7113,481569,277513873,278002555
turso,concurrent,32,2,7,30459286563,0,0,6001,448196,147849933,148304130
turso,concurrent,32,2,7,30607591123,0,0,18786,3252338,197086455,200357579
turso,concurrent,32,2,7,30807949273,0,0,7053,649837,249982624,250639514
turso,concurrent,32,2,7,31058589048,0,0,5781,523618,590479223,591008622
turso,concurrent,32,2,7,31649597920,0,0,6783,557442,271065474,271629699
turso,concurrent,32,2,7,31921227839,0,0,7655,8509329,12654122,21171106
turso,concurrent,32,2,7,31942399185,0,0,6172,554676,23468562,24029410
turso,concurrent,32,2,7,31966428805,0,0,5551,555438,80603490,81164479
turso,concurrent,32,2,7,32047593485,0,0,5079,565007,8408890,8978976
turso,concurrent,32,2,7,32056572661,0,0,4919,433328,53596712,54034959
turso,concurrent,32,2,7,32110607900,0,0,5861,463906,87451344,87921111
turso,concurrent,32,2,7,32198529281,0,0,4919,448697,141649630,142103246
turso,concurrent,32,2,7,32340632799,0,0,5981,457474,25568735,26032190
turso,concurrent,32,2,7,32366665279,0,0,4840,437195,154042108,154484143
turso,concurrent,32,2,7,32521149653,0,0,6322,487039,109927563,110420924
turso,concurrent,32,2,7,32631570837,0,0,5220,468164,164360823,164834207
turso,concurrent,32,2,7,32796405194,0,0,6422,538256,81637131,82181809
turso,concurrent,32,2,7,32878587213,0,0,5962,417698,176345552,176769212
turso,concurrent,32,2,8,19888,1,0,17743407,661538,655100611,673505556
turso,concurrent,32,2,8,673525945,1,0,6442,351744,200695276,201053462
turso,concurrent,32,2,8,874579647,1,0,5972,315876,77495835,77817683
turso,concurrent,32,2,8,952397561,1,0,5190,328169,599435396,599768755
turso,concurrent,32,2,8,1552166636,1,0,45476,697126,400279505,401022107
turso,concurrent,32,2,8,1953189264,1,0,6001,431975,298965118,299403094
turso,concurrent,32,2,8,2252592668,1,0,7435,6166437,206948708,213122580
turso,concurrent,32,2,8,2465715478,1,0,5660,427718,31746504,32179882
turso,concurrent,32,2,8,2497895641,1,0,5410,454498,63489091,63948999
turso,concurrent,32,2,8,2561845391,1,0,6933,525872,38298610,38831415
turso,concurrent,32,2,8,2600677067,1,0,6703,503280,79396302,79906285
turso,concurrent,32,2,8,2680583592,1,0,5831,474526,120719009,121199366
turso,concurrent,32,2,8,2801783179,1,0,6422,557772,35233385,35797579
turso,concurrent,32,2,8,2837581009,1,0,5701,454107,112555612,113015420
turso,concurrent,32,2,8,2950596650,1,0,5931,452323,102365662,102823916
turso,concurrent,32,2,8,3053420816,0,0,5571,462693,106703438,107171702
turso,concurrent,32,2,8,3160592748,0,0,9708,491127,276316914,276817749
turso,concurrent,32,2,8,3437411460,0,0,8065,4492950,223012394,227513409
turso,concurrent,32,2,8,3664925120,0,0,6352,580956,146068641,146655949
turso,concurrent,32,2,8,3811581289,0,0,5380,446974,647331939,647784293
turso,concurrent,32,2,8,4459365863,0,0,9347,3455913,19641248,23106508
turso,concurrent,32,2,8,4482472641,0,0,4920,473884,36117704,36596508
turso,concurrent,32,2,8,4519069429,0,0,5660,734426,319490855,320230941
turso,concurrent,32,2,8,4839300612,0,0,6442,473193,73637053,74116688
turso,concurrent,32,2,8,4913417570,0,0,6984,540189,153770506,154317679
turso,concurrent,32,2,8,5067735530,0,0,5861,432095,144064339,144502295
turso,concurrent,32,2,8,5212238075,0,0,6061,395256,207609295,208010612
turso,concurrent,32,2,8,5420248988,0,0,8355,3277275,125775783,129061413
turso,concurrent,32,2,8,5549310672,0,0,7784,703107,145365464,146076355
turso,concurrent,32,2,8,5695387277,0,0,6322,649827,217548562,218204711
turso,concurrent,32,2,8,5913592279,0,0,7394,514701,218483207,219005302
turso,concurrent,32,2,8,6132597861,0,0,6533,490696,176681625,177178854
turso,concurrent,32,2,8,6309777026,0,0,7765,806231,85952877,86766873
turso,concurrent,32,2,8,6396545431,0,0,5681,518459,124362044,124886184
turso,concurrent,32,2,8,6521431996,0,0,7213,6213287,66402860,72623360
turso,concurrent,32,2,8,6594055626,0,0,7635,900549,159291526,160199710
turso,concurrent,32,2,8,6754255587,0,0,5610,535841,62729889,63271340
turso,concurrent,32,2,8,6817527177,0,0,5591,780893,141071751,141858235
turso,concurrent,32,2,8,6959385632,0,0,5811,500785,96549756,97056352
turso,concurrent,32,2,8,7056442244,0,0,6543,437465,22507528,22951536
turso,concurrent,32,2,8,7079393970,0,0,5330,447876,60473740,60926946
turso,concurrent,32,2,8,7140321166,0,0,5651,413651,106570948,106990250
turso,concurrent,32,2,8,7247311666,0,0,7063,510013,19989205,20506281
turso,concurrent,32,2,8,7267818167,0,0,5100,584583,183703578,184293261
turso,concurrent,32,2,8,7452111689,0,0,6672,453266,327527442,327987380
turso,concurrent,32,2,8,7780099289,0,0,7805,3818366,14569437,18395608
turso,concurrent,32,2,8,7798495187,0,0,6463,523608,15001031,15531102
turso,concurrent,32,2,8,7814026529,0,0,6302,493511,37578511,38078324
turso,concurrent,32,2,8,7852105054,0,0,6051,613788,28155968,28775807
turso,concurrent,32,2,8,7880881092,0,0,5490,649806,167050620,167705916
turso,concurrent,32,2,8,8048587238,0,0,7094,808856,54180553,54996503
turso,concurrent,32,2,8,8103583982,0,0,6162,576528,435766047,436348737
turso,concurrent,32,2,8,8539932980,0,0,6252,487069,92620850,93114171
turso,concurrent,32,2,8,8633047632,0,0,6012,641119,40916211,41563342
turso,concurrent,32,2,8,8674611184,0,0,6262,11871615,23100757,34978634
turso,concurrent,32,2,8,8709590018,0,0,6593,524730,66026289,66557612
turso,concurrent,32,2,8,8776147901,0,0,5099,501397,21483265,21989761
turso,concurrent,32,2,8,8798137862,0,0,7103,495215,141547979,142050297
turso,concurrent,32,2,8,8940188600,0,0,6983,555769,111325491,111888243
turso,concurrent,32,2,8,9052077104,0,0,5520,497759,82846564,83349843
turso,concurrent,32,2,8,9135427258,0,0,6292,532114,254255398,254793804
turso,concurrent,32,2,8,9390221453,0,0,9889,575967,76326638,76912494
turso,concurrent,32,2,8,9467134278,0,0,7093,624379,96246863,96878335
turso,concurrent,32,2,8,9564012924,0,0,5731,412388,60753588,61171707
turso,concurrent,32,2,8,9625184942,0,0,6793,475978,209688038,210170809
turso,concurrent,32,2,8,9835360289,0,0,20339,3645470,248968180,252633989
turso,concurrent,32,2,8,10087994528,0,0,6462,432547,197154854,197593863
turso,concurrent,32,2,8,10285588612,0,0,6201,458445,208293897,208758543
turso,concurrent,32,2,8,10494347335,0,0,6392,429310,370454578,370890280
turso,concurrent,32,2,8,10865237815,0,0,6683,533316,682875139,683415138
turso,concurrent,32,2,8,11548653194,0,0,9598,10508943,81872065,92390606
turso,concurrent,32,2,8,11641044020,0,0,5580,426005,95481900,95913485
turso,concurrent,32,2,8,11736957715,0,0,5210,429400,60075980,60510590
turso,concurrent,32,2,8,11797468505,0,0,6102,522506,163119380,163647988
turso,concurrent,32,2,8,11961116733,0,0,6272,563293,14482973,15052538
turso,concurrent,32,2,8,11976169442,0,0,4468,398152,291973993,292376613
turso,concurrent,32,2,8,12268546315,0,0,7615,8399302,53633360,62040277
turso,concurrent,32,2,8,12330586782,0,0,6552,535901,399544709,400087162
turso,concurrent,32,2,8,12730674205,0,0,6823,549527,104955459,105511809
turso,concurrent,32,2,8,12836186165,0,0,5350,422377,8922840,9350567
turso,concurrent,32,2,8,12845536992,0,0,5521,704950,705506080,706216551
turso,concurrent,32,2,8,13551753793,0,0,7745,4639145,69139966,73786856
turso,concurrent,32,2,8,13625540929,0,0,7084,600042,120372776,120979902
turso,concurrent,32,2,8,13746521041,0,0,5791,573863,476229954,476809608
turso,concurrent,32,2,8,14223330929,0,0,6672,494353,175910571,176411596
turso,concurrent,32,2,8,14399742776,0,0,8586,8290397,173462570,181761553
turso,concurrent,32,2,8,14581504590,0,0,5550,485637,59584161,60075348
turso,concurrent,32,2,8,14641580138,0,0,5019,387301,50151309,50543629
turso,concurrent,32,2,8,14692123988,0,0,5370,547373,220371330,220924073
turso,concurrent,32,2,8,14913048332,0,0,6171,433118,36024728,36464017
turso,concurrent,32,2,8,14949512650,0,0,5049,493111,59231275,59729435
turso,concurrent,32,2,8,15009242286,0,0,5069,440091,31593606,32038766
turso,concurrent,32,2,8,15041281372,0,0,7334,650237,165684982,166342553
turso,concurrent,32,2,8,15207624146,0,0,6342,447684,56702874,57156900
turso,concurrent,32,2,8,15264781336,0,0,6392,446462,120252409,120705263
turso,concurrent,32,2,8,15385486860,0,0,9438,9343714,31760100,41113252
turso,concurrent,32,2,8,15426600593,0,0,12864,7719078,449284862,457016804
turso,concurrent,32,2,8,15883617667,0,0,8236,645598,37747500,38401334
turso,concurrent,32,2,8,15922019251,0,0,4979,427127,76981986,77414092
turso,concurrent,32,2,8,15999433643,0,0,8146,657180,70975670,71640996
turso,concurrent,32,2,8,16071074929,0,0,5992,454868,364745773,365206633
turso,concurrent,32,2,8,16436281813,0,0,7314,622555,97688785,98318654
turso,concurrent,32,2,8,16534600747,0,0,6703,3484145,226420777,229911625
turso,concurrent,32,2,8,16764512613,0,0,6222,470137,273297165,273773524
turso,concurrent,32,2,8,17038286397,0,0,6052,610682,41488911,42105645
turso,concurrent,32,2,8,17080392323,0,0,6782,777628,168236427,169020837
turso,concurrent,32,2,8,17249413441,0,0,6141,600664,636390290,636997095
turso,concurrent,32,2,8,17886410756,0,0,9488,6262159,234602167,240873814
turso,concurrent,32,2,8,18127284880,0,0,7014,746869,47665798,48419681
turso,concurrent,32,2,8,18175704912,0,0,6933,545309,29158159,29710401
turso,concurrent,32,2,8,18205415594,0,0,5089,470458,123689646,124165193
turso,concurrent,32,2,8,18329581007,0,0,6012,586697,470942926,471535635
turso,concurrent,32,2,8,18801116872,0,0,7094,582709,636719522,637309325
turso,concurrent,32,2,8,19438426447,0,0,8586,9603805,511594526,521206917
turso,concurrent,32,2,8,19959633625,0,0,7674,4317559,302348392,306673625
turso,concurrent,32,2,8,20266307501,0,0,6833,524750,134580801,135112384
turso,concurrent,32,2,8,20401420165,0,0,7124,687246,165193064,165887434
turso,concurrent,32,2,8,20567307900,0,0,5420,469686,190153401,190628507
turso,concurrent,32,2,8,20757936677,0,0,6722,572140,21836982,22415844
turso,concurrent,32,2,8,20780352753,0,0,5620,601285,303830931,304437836
turso,concurrent,32,2,8,21084790819,0,0,8286,5112087,100388391,105508764
turso,concurrent,32,2,8,21190299903,0,0,6142,533977,66693639,67233758
turso,concurrent,32,2,8,21257533892,0,0,5370,592007,122299101,122896478
turso,concurrent,32,2,8,21380430591,0,0,5620,498201,207658557,208162378
turso,concurrent,32,2,8,21588593200,0,0,6382,422277,437511131,437939790
turso,concurrent,32,2,8,22026533210,0,0,6622,533698,193779264,194319584
turso,concurrent,32,2,8,22220853034,0,0,7344,2961649,61403224,64372217
turso,concurrent,32,2,8,22285225472,0,0,5881,497218,182862431,183365530
turso,concurrent,32,2,8,22468591263,0,0,6211,602197,10808188,11416596
turso,concurrent,32,2,8,22480009542,0,0,4709,415043,90359673,90779425
turso,concurrent,32,2,8,22570789177,0,0,5320,535151,172633896,173174367
turso,concurrent,32,2,8,22743963704,0,0,5360,445290,153320066,153770716
turso,concurrent,32,2,8,22897734711,0,0,7454,682287,25884481,26574222
turso,concurrent,32,2,8,22924309195,0,0,5320,484314,102605985,103095619
turso,concurrent,32,2,8,23027405054,0,0,6643,543235,374700180,375250058
turso,concurrent,32,2,8,23402655583,0,0,11321,6321280,1174538059,1180870660
turso,concurrent,32,2,8,24583526494,0,0,10950,12973796,43035088,56019834
turso,concurrent,32,2,8,24639546699,0,0,17082,616263,191678740,192312085
turso,concurrent,32,2,8,24831859014,0,0,5641,442314,194597578,195045533
turso,concurrent,32,2,8,25026904738,0,0,5991,457043,355217391,355680425
turso,concurrent,32,2,8,25382585413,0,0,6242,468053,155517103,155991398
turso,concurrent,32,2,8,25538577121,0,0,5811,434791,241264651,241705253
turso,concurrent,32,2,8,25780282945,0,0,16020,4895529,338202279,343113828
turso,concurrent,32,2,8,26123397034,0,0,6833,477150,64852153,65336136
turso,concurrent,32,2,8,26188733351,0,0,5670,441273,267054254,267501197
turso,concurrent,32,2,8,26456234738,0,0,5691,476689,90717669,91200049
turso,concurrent,32,2,8,26547435047,0,0,6793,515784,219823386,220345963
turso,concurrent,32,2,8,26767781310,0,0,6232,440251,84067658,84514141
turso,concurrent,32,2,8,26852295691,0,0,6272,567742,263730600,264304614
turso,concurrent,32,2,8,27116600466,0,0,8195,9648028,92087975,101744198
turso,concurrent,32,2,8,27218344924,0,0,5259,489224,560097775,560592258
turso,concurrent,32,2,8,27778937453,0,0,5891,431194,264253207,264690292
turso,concurrent,32,2,8,28043627995,0,0,5942,487740,113344432,113838114
turso,concurrent,32,2,8,28157466399,0,0,8366,509181,121609811,122127358
turso,concurrent,32,2,8,28279594017,0,0,7514,6213607,160774274,166995395
turso,concurrent,32,2,8,28446589663,0,0,6642,525662,134588475,135120779
turso,concurrent,32,2,8,28581710652,0,0,5811,398142,114451951,114855904
turso,concurrent,32,2,8,28696566827,0,0,5991,492079,32709792,33207862
turso,concurrent,32,2,8,28729774919,0,0,5310,598540,275184748,275788598
turso,concurrent,32,2,8,29005563727,0,0,6352,602868,13123247,13732467
turso,concurrent,32,2,8,29019296434,0,0,6222,620261,130391914,131018397
turso,concurrent,32,2,8,29150315072,0,0,6111,418139,103852829,104277079
turso,concurrent,32,2,8,29254592431,0,0,6372,486759,28466975,28960106
turso,concurrent,32,2,8,29283552747,0,0,10830,512237,86511130,87034197
turso,concurrent,32,2,8,29370587205,0,0,6171,522506,226473557,227002234
turso,concurrent,32,2,8,29597589799,0,0,7093,3426096,260454046,263887235
turso,concurrent,32,2,8,29861477346,0,0,6913,570477,13329737,13907127
turso,concurrent,32,2,8,29875384693,0,0,6893,534379,41522664,42063936
turso,concurrent,32,2,8,29917448909,0,0,6062,553204,374577488,375136754
turso,concurrent,32,2,8,30292585954,0,0,6612,451292,243542370,244000274
turso,concurrent,32,2,8,30536586729,0,0,7635,578702,79695556,80281893
turso,concurrent,32,2,8,30616869153,0,0,10270,1000789,174227985,175239044
turso,concurrent,32,2,8,30792108417,0,0,6753,733795,996743282,997483830
turso,concurrent,32,2,8,31789592468,0,0,8476,8440278,439191994,447640748
turso,concurrent,32,2,8,32237233517,0,0,7404,12565354,139598580,152171338
turso,concurrent,32,2,8,32389405145,0,0,6914,598249,26577067,27182230
turso,concurrent,32,2,8,32416587596,0,0,5360,491768,130202989,130700117
turso,concurrent,32,2,8,32547287963,0,0,5551,444388,122475755,122925694
turso,concurrent,32,2,8,32670213917,0,0,5451,434710,46512993,46953154
turso,concurrent,32,2,8,32717167301,0,0,5490,487320,50656151,51148961
turso,concurrent,32,2,8,32768316513,0,0,5610,448717,95580046,96034373
turso,concurrent,32,2,8,32864351086,0,0,5520,444940,43309316,43759776
turso,concurrent,32,2,8,32908111083,0,0,5901,426345,14948271,15380517
turso,concurrent,32,2,8,32923491801,0,0,5931,501556,135638868,136146355
turso,concurrent,32,2,9,2966,1,0,1730566,522807,881758305,884011678
turso,concurrent,32,2,9,884014974,1,0,5861,340122,145465483,145811466
turso,concurrent,32,2,9,1029826720,1,0,58491,511886,138191354,138761731
turso,concurrent,32,2,9,1168588671,1,0,5330,480667,153027784,153513781
turso,concurrent,32,2,9,1322102674,1,0,6011,432016,89870980,90309007
turso,concurrent,32,2,9,1412412162,1,0,6191,509983,42509387,43025561
turso,concurrent,32,2,9,1455438013,1,0,6012,458144,13520036,13984192
turso,concurrent,32,2,9,1469422426,1,0,5019,408221,270761820,271175060
turso,concurrent,32,2,9,1740597776,1,0,5551,405726,263107775,263519052
turso,concurrent,32,2,9,2004117589,1,0,7374,750968,130389139,131147481
turso,concurrent,32,2,9,2135265260,1,0,8787,858480,15454587,16321854
turso,concurrent,32,2,9,2151587414,1,0,6372,562301,39291453,39860126
turso,concurrent,32,2,9,2191447762,1,0,5791,469456,117629127,118104374
turso,concurrent,32,2,9,2309552417,1,0,12173,422728,31624644,32059545
turso,concurrent,32,2,9,2341612222,1,0,5781,452133,216897625,217355539
turso,concurrent,32,2,9,2558993850,1,0,6102,570907,34693235,35270244
turso,concurrent,32,2,9,2594264305,1,0,6472,609320,124703298,125319090
turso,concurrent,32,2,9,2719584016,1,0,5731,432797,782562176,783000704
turso,concurrent,32,2,9,3502584940,0,0,7574,5658459,170876199,176542232
turso,concurrent,32,2,9,3679127363,0,0,6773,728064,62337587,63072424
turso,concurrent,32,2,9,3742200048,0,0,6813,421375,316298621,316726809
turso,concurrent,32,2,9,4058927127,0,0,6252,406738,175818667,176231657
turso,concurrent,32,2,9,4235159044,0,0,9318,3336607,261467670,264813595
turso,concurrent,32,2,9,4499972869,0,0,8626,3472344,78797321,82278291
turso,concurrent,32,2,9,4582251331,0,0,6432,484264,11000771,11491467
turso,concurrent,32,2,9,4593743048,0,0,3968,470488,82721017,83195473
turso,concurrent,32,2,9,4676938821,0,0,6683,431294,51365110,51803087
turso,concurrent,32,2,9,4728742128,0,0,5441,451962,51150766,51608169
turso,concurrent,32,2,9,4780350577,0,0,6703,425463,138319396,138751562
turso,concurrent,32,2,9,4919102359,0,0,7354,558304,129472930,130038588
turso,concurrent,32,2,9,5049141207,0,0,5350,428469,381990208,382424027
turso,concurrent,32,2,9,5431565525,0,0,9418,4627393,316947284,321584095
turso,concurrent,32,2,9,5753149881,0,0,7123,552874,38871491,39431488
turso,concurrent,32,2,9,5792582942,0,0,5470,439810,36962098,37407378
turso,concurrent,32,2,9,5829990500,0,0,6131,491568,183427066,183924765
turso,concurrent,32,2,9,6013915536,0,0,6662,827232,438847703,439681597
turso,concurrent,32,2,9,6453597564,0,0,13566,3383155,87926310,91323031
turso,concurrent,32,2,9,6544920826,0,0,6793,3287223,248785616,252079632
turso,concurrent,32,2,9,6797000758,0,0,7995,710882,215868882,216587759
turso,concurrent,32,2,9,7013588778,0,0,7003,518919,70971122,71497044
turso,concurrent,32,2,9,7085086083,0,0,6883,508870,136136526,136652279
turso,concurrent,32,2,9,7221738653,0,0,6472,458646,274296761,274761879
turso,concurrent,32,2,9,7496500823,0,0,7264,516995,34360818,34885077
turso,concurrent,32,2,9,7531386111,0,0,5781,454037,241798348,242258166
turso,concurrent,32,2,9,7773644508,0,0,7143,4141727,80027042,84175912
turso,concurrent,32,2,9,7857820680,0,0,6262,473113,12057195,12536570
turso,concurrent,32,2,9,7870357521,0,0,4599,498050,514721007,515223656
turso,concurrent,32,2,9,8385581437,0,0,6382,480677,169828662,170315721
turso,concurrent,32,2,9,8555897429,0,0,6693,461972,88222980,88691645
turso,concurrent,32,2,9,8644589335,0,0,5771,519580,85435510,85960861
turso,concurrent,32,2,9,8730550416,0,0,14067,6594956,271764162,278373185
turso,concurrent,32,2,9,9008923851,0,0,6121,482821,504031534,504520476
turso,concurrent,32,2,9,9513444648,0,0,6142,442805,29914748,30363695
turso,concurrent,32,2,9,9543808633,0,0,4589,412538,191379415,191796542
turso,concurrent,32,2,9,9735605806,0,0,15059,690182,105559579,106264820
turso,concurrent,32,2,9,9841871177,0,0,11923,9445296,393438293,402895512
turso,concurrent,32,2,9,10244767040,0,0,7785,496868,134313685,134818338
turso,concurrent,32,2,9,10379585649,0,0,5801,407709,183590575,184004085
turso,concurrent,32,2,9,10563590075,0,0,7213,547574,162143238,162698025
turso,concurrent,32,2,9,10726288330,0,0,5571,459016,259633238,260097825
turso,concurrent,32,2,9,10986386475,0,0,7094,13158193,159707601,172872888
turso,concurrent,32,2,9,11159259724,0,0,7464,525792,200575750,201109006
turso,concurrent,32,2,9,11360369041,0,0,5711,498861,65711946,66216518
turso,concurrent,32,2,9,11426585720,0,0,5380,450650,45223830,45679860
turso,concurrent,32,2,9,11472265750,0,0,5621,572660,119048237,119626518
turso,concurrent,32,2,9,11591894291,0,0,6893,437767,8915275,9359935
turso,concurrent,32,2,9,11601254456,0,0,5070,441934,92447043,92894047
turso,concurrent,32,2,9,11694148743,0,0,5330,644737,161482230,162132297
turso,concurrent,32,2,9,11856281391,0,0,6442,580455,789710226,790297123
turso,concurrent,32,2,9,12646578785,0,0,7995,9161269,50954485,60123749
turso,concurrent,32,2,9,12706702825,0,0,6843,482460,144063587,144552890
turso,concurrent,32,2,9,12851256075,0,0,5790,513219,39815924,40334933
turso,concurrent,32,2,9,12891591299,0,0,6713,512116,253198233,253717062
turso,concurrent,32,2,9,13145308672,0,0,8386,3073350,237061789,240143525
turso,concurrent,32,2,9,13385452518,0,0,6372,623807,158325373,158955552
turso,concurrent,32,2,9,13544408571,0,0,6953,581217,90962280,91550450
turso,concurrent,32,2,9,13635959291,0,0,6974,634217,237617628,238258819
turso,concurrent,32,2,9,13874218691,0,0,6613,509181,275509801,276025595
turso,concurrent,32,2,9,14150244626,0,0,5601,440221,68898189,69344011
turso,concurrent,32,2,9,14219588957,0,0,5821,456272,103879919,104342012
turso,concurrent,32,2,9,14323931550,0,0,6883,4818584,43903458,48728925
turso,concurrent,32,2,9,14372660705,0,0,6352,439580,530660859,531106791
turso,concurrent,32,2,9,14903767817,0,0,6733,415804,66390287,66812824
turso,concurrent,32,2,9,14970580891,0,0,5471,478042,45520129,46003642
turso,concurrent,32,2,9,15016584743,0,0,4899,509502,100862685,101377086
turso,concurrent,32,2,9,15117962119,0,0,7053,663923,8952797,9623773
turso,concurrent,32,2,9,15127586102,0,0,4599,483262,952162587,952650448
turso,concurrent,32,2,9,16080236880,0,0,9869,6418624,208903256,215331749
turso,concurrent,32,2,9,16295568930,0,0,5500,441273,51016472,51463245
turso,concurrent,32,2,9,16347032485,0,0,4890,458124,112384510,112847524
turso,concurrent,32,2,9,16459880250,0,0,7804,557953,31717289,32283046
turso,concurrent,32,2,9,16492163557,0,0,5250,452794,63360940,63818984
turso,concurrent,32,2,9,16555982841,0,0,7184,11133301,233486141,244626626
turso,concurrent,32,2,9,16800609788,0,0,7254,521243,126708874,127237371
turso,concurrent,32,2,9,16927847469,0,0,6311,449629,425432946,425888886
turso,concurrent,32,2,9,17353736637,0,0,6482,475127,362536033,363017642
turso,concurrent,32,2,9,17716754840,0,0,13656,9364763,105287747,114666166
turso,concurrent,32,2,9,17831421266,0,0,6963,536853,173052547,173596363
turso,concurrent,32,2,9,18005018220,0,0,5891,548205,440012692,440566788
turso,concurrent,32,2,9,18445585259,0,0,5851,435011,157031811,157472673
turso,concurrent,32,2,9,18603058242,0,0,7554,533847,206401826,206943227
turso,concurrent,32,2,9,18810001891,0,0,15168,8658912,94781478,103455558
turso,concurrent,32,2,9,18913457870,0,0,8155,10066599,285039326,295114080
turso,concurrent,32,2,9,19208572260,0,0,7594,508901,58055076,58571571
turso,concurrent,32,2,9,19267144001,0,0,5190,450650,26735658,27191498
turso,concurrent,32,2,9,19294335769,0,0,5050,473403,55139212,55617665
turso,concurrent,32,2,9,19349953665,0,0,5881,505174,147533054,148044109
turso,concurrent,32,2,9,19497998105,0,0,5931,449328,120951167,121406426
turso,concurrent,32,2,9,19619404812,0,0,5670,423670,34772155,35201495
turso,concurrent,32,2,9,19654606557,0,0,6192,537564,17322472,17866228
turso,concurrent,32,2,9,19672473005,0,0,5039,439409,29010191,29454639
turso,concurrent,32,2,9,19701927985,0,0,6573,643855,179455440,180105868
turso,concurrent,32,2,9,19882034074,0,0,6823,447384,19541520,19995727
turso,concurrent,32,2,9,19902030272,0,0,13926,447064,37105738,37566728
turso,concurrent,32,2,9,19939597491,0,0,13426,12596613,49742137,62352176
turso,concurrent,32,2,9,20001950007,0,0,6733,614790,161970933,162592456
turso,concurrent,32,2,9,20164542684,0,0,5801,489644,94816654,95312099
turso,concurrent,32,2,9,20259854953,0,0,5110,496758,681631431,682133299
turso,concurrent,32,2,9,20941988513,0,0,6522,490556,161614740,162111818
turso,concurrent,32,2,9,21104100562,0,0,7173,5083965,355537214,360628352
turso,concurrent,32,2,9,21464729225,0,0,6883,524831,63324730,63856444
turso,concurrent,32,2,9,21528585980,0,0,6312,517486,180225124,180748922
turso,concurrent,32,2,9,21709335282,0,0,7224,517637,43213535,43738396
turso,concurrent,32,2,9,21753073999,0,0,6292,437365,73942169,74385826
turso,concurrent,32,2,9,21827460176,0,0,7494,579634,70741949,71329077
turso,concurrent,32,2,9,21898789493,0,0,5109,436203,34944680,35385992
turso,concurrent,32,2,9,21934175727,0,0,5580,514962,30073537,30594079
turso,concurrent,32,2,9,21964770046,0,0,5401,692166,74361430,75058997
turso,concurrent,32,2,9,22039829323,0,0,5971,589472,190157298,190752741
turso,concurrent,32,2,9,22230584069,0,0,9438,3595966,60539665,64145069
turso,concurrent,32,2,9,22294729579,0,0,15088,502118,256218734,256735940
turso,concurrent,32,2,9,22551465779,0,0,7274,517517,266435575,266960366
turso,concurrent,32,2,9,22818426375,0,0,7273,573623,102399826,102980722
turso,concurrent,32,2,9,22921407298,0,0,5951,464687,455155160,455625798
turso,concurrent,32,2,9,23377033537,0,0,11061,553635,59753311,60318007
turso,concurrent,32,2,9,23437351824,0,0,8135,9138898,187518187,196665220
turso,concurrent,32,2,9,23634017285,0,0,6252,481549,16173754,16661555
turso,concurrent,32,2,9,23650679070,0,0,7314,701864,112476594,113185772
turso,concurrent,32,2,9,23763865062,0,0,5872,476248,55550840,56032960
turso,concurrent,32,2,9,23819898262,0,0,5761,445892,89125864,89577517
turso,concurrent,32,2,9,23909476020,0,0,6261,470699,175474217,175951177
turso,concurrent,32,2,9,24085427447,0,0,5220,579183,38910615,39495018
turso,concurrent,32,2,9,24124922745,0,0,5210,447976,198799167,199252353
turso,concurrent,32,2,9,24324175348,0,0,6212,454227,162939331,163399770
turso,concurrent,32,2,9,24487575278,0,0,6282,563023,60068224,60637529
turso,concurrent,32,2,9,24548213108,0,0,5591,614580,60633902,61254073
turso,concurrent,32,2,9,24609467401,0,0,6923,9067894,195502686,204577503
turso,concurrent,32,2,9,24814045105,0,0,6672,418280,257883986,258308938
turso,concurrent,32,2,9,25072354273,0,0,6262,565127,572511393,573082782
turso,concurrent,32,2,9,25645437325,0,0,7514,518709,100500973,101027196
turso,concurrent,32,2,9,25746464881,0,0,7404,5664671,332704843,338376918
turso,concurrent,32,2,9,26084842080,0,0,8175,8273114,240817327,249098616
turso,concurrent,32,2,9,26333940976,0,0,7654,568713,184907120,185483487
turso,concurrent,32,2,9,26519424674,0,0,6032,422116,277251589,277679737
turso,concurrent,32,2,9,26797104681,0,0,5460,498111,439904828,440408399
turso,concurrent,32,2,9,27237513331,0,0,8656,710230,42264915,42983801
turso,concurrent,32,2,9,27280497423,0,0,6713,637944,126596572,127241229
turso,concurrent,32,2,9,27407738892,0,0,5581,464236,158964729,159434546
turso,concurrent,32,2,9,27567173708,0,0,7424,570848,16664009,17242281
turso,concurrent,32,2,9,27584416170,0,0,5991,666327,147498840,148171158
turso,concurrent,32,2,9,27732587579,0,0,6842,584474,262869856,263461172
turso,concurrent,32,2,9,27996048991,0,0,6262,593250,71234669,71834181
turso,concurrent,32,2,9,28067883402,0,0,5901,430002,8047307,8483210
turso,concurrent,32,2,9,28076366793,0,0,4909,481228,267814748,268300885
turso,concurrent,32,2,9,28344667879,0,0,8496,8210315,173562639,181781450
turso,concurrent,32,2,9,28526449570,0,0,6732,487200,215259994,215753926
turso,concurrent,32,2,9,28742203726,0,0,6652,473344,154017502,154497498
turso,concurrent,32,2,9,28896701414,0,0,5160,438307,249432296,249875763
turso,concurrent,32,2,9,29146577448,0,0,7644,940966,114749103,115697713
turso,concurrent,32,2,9,29262275461,0,0,7434,569725,42371697,42948856
turso,concurrent,32,2,9,29305224567,0,0,6101,587018,53466265,54059384
turso,concurrent,32,2,9,29359284213,0,0,5730,485447,209203823,209695000
turso,concurrent,32,2,9,29568979424,0,0,7905,653854,271953709,272615468
turso,concurrent,32,2,9,29841595183,0,0,6552,525653,40456682,40988887
turso,concurrent,32,2,9,29882584301,0,0,5841,556199,43522579,44084619
turso,concurrent,32,2,9,29926669121,0,0,5320,581026,341027992,341614338
turso,concurrent,32,2,9,30268283709,0,0,6392,464647,311731741,312202780
turso,concurrent,32,2,9,30580486720,0,0,7624,5278993,73486269,78772886
turso,concurrent,32,2,9,30659259796,0,0,7735,9183902,153295921,162487558
turso,concurrent,32,2,9,30821747614,0,0,6433,486387,61003520,61496340
turso,concurrent,32,2,9,30883244165,0,0,5139,457333,494701125,495163597
turso,concurrent,32,2,9,31378408032,0,0,7013,510875,12030003,12547891
turso,concurrent,32,2,9,31390956194,0,0,5320,469867,114626451,115101638
turso,concurrent,32,2,9,31506058042,0,0,6332,468254,230898828,231373414
turso,concurrent,32,2,9,31737431746,0,0,6052,499863,241327029,241832944
turso,concurrent,32,2,9,31979264970,0,0,7874,12437984,49621670,62067528
turso,concurrent,32,2,9,32041332839,0,0,6693,449608,439235156,439691457
turso,concurrent,32,2,9,32481024536,0,0,6623,480777,76749497,77236897
turso,concurrent,32,2,9,32558261693,0,0,5991,432005,385013884,385451880
turso,concurrent,32,2,9,32943714065,0,0,17413,577941,90109571,90704925
turso,concurrent,32,2,10,144323,1,0,3947981,506776,674690843,679145600
turso,concurrent,32,2,10,679290334,1,0,6863,448286,258570181,259025330
turso,concurrent,32,2,10,938315915,1,0,5680,314093,87940187,88259960
turso,concurrent,32,2,10,1026576176,1,0,72957,745918,33199617,34018492
turso,concurrent,32,2,10,1060594948,1,0,6513,465478,33976543,34448534
turso,concurrent,32,2,10,1095044133,1,0,6713,611644,37646549,38264906
turso,concurrent,32,2,10,1133309340,1,0,5610,438278,84837812,85281700
turso,concurrent,32,2,10,1218591280,1,0,6092,509621,39164975,39680688
turso,concurrent,32,2,10,1258272248,1,0,6261,456432,94416940,94879633
turso,concurrent,32,2,10,1353152633,1,0,7354,474035,166516812,166998201
turso,concurrent,32,2,10,1520151054,1,0,6192,477351,16949127,17432670
turso,concurrent,32,2,10,1537583955,1,0,5711,500214,435702998,436208923
turso,concurrent,32,2,10,1973793109,1,0,7594,599992,41876874,42484460
turso,concurrent,32,2,10,2016277849,1,0,6472,503480,99969580,100479532
turso,concurrent,32,2,10,2116757621,1,0,7624,7909959,97808140,105725723
turso,concurrent,32,2,10,2222483584,1,0,5770,408812,181460284,181874866
turso,concurrent,32,2,10,2404358741,1,0,6662,583251,10280322,10870235
turso,concurrent,32,2,10,2415229588,1,0,6082,894227,111291577,112191886
turso,concurrent,32,2,10,2527421645,1,0,6081,695483,222131912,222833476
turso,concurrent,32,2,10,2750255352,1,0,5640,417699,70795049,71218388
turso,concurrent,32,2,10,2821473961,1,0,5480,496327,116299738,116801545
turso,concurrent,32,2,10,2938275707,1,0,5580,559626,93805025,94370231
turso,concurrent,32,2,10,3032646179,0,0,7213,817824,252735460,253560497
turso,concurrent,32,2,10,3286206886,0,0,8426,585726,170455866,171050018
turso,concurrent,32,2,10,3457257184,0,0,5320,453857,109893639,110352816
turso,concurrent,32,2,10,3567610210,0,0,6663,739726,19620238,20366627
turso,concurrent,32,2,10,3587976998,0,0,5851,560798,120740700,121307349
turso,concurrent,32,2,10,3709284578,0,0,7484,846918,198989457,199843859
turso,concurrent,32,2,10,3909128737,0,0,7534,653243,162527814,163188591
turso,concurrent,32,2,10,4072317528,0,0,5560,432817,8106870,8545247
turso,concurrent,32,2,10,4080863076,0,0,4679,435742,62965714,63406135
turso,concurrent,32,2,10,4144269441,0,0,5450,459247,11684562,12149259
turso,concurrent,32,2,10,4156418930,0,0,4769,411186,114162404,114578359
turso,concurrent,32,2,10,4270998643,0,0,6092,4132709,343288778,347427579
turso,concurrent,32,2,10,4618426443,0,0,7394,543916,86999572,87550882
turso,concurrent,32,2,10,4705977605,0,0,6683,627534,14962929,15597146
turso,concurrent,32,2,10,4721575032,0,0,11622,420473,401415239,401847334
turso,concurrent,32,2,10,5123422616,0,0,6873,440731,67423657,67871261
turso,concurrent,32,2,10,5191294148,0,0,6362,766366,57426440,58199168
turso,concurrent,32,2,10,5249493506,0,0,5240,421025,94236860,94663125
turso,concurrent,32,2,10,5344156901,0,0,7505,5848888,27228277,33084670
turso,concurrent,32,2,10,5377241851,0,0,7033,3379247,6449672,9835952
turso,concurrent,32,2,10,5387078045,0,0,5490,646921,247240039,247892450
turso,concurrent,32,2,10,5634970735,0,0,6753,596786,12691011,13294550
turso,concurrent,32,2,10,5648265576,0,0,4999,592138,65304207,65901344
turso,concurrent,32,2,10,5714167160,0,0,5982,446743,178069495,178522220
turso,concurrent,32,2,10,5892689590,0,0,6312,434099,306537088,306977499
turso,concurrent,32,2,10,6199667299,0,0,6382,454879,117285098,117746359
turso,concurrent,32,2,10,6317413929,0,0,6963,412849,497339373,497759185
turso,concurrent,32,2,10,6815173345,0,0,7464,3222261,47729970,50959695
turso,concurrent,32,2,10,6866133310,0,0,6382,524099,70582719,71113200
turso,concurrent,32,2,10,6937246810,0,0,6011,478574,489688684,490173269
turso,concurrent,32,2,10,7427420340,0,0,7694,521043,295249576,295778313
turso,concurrent,32,2,10,7723198943,0,0,8486,3517519,230311740,233837745
turso,concurrent,32,2,10,7957037229,0,0,6642,528017,276025254,276559913
turso,concurrent,32,2,10,8233597432,0,0,7064,573051,84606896,85187011
turso,concurrent,32,2,10,8318784703,0,0,5009,455099,369586960,370047068
turso,concurrent,32,2,10,8688832082,0,0,7904,6126172,12704407,18838483
turso,concurrent,32,2,10,8707670806,0,0,6002,530862,334600861,335137725
turso,concurrent,32,2,10,9042808832,0,0,6592,536132,35075357,35618081
turso,concurrent,32,2,10,9078427193,0,0,7104,529609,25165895,25702608
turso,concurrent,32,2,10,9104130061,0,0,4889,445721,152115162,152565772
turso,concurrent,32,2,10,9256696115,0,0,6552,489995,66878577,67375124
turso,concurrent,32,2,10,9324071450,0,0,4939,447535,88051707,88504181
turso,concurrent,32,2,10,9412575911,0,0,5751,544468,58106423,58656642
turso,concurrent,32,2,10,9471234206,0,0,6121,543606,32297594,32847321
turso,concurrent,32,2,10,9504081858,0,0,5741,547693,31048017,31601451
turso,concurrent,32,2,10,9535683539,0,0,5100,429350,19537412,19971862
turso,concurrent,32,2,10,9555655702,0,0,6131,498481,682924602,683429214
turso,concurrent,32,2,10,10239085277,0,0,9498,8040003,204460623,212510124
turso,concurrent,32,2,10,10451595721,0,0,7204,356473,387340636,387704313
turso,concurrent,32,2,10,10839300314,0,0,7925,751499,244655220,245414644
turso,concurrent,32,2,10,11084715198,0,0,9077,10024850,88071134,98105061
turso,concurrent,32,2,10,11182820499,0,0,5791,531734,85293742,85831267
turso,concurrent,32,2,10,11268651996,0,0,5420,570537,237957720,238533677
turso,concurrent,32,2,10,11507186044,0,0,6763,468133,786703411,787178307
turso,concurrent,32,2,10,12294364722,0,0,9969,9766391,68951691,78728051
turso,concurrent,32,2,10,12373093003,0,0,5691,527896,135799009,136332596
turso,concurrent,32,2,10,12509425970,0,0,5981,451402,253009117,253466500
turso,concurrent,32,2,10,12762892750,0,0,6993,498161,206579701,207084855
turso,concurrent,32,2,10,12969977845,0,0,6452,467732,46149647,46623831
turso,concurrent,32,2,10,13016602008,0,0,5961,464116,108395762,108865839
turso,concurrent,32,2,10,13125468147,0,0,9799,4304524,401474670,405788993
turso,concurrent,32,2,10,13531257461,0,0,5060,539508,19196389,19740957
turso,concurrent,32,2,10,13550998628,0,0,6472,567672,80838834,81412978
turso,concurrent,32,2,10,13632411846,0,0,5931,597467,8747870,9351268
turso,concurrent,32,2,10,13641763385,0,0,5730,584714,189237171,189827615
turso,concurrent,32,2,10,13831591422,0,0,6432,611324,65187697,65805453
turso,concurrent,32,2,10,13897397025,0,0,6021,501777,8937037,9444835
turso,concurrent,32,2,10,13906842170,0,0,5050,567651,62772649,63345350
turso,concurrent,32,2,10,13970187700,0,0,5270,478653,218652908,219136831
turso,concurrent,32,2,10,14189324761,0,0,7394,548114,106573032,107128540
turso,concurrent,32,2,10,14296453502,0,0,7644,1563661,29803487,31374792
turso,concurrent,32,2,10,14327828695,0,0,5821,669664,117443207,118118692
turso,concurrent,32,2,10,14445947647,0,0,6603,487931,55931638,56426172
turso,concurrent,32,2,10,14502374059,0,0,5571,433919,317664047,318103537
turso,concurrent,32,2,10,14820477886,0,0,6231,500695,257595993,258102919
turso,concurrent,32,2,10,15078581156,0,0,6432,472451,109538329,110017212
turso,concurrent,32,2,10,15188598669,0,0,6202,407830,40049294,40463326
turso,concurrent,32,2,10,15229062245,0,0,6021,451463,183574334,184031818
turso,concurrent,32,2,10,15413094453,0,0,8677,10675087,61453479,72137243
turso,concurrent,32,2,10,15485232116,0,0,6553,725018,168280130,169011701
turso,concurrent,32,2,10,15654244087,0,0,5942,489543,37481028,37976513
turso,concurrent,32,2,10,15692220860,0,0,4428,478353,285888639,286371420
turso,concurrent,32,2,10,15978592610,0,0,6773,510854,567855366,568372993
turso,concurrent,32,2,10,16546966044,0,0,15900,849834,59563903,60429637
turso,concurrent,32,2,10,16607396001,0,0,5982,437375,88782437,89225794
turso,concurrent,32,2,10,16696622025,0,0,5450,415855,563053674,563474979
turso,concurrent,32,2,10,17260097414,0,0,7254,494504,354721454,355223212
turso,concurrent,32,2,10,17615321027,0,0,8646,14702297,426860611,441571554
turso,concurrent,32,2,10,18056892952,0,0,7885,6484658,91136970,97629513
turso,concurrent,32,2,10,18154522685,0,0,5801,676778,10547456,11230035
turso,concurrent,32,2,10,18165752990,0,0,4829,484364,31213639,31702832
turso,concurrent,32,2,10,18197456032,0,0,5941,592769,585215439,585814149
turso,concurrent,32,2,10,18783270522,0,0,7063,528958,107266902,107802923
turso,concurrent,32,2,10,18891073615,0,0,8205,6017467,157148892,163174564
turso,concurrent,32,2,10,19054248760,0,0,5761,512488,350823367,351341616
turso,concurrent,32,2,10,19405590657,0,0,7103,543706,76451786,77002595
turso,concurrent,32,2,10,19482593662,0,0,7374,555819,106433870,106997063
turso,concurrent,32,2,10,19589590965,0,0,6332,749795,57937504,58693631
turso,concurrent,32,2,10,19648284806,0,0,5370,436995,85684540,86126905
turso,concurrent,32,2,10,19734411971,0,0,5661,489253,42439705,42934619
turso,concurrent,32,2,10,19777346991,0,0,6943,460990,16062775,16530708
turso,concurrent,32,2,10,19793878010,0,0,6933,639406,370897935,371544274
turso,concurrent,32,2,10,20165422624,0,0,8326,11505103,677499564,689012993
turso,concurrent,32,2,10,20854435938,0,0,7033,476269,14173509,14656811
turso,concurrent,32,2,10,20869092989,0,0,4629,493902,32831843,33330374
turso,concurrent,32,2,10,20902423583,0,0,5661,472572,49145831,49624064
turso,concurrent,32,2,10,20952047917,0,0,6001,603689,256151938,256761628
turso,concurrent,32,2,10,21208811479,0,0,8507,9054598,150343268,159406373
turso,concurrent,32,2,10,21368218183,0,0,6231,471691,904926349,905404271
turso,concurrent,32,2,10,22273622965,0,0,16611,6380612,23240471,29637694
turso,concurrent,32,2,10,22303260940,0,0,8636,773309,396628555,397410500
turso,concurrent,32,2,10,22700671701,0,0,6582,501697,61855618,62363897
turso,concurrent,32,2,10,22763035889,0,0,6121,503671,22003607,22513399
turso,concurrent,32,2,10,22785549498,0,0,4489,460348,115247153,115711990
turso,concurrent,32,2,10,22901261808,0,0,6172,469366,182033065,182508603
turso,concurrent,32,2,10,23083770651,0,0,6723,502358,76524913,77033994
turso,concurrent,32,2,10,23160804856,0,0,5500,496808,15905788,16408096
turso,concurrent,32,2,10,23177213173,0,0,5039,558374,124573253,125136666
turso,concurrent,32,2,10,23302350069,0,0,6642,483893,77754374,78244909
turso,concurrent,32,2,10,23380595239,0,0,7765,650237,321144556,321802558
turso,concurrent,32,2,10,23702398067,0,0,8956,6759367,291094394,297862717
turso,concurrent,32,2,10,24000261055,0,0,6412,475337,721239573,721721322
turso,concurrent,32,2,10,24721982638,0,0,8827,992112,174934889,175935828
turso,concurrent,32,2,10,24897918737,0,0,6141,497228,247827297,248330666
turso,concurrent,32,2,10,25146249664,0,0,6262,586256,332745651,333338169
turso,concurrent,32,2,10,25479588063,0,0,6603,469355,357170697,357646655
turso,concurrent,32,2,10,25837235009,0,0,9488,17757443,114423999,132190930
turso,concurrent,32,2,10,25969426249,0,0,8196,608648,103479294,104096138
turso,concurrent,32,2,10,26073522657,0,0,6152,469746,366085162,366561060
turso,concurrent,32,2,10,26440083967,0,0,7043,580085,126584709,127171837
turso,concurrent,32,2,10,26567256005,0,0,6322,535070,158644164,159185556
turso,concurrent,32,2,10,26726441861,0,0,6332,514581,82533303,83054216
turso,concurrent,32,2,10,26809496328,0,0,5600,472592,55258127,55736319
turso,concurrent,32,2,10,26865232947,0,0,6112,478142,93865460,94349714
turso,concurrent,32,2,10,26959582871,0,0,6222,12781662,41493209,54281093
turso,concurrent,32,2,10,27013864214,0,0,5941,651640,92484262,93141843
turso,concurrent,32,2,10,27107006299,0,0,5290,542994,403025819,403574103
turso,concurrent,32,2,10,27510580622,0,0,6312,444038,48388392,48838742
turso,concurrent,32,2,10,27559419614,0,0,7094,565818,39188028,39760940
turso,concurrent,32,2,10,27599180814,0,0,5200,503160,53106757,53615117
turso,concurrent,32,2,10,27652796191,0,0,5240,417277,210090377,210512894
turso,concurrent,32,2,10,27863309326,0,0,5861,544297,60577456,61127614
turso,concurrent,32,2,10,27924437180,0,0,6462,509040,195050603,195566105
turso,concurrent,32,2,10,28120003487,0,0,6041,446393,304056877,304509311
turso,concurrent,32,2,10,28424513078,0,0,8346,3555771,165252335,168816452
turso,concurrent,32,2,10,28593329811,0,0,6101,1498228,75568348,77072677
turso,concurrent,32,2,10,28670402768,0,0,6482,489244,52343997,52839723
turso,concurrent,32,2,10,28723242711,0,0,5150,439950,391946339,392391439
turso,concurrent,32,2,10,29115634410,0,0,6603,512407,18433358,18952368
turso,concurrent,32,2,10,29134586968,0,0,5310,609069,406799670,407414049
turso,concurrent,32,2,10,29542001259,0,0,7123,7021191,124552064,131580378
turso,concurrent,32,2,10,29673581867,0,0,5520,469897,236527932,237003349
turso,concurrent,32,2,10,29910585426,0,0,5371,427466,179716133,180148970
turso,concurrent,32,2,10,30090734596,0,0,5330,475257,49430108,49910695
turso,concurrent,32,2,10,30140645571,0,0,7515,468063,139863751,140339329
turso,concurrent,32,2,10,30280985160,0,0,6953,496778,41072164,41575895
turso,concurrent,32,2,10,30322561366,0,0,6522,468744,16307287,16782553
turso,concurrent,32,2,10,30339344229,0,0,4960,496907,172183207,172685074
turso,concurrent,32,2,10,30512029593,0,0,5671,420554,88905769,89331994
turso,concurrent,32,2,10,30601361857,0,0,7534,9544924,98534982,108087440
turso,concurrent,32,2,10,30709449558,0,0,6893,596666,65004871,65608430
turso,concurrent,32,2,10,30775058179,0,0,4909,462553,134893080,135360542
turso,concurrent,32,2,10,30910418961,0,0,5721,646860,90355496,91008077
turso,concurrent,32,2,10,31001427308,0,0,6001,619620,176022091,176647712
turso,concurrent,32,2,10,31178075300,0,0,6633,535480,10259112,10801225
turso,concurrent,32,2,10,31188876755,0,0,4508,419903,313285203,313709614
turso,concurrent,32,2,10,31502586641,0,0,6913,508820,106423890,106939623
turso,concurrent,32,2,10,31609526495,0,0,5029,483463,774954818,775443310
turso,concurrent,32,2,10,32384970055,0,0,7915,1341712,49594138,50943765
turso,concurrent,32,2,10,32435914110,0,0,7655,773129,55733404,56514188
turso,concurrent,32,2,10,32492428509,0,0,5670,465439,200946630,201417739
turso,concurrent,32,2,10,32693846448,0,0,6102,539117,166033520,166578739
turso,concurrent,32,2,10,32860425417,0,0,6101,431875,179040267,179478243
turso,concurrent,32,2,11,53592,1,0,11166504,799929,323069359,335035792
turso,concurrent,32,2,11,335089745,1,0,5891,366251,333700853,334072995
turso,concurrent,32,2,11,669163031,1,0,8045,397681,15691634,16097360
turso,concurrent,32,2,11,685260852,1,0,6101,363837,165948991,166318929
turso,concurrent,32,2,11,851580021,1,0,7684,504603,194125887,194638174
turso,concurrent,32,2,11,1046218736,1,0,55124,3769705,266381483,270206312
turso,concurrent,32,2,11,1316425319,1,0,6051,441433,110932360,111379844
turso,concurrent,32,2,11,1427805383,1,0,5691,441573,135195170,135642434
turso,concurrent,32,2,11,1563448077,1,0,7284,640879,434310170,434958333
turso,concurrent,32,2,11,1998407252,1,0,7544,651500,46525196,47184240
turso,concurrent,32,2,11,2045591692,1,0,5821,518689,191119453,191643963
turso,concurrent,32,2,11,2237235906,1,0,5991,1163326,271176984,272346301
turso,concurrent,32,2,11,2509582437,1,0,7825,455890,218870568,219334283
turso,concurrent,32,2,11,2728916980,1,0,5660,404383,170218408,170628451
turso,concurrent,32,2,11,2899545622,1,0,5180,426996,104284333,104716509
turso,concurrent,32,2,11,3004262331,0,0,5050,497839,12809515,13312404
turso,concurrent,32,2,11,3017574996,0,0,5761,585395,455383711,455974867
turso,concurrent,32,2,11,3473550664,0,0,13275,3319105,179714890,183047270
turso,concurrent,32,2,11,3656598154,0,0,6242,484024,160894300,161384566
turso,concurrent,32,2,11,3817982940,0,0,6352,457955,13229217,13693524
turso,concurrent,32,2,11,3831676634,0,0,4859,454768,25563545,26023172
turso,concurrent,32,2,11,3857700057,0,0,6312,504533,45202159,45713004
turso,concurrent,32,2,11,3903413291,0,0,6642,610593,419104983,419722218
turso,concurrent,32,2,11,4323135800,0,0,9708,5929491,152721476,158660675
turso,concurrent,32,2,11,4481796726,0,0,6943,527545,72656964,73191452
turso,concurrent,32,2,11,4554988388,0,0,4399,425923,131460311,131890633
turso,concurrent,32,2,11,4686879271,0,0,6242,485687,309024402,309516331
turso,concurrent,32,2,11,4996395833,0,0,6372,517546,27699316,28223234
turso,concurrent,32,2,11,5024619278,0,0,5079,500866,198475727,198981672
turso,concurrent,32,2,11,5223601220,0,0,6783,450420,250258655,250715858
turso,concurrent,32,2,11,5474317399,0,0,7945,2544853,36670577,39223375
turso,concurrent,32,2,11,5513541015,0,0,6642,471260,41451129,41929031
turso,concurrent,32,2,11,5555470276,0,0,4829,421466,4732992,5159287
turso,concurrent,32,2,11,5560631337,0,0,5380,499683,6274662,6779725
turso,concurrent,32,2,11,5567411322,0,0,4569,470959,39206022,39681550
turso,concurrent,32,2,11,5607093092,0,0,4669,572430,69243111,69820210
turso,concurrent,32,2,11,5676913603,0,0,6412,559035,364951952,365517399
turso,concurrent,32,2,11,6042431263,0,0,5410,419201,10552095,10976706
turso,concurrent,32,2,11,6053408319,0,0,6763,594773,128664775,129266311
turso,concurrent,32,2,11,6182674870,0,0,6122,566378,172028775,172601275
turso,concurrent,32,2,11,6355276415,0,0,5660,426595,306621077,307053332
turso,concurrent,32,2,11,6662329938,0,0,8316,6439563,157649106,164096985
turso,concurrent,32,2,11,6826427164,0,0,7053,429651,51717064,52153768
turso,concurrent,32,2,11,6878581152,0,0,5521,533667,188321744,188860932
turso,concurrent,32,2,11,7067442324,0,0,5731,439700,35555653,36001084
turso,concurrent,32,2,11,7103443638,0,0,4669,440181,44360540,44805390
turso,concurrent,32,2,11,7148249249,0,0,5440,492880,85183143,85681463
turso,concurrent,32,2,11,7233930923,0,0,6953,466971,73777619,74251543
turso,concurrent,32,2,11,7308182686,0,0,6031,462673,76153663,76622367
turso,concurrent,32,2,11,7384805273,0,0,5120,409573,84616394,85031087
turso,concurrent,32,2,11,7469836600,0,0,7695,542103,174363080,174912878
turso,concurrent,32,2,11,7644749718,0,0,7654,4973075,213458955,218439684
turso,concurrent,32,2,11,7863189613,0,0,5210,464407,132350801,132820418
turso,concurrent,32,2,11,7996010292,0,0,6352,436273,13345767,13788392
turso,concurrent,32,2,11,8009798884,0,0,5110,549176,118972914,119527200
turso,concurrent,32,2,11,8129326295,0,0,6372,818324,28144406,28969102
turso,concurrent,32,2,11,8158295577,0,0,4759,519160,59763540,60287459
turso,concurrent,32,2,11,8218583166,0,0,5430,468455,290370537,290844422
turso,concurrent,32,2,11,8509427859,0,0,6081,453486,21032153,21491720
turso,concurrent,32,2,11,8530919799,0,0,5410,585495,95088367,95679272
turso,concurrent,32,2,11,8626599753,0,0,13225,503541,193323102,193839868
turso,concurrent,32,2,11,8820439882,0,0,9387,7618719,148382959,156011065
turso,concurrent,32,2,11,8976451197,0,0,5921,485406,404767145,405258472
turso,concurrent,32,2,11,9381709949,0,0,6442,562101,94416209,94984752
turso,concurrent,32,2,11,9476694961,0,0,6102,577520,136574813,137158435
turso,concurrent,32,2,11,9613855550,0,0,6623,449037,401848697,402304357
turso,concurrent,32,2,11,10016160338,0,0,8977,10148052,189941380,200098409
turso,concurrent,32,2,11,10216259018,0,0,7003,467432,9765791,10240226
turso,concurrent,32,2,11,10226499444,0,0,5290,470007,204263881,204739178
turso,concurrent,32,2,11,10431238872,0,0,6562,453205,207196786,207656553
turso,concurrent,32,2,11,10638895727,0,0,6833,457493,26048270,26512596
turso,concurrent,32,2,11,10665408534,0,0,5741,504271,23360668,23870680
turso,concurrent,32,2,11,10689279444,0,0,5169,535882,92591595,93132646
turso,concurrent,32,2,11,10782412281,0,0,5681,480266,46624934,47110881
turso,concurrent,32,2,11,10829523322,0,0,5150,637984,84811883,85455017
turso,concurrent,32,2,11,10914978840,0,0,7745,3525002,107916517,111449264
turso,concurrent,32,2,11,11026428365,0,0,5751,494984,150089880,150590615
turso,concurrent,32,2,11,11177019240,0,0,6201,527486,297775141,298308828
turso,concurrent,32,2,11,11475328310,0,0,7173,595284,415499038,416101495
turso,concurrent,32,2,11,11891430076,0,0,6983,550539,110596956,111154478
turso,concurrent,32,2,11,12002584805,0,0,6753,483722,67777986,68268461
turso,concurrent,32,2,11,12070853797,0,0,14116,2211133,12859009,15084258
turso,concurrent,32,2,11,12085938335,0,0,4749,458926,47191393,47655068
turso,concurrent,32,2,11,12133593794,0,0,6432,546111,146119386,146671929
turso,concurrent,32,2,11,12280265933,0,0,5450,493541,114650617,115149608
turso,concurrent,32,2,11,12395415782,0,0,6463,618337,407155251,407780051
turso,concurrent,32,2,11,12803196204,0,0,7353,575597,183181022,183763972
turso,concurrent,32,2,11,12986960406,0,0,5831,518649,48098395,48622875
turso,concurrent,32,2,11,13035583551,0,0,5561,481228,199339627,199826416
turso,concurrent,32,2,11,13235410238,0,0,7554,4183395,84174390,88365339
turso,concurrent,32,2,11,13323775787,0,0,4890,420523,66385497,66810910
turso,concurrent,32,2,11,13390586938,0,0,5220,456191,60200504,60661915
turso,concurrent,32,2,11,13451249074,0,0,6342,512216,291227906,291746464
turso,concurrent,32,2,11,13742995768,0,0,6462,597338,111402326,112006126
turso,concurrent,32,2,11,13855002305,0,0,7374,515001,71067774,71590149
turso,concurrent,32,2,11,13926592665,0,0,5730,470478,131519172,131995380
turso,concurrent,32,2,11,14058588356,0,0,7665,635088,126190325,126833078
turso,concurrent,32,2,11,14185421685,0,0,6302,421245,56258645,56686192
turso,concurrent,32,2,11,14242108137,0,0,6703,12014775,535448395,547469873
turso,concurrent,32,2,11,14789578391,0,0,7614,577099,205637143,206221856
turso,concurrent,32,2,11,14995800507,0,0,6413,470237,111260148,111736798
turso,concurrent,32,2,11,15107537585,0,0,5761,448507,417285900,417740168
turso,concurrent,32,2,11,15525278044,0,0,8055,823514,262895084,263726653
turso,concurrent,32,2,11,15789005088,0,0,6422,517436,67582938,68106796
turso,concurrent,32,2,11,15857112054,0,0,5801,595824,475624622,476226247
turso,concurrent,32,2,11,16333338541,0,0,6543,446853,33250442,33703838
turso,concurrent,32,2,11,16367042640,0,0,5611,449318,141793802,142248731
turso,concurrent,32,2,11,16509291592,0,0,8516,13250147,79397895,92656558
turso,concurrent,32,2,11,16601948370,0,0,7054,653052,167980464,168640570
turso,concurrent,32,2,11,16770589180,0,0,5730,486649,14511156,15003535
turso,concurrent,32,2,11,16785593087,0,0,7404,608849,232017900,232634153
turso,concurrent,32,2,11,17018227461,0,0,5991,641461,28720252,29367704
turso,concurrent,32,2,11,17047595466,0,0,4909,458816,145926142,146389867
turso,concurrent,32,2,11,17193985614,0,0,6181,484866,378942055,379433102
turso,concurrent,32,2,11,17573418997,0,0,6562,484885,183484875,183976322
turso,concurrent,32,2,11,17757395670,0,0,8586,1364345,188128820,189501751
turso,concurrent,32,2,11,17946897721,0,0,6613,529760,516987224,517523597
turso,concurrent,32,2,11,18464421578,0,0,6583,474886,636543799,637025268
turso,concurrent,32,2,11,19101447056,0,0,7585,568332,169314693,169890610
turso,concurrent,32,2,11,19271338056,0,0,6813,472692,79461636,79941141
turso,concurrent,32,2,11,19351279387,0,0,5751,620140,168440042,169065933
turso,concurrent,32,2,11,19520345650,0,0,6682,491989,74468502,74967173
turso,concurrent,32,2,11,19595313084,0,0,7324,994798,120394546,121396668
turso,concurrent,32,2,11,19716709993,0,0,7253,536072,75858556,76401881
turso,concurrent,32,2,11,19793112164,0,0,6482,522627,204664327,205193436
turso,concurrent,32,2,11,19998305850,0,0,8105,6652716,251277047,257937868
turso,concurrent,32,2,11,20256243969,0,0,6542,497880,129283773,129788195
turso,concurrent,32,2,11,20386032404,0,0,6793,665376,188738009,189410178
turso,concurrent,32,2,11,20575442792,0,0,5921,525001,63613546,64144468
turso,concurrent,32,2,11,20639589204,0,0,6111,528007,189222053,189756171
turso,concurrent,32,2,11,20829345575,0,0,6342,579133,242664373,243249848
turso,concurrent,32,2,11,21072595663,0,0,8075,4271231,202399803,206679109
turso,concurrent,32,2,11,21279274963,0,0,7133,542364,96788917,97338414
turso,concurrent,32,2,11,21376613597,0,0,5921,498301,130466906,130971128
turso,concurrent,32,2,11,21507584945,0,0,5020,447905,98832063,99284988
turso,concurrent,32,2,11,21606870163,0,0,6002,498951,56742388,57247341
turso,concurrent,32,2,11,21664117695,0,0,5650,561360,23736357,24303367
turso,concurrent,32,2,11,21688421262,0,0,5120,506716,76647705,77159541
turso,concurrent,32,2,11,21765581003,0,0,5100,418359,479535533,479958992
turso,concurrent,32,2,11,22245540305,0,0,12404,5178864,149577593,154768861
turso,concurrent,32,2,11,22400309497,0,0,8576,751618,242352394,243112588
turso,concurrent,32,2,11,22643422416,0,0,6953,483352,82295424,82785729
turso,concurrent,32,2,11,22726208395,0,0,6122,489494,332839728,333335344
turso,concurrent,32,2,11,23059543939,0,0,7725,714178,664667516,665389419
turso,concurrent,32,2,11,23724933648,0,0,8436,5731998,11518669,17259103
turso,concurrent,32,2,11,23742193001,0,0,6412,464056,178643559,179114027
turso,concurrent,32,2,11,23921307308,0,0,6934,491357,34234579,34732870
turso,concurrent,32,2,11,23956040459,0,0,6332,501086,37040936,37548354
turso,concurrent,32,2,11,23993589094,0,0,7123,700732,361696709,362404564
turso,concurrent,32,2,11,24355993889,0,0,6011,546181,106737422,107289614
turso,concurrent,32,2,11,24463283764,0,0,6782,643355,37648092,38298229
turso,concurrent,32,2,11,24501582263,0,0,6953,582770,352499301,353089024
turso,concurrent,32,2,11,24854671508,0,0,8225,15191490,187537304,202737019
turso,concurrent,32,2,11,25057408777,0,0,5891,554136,39505568,40065595
turso,concurrent,32,2,11,25097474562,0,0,6753,642342,63035856,63684951
turso,concurrent,32,2,11,25161159743,0,0,7234,797485,456465293,457270012
turso,concurrent,32,2,11,25618430005,0,0,7524,680314,232457730,233145568
turso,concurrent,32,2,11,25851575814,0,0,8997,9236872,433716250,442962119
turso,concurrent,32,2,11,26294538133,0,0,7264,649325,122232175,122888764
turso,concurrent,32,2,11,26417427167,0,0,6533,542293,108724733,109273559
turso,concurrent,32,2,11,26526700927,0,0,5580,433568,344514872,344954020
turso,concurrent,32,2,11,26871655819,0,0,14097,526824,55935585,56476506
turso,concurrent,32,2,11,26928132506,0,0,8736,2797871,93731096,96537703
turso,concurrent,32,2,11,27024670609,0,0,8496,476670,137187910,137673076
turso,concurrent,32,2,11,27162343905,0,0,6091,456081,192282599,192744771
turso,concurrent,32,2,11,27355088947,0,0,6122,431625,994044088,994481835
turso,concurrent,32,2,11,28349571072,0,0,8395,3500396,306510899,310019690
turso,concurrent,32,2,11,28659590983,0,0,5461,438187,192245328,192688976
turso,concurrent,32,2,11,28852280280,0,0,7013,564195,128584984,129156192
turso,concurrent,32,2,11,28981436703,0,0,5931,518098,33640549,34164578
turso,concurrent,32,2,11,29015601471,0,0,5891,542133,24645072,25193096
turso,concurrent,32,2,11,29040794847,0,0,6382,613908,56391005,57011295
turso,concurrent,32,2,11,29097806374,0,0,6181,565237,300863370,301434788
turso,concurrent,32,2,11,29399241423,0,0,7915,1368943,109031492,110408350
turso,concurrent,32,2,11,29509650083,0,0,9217,6970395,13415388,20395000
turso,concurrent,32,2,11,29530045335,0,0,4979,496527,27130042,27631548
turso,concurrent,32,2,11,29557677244,0,0,7013,485436,28243323,28735772
turso,concurrent,32,2,11,29586413266,0,0,4990,496657,273858875,274360522
turso,concurrent,32,2,11,29860774029,0,0,5661,437936,39202416,39646013
turso,concurrent,32,2,11,29900420332,0,0,4859,454558,159541498,160000915
turso,concurrent,32,2,11,30060421467,0,0,5430,628927,27547359,28181716
turso,concurrent,32,2,11,30088603434,0,0,5070,413901,263574205,263993176
turso,concurrent,32,2,11,30352596831,0,0,5861,560778,552797227,553363866
turso,concurrent,32,2,11,30905960937,0,0,8186,5200454,305077003,310285643
turso,concurrent,32,2,11,31216246800,0,0,7033,538717,96567419,97113169
turso,concurrent,32,2,11,31313360169,0,0,4910,504071,394950528,395459509
turso,concurrent,32,2,11,31708819958,0,0,6503,444659,21747824,22198986
turso,concurrent,32,2,11,31731019144,0,0,5300,456812,95311589,95773701
turso,concurrent,32,2,11,31826793135,0,0,7284,2739731,344613819,347360834
turso,concurrent,32,2,11,32174154319,0,0,7685,492580,49555234,50055499
turso,concurrent,32,2,11,32224210038,0,0,5501,458034,62058210,62521745
turso,concurrent,32,2,11,32286732013,0,0,6483,734336,184956933,185697752
turso,concurrent,32,2,11,32472429985,0,0,6161,516305,99323931,99846397
turso,concurrent,32,2,11,32572276563,0,0,5991,515323,30154299,30675613
turso,concurrent,32,2,11,32602952397,0,0,5700,449839,70444949,70900488
turso,concurrent,32,2,11,32673853055,0,0,5631,638485,15730968,16375084
turso,concurrent,32,2,11,32690228369,0,0,5661,517206,204492613,205015480
turso,concurrent,32,2,11,32895244119,0,0,6472,485817,125914244,126406533
turso,concurrent,32,2,12,14217,1,0,1453203,512027,358462154,360427384
turso,concurrent,32,2,12,360442212,1,0,7213,494754,198647682,199149649
turso,concurrent,32,2,12,559592162,1,0,6963,366131,128912572,129285666
turso,concurrent,32,2,12,688877988,1,0,6262,358066,90776991,91141319
turso,concurrent,32,2,12,780019567,1,0,5971,373525,329190130,329569626
turso,concurrent,32,2,12,1109589825,1,0,41127,3357407,470546086,473944620
turso,concurrent,32,2,12,1583534666,1,0,5961,439630,621298397,621743988
turso,concurrent,32,2,12,2205278904,1,0,8577,5491634,57465323,62965534
turso,concurrent,32,2,12,2268244698,1,0,5951,604902,51810200,52421053
turso,concurrent,32,2,12,2320666422,1,0,5500,420875,48431403,48857778
turso,concurrent,32,2,12,2369524450,1,0,6432,447455,559351436,559805323
turso,concurrent,32,2,12,2929330044,1,0,6562,461451,144111397,144579410
turso,concurrent,32,2,12,3073909704,0,0,6231,537204,185311553,185854988
turso,concurrent,32,2,12,3259764913,0,0,8396,418490,335493416,335920302
turso,concurrent,32,2,12,3595685466,0,0,7243,484695,8094166,8586104
turso,concurrent,32,2,12,3604271871,0,0,6512,551471,184435178,184993161
turso,concurrent,32,2,12,3789265233,0,0,6732,521094,186476692,187004518
turso,concurrent,32,2,12,3976270492,0,0,5651,431875,90174754,90612280
turso,concurrent,32,2,12,4066883062,0,0,6703,470918,108778826,109256447
turso,concurrent,32,2,12,4176139739,0,0,5771,481198,589889129,590376098
turso,concurrent,32,2,12,4766516087,0,0,14126,3278448,78994424,82286998
turso,concurrent,32,2,12,4848803286,0,0,4679,430362,90277508,90712549
turso,concurrent,32,2,12,4939516085,0,0,6693,471159,14862930,15340782
turso,concurrent,32,2,12,4954857088,0,0,5851,730048,185872511,186608410
turso,concurrent,32,2,12,5141465698,0,0,6483,476429,186631614,187114526
turso,concurrent,32,2,12,5328580495,0,0,7193,741479,264426134,265174806
turso,concurrent,32,2,12,5593755551,0,0,7204,3209557,137809283,141026044
turso,concurrent,32,2,12,5734781815,0,0,5740,440612,172126359,172572711
turso,concurrent,32,2,12,5907354767,0,0,5611,473593,88751619,89230823
turso,concurrent,32,2,12,5996585750,0,0,6613,693478,77133772,77833863
turso,concurrent,32,2,12,6074419894,0,0,6522,437997,98724079,99168598
turso,concurrent,32,2,12,6173588732,0,0,6212,531593,124461202,124999007
turso,concurrent,32,2,12,6298587919,0,0,6362,601876,40215017,40823255
turso,concurrent,32,2,12,6339413167,0,0,7204,538907,380318774,380864885
turso,concurrent,32,2,12,6720278312,0,0,7545,9930882,13714402,23652829
turso,concurrent,32,2,12,6743931562,0,0,4929,637975,31628140,32271044
turso,concurrent,32,2,12,6776202787,0,0,5751,472331,30912570,31390652
turso,concurrent,32,2,12,6807593640,0,0,4919,407870,157121981,157534770
turso,concurrent,32,2,12,6965128941,0,0,6082,491587,75476064,75973733
turso,concurrent,32,2,12,7041102895,0,0,5680,428679,81093385,81527744
turso,concurrent,32,2,12,7122630880,0,0,5841,459236,258107949,258573026
turso,concurrent,32,2,12,7381204197,0,0,7675,632303,57314698,57954676
turso,concurrent,32,2,12,7439159114,0,0,5991,517567,84545931,85069489
turso,concurrent,32,2,12,7524228813,0,0,5821,446443,717540982,717993246
turso,concurrent,32,2,12,8242222340,0,0,9347,6296324,316709786,323015457
turso,concurrent,32,2,12,8565238047,0,0,6101,474265,17834919,18315285
turso,concurrent,32,2,12,8583553533,0,0,12394,547122,206922229,207481745
turso,concurrent,32,2,12,8791035528,0,0,8175,4312479,106809879,111130533
turso,concurrent,32,2,12,8902166351,0,0,6352,467161,36690575,37164088
turso,concurrent,32,2,12,8939330681,0,0,4689,402920,63472991,63880600
turso,concurrent,32,2,12,9003211561,0,0,6753,698107,778729232,779434092
turso,concurrent,32,2,12,9782646234,0,0,7234,9740853,279067916,288816003
turso,concurrent,32,2,12,10071462508,0,0,7193,1535388,55711603,57254184
turso,concurrent,32,2,12,10128716972,0,0,5110,437676,280816015,281258801
turso,concurrent,32,2,12,10409976024,0,0,5991,474135,93030924,93511050
turso,concurrent,32,2,12,10503487305,0,0,5911,459898,71254987,71720796
turso,concurrent,32,2,12,10575208342,0,0,8135,559396,11081864,11649395
turso,concurrent,32,2,12,10586857957,0,0,4850,503300,13657505,14165655
turso,concurrent,32,2,12,10601023882,0,0,5491,453786,381266723,381726000
turso,concurrent,32,2,12,10982750163,0,0,7925,3342668,132327057,135677650
turso,concurrent,32,2,12,11118428063,0,0,6122,481348,195991329,196478799
turso,concurrent,32,2,12,11314907102,0,0,6322,559857,119325900,119892079
turso,concurrent,32,2,12,11434799431,0,0,7264,637954,30013113,30658331
turso,concurrent,32,2,12,11465458282,0,0,5621,617365,207186948,207809934
turso,concurrent,32,2,12,11673268436,0,0,6312,443307,172551982,173001601
turso,concurrent,32,2,12,11846271870,0,0,5801,534068,21580889,22120758
turso,concurrent,32,2,12,11868392838,0,0,5751,580796,367468973,368055520
turso,concurrent,32,2,12,12236448578,0,0,8276,9713983,172481058,182203317
turso,concurrent,32,2,12,12418652115,0,0,6923,598008,114635178,115240109
turso,concurrent,32,2,12,12533892435,0,0,5991,483373,79512180,80001544
turso,concurrent,32,2,12,12613894210,0,0,5651,483151,257894367,258383169
turso,concurrent,32,2,12,12872277619,0,0,6042,447444,246245952,246699438
turso,concurrent,32,2,12,13118977398,0,0,9558,6037394,100948697,106995649
turso,concurrent,32,2,12,13225973348,0,0,8255,871425,234581879,235461559
turso,concurrent,32,2,12,13461435208,0,0,6131,609320,124375981,124991432
turso,concurrent,32,2,12,13586426941,0,0,7965,648524,305507825,306164314
turso,concurrent,32,2,12,13892591536,0,0,6322,461350,90629593,91097265
turso,concurrent,32,2,12,13983689101,0,0,7514,706574,469679501,470393589
turso,concurrent,32,2,12,14454082981,0,0,8666,7157799,550101429,557267894
turso,concurrent,32,2,12,15011351186,0,0,5931,471370,181452038,181929339
turso,concurrent,32,2,12,15193280746,0,0,6201,432757,74714627,75153585
turso,concurrent,32,2,12,15268434551,0,0,11362,532144,14627536,15171042
turso,concurrent,32,2,12,15283605884,0,0,6893,437255,79863714,80307862
turso,concurrent,32,2,12,15363914067,0,0,5610,491698,14830560,15327868
turso,concurrent,32,2,12,15379242145,0,0,6412,3478034,99559586,103044032
turso,concurrent,32,2,12,15482286547,0,0,8577,6800113,149490679,156299369
turso,concurrent,32,2,12,15638586136,0,0,4969,485687,141206534,141697190
turso,concurrent,32,2,12,15780283638,0,0,6703,540820,337729737,338277260
turso,concurrent,32,2,12,16118561159,0,0,7534,487350,120530042,121024926
turso,concurrent,32,2,12,16239586306,0,0,6041,610512,69734638,70351191
turso,concurrent,32,2,12,16309937768,0,0,5610,670556,103973696,104649862
turso,concurrent,32,2,12,16414587891,0,0,5861,403872,244780627,245190360
turso,concurrent,32,2,12,16659778581,0,0,8837,3321418,49762065,53092320
turso,concurrent,32,2,12,16712871161,0,0,6373,516434,91213024,91735831
turso,concurrent,32,2,12,16804607212,0,0,5721,473744,127692420,128171885
turso,concurrent,32,2,12,16932779427,0,0,6032,462112,17235508,17703652
turso,concurrent,32,2,12,16950483289,0,0,5080,480867,23947336,24433283
turso,concurrent,32,2,12,16974916812,0,0,4248,467262,302943977,303415487
turso,concurrent,32,2,12,17278332699,0,0,6944,459407,7447315,7913666
turso,concurrent,32,2,12,17286246555,0,0,4278,447775,111267852,111719905
turso,concurrent,32,2,12,17397966801,0,0,7504,520482,428958420,429486406
turso,concurrent,32,2,12,17827453508,0,0,7354,22241696,337739565,359988615
turso,concurrent,32,2,12,18187442404,0,0,5580,411076,243116526,243533182
turso,concurrent,32,2,12,18430975787,0,0,4949,448316,119666062,120119327
turso,concurrent,32,2,12,18551095515,0,0,7264,515733,94517129,95040126
turso,concurrent,32,2,12,18646135932,0,0,5961,566870,29911952,30484783
turso,concurrent,32,2,12,18676620985,0,0,5851,616604,34174657,34797112
turso,concurrent,32,2,12,18711418287,0,0,7034,714638,47473946,48195618
turso,concurrent,32,2,12,18759614797,0,0,15940,505294,126936813,127458047
turso,concurrent,32,2,12,18887073285,0,0,11362,1692103,89341902,91045367
turso,concurrent,32,2,12,18978118923,0,0,6322,490906,94720904,95218132
turso,concurrent,32,2,12,19073337366,0,0,7474,781755,61505969,62295198
turso,concurrent,32,2,12,19135632874,0,0,6402,473183,197195471,197675056
turso,concurrent,32,2,12,19333308211,0,0,6632,523208,110745556,111275396
turso,concurrent,32,2,12,19444583858,0,0,6001,625811,56319590,56951402
turso,concurrent,32,2,12,19501535480,0,0,5270,452433,138465502,138923205
turso,concurrent,32,2,12,19640458926,0,0,6352,492380,25814970,26313702
turso,concurrent,32,2,12,19666772898,0,0,5891,458596,351358408,351822895
turso,concurrent,32,2,12,20018596213,0,0,7224,5434035,447181703,452622962
turso,concurrent,32,2,12,20471219465,0,0,8636,652993,17235097,17896726
turso,concurrent,32,2,12,20489116381,0,0,4940,585344,35346589,35936873
turso,concurrent,32,2,12,20525053524,0,0,6523,703658,136586305,137296486
turso,concurrent,32,2,12,20662350340,0,0,6923,680675,29301710,29989308
turso,concurrent,32,2,12,20692339859,0,0,6322,553344,9298799,9858465
turso,concurrent,32,2,12,20702198555,0,0,4919,511395,49456237,49972551
turso,concurrent,32,2,12,20752171387,0,0,5440,484795,271581788,272072023
turso,concurrent,32,2,12,21024243781,0,0,6492,479314,192293871,192779677
turso,concurrent,32,2,12,21217023688,0,0,8105,3456263,171168030,174632398
turso,concurrent,32,2,12,21391656517,0,0,6723,463765,64122597,64593085
turso,concurrent,32,2,12,21456251365,0,0,5400,446934,33498550,33950884
turso,concurrent,32,2,12,21490202490,0,0,5049,457133,77767749,78229931
turso,concurrent,32,2,12,21568432641,0,0,5270,447635,136118963,136571868
turso,concurrent,32,2,12,21705004739,0,0,6162,499503,365392975,365898640
turso,concurrent,32,2,12,22070903569,0,0,6061,492750,275189487,275688298
turso,concurrent,32,2,12,22346592087,0,0,8526,522006,39469289,39999821
turso,concurrent,32,2,12,22386592178,0,0,6432,495005,235863026,236364463
turso,concurrent,32,2,12,22622956892,0,0,5941,399254,248284389,248689584
turso,concurrent,32,2,12,22871646726,0,0,6753,500545,178188019,178695317
turso,concurrent,32,2,12,23050342293,0,0,5982,555979,289596757,290158718
turso,concurrent,32,2,12,23340501752,0,0,16281,527976,47118486,47662743
turso,concurrent,32,2,12,23388164835,0,0,9548,8434278,149400910,157844736
turso,concurrent,32,2,12,23546009811,0,0,7544,610813,564416255,565034612
turso,concurrent,32,2,12,24111044684,0,0,6502,489694,130932315,131428511
turso,concurrent,32,2,12,24242473485,0,0,8907,528117,217380074,217917098
turso,concurrent,32,2,12,24460390814,0,0,6502,609040,33543204,34158746
turso,concurrent,32,2,12,24494549851,0,0,13125,605783,278426115,279045023
turso,concurrent,32,2,12,24773595195,0,0,8285,3727665,89150461,92886411
turso,concurrent,32,2,12,24866481826,0,0,5921,470227,42389290,42865438
turso,concurrent,32,2,12,24909347526,0,0,5440,514381,72774685,73294506
turso,concurrent,32,2,12,24982642283,0,0,6051,963909,101168713,102138673
turso,concurrent,32,2,12,25084781116,0,0,5541,497759,18647383,19150683
turso,concurrent,32,2,12,25103932019,0,0,6092,494944,123674747,124175783
turso,concurrent,32,2,12,25228108083,0,0,6883,655908,125233429,125896220
turso,concurrent,32,2,12,25354004513,0,0,6092,516665,244113537,244636294
turso,concurrent,32,2,12,25598641038,0,0,5450,470909,24999260,25475619
turso,concurrent,32,2,12,25624116878,0,0,5951,705982,101514255,102226188
turso,concurrent,32,2,12,25726343346,0,0,7474,720509,376915271,377643254
turso,concurrent,32,2,12,26103986811,0,0,8086,5546598,126049158,131603842
turso,concurrent,32,2,12,26235590944,0,0,7574,616574,80036660,80660808
turso,concurrent,32,2,12,26316251943,0,0,6041,774572,38543742,39324355
turso,concurrent,32,2,12,26355576518,0,0,5740,544228,233156829,233706797
turso,concurrent,32,2,12,26589283547,0,0,6021,512317,239721880,240240218
turso,concurrent,32,2,12,26829524035,0,0,7715,507938,441299962,441815615
turso,concurrent,32,2,12,27271339870,0,0,8086,8735396,239861302,248604784
turso,concurrent,32,2,12,27519944865,0,0,7193,691496,12187040,12885729
turso,concurrent,32,2,12,27532830874,0,0,6643,608378,212976644,213591665
turso,concurrent,32,2,12,27746422759,0,0,5671,472532,311524170,312002373
turso,concurrent,32,2,12,28058425402,0,0,7124,502167,226363018,226872309
turso,concurrent,32,2,12,28285297962,0,0,7484,9483388,338503437,347994309
turso,concurrent,32,2,12,28633292511,0,0,5911,482851,114694410,115183172
turso,concurrent,32,2,12,28748475913,0,0,6382,459167,99218051,99683600
turso,concurrent,32,2,12,28848159683,0,0,5721,509010,79664208,80178939
turso,concurrent,32,2,12,28928338873,0,0,6171,677379,72836071,73519621
turso,concurrent,32,2,12,29001858795,0,0,6312,540991,8620148,9167451
turso,concurrent,32,2,12,29011026467,0,0,4668,513961,317857692,318376321
turso,concurrent,32,2,12,29329402969,0,0,7093,729958,38446569,39183620
turso,concurrent,32,2,12,29368586779,0,0,5120,503360,456490760,456999240
turso,concurrent,32,2,12,29825586260,0,0,9097,9219680,658482684,667711461
turso,concurrent,32,2,12,30493298192,0,0,14948,618397,378013183,378646528
turso,concurrent,32,2,12,30871944970,0,0,7975,8178024,12347253,20533252
turso,concurrent,32,2,12,30892478402,0,0,4629,536152,364314389,364855170
turso,concurrent,32,2,12,31257333812,0,0,7664,576047,593717675,594301386
turso,concurrent,32,2,12,31851635480,0,0,8165,564646,43856418,44429229
turso,concurrent,32,2,12,31896064910,0,0,6352,838482,379825313,380670147
turso,concurrent,32,2,12,32276735277,0,0,6743,484294,436354177,436845214
turso,concurrent,32,2,12,32713580702,0,0,6492,501516,331818691,332326699
turso,concurrent,32,2,13,80122,1,0,4506455,343678,717645651,722495784
turso,concurrent,32,2,13,722576226,1,0,6753,360200,41323458,41690411
turso,concurrent,32,2,13,764266897,1,0,8416,453546,12398991,12860953
turso,concurrent,32,2,13,777128150,1,0,7625,414993,297918312,298340930
turso,concurrent,32,2,13,1075469360,1,0,45255,3366634,164311960,167723849
turso,concurrent,32,2,13,1243193741,1,0,6523,409532,252867379,253283434
turso,concurrent,32,2,13,1496477436,1,0,6622,492760,327099254,327598636
turso,concurrent,32,2,13,1824076323,1,0,6121,438438,24087870,24532429
turso,concurrent,32,2,13,1848608983,1,0,5550,464888,526122434,526592872
turso,concurrent,32,2,13,2375202536,1,0,7905,538376,160525074,161071355
turso,concurrent,32,2,13,2536274111,1,0,5521,439409,44866335,45311265
turso,concurrent,32,2,13,2581585587,1,0,6642,588140,180979717,181574499
turso,concurrent,32,2,13,2763160246,1,0,5229,437105,68989412,69431746
turso,concurrent,32,2,13,2832592223,1,0,5560,452194,141075767,141533521
turso,concurrent,32,2,13,2974125976,1,0,7163,678281,131468256,132153700
turso,concurrent,32,2,13,3106279896,0,0,5841,465749,35840972,36312562
turso,concurrent,32,2,13,3142592878,0,0,9799,394434,121846437,122250670
turso,concurrent,32,2,13,3264844429,0,0,6822,8963206,41103243,50073271
turso,concurrent,32,2,13,3314918002,0,0,8336,773991,208716554,209498881
turso,concurrent,32,2,13,3524417183,0,0,7505,561118,37813104,38381727
turso,concurrent,32,2,13,3562799130,0,0,6422,629829,128959862,129596113
turso,concurrent,32,2,13,3692395514,0,0,6131,503771,113683962,114193864
turso,concurrent,32,2,13,3806589698,0,0,6642,523067,39196685,39726394
turso,concurrent,32,2,13,3846316323,0,0,5651,508099,45280126,45793876
turso,concurrent,32,2,13,3892110419,0,0,5400,546792,37931227,38483419
turso,concurrent,32,2,13,3930594158,0,0,8717,601405,113707306,114317428
turso,concurrent,32,2,13,4044911846,0,0,6091,484755,64215722,64706568
turso,concurrent,32,2,13,4109618625,0,0,6442,447925,71853497,72307864
turso,concurrent,32,2,13,4181926730,0,0,5320,500244,16511181,17016745
turso,concurrent,32,2,13,4198943726,0,0,4529,439679,57138526,57582734
turso,concurrent,32,2,13,4256526741,0,0,8296,9128858,96237927,105375081
turso,concurrent,32,2,13,4361902102,0,0,6893,6880205,84149052,91036150
turso,concurrent,32,2,13,4452938452,0,0,6202,485927,20693304,21185433
turso,concurrent,32,2,13,4474125257,0,0,4638,414142,31147343,31566123
turso,concurrent,32,2,13,4505691662,0,0,5580,479956,70078998,70564534
turso,concurrent,32,2,13,4576256457,0,0,6061,600774,11063189,11670024
turso,concurrent,32,2,13,4587926701,0,0,5200,464237,79078011,79547448
turso,concurrent,32,2,13,4667474349,0,0,5390,430583,13285684,13721657
turso,concurrent,32,2,13,4681196266,0,0,5962,483843,428473474,428963279
turso,concurrent,32,2,13,5110159836,0,0,7163,464247,17503043,17974453
turso,concurrent,32,2,13,5128134499,0,0,5541,442815,183998745,184447101
turso,concurrent,32,2,13,5312581811,0,0,6943,509431,17232552,17748926
turso,concurrent,32,2,13,5330330978,0,0,4729,463845,104629835,105098409
turso,concurrent,32,2,13,5435429677,0,0,7414,7016211,144956732,151980357
turso,concurrent,32,2,13,5587410326,0,0,6342,585435,33112231,33704008
turso,concurrent,32,2,13,5621114565,0,0,5510,475708,41645516,42126734
turso,concurrent,32,2,13,5663241600,0,0,7033,493101,266549350,267049484
turso,concurrent,32,2,13,5930291394,0,0,7324,555048,602120864,602683236
turso,concurrent,32,2,13,6532974911,0,0,7764,9130562,109212563,118350889
turso,concurrent,32,2,13,6651326051,0,0,6652,543807,538270882,538821341
turso,concurrent,32,2,13,7190147612,0,0,6482,572691,81526963,82106136
turso,concurrent,32,2,13,7272253989,0,0,5941,537444,138053514,138596899
turso,concurrent,32,2,13,7410851169,0,0,6723,535761,45924391,46466875
turso,concurrent,32,2,13,7457318315,0,0,6091,604080,328238114,328848285
turso,concurrent,32,2,13,7786166880,0,0,8205,5740103,108356228,114104536
turso,concurrent,32,2,13,7900271917,0,0,5039,509131,81538014,82052184
turso,concurrent,32,2,13,7982324402,0,0,6211,504372,140236133,140746716
turso,concurrent,32,2,13,8123071380,0,0,5390,539188,166791921,167336499
turso,concurrent,32,2,13,8290408159,0,0,5200,477091,47123574,47605865
turso,concurrent,32,2,13,8338014265,0,0,5070,474876,516641952,517121898
turso,concurrent,32,2,13,8855136434,0,0,8506,4265670,50175204,54449380
turso,concurrent,32,2,13,8909586095,0,0,6061,514361,72031793,72552215
turso,concurrent,32,2,13,8982138571,0,0,5290,536212,170729783,171271285
turso,concurrent,32,2,13,9153410086,0,0,5631,518458,22026560,22550649
turso,concurrent,32,2,13,9175960955,0,0,5530,526514,76678573,77210617
turso,concurrent,32,2,13,9253183896,0,0,5961,485276,969913087,970404324
turso,concurrent,32,2,13,10223588741,0,0,9257,6273801,24364622,30647680
turso,concurrent,32,2,13,10254236612,0,0,4929,536442,58695875,59237246
turso,concurrent,32,2,13,10313474109,0,0,6241,545570,475012366,475564177
turso,concurrent,32,2,13,10789038627,0,0,7744,572471,45800358,46380573
turso,concurrent,32,2,13,10835419360,0,0,6182,534639,38627159,39167980
turso,concurrent,32,2,13,10874587551,0,0,4999,428980,94916493,95350472
turso,concurrent,32,2,13,10969938303,0,0,8015,10130670,29516335,39655020
turso,concurrent,32,2,13,11009593523,0,0,5450,700913,200099862,200806225
turso,concurrent,32,2,13,11210399989,0,0,7063,660918,100201357,100869338
turso,concurrent,32,2,13,11311269617,0,0,6102,564976,96624807,97195885
turso,concurrent,32,2,13,11408465903,0,0,6762,450190,204315969,204772921
turso,concurrent,32,2,13,11613239135,0,0,8556,710321,179845096,180563973
turso,concurrent,32,2,13,11793803388,0,0,5350,448587,107840634,108294571
turso,concurrent,32,2,13,11902098119,0,0,5601,447845,177697233,178150679
turso,concurrent,32,2,13,12080249208,0,0,8677,15650917,261974006,277633600
turso,concurrent,32,2,13,12357883028,0,0,6402,590805,129740485,130337692
turso,concurrent,32,2,13,12488220931,0,0,5791,564996,104128629,104699416
turso,concurrent,32,2,13,12592920587,0,0,5480,429882,158712423,159147785
turso,concurrent,32,2,13,12752068582,0,0,5320,581929,80617096,81204345
turso,concurrent,32,2,13,12833273147,0,0,5851,744966,66565377,67316194
turso,concurrent,32,2,13,12900589521,0,0,4799,450029,13751854,14206682
turso,concurrent,32,2,13,12914796413,0,0,4398,441394,51340833,51786625
turso,concurrent,32,2,13,12966583229,0,0,5260,452624,40907383,41365267
turso,concurrent,32,2,13,13007948877,0,0,6332,558544,125810308,126375184
turso,concurrent,32,2,13,13134324281,0,0,7915,8781083,12991037,21780035
turso,concurrent,32,2,13,13156104687,0,0,6242,608187,65607179,66221608
turso,concurrent,32,2,13,13222326455,0,0,6162,606274,107337184,107949620
turso,concurrent,32,2,13,13330276275,0,0,6112,635830,558717220,559359162
turso,concurrent,32,2,13,13889635817,0,0,7094,461941,122309552,122778587
turso,concurrent,32,2,13,14012414614,0,0,6152,517076,68245898,68769126
turso,concurrent,32,2,13,14081184020,0,0,6432,805982,191945042,192757456
turso,concurrent,32,2,13,14273941716,0,0,8085,7166896,420474989,427649970
turso,concurrent,32,2,13,14701592027,0,0,8196,660316,137054899,137723411
turso,concurrent,32,2,13,14839315659,0,0,6973,535480,50433672,50976125
turso,concurrent,32,2,13,14890292035,0,0,6151,569415,134159595,134735161
turso,concurrent,32,2,13,15025027497,0,0,6302,578451,235573090,236157843
turso,concurrent,32,2,13,15261185600,0,0,6392,522045,183610943,184139380
turso,concurrent,32,2,13,15445325762,0,0,19537,16575833,142541495,159136865
turso,concurrent,32,2,13,15604462907,0,0,6653,488411,214627170,215122234
turso,concurrent,32,2,13,15819585441,0,0,6693,650127,59785792,60442612
turso,concurrent,32,2,13,15880028303,0,0,5701,568483,623555917,624130101
turso,concurrent,32,2,13,16504158655,0,0,8646,568443,149334775,149911864
turso,concurrent,32,2,13,16654070779,0,0,6713,574995,119930391,120512099
turso,concurrent,32,2,13,16774583118,0,0,5751,634598,314842763,315483112
turso,concurrent,32,2,13,17090066450,0,0,5320,465699,334194596,334665615
turso,concurrent,32,2,13,17424732405,0,0,6653,672599,181192930,181872182
turso,concurrent,32,2,13,17606604957,0,0,9027,865654,113834697,114709378
turso,concurrent,32,2,13,17721314765,0,0,8366,4509411,211763124,216280901
turso,concurrent,32,2,13,17937595966,0,0,6673,473293,180902722,181382688
turso,concurrent,32,2,13,18118979005,0,0,6632,525212,68719512,69251356
turso,concurrent,32,2,13,18188230601,0,0,5160,444068,252646171,253095399
turso,concurrent,32,2,13,18441326261,0,0,6442,550649,257557831,258114922
turso,concurrent,32,2,13,18699441554,0,0,8606,751298,121407699,122167603
turso,concurrent,32,2,13,18821609447,0,0,7815,5489791,17379870,22877476
turso,concurrent,32,2,13,18844487094,0,0,6382,6229737,53126514,59362633
turso,concurrent,32,2,13,18903849987,0,0,5350,441945,341482198,341929493
turso,concurrent,32,2,13,19245779731,0,0,5460,422658,563375030,563803148
turso,concurrent,32,2,13,19809583049,0,0,6282,456331,53086078,53548691
turso,concurrent,32,2,13,19863132000,0,0,6592,531383,254489290,255027265
turso,concurrent,32,2,13,20118159526,0,0,7935,2959355,26296669,29263959
turso,concurrent,32,2,13,20147423775,0,0,6162,445721,60753348,61205231
turso,concurrent,32,2,13,20208629247,0,0,5320,439670,78507384,78952374
turso,concurrent,32,2,13,20287581902,0,0,5290,469245,93271178,93745713
turso,concurrent,32,2,13,20381329038,0,0,6171,588751,165419782,166014704
turso,concurrent,32,2,13,20547343962,0,0,6322,940836,84310316,85257474
turso,concurrent,32,2,13,20632601697,0,0,7213,570838,10044186,10622237
turso,concurrent,32,2,13,20643224194,0,0,5180,535360,25028556,25569096
turso,concurrent,32,2,13,20668793601,0,0,5380,474595,266959344,267439319
turso,concurrent,32,2,13,20936233191,0,0,6021,443868,646592754,647042643
turso,concurrent,32,2,13,21583276005,0,0,8766,10746582,89690641,100445989
turso,concurrent,32,2,13,21683722204,0,0,5290,472942,131997345,132475577
turso,concurrent,32,2,13,21816198041,0,0,6102,500224,55592237,56098563
turso,concurrent,32,2,13,21872296875,0,0,8235,685484,300272475,300966194
turso,concurrent,32,2,13,22173263259,0,0,6382,469306,193676299,194151987
turso,concurrent,32,2,13,22367415517,0,0,8055,2648649,56849129,59505833
turso,concurrent,32,2,13,22426921591,0,0,6191,619540,182474528,183100259
turso,concurrent,32,2,13,22610022090,0,0,8556,691996,37801992,38502544
turso,concurrent,32,2,13,22648524845,0,0,4889,534929,211054888,211594706
turso,concurrent,32,2,13,22860119822,0,0,6022,416846,57389319,57812187
turso,concurrent,32,2,13,22917932240,0,0,5129,435082,169480916,169921127
turso,concurrent,32,2,13,23087853627,0,0,6603,439609,506057106,506503318
turso,concurrent,32,2,13,23594357196,0,0,8255,4599972,18166915,22775142
turso,concurrent,32,2,13,23617132599,0,0,5811,488792,126619575,127114178
turso,concurrent,32,2,13,23744246988,0,0,6021,574384,39757483,40337888
turso,concurrent,32,2,13,23784585097,0,0,5710,550800,66957046,67513556
turso,concurrent,32,2,13,23852098893,0,0,6032,557422,159855200,160418654
turso,concurrent,32,2,13,24012517717,0,0,6672,646070,37231035,37883777
turso,concurrent,32,2,13,24050401744,0,0,5761,632854,56395995,57034610
turso,concurrent,32,2,13,24107436554,0,0,4679,451472,27346330,27802481
turso,concurrent,32,2,13,24135239265,0,0,4809,477031,152194802,152676642
turso,concurrent,32,2,13,24287916128,0,0,7774,608909,16561056,17177739
turso,concurrent,32,2,13,24305094087,0,0,5020,408761,139781996,140195777
turso,concurrent,32,2,13,24445290135,0,0,5991,550028,248355303,248911322
turso,concurrent,32,2,13,24694201648,0,0,8716,7148030,139686206,146842952
turso,concurrent,32,2,13,24841044850,0,0,5420,443437,442931832,443380689
turso,concurrent,32,2,13,25284425809,0,0,5982,526744,483365190,483897916
turso,concurrent,32,2,13,25768324105,0,0,12223,12466307,40904658,53383188
turso,concurrent,32,2,13,25821707725,0,0,14076,439530,239953136,240406742
turso,concurrent,32,2,13,26062114697,0,0,6032,708717,53319699,54034448
turso,concurrent,32,2,13,26116149325,0,0,4709,459427,369742834,370206970
turso,concurrent,32,2,13,26486356546,0,0,6763,490586,137178642,137675991
turso,concurrent,32,2,13,26624032748,0,0,6332,616864,18432617,19055813
turso,concurrent,32,2,13,26643088762,0,0,4698,437356,136400935,136842989
turso,concurrent,32,2,13,26779932002,0,0,5360,458816,196194832,196659008
turso,concurrent,32,2,13,26976591261,0,0,7604,3570699,23949058,27527361
turso,concurrent,32,2,13,27004118852,0,0,5310,476669,498505474,498987453
turso,concurrent,32,2,13,27503106616,0,0,6673,479836,52939701,53426210
turso,concurrent,32,2,13,27556533107,0,0,5610,478032,108309640,108793282
turso,concurrent,32,2,13,27665326599,0,0,6312,495385,42598445,43100142
turso,concurrent,32,2,13,27708426941,0,0,5881,448136,139912633,140366650
turso,concurrent,32,2,13,27848793851,0,0,7064,468624,91817585,92293273
turso,concurrent,32,2,13,27941087334,0,0,6111,476289,140515110,140997510
turso,concurrent,32,2,13,28082085155,0,0,6883,493942,21674576,22175401
turso,concurrent,32,2,13,28104260766,0,0,4629,470498,67099464,67574591
turso,concurrent,32,2,13,28171835598,0,0,6873,7174781,36845868,44027522
turso,concurrent,32,2,13,28215863400,0,0,6412,564356,107850883,108421651
turso,concurrent,32,2,13,28324285381,0,0,7024,509501,37338007,37854532
turso,concurrent,32,2,13,28362140154,0,0,5640,588772,10001094,10595506
turso,concurrent,32,2,13,28372735991,0,0,6863,503961,198656708,199167532
turso,concurrent,32,2,13,28571903804,0,0,6402,729597,129689880,130425879
turso,concurrent,32,2,13,28702329883,0,0,5511,513719,249364698,249883928
turso,concurrent,32,2,13,28952214062,0,0,7143,596516,129360228,129963887
turso,concurrent,32,2,13,29082178159,0,0,6082,489032,81745837,82240951
turso,concurrent,32,2,13,29164419380,0,0,5150,448046,112378738,112831934
turso,concurrent,32,2,13,29277251595,0,0,6793,561099,55054462,55622354
turso,concurrent,32,2,13,29332874150,0,0,7895,923232,176549376,177480503
turso,concurrent,32,2,13,29510354883,0,0,7804,13726696,112497684,126232184
turso,concurrent,32,2,13,29636587318,0,0,6913,733565,63436191,64176669
turso,concurrent,32,2,13,29700764167,0,0,5280,445681,106365721,106816682
turso,concurrent,32,2,13,29807581129,0,0,7134,692587,350805254,351504975
turso,concurrent,32,2,13,30159086354,0,0,6402,449168,16485683,16941253
turso,concurrent,32,2,13,30176027877,0,0,5219,399374,69831731,70236324
turso,concurrent,32,2,13,30246264473,0,0,6883,761718,82413606,83182207
turso,concurrent,32,2,13,30329446980,0,0,5581,474135,20914251,21393967
turso,concurrent,32,2,13,30350841137,0,0,5751,505584,42063405,42574740
turso,concurrent,32,2,13,30393416097,0,0,4870,469576,6688693,7163139
turso,concurrent,32,2,13,30400579487,0,0,4418,453686,434244206,434702310
turso,concurrent,32,2,13,30835282027,0,0,8546,12140763,18826109,30975418
turso,concurrent,32,2,13,30866257707,0,0,5831,438748,258247372,258691951
turso,concurrent,32,2,13,31124949858,0,0,6352,548845,18212242,18767439
turso,concurrent,32,2,13,31143717448,0,0,4829,453927,617238204,617696960
turso,concurrent,32,2,13,31761414629,0,0,6342,491687,49367440,49865469
turso,concurrent,32,2,13,31811280288,0,0,7525,9505509,206635497,216148531
turso,concurrent,32,2,13,32027429069,0,0,7063,540490,184308831,184856384
turso,concurrent,32,2,13,32212285764,0,0,7394,624087,36309717,36941198
turso,concurrent,32,2,13,32249227202,0,0,6913,576057,111135663,111718633
turso,concurrent,32,2,13,32360946046,0,0,5049,401638,229063224,229469911
turso,concurrent,32,2,13,32590416247,0,0,6342,441894,127345776,127794012
turso,concurrent,32,2,13,32718210530,0,0,5731,499131,46063855,46568717
turso,concurrent,32,2,13,32764779458,0,0,5260,434270,105012887,105452417
turso,concurrent,32,2,13,32870232225,0,0,5581,444919,43382525,43833025
turso,concurrent,32,2,13,32914065480,0,0,5140,446332,118353505,118804977
turso,concurrent,32,2,14,24366,1,0,1731959,740458,601884167,604356584
turso,concurrent,32,2,14,604381461,1,0,6131,377543,293963748,294347422
turso,concurrent,32,2,14,898729144,1,0,7524,503140,221178503,221689167
turso,concurrent,32,2,14,1120418531,1,0,44974,639577,24167401,24851952
turso,concurrent,32,2,14,1145270674,1,0,5781,497349,362391750,362894880
turso,concurrent,32,2,14,1508166085,1,0,6242,504232,152734972,153245446
turso,concurrent,32,2,14,1661411791,1,0,6823,448517,35290653,35745993
turso,concurrent,32,2,14,1697158004,1,0,4719,402410,136484372,136891501
turso,concurrent,32,2,14,1834049765,1,0,6402,448026,497312442,497766870
turso,concurrent,32,2,14,2331817637,1,0,8526,6198839,48208012,54415377
turso,concurrent,32,2,14,2386233224,1,0,6102,615090,86377628,86998820
turso,concurrent,32,2,14,2473232244,1,0,5821,431925,74545627,74983373
turso,concurrent,32,2,14,2548215829,1,0,5801,468544,151768949,152243294
turso,concurrent,32,2,14,2700459363,1,0,6262,512097,79842584,80360943
turso,concurrent,32,2,14,2780820536,1,0,5701,471019,26973847,27450567
turso,concurrent,32,2,14,2808271293,1,0,5060,491327,303303726,303800113
turso,concurrent,32,2,14,3112071656,0,0,6613,390667,20120322,20517602
turso,concurrent,32,2,14,3132590360,0,0,6984,722724,110595603,111325311
turso,concurrent,32,2,14,3243915862,0,0,7484,6959544,143404654,150371682
turso,concurrent,32,2,14,3394287764,0,0,6132,436033,20926263,21368428
turso,concurrent,32,2,14,3415656362,0,0,5480,459737,166162223,166627440
turso,concurrent,32,2,14,3582284063,0,0,6332,450430,88993125,89449887
turso,concurrent,32,2,14,3671734170,0,0,6592,490446,626396498,626893536
turso,concurrent,32,2,14,4298628207,0,0,11212,1253996,113465801,114731009
turso,concurrent,32,2,14,4413359446,0,0,6302,431384,63919954,64357640
turso,concurrent,32,2,14,4477717347,0,0,5340,450059,357375334,357830733
turso,concurrent,32,2,14,4835548330,0,0,6723,632133,76402081,77040937
turso,concurrent,32,2,14,4912589457,0,0,5962,434690,119226823,119667475
turso,concurrent,32,2,14,5032257203,0,0,6562,514251,58900371,59421184
turso,concurrent,32,2,14,5091678677,0,0,6412,700332,68492343,69199087
turso,concurrent,32,2,14,5160878005,0,0,5230,432005,328758015,329195250
turso,concurrent,32,2,14,5490073505,0,0,8476,6987207,348360921,355356604
turso,concurrent,32,2,14,5845430419,0,0,7324,506426,113138913,113652663
turso,concurrent,32,2,14,5959085066,0,0,5961,442756,159223768,159672485
turso,concurrent,32,2,14,6118757781,0,0,6493,628796,86022829,86658118
turso,concurrent,32,2,14,6205416169,0,0,5711,624609,281257027,281887347
turso,concurrent,32,2,14,6487303797,0,0,8856,635209,201485959,202130024
turso,concurrent,32,2,14,6689434281,0,0,6393,511234,524397249,524914876
turso,concurrent,32,2,14,7214349427,0,0,6493,425873,464681289,465113655
turso,concurrent,32,2,14,7679463352,0,0,8587,7080192,62023044,69111823
turso,concurrent,32,2,14,7748575415,0,0,7234,775894,267077988,267861116
turso,concurrent,32,2,14,8016436792,0,0,5991,467172,47667812,48140975
turso,concurrent,32,2,14,8064577967,0,0,4910,431764,511407754,511844428
turso,concurrent,32,2,14,8576422646,0,0,6011,508830,909290806,909805647
turso,concurrent,32,2,14,9486228544,0,0,7664,1854260,343596489,345458413
turso,concurrent,32,2,14,9831687347,0,0,8736,7312200,207583045,214903981
turso,concurrent,32,2,14,10046591610,0,0,6472,535971,779172609,779715052
turso,concurrent,32,2,14,10826306882,0,0,7073,527406,31404559,31939038
turso,concurrent,32,2,14,10858246220,0,0,6983,499744,84971033,85477760
turso,concurrent,32,2,14,10943724240,0,0,6673,10889782,173695520,184591975
turso,concurrent,32,2,14,11128316455,0,0,6432,472421,24778814,25257667
turso,concurrent,32,2,14,11153574314,0,0,4879,468454,609539685,610013018
turso,concurrent,32,2,14,11763587553,0,0,6692,415705,277218466,277640863
turso,concurrent,32,2,14,12041228656,0,0,8065,9032547,16994674,26035286
turso,concurrent,32,2,14,12067264242,0,0,5751,420413,424312723,424738887
turso,concurrent,32,2,14,12492003519,0,0,6141,498882,54971205,55476228
turso,concurrent,32,2,14,12547480039,0,0,5159,482180,306853064,307340403
turso,concurrent,32,2,14,12854820723,0,0,5701,437686,20635404,21078791
turso,concurrent,32,2,14,12875899805,0,0,5581,419381,231316076,231741038
turso,concurrent,32,2,14,13107641133,0,0,8627,20240649,133439626,153688902
turso,concurrent,32,2,14,13261330276,0,0,7674,2210983,240731465,242950122
turso,concurrent,32,2,14,13504280678,0,0,6493,540951,185486312,186033756
turso,concurrent,32,2,14,13690314675,0,0,5751,529569,114247055,114782375
turso,concurrent,32,2,14,13805097280,0,0,5391,514170,74292099,74811660
turso,concurrent,32,2,14,13879909180,0,0,5420,464356,43315668,43785444
turso,concurrent,32,2,14,13923708972,0,0,5941,458425,12190697,12655063
turso,concurrent,32,2,14,13936364267,0,0,4799,474665,298162633,298642097
turso,concurrent,32,2,14,14235007096,0,0,7895,1372981,56478009,57858885
turso,concurrent,32,2,14,14292866171,0,0,7013,496076,120889631,121392720
turso,concurrent,32,2,14,14414259133,0,0,5861,504953,34061022,34571836
turso,concurrent,32,2,14,14448831209,0,0,4569,437035,50132353,50573957
turso,concurrent,32,2,14,14499405416,0,0,6473,625771,87158882,87791126
turso,concurrent,32,2,14,14587196702,0,0,5440,616594,58041530,58663564
turso,concurrent,32,2,14,14645860426,0,0,5010,398231,96708045,97111286
turso,concurrent,32,2,14,14742971922,0,0,5751,529620,16851302,17386673
turso,concurrent,32,2,14,14760358806,0,0,4739,449057,10469749,10923545
turso,concurrent,32,2,14,14771282562,0,0,4629,523768,90377336,90905733
turso,concurrent,32,2,14,14862188516,0,0,7544,893727,34341451,35242722
turso,concurrent,32,2,14,14897431438,0,0,5280,405917,86584338,86995535
turso,concurrent,32,2,14,14984427173,0,0,6743,811211,250000237,250818191
turso,concurrent,32,2,14,15235245575,0,0,6241,546552,790613620,791166413
turso,concurrent,32,2,14,16026412309,0,0,8947,13573386,53796128,67378461
turso,concurrent,32,2,14,16093791051,0,0,5821,471680,244784234,245261735
turso,concurrent,32,2,14,16339053056,0,0,5260,448457,379949757,380403474
turso,concurrent,32,2,14,16719456850,0,0,8687,7654887,18179750,25843324
turso,concurrent,32,2,14,16745300434,0,0,4839,843803,347524051,348372693
turso,concurrent,32,2,14,17093673388,0,0,5430,417057,112903820,113326307
turso,concurrent,32,2,14,17206999925,0,0,6132,524299,65754006,66284437
turso,concurrent,32,2,14,17273284622,0,0,4879,432647,219573114,220010640
turso,concurrent,32,2,14,17493295552,0,0,6192,592738,89029022,89627952
turso,concurrent,32,2,14,17582923805,0,0,6201,563364,109916121,110485686
turso,concurrent,32,2,14,17693409711,0,0,7304,10471653,113398964,123877921
turso,concurrent,32,2,14,17817288033,0,0,6011,529259,48765173,49300443
turso,concurrent,32,2,14,17866588707,0,0,5159,715200,166088544,166808903
turso,concurrent,32,2,14,18033397830,0,0,6272,449789,28769005,29225066
turso,concurrent,32,2,14,18062623296,0,0,7324,785914,21819820,22613058
turso,concurrent,32,2,14,18085236634,0,0,6041,500836,314855867,315362744
turso,concurrent,32,2,14,18400599639,0,0,6432,585906,118247304,118839642
turso,concurrent,32,2,14,18519439552,0,0,6532,500595,285646201,286153328
turso,concurrent,32,2,14,18805593250,0,0,7234,463655,550913572,551384461
turso,concurrent,32,2,14,19356978032,0,0,9738,7157739,63236534,70404011
turso,concurrent,32,2,14,19427382384,0,0,6582,600163,30185177,30791922
turso,concurrent,32,2,14,19458174607,0,0,5761,444709,35778935,36229405
turso,concurrent,32,2,14,19494404242,0,0,5901,480908,129770241,130257050
turso,concurrent,32,2,14,19624661513,0,0,6191,468394,204183139,204657724
turso,concurrent,32,2,14,19829319507,0,0,7174,458595,241813527,242279296
turso,concurrent,32,2,14,20071599054,0,0,6432,9936342,760655372,770598146
turso,concurrent,32,2,14,20842197390,0,0,6983,438568,274948912,275394463
turso,concurrent,32,2,14,21117592134,0,0,8556,6443912,502391077,508843545
turso,concurrent,32,2,14,21626435949,0,0,7003,510444,239632741,240150188
turso,concurrent,32,2,14,21866586408,0,0,6221,436093,309932586,310374900
turso,concurrent,32,2,14,22176961759,0,0,18325,8068778,14442848,22529951
turso,concurrent,32,2,14,22199491910,0,0,4879,405586,50177778,50588243
turso,concurrent,32,2,14,22250080313,0,0,5530,11639867,371214262,382859659
turso,concurrent,32,2,14,22632940223,0,0,6873,437967,28027465,28472305
turso,concurrent,32,2,14,22661412739,0,0,5370,483051,39491892,39980313
turso,concurrent,32,2,14,22701393202,0,0,5720,517487,174117707,174640914
turso,concurrent,32,2,14,22876034387,0,0,5090,467693,399609370,400082153
turso,concurrent,32,2,14,23276116750,0,0,6933,592368,193158733,193758034
turso,concurrent,32,2,14,23469874994,0,0,7334,12080459,77473634,89561427
turso,concurrent,32,2,14,23559436661,0,0,7584,595364,512908085,513511033
turso,concurrent,32,2,14,24072947955,0,0,6172,443597,481542199,481991968
turso,concurrent,32,2,14,24554940224,0,0,9087,797114,139314274,140120475
turso,concurrent,32,2,14,24695061019,0,0,49182,9431140,249872456,259352778
turso,concurrent,32,2,14,24954414088,0,0,7184,567361,160311872,160886417
turso,concurrent,32,2,14,25115300775,0,0,6603,621062,286485294,287112959
turso,concurrent,32,2,14,25402413955,0,0,5821,467833,209351873,209825527
turso,concurrent,32,2,14,25612239622,0,0,5811,485486,122858247,123349544
turso,concurrent,32,2,14,25735589516,0,0,8316,576799,456882109,457467224
turso,concurrent,32,2,14,26193058514,0,0,8516,555238,87961276,88525030
turso,concurrent,32,2,14,26281583785,0,0,6512,532675,161129605,161668792
turso,concurrent,32,2,14,26443252817,0,0,6002,479855,540332503,540818360
turso,concurrent,32,2,14,26984071678,0,0,18224,12626470,129866302,142510996
turso,concurrent,32,2,14,27126582915,0,0,6913,509752,317487274,318003939
turso,concurrent,32,2,14,27444587114,0,0,6473,454397,25935578,26396448
turso,concurrent,32,2,14,27470983822,0,0,6042,461350,114136707,114604099
turso,concurrent,32,2,14,27585588161,0,0,6112,477090,233015473,233498675
turso,concurrent,32,2,14,27819087097,0,0,5640,504763,51985501,52495904
turso,concurrent,32,2,14,27871583251,0,0,5250,431094,308571206,309007550
turso,concurrent,32,2,14,28180591132,0,0,10350,8476126,276407125,284893601
turso,concurrent,32,2,14,28465484973,0,0,6453,494463,51269389,51770305
turso,concurrent,32,2,14,28517255498,0,0,5200,500084,175299928,175805212
turso,concurrent,32,2,14,28693060970,0,0,5511,433718,71334558,71773787
turso,concurrent,32,2,14,28764834907,0,0,6793,553645,73778430,74338868
turso,concurrent,32,2,14,28839174045,0,0,5490,433318,60593396,61032204
turso,concurrent,32,2,14,28900206529,0,0,7804,519901,9849469,10377174
turso,concurrent,32,2,14,28910583934,0,0,4669,579965,52471117,53055751
turso,concurrent,32,2,14,28963639875,0,0,5650,553114,44005741,44564505
turso,concurrent,32,2,14,29008204591,0,0,5460,558665,184533414,185097539
turso,concurrent,32,2,14,29193302460,0,0,7655,603078,104793524,105404257
turso,concurrent,32,2,14,29298707027,0,0,7274,641360,330365599,331014233
turso,concurrent,32,2,14,29629721491,0,0,8606,3541043,61060387,64610036
turso,concurrent,32,2,14,29694331828,0,0,7193,459517,380922844,381389554
turso,concurrent,32,2,14,30075721633,0,0,7173,546662,74161573,74715408
turso,concurrent,32,2,14,30150437251,0,0,7634,851628,84058371,84917633
turso,concurrent,32,2,14,30235355114,0,0,5701,487700,149735050,150228451
turso,concurrent,32,2,14,30385583786,0,0,5741,570807,35962411,36538959
turso,concurrent,32,2,14,30422122985,0,0,5150,415745,230969281,231390176
turso,concurrent,32,2,14,30653513351,0,0,7695,9122095,297272834,306402624
turso,concurrent,32,2,14,30959916266,0,0,8586,667850,155270347,155946783
turso,concurrent,32,2,14,31115863300,0,0,6091,503240,186355603,186864934
turso,concurrent,32,2,14,31302728454,0,0,5992,449408,74401636,74857036
turso,concurrent,32,2,14,31377585750,0,0,5461,430933,56086099,56522493
turso,concurrent,32,2,14,31434108514,0,0,6352,537865,50149576,50693793
turso,concurrent,32,2,14,31484802517,0,0,5510,649105,259143975,259798590
turso,concurrent,32,2,14,31744601417,0,0,7314,673732,254842607,255523653
turso,concurrent,32,2,14,32000125270,0,0,8927,6701698,15011109,21721734
turso,concurrent,32,2,14,32021847245,0,0,4939,455740,11506085,11966764
turso,concurrent,32,2,14,32033814219,0,0,5680,554787,226179933,226740400
turso,concurrent,32,2,14,32260554820,0,0,10280,524109,323167504,323701893
turso,concurrent,32,2,14,32584256913,0,0,6863,718155,66990941,67715959
turso,concurrent,32,2,14,32651973172,0,0,7574,511085,43735320,44253979
turso,concurrent,32,2,14,32696227451,0,0,7835,756899,120386572,121151306
turso,concurrent,32,2,14,32817378967,0,0,6172,543285,113250053,113799510
turso,concurrent,32,2,14,32931178978,0,0,18415,505534,70593238,71117187
turso,concurrent,32,2,15,35117,1,0,17551474,664274,184054300,202270048
turso,concurrent,32,2,15,202305455,1,0,6152,337487,145765999,146109638
turso,concurrent,32,2,15,348415324,1,0,6141,403883,180748871,181158895
turso,concurrent,32,2,15,529574420,1,0,5750,390948,302259646,302656344
turso,concurrent,32,2,15,832231124,1,0,6242,442655,110119385,110568282
turso,concurrent,32,2,15,942799827,1,0,5851,474696,158674201,159154748
turso,concurrent,32,2,15,1101954845,1,0,48833,4944351,25587310,30580494
turso,concurrent,32,2,15,1132535489,1,0,5009,423449,102664205,103092663
turso,concurrent,32,2,15,1235628383,1,0,5020,434009,56155791,56594820
turso,concurrent,32,2,15,1292223664,1,0,6352,466480,113565118,114037950
turso,concurrent,32,2,15,1406261855,1,0,8125,543586,38304591,38856302
turso,concurrent,32,2,15,1445118427,1,0,5811,408542,31070027,31484380
turso,concurrent,32,2,15,1476603087,1,0,5491,517316,105601779,106124586
turso,concurrent,32,2,15,1582727883,1,0,5240,484755,56327776,56817771
turso,concurrent,32,2,15,1639545814,1,0,5290,424231,259616356,260045877
turso,concurrent,32,2,15,1899591931,1,0,6763,465378,761364400,761836541
turso,concurrent,32,2,15,2661428762,1,0,9408,6427460,36208746,42645614
turso,concurrent,32,2,15,2704075187,1,0,5711,495405,18584434,19085550
turso,concurrent,32,2,15,2723160907,1,0,5510,613578,104641407,105260495
turso,concurrent,32,2,15,2828421622,1,0,5531,591015,241302573,241899119
turso,concurrent,32,2,15,3070320892,0,0,6462,509131,317452107,317967700
turso,concurrent,32,2,15,3388288883,0,0,7814,3287305,304329711,307624830
turso,concurrent,32,2,15,3695913974,0,0,6161,422999,225684076,226113236
turso,concurrent,32,2,15,3922027410,0,0,6622,554948,27693515,28255085
turso,concurrent,32,2,15,3950282766,0,0,6091,571740,55448426,56026257
turso,concurrent,32,2,15,4006309243,0,0,5851,509231,32420096,32935178
turso,concurrent,32,2,15,4039244681,0,0,4919,484976,55537474,56027369
turso,concurrent,32,2,15,4095272290,0,0,5420,492690,367830025,368328135
turso,concurrent,32,2,15,4463600635,0,0,8727,4381619,231769802,236160148
turso,concurrent,32,2,15,4699761043,0,0,6001,413561,59096691,59516253
turso,concurrent,32,2,15,4759277496,0,0,6172,643014,283403478,284052664
turso,concurrent,32,2,15,5043330371,0,0,6222,438758,91744607,92189587
turso,concurrent,32,2,15,5135520138,0,0,6061,446353,162046054,162498468
turso,concurrent,32,2,15,5298021301,0,0,10920,484625,64076209,64571754
turso,concurrent,32,2,15,5362593245,0,0,6793,4125125,272876622,277008540
turso,concurrent,32,2,15,5639602176,0,0,6793,649996,126119131,126775920
turso,concurrent,32,2,15,5766378397,0,0,6732,459317,112764417,113230466
turso,concurrent,32,2,15,5879609103,0,0,5160,404554,348002865,348412579
turso,concurrent,32,2,15,6228021992,0,0,6643,612055,44427998,45046696
turso,concurrent,32,2,15,6273068918,0,0,5551,420363,52085208,52511122
turso,concurrent,32,2,15,6325580251,0,0,5550,481940,252885573,253373063
turso,concurrent,32,2,15,6578953544,0,0,10260,15468683,29608119,45087062
turso,concurrent,32,2,15,6624040896,0,0,5711,494263,132880942,133380916
turso,concurrent,32,2,15,6757422003,0,0,5219,451653,284016205,284473077
turso,concurrent,32,2,15,7041895340,0,0,6192,536783,272150842,272693817
turso,concurrent,32,2,15,7314589437,0,0,7114,540270,282968757,283516141
turso,concurrent,32,2,15,7598106239,0,0,16722,2898741,431924257,434839720
turso,concurrent,32,2,15,8032946169,0,0,6252,479896,100987491,101473639
turso,concurrent,32,2,15,8134420058,0,0,5751,413661,1346747364,1347166776
turso,concurrent,32,2,15,9481587094,0,0,8847,3530804,46212074,49751725
turso,concurrent,32,2,15,9531339030,0,0,6001,575666,210724224,211305891
turso,concurrent,32,2,15,9742645271,0,0,7274,742862,172810149,173560285
turso,concurrent,32,2,15,9916205806,0,0,8876,16696251,337672909,354378036
turso,concurrent,32,2,15,10270584114,0,0,6362,497829,127291975,127796166
turso,concurrent,32,2,15,10398380580,0,0,5941,458776,23922809,24387526
turso,concurrent,32,2,15,10422768306,0,0,5220,546181,53937795,54489196
turso,concurrent,32,2,15,10477257883,0,0,6111,471861,184110506,184588478
turso,concurrent,32,2,15,10661846681,0,0,6893,468433,78262493,78737819
turso,concurrent,32,2,15,10740584791,0,0,6503,499452,9168133,9674088
turso,concurrent,32,2,15,10750259039,0,0,4940,541702,202429559,202976201
turso,concurrent,32,2,15,10953235661,0,0,13285,5933979,351404174,357351438
turso,concurrent,32,2,15,11310587440,0,0,6332,487991,429504189,429998512
turso,concurrent,32,2,15,11740586263,0,0,6322,429631,43335315,43771268
turso,concurrent,32,2,15,11784357751,0,0,5841,440060,4534618,4980519
turso,concurrent,32,2,15,11789338482,0,0,5019,519591,165544757,166069367
turso,concurrent,32,2,15,11955410113,0,0,7915,636832,151953648,152598395
turso,concurrent,32,2,15,12108008788,0,0,8276,5737899,23831837,29578012
turso,concurrent,32,2,15,12137587020,0,0,5400,505154,94069795,94580349
turso,concurrent,32,2,15,12232167589,0,0,6452,505003,225590270,226101725
turso,concurrent,32,2,15,12458269574,0,0,7605,869160,96854561,97731326
turso,concurrent,32,2,15,12556001140,0,0,7044,507417,719839972,720354433
turso,concurrent,32,2,15,13276355843,0,0,7645,1670292,81558823,83236760
turso,concurrent,32,2,15,13359592874,0,0,6061,404624,134737846,135148531
turso,concurrent,32,2,15,13494741686,0,0,6733,584032,53422392,54013157
turso,concurrent,32,2,15,13548755094,0,0,5951,645578,66829095,67480624
turso,concurrent,32,2,15,13616235928,0,0,6943,569335,14793439,15369717
turso,concurrent,32,2,15,13631605835,0,0,5150,603940,253018444,253627534
turso,concurrent,32,2,15,13885233599,0,0,5921,468124,63870881,64344926
turso,concurrent,32,2,15,13949578736,0,0,6843,429230,79396572,79832645
turso,concurrent,32,2,15,14029411582,0,0,6232,475607,76283808,76765647
turso,concurrent,32,2,15,14106177470,0,0,6452,482100,433541118,434029670
turso,concurrent,32,2,15,14540207401,0,0,8666,3872789,928402515,932283970
turso,concurrent,32,2,15,15472491622,0,0,7654,7412109,225809784,233229547
turso,concurrent,32,2,15,15705721429,0,0,7144,470547,26353056,26830747
turso,concurrent,32,2,15,15732552376,0,0,11221,524180,117472281,118007682
turso,concurrent,32,2,15,15850560299,0,0,7033,615562,93096077,93718672
turso,concurrent,32,2,15,15944279192,0,0,6602,536923,22059423,22602948
turso,concurrent,32,2,15,15966882350,0,0,6162,628145,187070593,187704900
turso,concurrent,32,2,15,16154587460,0,0,7104,800510,815196315,816003929
turso,concurrent,32,2,15,16970591679,0,0,8516,1379153,200334024,201721693
turso,concurrent,32,2,15,17172313643,0,0,5600,476810,359348978,359831388
turso,concurrent,32,2,15,17532145302,0,0,6773,499172,148764769,149270714
turso,concurrent,32,2,15,17681416537,0,0,7293,5987621,128877186,134872100
turso,concurrent,32,2,15,17816288857,0,0,5831,467793,168523169,168996793
turso,concurrent,32,2,15,17985285880,0,0,5911,443698,121681235,122130844
turso,concurrent,32,2,15,18107417014,0,0,6272,472923,101873382,102352577
turso,concurrent,32,2,15,18209769952,0,0,6612,468695,149339874,149815181
turso,concurrent,32,2,15,18359585424,0,0,5210,435021,15094377,15534608
turso,concurrent,32,2,15,18375120352,0,0,5180,415945,463939439,464360564
turso,concurrent,32,2,15,18839481277,0,0,12944,5581023,153971315,159565282
turso,concurrent,32,2,15,18999046829,0,0,7023,472171,30467631,30946825
turso,concurrent,32,2,15,19029993845,0,0,5911,441854,16926094,17373859
turso,concurrent,32,2,15,19047367894,0,0,5571,451873,18272535,18729979
turso,concurrent,32,2,15,19066098083,0,0,5090,665736,51717796,52388622
turso,concurrent,32,2,15,19118486905,0,0,6783,726731,561067586,561801100
turso,concurrent,32,2,15,19680288275,0,0,6542,436184,75681000,76123726
turso,concurrent,32,2,15,19756412221,0,0,5401,477591,350467346,350950338
turso,concurrent,32,2,15,20107362850,0,0,7203,7005712,258046273,265059188
turso,concurrent,32,2,15,20372422288,0,0,6753,512577,107634115,108153445
turso,concurrent,32,2,15,20480576063,0,0,6974,674663,105333152,106014789
turso,concurrent,32,2,15,20586591122,0,0,6423,459737,78185046,78651206
turso,concurrent,32,2,15,20665242589,0,0,5610,705281,14464499,15175390
turso,concurrent,32,2,15,20680418219,0,0,5270,442716,62235936,62683922
turso,concurrent,32,2,15,20743102331,0,0,4809,560578,119736495,120301882
turso,concurrent,32,2,15,20863404464,0,0,6933,522786,49219110,49748829
turso,concurrent,32,2,15,20913153503,0,0,5581,645578,506387309,507038468
turso,concurrent,32,2,15,21420192272,0,0,8045,11825658,126878584,138712287
turso,concurrent,32,2,15,21558904800,0,0,6793,482671,463625936,464115400
turso,concurrent,32,2,15,22023020471,0,0,6873,495615,160074434,160576922
turso,concurrent,32,2,15,22183597583,0,0,8065,2220020,439984820,442212905
turso,concurrent,32,2,15,22625810808,0,0,8516,5338776,220428297,225775589
turso,concurrent,32,2,15,22851586628,0,0,6582,748272,112229307,112984161
turso,concurrent,32,2,15,22964570970,0,0,5450,538496,291177621,291721567
turso,concurrent,32,2,15,23256292827,0,0,5851,496778,116053394,116556023
turso,concurrent,32,2,15,23372849140,0,0,6693,590815,19778136,20375644
turso,concurrent,32,2,15,23393224995,0,0,7294,9074215,8944681,18026190
turso,concurrent,32,2,15,23411251636,0,0,10380,14365471,97427041,111802892
turso,concurrent,32,2,15,23523054819,0,0,6873,475096,5883203,6365172
turso,concurrent,32,2,15,23529420172,0,0,6121,848151,19205716,20059988
turso,concurrent,32,2,15,23549481393,0,0,6362,698949,17970876,18676187
turso,concurrent,32,2,15,23568157780,0,0,5821,489835,146208114,146703770
turso,concurrent,32,2,15,23714861740,0,0,5801,492199,100841956,101339956
turso,concurrent,32,2,15,23816201926,0,0,6452,476620,48451321,48934393
turso,concurrent,32,2,15,23865136539,0,0,4739,436243,125521262,125962244
turso,concurrent,32,2,15,23991099074,0,0,7464,508019,71577025,72092508
turso,concurrent,32,2,15,24063191832,0,0,4268,397540,136751667,137153475
turso,concurrent,32,2,15,24200345619,0,0,6983,486037,45205886,45698906
turso,concurrent,32,2,15,24246044835,0,0,5471,525902,81155372,81686745
turso,concurrent,32,2,15,24327731901,0,0,6382,457473,180216978,180680833
turso,concurrent,32,2,15,24508412934,0,0,5710,498140,66362023,66865873
turso,concurrent,32,2,15,24575279059,0,0,10520,1297468,160500508,161808496
turso,concurrent,32,2,15,24737087785,0,0,8306,547994,109095763,109652063
turso,concurrent,32,2,15,24846740089,0,0,5791,437646,206407035,206850472
turso,concurrent,32,2,15,25053590852,0,0,6763,484494,127526667,128017924
turso,concurrent,32,2,15,25181609056,0,0,6583,523167,290180419,290710169
turso,concurrent,32,2,15,25472319495,0,0,5731,427296,220064732,220497759
turso,concurrent,32,2,15,25692817514,0,0,5871,523899,176066926,176596696
turso,concurrent,32,2,15,25869414450,0,0,7404,2625656,197932892,200565952
turso,concurrent,32,2,15,26069980662,0,0,6502,511335,84446724,84964561
turso,concurrent,32,2,15,26154945494,0,0,5470,539839,90627068,91172377
turso,concurrent,32,2,15,26246118121,0,0,5631,560097,117479666,118045394
turso,concurrent,32,2,15,26364163695,0,0,5370,566039,876380094,876951503
turso,concurrent,32,2,15,27241115499,0,0,8316,6941650,42926344,49876310
turso,concurrent,32,2,15,27290992059,0,0,5280,527716,28774485,29307481
turso,concurrent,32,2,15,27320299791,0,0,5761,486217,171059496,171551474
turso,concurrent,32,2,15,27491851545,0,0,5841,429000,63510862,63945703
turso,concurrent,32,2,15,27555797488,0,0,5250,583091,32782850,33371191
turso,concurrent,32,2,15,27589168889,0,0,5360,505885,120398334,120909579
turso,concurrent,32,2,15,27710078719,0,0,6111,468745,41538193,42013049
turso,concurrent,32,2,15,27752091989,0,0,5200,504091,151115576,151624867
turso,concurrent,32,2,15,27903717106,0,0,6463,542143,57534984,58083590
turso,concurrent,32,2,15,27961800966,0,0,5581,411647,487357695,487774923
turso,concurrent,32,2,15,28449576129,0,0,10189,5292448,221424839,226727476
turso,concurrent,32,2,15,28676303895,0,0,6833,578372,810906057,811491262
turso,concurrent,32,2,15,29487795388,0,0,8486,20323225,108458420,128790131
turso,concurrent,32,2,15,29616585820,0,0,5540,454348,63365237,63825125
turso,concurrent,32,2,15,29680411145,0,0,6031,699099,261470876,262176006
turso,concurrent,32,2,15,29942587343,0,0,5450,532896,58888418,59426764
turso,concurrent,32,2,15,30002014317,0,0,5540,581448,61710133,62297121
turso,concurrent,32,2,15,30064311659,0,0,5811,435261,137084436,137525508
turso,concurrent,32,2,15,30201837457,0,0,7184,594131,75015855,75617170
turso,concurrent,32,2,15,30277454968,0,0,5911,570937,126616460,127193308
turso,concurrent,32,2,15,30404648486,0,0,6593,479885,36448057,36934535
turso,concurrent,32,2,15,30441583252,0,0,5570,457424,100254747,100717741
turso,concurrent,32,2,15,30542301244,0,0,7534,712425,424815390,425535349
turso,concurrent,32,2,15,30967836894,0,0,7925,4314142,65097456,69419523
turso,concurrent,32,2,15,31037256638,0,0,4939,658974,193664807,194328720
turso,concurrent,32,2,15,31231585619,0,0,6242,507117,51326426,51839785
turso,concurrent,32,2,15,31283425675,0,0,5200,499482,169153428,169658110
turso,concurrent,32,2,15,31453084056,0,0,5901,437325,134560412,135003638
turso,concurrent,32,2,15,31588087954,0,0,5991,517767,49441379,49965137
turso,concurrent,32,2,15,31638053292,0,0,5891,595744,66547052,67148687
turso,concurrent,32,2,15,31705202241,0,0,6873,448236,42629152,43084261
turso,concurrent,32,2,15,31748286803,0,0,7133,488181,226170155,226665469
turso,concurrent,32,2,15,31974952532,0,0,9488,11107352,76195632,87312472
turso,concurrent,32,2,15,32062265295,0,0,6642,503170,210461688,210971500
turso,concurrent,32,2,15,32273237075,0,0,6162,534058,181058426,181598646
turso,concurrent,32,2,15,32454835931,0,0,5280,474496,50198247,50678023
turso,concurrent,32,2,15,32505514164,0,0,5861,434570,302162512,302602943
turso,concurrent,32,2,15,32808117338,0,0,6803,561189,12408618,12976610
turso,concurrent,32,2,15,32821094189,0,0,6632,922992,26259178,27188802
turso,concurrent,32,2,15,32848283222,0,0,5260,461731,119439394,119906385
turso,concurrent,32,2,15,32968189847,0,0,6462,460659,93241663,93708784
turso,concurrent,32,2,16,2134,1,0,1452541,578893,876251752,878283186
turso,concurrent,32,2,16,878285702,1,0,6161,326436,68607231,68939828
turso,concurrent,32,2,16,947225810,1,0,4960,316006,225404389,225725355
turso,concurrent,32,2,16,1172951375,1,0,43913,3143342,193146720,196333975
turso,concurrent,32,2,16,1369285600,1,0,6042,394505,64529675,64930222
turso,concurrent,32,2,16,1434216272,1,0,5371,464406,419634372,420104149
turso,concurrent,32,2,16,1854320702,1,0,8145,601195,53653389,54262729
turso,concurrent,32,2,16,1908583731,1,0,7094,447314,17455152,17909560
turso,concurrent,32,2,16,1926493511,1,0,5691,538787,313802039,314346517
turso,concurrent,32,2,16,2240840789,1,0,8647,1279605,30308961,31597213
turso,concurrent,32,2,16,2272438242,1,0,5120,404974,11352035,11762129
turso,concurrent,32,2,16,2284200591,1,0,4509,431504,110487670,110923683
turso,concurrent,32,2,16,2395124484,1,0,5901,485547,75613333,76104781
turso,concurrent,32,2,16,2471229505,1,0,5440,499904,5544363,6049707
turso,concurrent,32,2,16,2477279463,1,0,4989,428479,151865010,152298478
turso,concurrent,32,2,16,2629578151,1,0,5720,567662,19429338,20002720
turso,concurrent,32,2,16,2649581122,1,0,5521,495114,37158468,37659103
turso,concurrent,32,2,16,2687240776,1,0,5230,481318,23095358,23581906
turso,concurrent,32,2,16,2710822922,1,0,5560,503521,100902841,101411922
turso,concurrent,32,2,16,2812235074,1,0,6232,470598,77749304,78226134
turso,concurrent,32,2,16,2890461428,1,0,6543,640198,11257556,11904297
turso,concurrent,32,2,16,2902365925,1,0,5390,544949,64202577,64752916
turso,concurrent,32,2,16,2967119052,1,0,5691,552252,40608889,41166832
turso,concurrent,32,2,16,3008286115,0,0,5540,525362,296005001,296535903
turso,concurrent,32,2,16,3304822208,0,0,7244,4157286,242397609,246562139
turso,concurrent,32,2,16,3551384568,0,0,6562,523218,413324204,413853984
turso,concurrent,32,2,16,3965238832,0,0,6452,411116,346106797,346524365
turso,concurrent,32,2,16,4311763517,0,0,8717,10131741,951501038,961641496
turso,concurrent,32,2,16,5273405244,0,0,6061,411507,31411652,31829220
turso,concurrent,32,2,16,5305234705,0,0,6181,476129,177079146,177561456
turso,concurrent,32,2,16,5482796391,0,0,6983,11703207,120914478,132624668
turso,concurrent,32,2,16,5615421250,0,0,5951,453035,41969779,42428765
turso,concurrent,32,2,16,5657850225,0,0,5120,411326,51169811,51586257
turso,concurrent,32,2,16,5709437745,0,0,5620,436875,151961652,152404147
turso,concurrent,32,2,16,5861842092,0,0,5230,365350,75297787,75668367
turso,concurrent,32,2,16,5937511070,0,0,5450,595664,101718781,102319895
turso,concurrent,32,2,16,6039831216,0,0,6161,492329,170779287,171277777
turso,concurrent,32,2,16,6211109273,0,0,6202,495255,293299796,293801253
turso,concurrent,32,2,16,6504910816,0,0,9358,4699529,200302274,205011161
turso,concurrent,32,2,16,6709922208,0,0,6522,465308,19146154,19617984
turso,concurrent,32,2,16,6729540422,0,0,5470,698057,167806206,168509733
turso,concurrent,32,2,16,6898050456,0,0,5911,413711,265449475,265869097
turso,concurrent,32,2,16,7163919803,0,0,5841,455730,19920746,20382317
turso,concurrent,32,2,16,7184302330,0,0,5340,496878,155088815,155591033
turso,concurrent,32,2,16,7339893573,0,0,6432,505414,18852710,19364556
turso,concurrent,32,2,16,7359258370,0,0,5320,434299,182543819,182983438
turso,concurrent,32,2,16,7542242009,0,0,7043,476620,197317851,197801514
turso,concurrent,32,2,16,7740043774,0,0,7484,3420766,17425747,20853997
turso,concurrent,32,2,16,7760898061,0,0,5731,590896,42699425,43296052
turso,concurrent,32,2,16,7804194343,0,0,5521,484724,34178464,34668709
turso,concurrent,32,2,16,7838863253,0,0,5079,465639,112761882,113232600
turso,concurrent,32,2,16,7952096074,0,0,5460,477571,39762162,40245193
turso,concurrent,32,2,16,7992341558,0,0,6282,542313,67516883,68065478
turso,concurrent,32,2,16,8060407266,0,0,6272,683580,90914941,91604793
turso,concurrent,32,2,16,8152012359,0,0,5681,455550,118877504,119338735
turso,concurrent,32,2,16,8271351484,0,0,7074,798978,161289346,162095398
turso,concurrent,32,2,16,8433447092,0,0,6232,554767,10890173,11451172
turso,concurrent,32,2,16,8444898514,0,0,5691,560247,165762038,166327976
turso,concurrent,32,2,16,8611226740,0,0,5982,505994,271886994,272398970
turso,concurrent,32,2,16,8883625961,0,0,8256,6137843,236516721,242662820
turso,concurrent,32,2,16,9126289111,0,0,6683,462293,39834598,40303574
turso,concurrent,32,2,16,9166593417,0,0,6963,532014,467779045,468318022
turso,concurrent,32,2,16,9634911789,0,0,7765,550379,66235303,66793447
turso,concurrent,32,2,16,9701705417,0,0,6031,602076,17293568,17901675
turso,concurrent,32,2,16,9719607333,0,0,6442,647341,151367672,152021455
turso,concurrent,32,2,16,9871631453,0,0,8456,10318584,315165432,325492472
turso,concurrent,32,2,16,10197124205,0,0,6192,438979,84193706,84638877
turso,concurrent,32,2,16,10281763302,0,0,6302,499573,96079638,96585513
turso,concurrent,32,2,16,10378349035,0,0,7254,969790,128544999,129522043
turso,concurrent,32,2,16,10507871329,0,0,6211,509602,233908799,234424612
turso,concurrent,32,2,16,10742296251,0,0,7284,510283,29562122,30079689
turso,concurrent,32,2,16,10772376220,0,0,5220,947578,81363035,82315833
turso,concurrent,32,2,16,10854692293,0,0,6823,477992,23130443,23615258
turso,concurrent,32,2,16,10878308132,0,0,15510,482059,47658765,48156334
turso,concurrent,32,2,16,10926464897,0,0,20228,9200855,137483889,146704972
turso,concurrent,32,2,16,11073170149,0,0,6022,564205,96439757,97009984
turso,concurrent,32,2,16,11170180304,0,0,5690,478834,70849081,71333605
turso,concurrent,32,2,16,11241514170,0,0,5741,750226,198811530,199567497
turso,concurrent,32,2,16,11441081958,0,0,5981,451432,59788527,60245940
turso,concurrent,32,2,16,11501328128,0,0,5720,538727,211548549,212092996
turso,concurrent,32,2,16,11713421315,0,0,5921,443797,62593832,63043550
turso,concurrent,32,2,16,11776465116,0,0,6081,500345,189455053,189961479
turso,concurrent,32,2,16,11966426945,0,0,6372,440682,191257073,191704127
turso,concurrent,32,2,16,12158131303,0,0,7845,8286228,29011302,37305375
turso,concurrent,32,2,16,12195436989,0,0,5901,499923,182490329,182996153
turso,concurrent,32,2,16,12378433422,0,0,7083,705252,50048104,50760439
turso,concurrent,32,2,16,12429194071,0,0,6062,555318,32843714,33405094
turso,concurrent,32,2,16,12462599396,0,0,7113,577661,177981498,178566272
turso,concurrent,32,2,16,12641165969,0,0,6633,500945,409775126,410282704
turso,concurrent,32,2,16,13051448973,0,0,6231,504122,229294720,229805073
turso,concurrent,32,2,16,13281254618,0,0,6152,17558538,97467497,115032187
turso,concurrent,32,2,16,13396287086,0,0,5300,458706,13089042,13553048
turso,concurrent,32,2,16,13409840344,0,0,4599,742972,20484820,21232391
turso,concurrent,32,2,16,13431072946,0,0,5019,511005,140633383,141149407
turso,concurrent,32,2,16,13572222663,0,0,7174,713166,153293225,154013565
turso,concurrent,32,2,16,13726236459,0,0,6542,559376,215235487,215801405
turso,concurrent,32,2,16,13942038074,0,0,7034,527625,31174996,31709655
turso,concurrent,32,2,16,13973747969,0,0,4789,516164,41786572,42307525
turso,concurrent,32,2,16,14016055705,0,0,7023,655507,49877412,50539942
turso,concurrent,32,2,16,14066595828,0,0,7194,700863,33155984,33864041
turso,concurrent,32,2,16,14100460089,0,0,5561,607797,32062130,32675488
turso,concurrent,32,2,16,14133135787,0,0,5601,705792,25679825,26391218
turso,concurrent,32,2,16,14159527405,0,0,12073,473604,129962635,130448312
turso,concurrent,32,2,16,14289976298,0,0,16180,6325027,247502945,253844152
turso,concurrent,32,2,16,14543820730,0,0,6813,485236,86885456,87377505
turso,concurrent,32,2,16,14631198485,0,0,5280,465970,28282727,28753977
turso,concurrent,32,2,16,14659952782,0,0,5320,524209,62106211,62635740
turso,concurrent,32,2,16,14722588753,0,0,5551,471560,133410922,133888033
turso,concurrent,32,2,16,14856477037,0,0,6462,666427,52321896,52994785
turso,concurrent,32,2,16,14909472092,0,0,5340,450821,177661215,178117376
turso,concurrent,32,2,16,15087589748,0,0,6352,451382,75172892,75630626
turso,concurrent,32,2,16,15163220594,0,0,6122,594061,8273364,8873547
turso,concurrent,32,2,16,15172094391,0,0,4268,435091,304073659,304513018
turso,concurrent,32,2,16,15476607720,0,0,7765,9465924,279075180,288548869
turso,concurrent,32,2,16,15765156850,0,0,6342,542043,97868895,98417280
turso,concurrent,32,2,16,15863574320,0,0,6422,598520,64070889,64675831
turso,concurrent,32,2,16,15928250381,0,0,5230,464286,9859658,10329174
turso,concurrent,32,2,16,15938579785,0,0,4930,445000,30414600,30864530
turso,concurrent,32,2,16,15969444575,0,0,4829,501417,46761231,47267477
turso,concurrent,32,2,16,16016712252,0,0,5641,516354,85054321,85576316
turso,concurrent,32,2,16,16102288788,0,0,6182,645759,58477583,59129524
turso,concurrent,32,2,16,16161418572,0,0,5541,432406,37569062,38007009
turso,concurrent,32,2,16,16199425792,0,0,5450,472572,174373870,174851892
turso,concurrent,32,2,16,16374277905,0,0,5941,461571,318245635,318713147
turso,concurrent,32,2,16,16692991323,0,0,7885,6849126,202438486,209295497
turso,concurrent,32,2,16,16902287090,0,0,7033,781676,34378441,35167150
turso,concurrent,32,2,16,16937454541,0,0,6141,531924,57883171,58421236
turso,concurrent,32,2,16,16995876068,0,0,4829,538356,25428530,25971715
turso,concurrent,32,2,16,17021847974,0,0,5089,452284,4963718,5421091
turso,concurrent,32,2,16,17027270457,0,0,4849,495495,228654482,229154826
turso,concurrent,32,2,16,17256425535,0,0,7003,487790,209231707,209726500
turso,concurrent,32,2,16,17466152315,0,0,6553,465158,193668895,194140606
turso,concurrent,32,2,16,17660293151,0,0,8126,8436391,138189551,146634068
turso,concurrent,32,2,16,17806927500,0,0,6312,539307,444573420,445119039
turso,concurrent,32,2,16,18252046740,0,0,6552,487821,335764397,336258770
turso,concurrent,32,2,16,18588305730,0,0,6412,565918,229336900,229909230
turso,concurrent,32,2,16,18818215151,0,0,7394,8842188,198027752,206877334
turso,concurrent,32,2,16,19025092745,0,0,8907,11163348,283063587,294235842
turso,concurrent,32,2,16,19319328848,0,0,5841,559265,212112413,212677519
turso,concurrent,32,2,16,19532006628,0,0,7654,620351,125634997,126263002
turso,concurrent,32,2,16,19658269871,0,0,6923,698097,54194379,54899399
turso,concurrent,32,2,16,19713169491,0,0,6522,617686,88595063,89219271
turso,concurrent,32,2,16,19802388962,0,0,5851,477281,146128313,146611445
turso,concurrent,32,2,16,19949000598,0,0,7815,14272756,47196513,61477084
turso,concurrent,32,2,16,20010477952,0,0,5060,409272,41370467,41784799
turso,concurrent,32,2,16,20052263012,0,0,5109,517988,190963940,191487037
turso,concurrent,32,2,16,20243750290,0,0,5560,481389,65920800,66407749
turso,concurrent,32,2,16,20310158289,0,0,6402,618297,19008214,19632913
turso,concurrent,32,2,16,20329791502,0,0,6473,518578,267079661,267604712
turso,concurrent,32,2,16,20597396445,0,0,6943,479825,54634561,55121329
turso,concurrent,32,2,16,20652518014,0,0,6963,694050,32048845,32749858
turso,concurrent,32,2,16,20685268082,0,0,5651,511215,51171655,51688521
turso,concurrent,32,2,16,20736956833,0,0,5951,505454,58114017,58625422
turso,concurrent,32,2,16,20795582485,0,0,6082,603499,82156942,82766523
turso,concurrent,32,2,16,20878349238,0,0,5200,487630,702502121,702994951
turso,concurrent,32,2,16,21581344409,0,0,8256,2694365,211464891,214167512
turso,concurrent,32,2,16,21795512151,0,0,5941,733455,36339793,37079189
turso,concurrent,32,2,16,21832591620,0,0,6463,525702,184787864,185320029
turso,concurrent,32,2,16,22017911929,0,0,6543,521985,465707686,466236214
turso,concurrent,32,2,16,22484148413,0,0,8476,3342829,69084271,72435576
turso,concurrent,32,2,16,22556584239,0,0,5561,528858,154748341,155282760
turso,concurrent,32,2,16,22711867250,0,0,6262,515603,199871621,200393486
turso,concurrent,32,2,16,22912261007,0,0,6522,439199,278167276,278612997
turso,concurrent,32,2,16,23190874275,0,0,6522,574985,159869307,160450814
turso,concurrent,32,2,16,23351325349,0,0,6623,481689,236711067,237199379
turso,concurrent,32,2,16,23588525019,0,0,8796,16439556,339619353,356067705
turso,concurrent,32,2,16,23944592954,0,0,6211,423209,171404476,171833896
turso,concurrent,32,2,16,24116427072,0,0,6011,502128,101054326,101562465
turso,concurrent,32,2,16,24217989768,0,0,5871,445972,285806002,286257845
turso,concurrent,32,2,16,24504247874,0,0,6672,538767,26914285,27459724
turso,concurrent,32,2,16,24531707828,0,0,6442,578983,530121852,530707277
turso,concurrent,32,2,16,25062415346,0,0,9398,3469508,129525008,133003914
turso,concurrent,32,2,16,25195419490,0,0,6002,457714,333697757,334161473
turso,concurrent,32,2,16,25529581234,0,0,8215,599782,39391543,39999540
turso,concurrent,32,2,16,25569581034,0,0,6011,463735,388021812,388491558
turso,concurrent,32,2,16,25958072822,0,0,8517,8983574,273501701,282493792
turso,concurrent,32,2,16,26240566864,0,0,5801,546120,72273450,72825371
turso,concurrent,32,2,16,26313392516,0,0,6643,645979,436763730,437416352
turso,concurrent,32,2,16,26750809129,0,0,6803,452173,22207893,22666869
turso,concurrent,32,2,16,26773476228,0,0,4839,446583,540665511,541116933
turso,concurrent,32,2,16,27314593371,0,0,8757,12003834,297981021,309993612
turso,concurrent,32,2,16,27624587243,0,0,6292,470989,90699144,91176425
turso,concurrent,32,2,16,27715763928,0,0,5621,471569,52882414,53359604
turso,concurrent,32,2,16,27769123742,0,0,4920,527475,109764756,110297151
turso,concurrent,32,2,16,27879421143,0,0,7504,608258,317941071,318556833
turso,concurrent,32,2,16,28197978276,0,0,7164,12109444,331768316,343884924
turso,concurrent,32,2,16,28541863480,0,0,6232,589312,218733469,219329013
turso,concurrent,32,2,16,28761192733,0,0,5931,544809,21836942,22387682
turso,concurrent,32,2,16,28783580645,0,0,6162,900890,157213825,158120877
turso,concurrent,32,2,16,28941701712,0,0,5491,468554,300676688,301150733
turso,concurrent,32,2,16,29242852785,0,0,7184,722714,77009407,77739305
turso,concurrent,32,2,16,29320592391,0,0,7274,737081,175055947,175800302
turso,concurrent,32,2,16,29496393104,0,0,15599,1685151,84835818,86536568
turso,concurrent,32,2,16,29582929872,0,0,6052,462693,431439702,431908447
turso,concurrent,32,2,16,30014838630,0,0,8245,777768,78627421,79413434
turso,concurrent,32,2,16,30094252255,0,0,5330,399013,77710901,78115244
turso,concurrent,32,2,16,30172367810,0,0,7925,676547,114197992,114882464
turso,concurrent,32,2,16,30287250494,0,0,4920,528727,168028115,168561762
turso,concurrent,32,2,16,30455812807,0,0,5981,488723,340276132,340770836
turso,concurrent,32,2,16,30796583913,0,0,8606,6292295,129471458,135772359
turso,concurrent,32,2,16,30932356523,0,0,4949,455219,96052998,96513166
turso,concurrent,32,2,16,31028869900,0,0,5721,520161,291751213,292277095
turso,concurrent,32,2,16,31321147266,0,0,7394,551741,10253852,10812987
turso,concurrent,32,2,16,31331960493,0,0,4519,412528,81857648,82274695
turso,concurrent,32,2,16,31414235448,0,0,5100,503891,52961232,53470223
turso,concurrent,32,2,16,31467705941,0,0,7334,547273,8891661,9446268
turso,concurrent,32,2,16,31477152469,0,0,4569,462212,70972575,71439356
turso,concurrent,32,2,16,31548592155,0,0,5431,485836,216924425,217415692
turso,concurrent,32,2,16,31766008048,0,0,5871,446903,135927502,136380276
turso,concurrent,32,2,16,31902388594,0,0,8035,9378110,930811852,940197997
turso,concurrent,32,2,16,32842586811,0,0,6032,434329,188940361,189380722
turso,concurrent,32,2,17,135646,1,0,2137965,506746,626630911,629275622
turso,concurrent,32,2,17,629411800,1,0,6422,376200,130868424,131251046
turso,concurrent,32,2,17,760663136,1,0,7354,420955,108475522,108903831
turso,concurrent,32,2,17,869567228,1,0,4889,304204,341432655,341741748
turso,concurrent,32,2,17,1211309237,1,0,47379,663562,49559603,50270544
turso,concurrent,32,2,17,1261580201,1,0,5511,405195,79594806,80005512
turso,concurrent,32,2,17,1341585964,1,0,5300,384295,148817930,149207525
turso,concurrent,32,2,17,1490793769,1,0,7835,633956,371999734,372641525
turso,concurrent,32,2,17,1863435544,1,0,6472,439219,23543343,23989034
turso,concurrent,32,2,17,1887425209,1,0,4940,429871,82004685,82439496
turso,concurrent,32,2,17,1969864955,1,0,6202,569725,216391359,216967286
turso,concurrent,32,2,17,2186832632,1,0,8506,10917073,418109144,429034723
turso,concurrent,32,2,17,2615867606,1,0,6753,446182,28935068,29388003
turso,concurrent,32,2,17,2645255879,1,0,6341,484505,123672012,124162858
turso,concurrent,32,2,17,2769419009,1,0,6101,517257,461572371,462095729
turso,concurrent,32,2,17,3231514968,0,0,6653,9518573,132115748,141640974
turso,concurrent,32,2,17,3373156153,0,0,5180,451291,74086111,74542582
turso,concurrent,32,2,17,3447699556,0,0,6062,425874,283522613,283954549
turso,concurrent,32,2,17,3731654345,0,0,6132,453686,19302189,19762007
turso,concurrent,32,2,17,3751416572,0,0,4990,422527,23787894,24215411
turso,concurrent,32,2,17,3775632193,0,0,5480,399023,486000604,486405107
turso,concurrent,32,2,17,4262037561,0,0,9989,3679164,284058264,287747417
turso,concurrent,32,2,17,4549785218,0,0,9168,2803551,78974716,81787435
turso,concurrent,32,2,17,4631572893,0,0,6542,600123,39048455,39655120
turso,concurrent,32,2,17,4671228224,0,0,5280,471971,20870127,21347378
turso,concurrent,32,2,17,4692575883,0,0,4939,499433,102470078,102974450
turso,concurrent,32,2,17,4795550594,0,0,12002,618227,12854240,13484469
turso,concurrent,32,2,17,4809035293,0,0,5030,482129,37066394,37553553
turso,concurrent,32,2,17,4846589097,0,0,5390,512487,24557607,25075484
turso,concurrent,32,2,17,4871664782,0,0,4989,414883,77101531,77521403
turso,concurrent,32,2,17,4949186356,0,0,6171,484084,267295438,267785693
turso,concurrent,32,2,17,5216972340,0,0,7384,434690,728828024,729270098
turso,concurrent,32,2,17,5946242709,0,0,8326,6536466,82159998,88704790
turso,concurrent,32,2,17,6034949142,0,0,5240,395667,28087378,28488285
turso,concurrent,32,2,17,6063437677,0,0,4929,432506,20398037,20835472
turso,concurrent,32,2,17,6084273370,0,0,4639,551651,246582567,247138857
turso,concurrent,32,2,17,6331412488,0,0,5901,454127,115134470,115594498
turso,concurrent,32,2,17,6447007286,0,0,9178,16425108,193557185,209991471
turso,concurrent,32,2,17,6656999097,0,0,7495,2767623,201892115,204667233
turso,concurrent,32,2,17,6861666530,0,0,5941,448467,44831699,45286107
turso,concurrent,32,2,17,6906952827,0,0,4779,425654,322884620,323315053
turso,concurrent,32,2,17,7230268160,0,0,7224,465589,218499136,218971949
turso,concurrent,32,2,17,7449240410,0,0,8686,792997,43543267,44344950
turso,concurrent,32,2,17,7493585631,0,0,6132,504331,209437826,209948289
turso,concurrent,32,2,17,7703534150,0,0,7925,14886756,38945711,53840392
turso,concurrent,32,2,17,7757374852,0,0,5851,442125,151267121,151715097
turso,concurrent,32,2,17,7909090310,0,0,7885,553294,116937172,117498351
turso,concurrent,32,2,17,8026588892,0,0,5520,440591,110970281,111416392
turso,concurrent,32,2,17,8138005514,0,0,6943,504421,85754292,86265656
turso,concurrent,32,2,17,8224271432,0,0,6051,525252,234439970,234971273
turso,concurrent,32,2,17,8459242956,0,0,5771,561509,276621439,277188719
turso,concurrent,32,2,17,8736431976,0,0,7324,11535100,83612439,95154863
turso,concurrent,32,2,17,8831587100,0,0,6462,537123,17291624,17835209
turso,concurrent,32,2,17,8849422570,0,0,4969,686947,148290414,148982330
turso,concurrent,32,2,17,8998405270,0,0,6883,584493,49354315,49945691
turso,concurrent,32,2,17,9048351172,0,0,5350,707785,387005845,387718980
turso,concurrent,32,2,17,9436070542,0,0,6472,499303,14260614,14766389
turso,concurrent,32,2,17,9450837171,0,0,5340,537434,91683321,92226095
turso,concurrent,32,2,17,9543063577,0,0,6112,447023,55761678,56214813
turso,concurrent,32,2,17,9599278971,0,0,5660,474927,116252389,116732976
turso,concurrent,32,2,17,9716012158,0,0,6903,657751,101737336,102401990
turso,concurrent,32,2,17,9818414548,0,0,10640,3678042,265035543,268724225
turso,concurrent,32,2,17,10087139074,0,0,6252,395807,4216547,4618606
turso,concurrent,32,2,17,10091757901,0,0,4488,414062,355523107,355941657
turso,concurrent,32,2,17,10447699879,0,0,6542,470428,17591099,18068069
turso,concurrent,32,2,17,10465769992,0,0,6352,603409,202653151,203262912
turso,concurrent,32,2,17,10669033144,0,0,6553,454147,238872206,239332906
turso,concurrent,32,2,17,10908366330,0,0,8877,10151348,346600338,356760563
turso,concurrent,32,2,17,11265127164,0,0,6883,505524,359716281,360228688
turso,concurrent,32,2,17,11625356103,0,0,6843,456321,31578888,32042052
turso,concurrent,32,2,17,11657398335,0,0,5931,503721,293371350,293881002
turso,concurrent,32,2,17,11951279538,0,0,7023,425583,225974756,226407362
turso,concurrent,32,2,17,12177687160,0,0,8336,10165755,26635168,36809259
turso,concurrent,32,2,17,12214496670,0,0,5791,679291,97698854,98383936
turso,concurrent,32,2,17,12312880947,0,0,7294,720690,163264975,163992959
turso,concurrent,32,2,17,12476874146,0,0,7204,715620,96735096,97457920
turso,concurrent,32,2,17,12574332466,0,0,5441,502217,113433811,113941469
turso,concurrent,32,2,17,12688274195,0,0,5811,458405,172849073,173313289
turso,concurrent,32,2,17,12861587654,0,0,5951,538917,237294679,237839547
turso,concurrent,32,2,17,13099427392,0,0,6883,513690,506015397,506535970
turso,concurrent,32,2,17,13605963802,0,0,7224,6384409,85821127,92212760
turso,concurrent,32,2,17,13698176933,0,0,6803,556159,40646241,41209203
turso,concurrent,32,2,17,13739386356,0,0,5971,563514,575770904,576340389
turso,concurrent,32,2,17,14315727016,0,0,8827,7300878,167705736,175015441
turso,concurrent,32,2,17,14490742738,0,0,6462,575446,36097245,36679153
turso,concurrent,32,2,17,14527422142,0,0,5821,530190,124302152,124838163
turso,concurrent,32,2,17,14652260565,0,0,5340,403392,18910489,19319221
turso,concurrent,32,2,17,14671580056,0,0,4860,428799,83820502,84254161
turso,concurrent,32,2,17,14755834447,0,0,5721,468634,117233541,117707896
turso,concurrent,32,2,17,14873542614,0,0,5270,419251,257124533,257549054
turso,concurrent,32,2,17,15131091919,0,0,7303,510244,627831326,628348873
turso,concurrent,32,2,17,15759441082,0,0,36619,14770505,123287788,138094912
turso,concurrent,32,2,17,15897536205,0,0,6703,491017,358057190,358554910
turso,concurrent,32,2,17,16256091385,0,0,5851,483052,103480205,103969108
turso,concurrent,32,2,17,16360060773,0,0,6483,524750,30099836,30631069
turso,concurrent,32,2,17,16390692083,0,0,4859,447775,417398794,417851428
turso,concurrent,32,2,17,16808543731,0,0,8757,791073,109239183,110039013
turso,concurrent,32,2,17,16918582985,0,0,5941,474435,89887793,90368169
turso,concurrent,32,2,17,17008951444,0,0,8205,531794,262815253,263355252
turso,concurrent,32,2,17,17272306937,0,0,5431,430191,42371006,42806628
turso,concurrent,32,2,17,17315113895,0,0,5651,491297,57963984,58460932
turso,concurrent,32,2,17,17373575097,0,0,5080,430653,371237274,371673007
turso,concurrent,32,2,17,17745248314,0,0,7914,7630231,227481709,235119854
turso,concurrent,32,2,17,17980368359,0,0,5811,440451,277610717,278056979
turso,concurrent,32,2,17,18258425548,0,0,6392,478193,41707493,42192078
turso,concurrent,32,2,17,18300617856,0,0,6122,605182,24056100,24667404
turso,concurrent,32,2,17,18325285571,0,0,8195,614480,183091493,183714168
turso,concurrent,32,2,17,18508999969,0,0,6141,533136,26661889,27201166
turso,concurrent,32,2,17,18536201446,0,0,5420,457834,199929761,200393015
turso,concurrent,32,2,17,18736594722,0,0,5560,408000,208604353,209017913
turso,concurrent,32,2,17,18945612895,0,0,8256,10054295,360590161,370652712
turso,concurrent,32,2,17,19316265827,0,0,6342,649686,54123857,54779885
turso,concurrent,32,2,17,19371046012,0,0,6502,467312,134903600,135377414
turso,concurrent,32,2,17,19506423736,0,0,6502,495155,32154434,32656091
turso,concurrent,32,2,17,19539080057,0,0,5140,506696,94338593,94850429
turso,concurrent,32,2,17,19633930716,0,0,5781,517286,222999220,223522287
turso,concurrent,32,2,17,19857453243,0,0,6042,497479,90152812,90656333
turso,concurrent,32,2,17,19948109927,0,0,7343,6841562,60633061,67481966
turso,concurrent,32,2,17,20015592164,0,0,5370,530110,459366879,459902359
turso,concurrent,32,2,17,20475495144,0,0,6943,685052,502221778,502913773
turso,concurrent,32,2,17,20978409198,0,0,7344,575005,597300176,597882525
turso,concurrent,32,2,17,21576291984,0,0,8566,3841811,88442094,92292471
turso,concurrent,32,2,17,21668584725,0,0,5340,504101,211274052,211783493
turso,concurrent,32,2,17,21880368478,0,0,5941,473915,45907440,46387296
turso,concurrent,32,2,17,21926756064,0,0,5050,447434,201941388,202393872
turso,concurrent,32,2,17,22129150196,0,0,7324,635850,344513840,345157014
turso,concurrent,32,2,17,22474307471,0,0,8816,7352446,497189210,504550472
turso,concurrent,32,2,17,22978858183,0,0,6433,485015,251233064,251724512
turso,concurrent,32,2,17,23230583006,0,0,6943,529018,19469514,20005475
turso,concurrent,32,2,17,23250589994,0,0,6603,480156,212339161,212825920
turso,concurrent,32,2,17,23463416194,0,0,8375,6317383,23522303,29848061
turso,concurrent,32,2,17,23493264456,0,0,5090,644967,107438275,108088332
turso,concurrent,32,2,17,23601353049,0,0,5911,660496,299680408,300346815
turso,concurrent,32,2,17,23901700174,0,0,6522,454287,66345482,66806291
turso,concurrent,32,2,17,23968506696,0,0,5290,457444,54628728,55091462
turso,concurrent,32,2,17,24023598369,0,0,5510,481148,209168868,209655526
turso,concurrent,32,2,17,24233254146,0,0,5530,435482,398569047,399010059
turso,concurrent,32,2,17,24632264405,0,0,9098,1280145,317025874,318315117
turso,concurrent,32,2,17,24950579792,0,0,6693,562421,249986913,250556027
turso,concurrent,32,2,17,25201136039,0,0,6102,480777,59134673,59621552
turso,concurrent,32,2,17,25260757821,0,0,8185,600774,183206850,183815809
turso,concurrent,32,2,17,25444573892,0,0,7043,462473,16542620,17012136
turso,concurrent,32,2,17,25461586329,0,0,5580,426105,395255834,395687519
turso,concurrent,32,2,17,25857274048,0,0,7674,6730022,126844379,133582075
turso,concurrent,32,2,17,25990856353,0,0,5750,455240,172157237,172618227
turso,concurrent,32,2,17,26163474841,0,0,6132,522847,56576735,57105714
turso,concurrent,32,2,17,26220580765,0,0,5521,502879,169456370,169964770
turso,concurrent,32,2,17,26390545765,0,0,5440,480698,166318026,166804164
turso,concurrent,32,2,17,26557350230,0,0,8035,692808,170154507,170855350
turso,concurrent,32,2,17,26728205860,0,0,5320,513199,89914823,90433342
turso,concurrent,32,2,17,26818639443,0,0,5170,462312,149011796,149479278
turso,concurrent,32,2,17,26968118951,0,0,8807,7839184,366777338,374625329
turso,concurrent,32,2,17,27342744520,0,0,6172,497439,163346378,163849989
turso,concurrent,32,2,17,27506594750,0,0,6302,556730,156427300,156990332
turso,concurrent,32,2,17,27663585383,0,0,5741,456592,57416600,57878933
turso,concurrent,32,2,17,27721464567,0,0,5941,573031,77521003,78099975
turso,concurrent,32,2,17,27799564773,0,0,5610,553976,247038949,247598535
turso,concurrent,32,2,17,28047163548,0,0,6723,427136,358511217,358945076
turso,concurrent,32,2,17,28406108874,0,0,8536,16272210,152194482,168475228
turso,concurrent,32,2,17,28574584333,0,0,5791,419161,194905239,195330191
turso,concurrent,32,2,17,28769914784,0,0,7434,585305,303871868,304464607
turso,concurrent,32,2,17,29074379661,0,0,6232,461421,91464368,91932021
turso,concurrent,32,2,17,29166311932,0,0,6272,502418,123002870,123511560
turso,concurrent,32,2,17,29289823802,0,0,8005,437757,150964710,151410472
turso,concurrent,32,2,17,29441234715,0,0,18185,15351903,79700105,95070193
turso,concurrent,32,2,17,29536305169,0,0,6973,496747,124988007,125491727
turso,concurrent,32,2,17,29661797166,0,0,6092,486718,383302184,383794994
turso,concurrent,32,2,17,30045592371,0,0,6382,481899,80335054,80823335
turso,concurrent,32,2,17,30126415916,0,0,7034,475657,172501968,172984659
turso,concurrent,32,2,17,30299400825,0,0,6342,473314,61708390,62188046
turso,concurrent,32,2,17,30361589141,0,0,6443,438016,19058669,19503128
turso,concurrent,32,2,17,30381092509,0,0,4739,424911,37714137,38143787
turso,concurrent,32,2,17,30419236527,0,0,5500,457133,586440661,586903294
turso,concurrent,32,2,17,31006140042,0,0,8336,3390619,133490703,136889658
turso,concurrent,32,2,17,31143029900,0,0,6352,690624,227170351,227867327
turso,concurrent,32,2,17,31370897448,0,0,6141,646691,460329916,460982748
turso,concurrent,32,2,17,31831880457,0,0,8957,10243642,173399822,183652421
turso,concurrent,32,2,17,32015533168,0,0,6483,687567,79487975,80182025
turso,concurrent,32,2,17,32095715444,0,0,5931,484685,273977739,274468355
turso,concurrent,32,2,17,32370184010,0,0,5891,444339,674475606,674925836
turso,concurrent,32,2,18,141,1,0,6319066,365870,187913704,194598640
turso,concurrent,32,2,18,194599422,1,0,8145,636842,449198248,449843235
turso,concurrent,32,2,18,644442887,1,0,6632,397260,9585099,9988991
turso,concurrent,32,2,18,654432100,1,0,5761,387190,247536618,247929569
turso,concurrent,32,2,18,902361900,1,0,5951,340503,430022177,430368631
turso,concurrent,32,2,18,1332731062,1,0,42220,3246497,605078025,608366742
turso,concurrent,32,2,18,1941098064,1,0,7024,505263,92811310,93323597
turso,concurrent,32,2,18,2034421891,1,0,11382,451151,122558261,123020794
turso,concurrent,32,2,18,2157442965,1,0,8015,6451607,33256133,39715755
turso,concurrent,32,2,18,2197159651,1,0,7334,648664,128310136,128966134
turso,concurrent,32,2,18,2326126076,1,0,7013,434039,204018989,204460041
turso,concurrent,32,2,18,2530586408,1,0,6332,460849,266362638,266829819
turso,concurrent,32,2,18,2797416528,1,0,6732,457464,82377508,82841704
turso,concurrent,32,2,18,2880258462,1,0,6031,445200,97012849,97464080
turso,concurrent,32,2,18,2977722764,1,0,6472,483943,228199705,228690120
turso,concurrent,32,2,18,3206413074,0,0,7023,5098032,211903579,217008634
turso,concurrent,32,2,18,3423421928,0,0,6082,583020,404070149,404659251
turso,concurrent,32,2,18,3828082030,0,0,6132,481439,359734505,360222076
turso,concurrent,32,2,18,4188304457,0,0,6753,463895,98449421,98920069
turso,concurrent,32,2,18,4287224766,0,0,7043,6605557,240748507,247361107
turso,concurrent,32,2,18,4534586174,0,0,6883,487179,24135671,24629733
turso,concurrent,32,2,18,4559216127,0,0,4889,411617,190459719,190876225
turso,concurrent,32,2,18,4750092582,0,0,6332,448707,148661594,149116633
turso,concurrent,32,2,18,4899209426,0,0,6632,525612,154665335,155197579
turso,concurrent,32,2,18,5054407236,0,0,6402,545239,111629264,112180905
turso,concurrent,32,2,18,5166588392,0,0,5771,493120,120165044,120663935
turso,concurrent,32,2,18,5287252637,0,0,5229,410315,212918775,213334319
turso,concurrent,32,2,18,5500587267,0,0,7304,6195673,744991589,751194566
turso,concurrent,32,2,18,6251782084,0,0,7724,505264,53911416,54424404
turso,concurrent,32,2,18,6306206688,0,0,6272,592047,76043865,76642184
turso,concurrent,32,2,18,6382849183,0,0,6863,518408,317551836,318077107
turso,concurrent,32,2,18,6700926560,0,0,7985,3462365,10146048,13616398
turso,concurrent,32,2,18,6714543198,0,0,5590,651349,156638840,157295779
turso,concurrent,32,2,18,6871840381,0,0,6041,454147,369294959,369755147
turso,concurrent,32,2,18,7241595799,0,0,6251,492059,175165604,175663914
turso,concurrent,32,2,18,7417259914,0,0,6242,659775,415203851,415869868
turso,concurrent,32,2,18,7833130073,0,0,6372,3367084,151495032,154868488
turso,concurrent,32,2,18,7987998832,0,0,6522,420494,193011544,193438560
turso,concurrent,32,2,18,8181437713,0,0,6272,474144,131161978,131642394
turso,concurrent,32,2,18,8313080358,0,0,6452,442525,40653194,41102171
turso,concurrent,32,2,18,8354182749,0,0,6492,614049,27019754,27640295
turso,concurrent,32,2,18,8381823264,0,0,5350,475307,197635301,198115958
turso,concurrent,32,2,18,8579939493,0,0,6452,537384,67868807,68412643
turso,concurrent,32,2,18,8648352366,0,0,6132,528407,11628697,12163236
turso,concurrent,32,2,18,8660515802,0,0,8576,19759802,339216203,358984581
turso,concurrent,32,2,18,9019500573,0,0,7143,8480776,315596565,324084484
turso,concurrent,32,2,18,9343585328,0,0,6101,451633,347079091,347536825
turso,concurrent,32,2,18,9691122444,0,0,6673,498691,73366131,73871495
turso,concurrent,32,2,18,9764994190,0,0,6512,481499,352530209,353018220
turso,concurrent,32,2,18,10118012630,0,0,8577,9124199,201284178,210416954
turso,concurrent,32,2,18,10328429854,0,0,6442,453777,281432889,281893108
turso,concurrent,32,2,18,10610323203,0,0,5420,436854,114823664,115265938
turso,concurrent,32,2,18,10725589301,0,0,5060,444929,8756536,9206525
turso,concurrent,32,2,18,10734796026,0,0,4459,521975,300909397,301435831
turso,concurrent,32,2,18,11036232178,0,0,8656,9857544,56214682,66080882
turso,concurrent,32,2,18,11102313430,0,0,6032,476750,41626661,42109443
turso,concurrent,32,2,18,11144423083,0,0,5781,486829,67428355,67920965
turso,concurrent,32,2,18,11212344328,0,0,5711,551160,109332681,109889552
turso,concurrent,32,2,18,11322234150,0,0,5751,482861,17307134,17795746
turso,concurrent,32,2,18,11340030086,0,0,4639,462232,41086090,41552961
turso,concurrent,32,2,18,11381583258,0,0,5610,475919,32102706,32584235
turso,concurrent,32,2,18,11414167874,0,0,6482,420504,152827276,153254262
turso,concurrent,32,2,18,11567422416,0,0,5531,429080,93964005,94398616
turso,concurrent,32,2,18,11661821413,0,0,6512,693118,64016807,64716437
turso,concurrent,32,2,18,11726538081,0,0,5290,439769,725611634,726056693
turso,concurrent,32,2,18,12452597089,0,0,9808,6604605,54099761,60714174
turso,concurrent,32,2,18,12513311563,0,0,7364,623908,92696994,93328266
turso,concurrent,32,2,18,12606640099,0,0,5340,393322,395157278,395555940
turso,concurrent,32,2,18,13002196340,0,0,6312,460069,126443883,126910264
turso,concurrent,32,2,18,13129106824,0,0,9638,5189935,230550481,235750054
turso,concurrent,32,2,18,13364857149,0,0,6292,463184,122948256,123417732
turso,concurrent,32,2,18,13488275122,0,0,5680,461461,41246484,41713625
turso,concurrent,32,2,18,13529988977,0,0,5621,806171,185569079,186380871
turso,concurrent,32,2,18,13716370038,0,0,5481,590133,186311240,186906854
turso,concurrent,32,2,18,13903277162,0,0,7244,498841,143154401,143660486
turso,concurrent,32,2,18,14046937838,0,0,5561,455500,123030531,123491592
turso,concurrent,32,2,18,14170429691,0,0,6382,413490,848574348,848994220
turso,concurrent,32,2,18,15019424202,0,0,8145,6429134,172724758,179162037
turso,concurrent,32,2,18,15198586539,0,0,6643,500224,73186973,73693840
turso,concurrent,32,2,18,15272280660,0,0,6382,643364,41124193,41773939
turso,concurrent,32,2,18,15314054999,0,0,14357,568082,152161640,152744079
turso,concurrent,32,2,18,15466799379,0,0,7715,9050240,233443751,242501706
turso,concurrent,32,2,18,15709301335,0,0,6853,660136,88351062,89018051
turso,concurrent,32,2,18,15798319567,0,0,5750,562101,119551646,120119497
turso,concurrent,32,2,18,15918439355,0,0,6482,583361,134264313,134854156
turso,concurrent,32,2,18,16053293711,0,0,6062,449829,309669730,310125621
turso,concurrent,32,2,18,16363419562,0,0,5881,424892,152441999,152872772
turso,concurrent,32,2,18,16516292565,0,0,8005,14651692,61465401,76125098
turso,concurrent,32,2,18,16592417894,0,0,7985,643374,111283622,111934981
turso,concurrent,32,2,18,16704353146,0,0,6532,465699,115092009,115564240
turso,concurrent,32,2,18,16819917577,0,0,5580,445151,31583055,32033786
turso,concurrent,32,2,18,16851951564,0,0,5350,520162,88588790,89114302
turso,concurrent,32,2,18,16941066086,0,0,5750,500615,844018800,844525165
turso,concurrent,32,2,18,17785591533,0,0,8346,10468367,613221754,623698467
turso,concurrent,32,2,18,18409290290,0,0,5881,423700,115401564,115831145
turso,concurrent,32,2,18,18525121635,0,0,5601,503380,170251821,170760802
turso,concurrent,32,2,18,18695882657,0,0,5521,687828,49844770,50538119
turso,concurrent,32,2,18,18746421077,0,0,6552,458025,136519068,136983645
turso,concurrent,32,2,18,18883404982,0,0,7514,8230934,415370747,423609195
turso,concurrent,32,2,18,19307014447,0,0,7254,597287,165802824,166407365
turso,concurrent,32,2,18,19473422103,0,0,6402,501707,86887180,87395289
turso,concurrent,32,2,18,19560817702,0,0,7104,626622,16193421,16827147
turso,concurrent,32,2,18,19577645050,0,0,4899,537835,99222610,99765344
turso,concurrent,32,2,18,19677410624,0,0,6212,703247,50466534,51175993
turso,concurrent,32,2,18,19728586867,0,0,5351,416225,147558433,147980009
turso,concurrent,32,2,18,19876567096,0,0,6863,523719,172122391,172652973
turso,concurrent,32,2,18,20049220419,0,0,12574,9553019,144145812,153711405
turso,concurrent,32,2,18,20202932085,0,0,6081,503280,378363073,378872434
turso,concurrent,32,2,18,20581804759,0,0,6212,472912,33300107,33779231
turso,concurrent,32,2,18,20615584280,0,0,6122,600443,68238444,68845009
turso,concurrent,32,2,18,20684429550,0,0,5580,495896,23051134,23552610
turso,concurrent,32,2,18,20707982380,0,0,6062,754414,252231729,252992205
turso,concurrent,32,2,18,20960974775,0,0,6121,525142,74978133,75509396
turso,concurrent,32,2,18,21036484462,0,0,8726,3279921,202967704,206256351
turso,concurrent,32,2,18,21242741104,0,0,7845,7344180,84718968,92070993
turso,concurrent,32,2,18,21334812367,0,0,6673,521504,70609359,71137536
turso,concurrent,32,2,18,21405950143,0,0,6072,519250,310736853,311262175
turso,concurrent,32,2,18,21717212559,0,0,6392,563714,106751208,107321314
turso,concurrent,32,2,18,21824534154,0,0,6522,561570,224065692,224633784
turso,concurrent,32,2,18,22049168218,0,0,6021,474546,286950763,287431330
turso,concurrent,32,2,18,22336600020,0,0,16751,783539,72850969,73651259
turso,concurrent,32,2,18,22410251530,0,0,5631,495475,242628264,243129370
turso,concurrent,32,2,18,22653381171,0,0,6302,486889,186370180,186863371
turso,concurrent,32,2,18,22840244873,0,0,7334,647572,6677271,7332177
turso,concurrent,32,2,18,22847577291,0,0,4999,441814,155388731,155835544
turso,concurrent,32,2,18,23003413155,0,0,6793,660467,272732589,273399849
turso,concurrent,32,2,18,23276813385,0,0,7374,580275,378961713,379549362
turso,concurrent,32,2,18,23656363037,0,0,7675,10718899,379091808,389818382
turso,concurrent,32,2,18,24046181640,0,0,6221,530852,206531851,207068924
turso,concurrent,32,2,18,24253251737,0,0,6963,718286,391448608,392173857
turso,concurrent,32,2,18,24645425804,0,0,7945,6484979,96531411,103024335
turso,concurrent,32,2,18,24748450400,0,0,5881,550128,36580648,37136657
turso,concurrent,32,2,18,24785587307,0,0,5771,560869,253438416,254005056
turso,concurrent,32,2,18,25039592684,0,0,6983,477912,687515015,687999910
turso,concurrent,32,2,18,25727592895,0,0,7083,542314,296840778,297390175
turso,concurrent,32,2,18,26024983320,0,0,8567,3528198,13255918,16792683
turso,concurrent,32,2,18,26041776323,0,0,6793,860364,60582906,61450063
turso,concurrent,32,2,18,26103226627,0,0,5620,443087,225911475,226360182
turso,concurrent,32,2,18,26329587119,0,0,6121,479976,138184331,138670428
turso,concurrent,32,2,18,26468257759,0,0,5430,494673,527396800,527896903
turso,concurrent,32,2,18,26996154902,0,0,9929,6532539,110029245,116571713
turso,concurrent,32,2,18,27112726835,0,0,6853,515944,54770025,55292822
turso,concurrent,32,2,18,27168019888,0,0,6111,455199,40732734,41194044
turso,concurrent,32,2,18,27209214182,0,0,6342,536012,161839926,162382280
turso,concurrent,32,2,18,27371596742,0,0,7124,496116,24290462,24793702
turso,concurrent,32,2,18,27396390735,0,0,5370,455079,34730426,35190875
turso,concurrent,32,2,18,27431581830,0,0,5320,410505,488602594,489018419
turso,concurrent,32,2,18,27920600500,0,0,6853,586867,47497641,48091361
turso,concurrent,32,2,18,27968692111,0,0,5971,563664,62571649,63141284
turso,concurrent,32,2,18,28031833596,0,0,5611,498841,229913589,230418041
turso,concurrent,32,2,18,28262252048,0,0,12804,6901165,102872748,109786717
turso,concurrent,32,2,18,28372039005,0,0,5921,357114,12182221,12545256
turso,concurrent,32,2,18,28384584532,0,0,4749,455470,183972826,184433045
turso,concurrent,32,2,18,28569017787,0,0,6722,512347,18036460,18555529
turso,concurrent,32,2,18,28587573527,0,0,4639,422367,17071518,17498524
turso,concurrent,32,2,18,28605072282,0,0,5751,473052,195120055,195598858
turso,concurrent,32,2,18,28800671370,0,0,5200,573202,18555208,19133610
turso,concurrent,32,2,18,28819805281,0,0,5180,459397,85615359,86079936
turso,concurrent,32,2,18,28905885417,0,0,6102,479575,468875244,469360921
turso,concurrent,32,2,18,29375246688,0,0,7274,604270,89206597,89818141
turso,concurrent,32,2,18,29465065160,0,0,8385,20310261,107062506,127381152
turso,concurrent,32,2,18,29592446522,0,0,6532,468444,62443267,62918243
turso,concurrent,32,2,18,29655365057,0,0,5701,476128,159838769,160320598
turso,concurrent,32,2,18,29815685895,0,0,7194,587589,117148741,117743524
turso,concurrent,32,2,18,29933429699,0,0,5892,476158,198205758,198687808
turso,concurrent,32,2,18,30132117737,0,0,5370,477511,364233768,364716649
turso,concurrent,32,2,18,30496834666,0,0,7234,615902,352331915,352955051
turso,concurrent,32,2,18,30849789988,0,0,8035,6352288,39969494,46329817
turso,concurrent,32,2,18,30896120025,0,0,7153,693499,27598857,28299509
turso,concurrent,32,2,18,30924419794,0,0,5310,615462,97362619,97983391
turso,concurrent,32,2,18,31022403416,0,0,6803,720950,108226423,108954176
turso,concurrent,32,2,18,31131357822,0,0,5320,482240,187739595,188227155
turso,concurrent,32,2,18,31319585238,0,0,6552,592639,5390042,5989233
turso,concurrent,32,2,18,31325574722,0,0,5320,527645,18840958,19373923
turso,concurrent,32,2,18,31344948856,0,0,5430,564075,97107057,97676562
turso,concurrent,32,2,18,31442625628,0,0,5711,571308,19762697,20339716
turso,concurrent,32,2,18,31462965555,0,0,6021,483092,71909573,72398686
turso,concurrent,32,2,18,31535364501,0,0,5060,575456,107219151,107799667
turso,concurrent,32,2,18,31643164328,0,0,5160,475738,83754337,84235235
turso,concurrent,32,2,18,31727399883,0,0,6141,451061,23916748,24373950
turso,concurrent,32,2,18,31751774315,0,0,5620,480437,89357151,89843208
turso,concurrent,32,2,18,31841618104,0,0,14146,12271410,446691928,458977484
turso,concurrent,32,2,18,32300595889,0,0,6762,466461,154498159,154971382
turso,concurrent,32,2,18,32455567482,0,0,6512,515824,85496635,86018971
turso,concurrent,32,2,18,32541586663,0,0,4719,446132,208512539,208963390
turso,concurrent,32,2,18,32750550223,0,0,12584,453105,25757061,26222750
turso,concurrent,32,2,18,32776773153,0,0,4819,472743,104677484,105155046
turso,concurrent,32,2,18,32881928469,0,0,6853,461251,37015989,37484093
turso,concurrent,32,2,18,32919412842,0,0,6312,492169,118138519,118637000
turso,concurrent,32,2,19,572521,1,0,2352440,338058,522656914,525347412
turso,concurrent,32,2,19,525920534,1,0,6793,372533,106162948,106542274
turso,concurrent,32,2,19,632463028,1,0,5180,367323,78300845,78673348
turso,concurrent,32,2,19,711136596,1,0,5651,386530,158878436,159270617
turso,concurrent,32,2,19,870407433,1,0,6632,350311,280205654,280562597
turso,concurrent,32,2,19,1150970501,1,0,42731,2997266,30483501,33523498
turso,concurrent,32,2,19,1184494179,1,0,4559,439720,152290082,152734361
turso,concurrent,32,2,19,1337228801,1,0,6782,625341,80557233,81189356
turso,concurrent,32,2,19,1418418357,1,0,6092,530932,122256220,122793244
turso,concurrent,32,2,19,1541212503,1,0,5731,531312,51525012,52062055
turso,concurrent,32,2,19,1593274828,1,0,7053,477271,161470297,161954621
turso,concurrent,32,2,19,1755229661,1,0,5690,429832,87925709,88361231
turso,concurrent,32,2,19,1843591183,1,0,6302,462402,116323755,116792459
turso,concurrent,32,2,19,1960383852,1,0,5821,464507,46812658,47282986
turso,concurrent,32,2,19,2007667098,1,0,5611,393282,32164272,32563165
turso,concurrent,32,2,19,2040230464,1,0,6151,456091,295175786,295638028
turso,concurrent,32,2,19,2335868753,1,0,7574,7787167,14920829,22715570
turso,concurrent,32,2,19,2358585105,1,0,6352,466771,266154585,266627708
turso,concurrent,32,2,19,2625213073,1,0,5751,505194,69037311,69548256
turso,concurrent,32,2,19,2694761520,1,0,4639,428548,260090160,260523347
turso,concurrent,32,2,19,2955285088,1,0,6753,461781,58204007,58672541
turso,concurrent,32,2,19,3013957859,0,0,5621,528778,71093442,71627841
turso,concurrent,32,2,19,3085585951,0,0,6462,439600,111638131,112084193
turso,concurrent,32,2,19,3197670364,0,0,8005,3270833,72400800,75679638
turso,concurrent,32,2,19,3273350222,0,0,5951,519551,37381319,37906821
turso,concurrent,32,2,19,3311257333,0,0,5922,522756,389795609,390324287
turso,concurrent,32,2,19,3701581820,0,0,6352,424531,34324389,34755272
turso,concurrent,32,2,19,3736337383,0,0,8567,679372,64334917,65022856
turso,concurrent,32,2,19,3801360560,0,0,6602,578141,142637526,143222269
turso,concurrent,32,2,19,3944583119,0,0,7464,587609,35281386,35876459
turso,concurrent,32,2,19,3980459818,0,0,5090,432175,29455561,29892826
turso,concurrent,32,2,19,4010352854,0,0,4929,464356,77762178,78231463
turso,concurrent,32,2,19,4088584559,0,0,5130,451001,249269528,249725659
turso,concurrent,32,2,19,4338312152,0,0,8716,3540412,460725192,464274320
turso,concurrent,32,2,19,4802586712,0,0,5370,409743,77234522,77649635
turso,concurrent,32,2,19,4880236569,0,0,5460,545500,86427912,86978872
turso,concurrent,32,2,19,4967215662,0,0,6071,457374,355842239,356305684
turso,concurrent,32,2,19,5323521577,0,0,7243,566750,29157087,29731080
turso,concurrent,32,2,19,5353252828,0,0,5079,3434392,644346405,647785876
turso,concurrent,32,2,19,6001038974,0,0,6392,423910,121844613,122274915
turso,concurrent,32,2,19,6123314090,0,0,5911,431334,2880747,3317992
turso,concurrent,32,2,19,6126632333,0,0,4558,532685,141041714,141578957
turso,concurrent,32,2,19,6268211571,0,0,6402,477130,327902040,328385572
turso,concurrent,32,2,19,6596597373,0,0,7765,3598461,94935419,98541645
turso,concurrent,32,2,19,6695139278,0,0,5441,446302,151726258,152178001
turso,concurrent,32,2,19,6847317499,0,0,7314,486548,81464315,81958177
turso,concurrent,32,2,19,6929275917,0,0,5971,439630,65119247,65564848
turso,concurrent,32,2,19,6994841006,0,0,5300,429821,51310647,51745768
turso,concurrent,32,2,19,7046587044,0,0,5892,498540,140158467,140662899
turso,concurrent,32,2,19,7187250234,0,0,5991,548095,30307758,30861844
turso,concurrent,32,2,19,7218112329,0,0,6051,491408,146051378,146548837
turso,concurrent,32,2,19,7364661416,0,0,6182,444118,12766534,13216834
turso,concurrent,32,2,19,7377878470,0,0,5120,415995,139294466,139715581
turso,concurrent,32,2,19,7517594282,0,0,6743,478813,357460875,357946431
turso,concurrent,32,2,19,7875541084,0,0,9638,631422,326240773,326881833
turso,concurrent,32,2,19,8202423248,0,0,6172,485997,45007822,45499991
turso,concurrent,32,2,19,8247923459,0,0,6132,551371,52611472,53168975
turso,concurrent,32,2,19,8301092704,0,0,5651,419421,117738084,118163156
turso,concurrent,32,2,19,8419256090,0,0,7204,688820,83779284,84475308
turso,concurrent,32,2,19,8503731638,0,0,5200,443988,85086972,85536160
turso,concurrent,32,2,19,8589268099,0,0,6662,635139,424727264,425369065
turso,concurrent,32,2,19,9014637495,0,0,8877,2554551,153062951,155626379
turso,concurrent,32,2,19,9170264224,0,0,6192,480347,58848522,59335061
turso,concurrent,32,2,19,9229599506,0,0,5791,562401,60424398,60992590
turso,concurrent,32,2,19,9290592406,0,0,5871,466961,28179092,28651924
turso,concurrent,32,2,19,9319246263,0,0,5600,432156,245606435,246044191
turso,concurrent,32,2,19,9565290716,0,0,7143,573262,144433665,145014070
turso,concurrent,32,2,19,9710304986,0,0,7104,582229,183479074,184068407
turso,concurrent,32,2,19,9894373614,0,0,7353,6191515,162253697,168452565
turso,concurrent,32,2,19,10062826409,0,0,5891,413330,375339146,375758367
turso,concurrent,32,2,19,10438585007,0,0,6843,449839,121250522,121707204
turso,concurrent,32,2,19,10560292391,0,0,5511,481398,59263396,59750305
turso,concurrent,32,2,19,10620042896,0,0,5381,477471,343722036,344204888
turso,concurrent,32,2,19,10964248064,0,0,8386,6264553,135966956,142239895
turso,concurrent,32,2,19,11106488269,0,0,6934,687517,383804953,384499404
turso,concurrent,32,2,19,11490987874,0,0,5901,432526,72731063,73169490
turso,concurrent,32,2,19,11564157605,0,0,7163,591767,276502595,277101525
turso,concurrent,32,2,19,11841259430,0,0,7595,547974,37990418,38545987
turso,concurrent,32,2,19,11879805698,0,0,4849,440251,113938683,114383783
turso,concurrent,32,2,19,11994189731,0,0,6713,452223,268204655,268663591
turso,concurrent,32,2,19,12262853602,0,0,8787,9091107,111208220,120308114
turso,concurrent,32,2,19,12383161956,0,0,7554,766918,120523039,121297511
turso,concurrent,32,2,19,12504459708,0,0,6021,448035,190493483,190947539
turso,concurrent,32,2,19,12695407437,0,0,5661,502558,97120493,97628712
turso,concurrent,32,2,19,12793036319,0,0,5922,594882,29233191,29833995
turso,concurrent,32,2,19,12822870474,0,0,5681,533677,84866025,85405383
turso,concurrent,32,2,19,12908276027,0,0,5521,530762,172104457,172640740
turso,concurrent,32,2,19,13080917027,0,0,6954,545519,11478744,12031217
turso,concurrent,32,2,19,13092948494,0,0,6252,622795,224485425,225114472
turso,concurrent,32,2,19,13318063276,0,0,7815,8978645,839323008,848309468
turso,concurrent,32,2,19,14166372995,0,0,7594,559997,68877300,69444891
turso,concurrent,32,2,19,14235818096,0,0,6092,1097611,101320780,102424483
turso,concurrent,32,2,19,14338242879,0,0,7104,482340,51548015,52037459
turso,concurrent,32,2,19,14390280609,0,0,5901,505985,102834426,103346312
turso,concurrent,32,2,19,14493627181,0,0,6052,516505,29278135,29800692
turso,concurrent,32,2,19,14523428084,0,0,5831,499643,342603344,343108818
turso,concurrent,32,2,19,14866537103,0,0,5901,404954,87461694,87872549
turso,concurrent,32,2,19,14954409952,0,0,7024,530801,111484602,112022427
turso,concurrent,32,2,19,15066432629,0,0,5270,441674,153330456,153777400
turso,concurrent,32,2,19,15220210299,0,0,6262,443517,279594530,280044309
turso,concurrent,32,2,19,15500254868,0,0,7244,10979411,243541308,254527963
turso,concurrent,32,2,19,15754783071,0,0,7054,792997,153295379,154095430
turso,concurrent,32,2,19,15908878801,0,0,6352,460138,268367842,268834332
turso,concurrent,32,2,19,16177713425,0,0,7414,452033,196877040,197336487
turso,concurrent,32,2,19,16375050172,0,0,5521,475097,470717740,471198358
turso,concurrent,32,2,19,16846248751,0,0,6281,8964930,194163799,203135010
turso,concurrent,32,2,19,17049384002,0,0,6372,506616,234235685,234748673
turso,concurrent,32,2,19,17284132896,0,0,5290,449939,145864696,146319925
turso,concurrent,32,2,19,17430453011,0,0,5971,494173,70832791,71332935
turso,concurrent,32,2,19,17501786256,0,0,6302,450069,230195732,230652103
turso,concurrent,32,2,19,17732438609,0,0,8276,5615307,156784004,162407587
turso,concurrent,32,2,19,17894846427,0,0,5600,585986,32140959,32732545
turso,concurrent,32,2,19,17927579212,0,0,5120,437475,117566199,118008794
turso,concurrent,32,2,19,18045588247,0,0,6502,486969,46653257,47146728
turso,concurrent,32,2,19,18092735276,0,0,9838,790012,144744742,145544592
turso,concurrent,32,2,19,18238280098,0,0,6011,472202,115548801,116027014
turso,concurrent,32,2,19,18354307413,0,0,6412,464256,48803095,49273763
turso,concurrent,32,2,19,18403581406,0,0,7134,441343,36210138,36658615
turso,concurrent,32,2,19,18440240281,0,0,5330,486118,311679012,312170460
turso,concurrent,32,2,19,18752411031,0,0,6663,440361,34076412,34523436
turso,concurrent,32,2,19,18786934707,0,0,5611,434319,108847986,109287916
turso,concurrent,32,2,19,18896222883,0,0,6592,10875525,171276866,182158983
turso,concurrent,32,2,19,19078382127,0,0,5189,428018,77126519,77559726
turso,concurrent,32,2,19,19155942053,0,0,5761,444278,69224215,69674254
turso,concurrent,32,2,19,19225616578,0,0,6913,534839,13258182,13799934
turso,concurrent,32,2,19,19239416772,0,0,5230,708948,49812269,50526447
turso,concurrent,32,2,19,19289943460,0,0,6081,461261,217933659,218401001
turso,concurrent,32,2,19,19508344631,0,0,6142,453807,78538713,78998662
turso,concurrent,32,2,19,19587343533,0,0,6382,622565,54642004,55270951
turso,concurrent,32,2,19,19642616368,0,0,6984,469476,57290291,57766751
turso,concurrent,32,2,19,19700383380,0,0,5190,476790,139940736,140422716
turso,concurrent,32,2,19,19840806326,0,0,5811,496116,15300045,15801972
turso,concurrent,32,2,19,19856608529,0,0,4679,450360,35981487,36436526
turso,concurrent,32,2,19,19893045285,0,0,5300,435752,26880401,27321453
turso,concurrent,32,2,19,19920366998,0,0,7825,4600222,208609412,213217459
turso,concurrent,32,2,19,20133584697,0,0,7224,567080,38925533,39499837
turso,concurrent,32,2,19,20173084825,0,0,6462,515463,75652236,76174161
turso,concurrent,32,2,19,20249259256,0,0,5730,555499,130588736,131149965
turso,concurrent,32,2,19,20380409472,0,0,6873,592899,111731227,112330999
turso,concurrent,32,2,19,20492740731,0,0,6723,664244,43748906,44419873
turso,concurrent,32,2,19,20537160774,0,0,6182,723255,111055722,111785159
turso,concurrent,32,2,19,20648946163,0,0,7855,518438,73345804,73872097
turso,concurrent,32,2,19,20722818510,0,0,5941,738664,114196460,114941065
turso,concurrent,32,2,19,20837759785,0,0,5751,425523,109473176,109904450
turso,concurrent,32,2,19,20947664495,0,0,4989,448537,128292683,128746209
turso,concurrent,32,2,19,21076410904,0,0,6582,8901209,79111325,88019116
turso,concurrent,32,2,19,21164430240,0,0,5030,476669,161374347,161856046
turso,concurrent,32,2,19,21326286526,0,0,6211,476820,152486483,152969514
turso,concurrent,32,2,19,21479256342,0,0,6291,484946,130757324,131248561
turso,concurrent,32,2,19,21610505163,0,0,5621,518589,37248628,37772838
turso,concurrent,32,2,19,21648278271,0,0,4960,553264,122479181,123037405
turso,concurrent,32,2,19,21771315946,0,0,5640,441153,48019736,48466529
turso,concurrent,32,2,19,21819782716,0,0,5070,500515,56305754,56811339
turso,concurrent,32,2,19,21876594325,0,0,5310,422538,519987917,520415765
turso,concurrent,32,2,19,22397010360,0,0,8486,969991,44129234,45107711
turso,concurrent,32,2,19,22442118321,0,0,6102,634187,97322774,97963063
turso,concurrent,32,2,19,22540081574,0,0,4328,610603,43885643,44500574
turso,concurrent,32,2,19,22584582399,0,0,5791,482971,99767298,100256060
turso,concurrent,32,2,19,22684838679,0,0,5770,732423,22666467,23404660
turso,concurrent,32,2,19,22708243561,0,0,5821,498701,121844834,122349356
turso,concurrent,32,2,19,22830593197,0,0,5881,495585,189881808,190383274
turso,concurrent,32,2,19,23020976732,0,0,7403,817493,195420191,196245087
turso,concurrent,32,2,19,23217222090,0,0,6312,482210,232682735,233171257
turso,concurrent,32,2,19,23450393527,0,0,7935,7186372,181775399,188969706
turso,concurrent,32,2,19,23639363605,0,0,6582,478924,266110622,266596128
turso,concurrent,32,2,19,23905960044,0,0,5731,455830,151151614,151613175
turso,concurrent,32,2,19,24057573439,0,0,6412,610462,94416079,95032953
turso,concurrent,32,2,19,24152606572,0,0,5922,507718,188742297,189255937
turso,concurrent,32,2,19,24341862799,0,0,6642,502679,57850649,58359970
turso,concurrent,32,2,19,24400223031,0,0,5641,513108,22564135,23082884
turso,concurrent,32,2,19,24423306155,0,0,6032,496056,328244626,328746714
turso,concurrent,32,2,19,24752053119,0,0,8386,1606422,98557855,100172663
turso,concurrent,32,2,19,24852226022,0,0,6202,447905,472909267,473363374
turso,concurrent,32,2,19,25325589677,0,0,6422,427416,22268708,22702546
turso,concurrent,32,2,19,25348292423,0,0,6542,507198,134773363,135287103
turso,concurrent,32,2,19,25483579796,0,0,5760,454749,35011836,35472345
turso,concurrent,32,2,19,25519052403,0,0,5260,459247,164066978,164531485
turso,concurrent,32,2,19,25683584149,0,0,7043,548285,100455416,101010744
turso,concurrent,32,2,19,25784595153,0,0,8166,647001,354620965,355276132
turso,concurrent,32,2,19,26139871475,0,0,6172,449047,89451530,89906749
turso,concurrent,32,2,19,26229778494,0,0,6212,580085,91570337,92156634
turso,concurrent,32,2,19,26321935359,0,0,6061,603910,58805923,59415894
turso,concurrent,32,2,19,26381351513,0,0,5841,451422,100999363,101456626
turso,concurrent,32,2,19,26482808359,0,0,6081,419542,24353441,24779064
turso,concurrent,32,2,19,26507587644,0,0,5590,464537,67707111,68177238
turso,concurrent,32,2,19,26575765184,0,0,7695,634076,142292514,142934285
turso,concurrent,32,2,19,26718699710,0,0,6091,484865,415879577,416370533
turso,concurrent,32,2,19,27135070533,0,0,8196,3426156,109087157,112521509
turso,concurrent,32,2,19,27247592282,0,0,6062,481639,880468030,880955731
turso,concurrent,32,2,19,28128548333,0,0,6673,455309,356829614,357291596
turso,concurrent,32,2,19,28485840189,0,0,8145,6372246,132386750,138767141
turso,concurrent,32,2,19,28624607570,0,0,5912,462592,81107142,81575646
turso,concurrent,32,2,19,28706183446,0,0,5901,521795,414887144,415414840
turso,concurrent,32,2,19,29121598506,0,0,7554,632694,6566814,7207062
turso,concurrent,32,2,19,29128805778,0,0,4899,649155,46124920,46778974
turso,concurrent,32,2,19,29175584963,0,0,5961,490135,350423473,350919569
turso,concurrent,32,2,19,29526504722,0,0,8806,3702388,113046158,116757352
turso,concurrent,32,2,19,29643262286,0,0,5600,440251,244552867,244998718
turso,concurrent,32,2,19,29888261275,0,0,5841,609490,162407266,163022597
turso,concurrent,32,2,19,30051284132,0,0,6732,618217,54633478,55258427
turso,concurrent,32,2,19,30106542760,0,0,5350,459207,114177704,114642261
turso,concurrent,32,2,19,30221185242,0,0,6422,518518,342732098,343257038
turso,concurrent,32,2,19,30564442571,0,0,8626,512868,128300898,128822392
turso,concurrent,32,2,19,30693265464,0,0,17052,4768970,202232217,207018239
turso,concurrent,32,2,19,30900283913,0,0,6132,431053,81391558,81828743
turso,concurrent,32,2,19,30982112907,0,0,7895,564154,215512620,216084669
turso,concurrent,32,2,19,31198197887,0,0,7514,491608,311894178,312393300
turso,concurrent,32,2,19,31510591458,0,0,6793,509992,448097611,448614396
turso,concurrent,32,2,19,31959206084,0,0,8426,4918984,240299720,245227130
turso,concurrent,32,2,19,32204433454,0,0,6733,524530,101338914,101870177
turso,concurrent,32,2,19,32306303861,0,0,5170,430593,95698488,96134251
turso,concurrent,32,2,19,32402438413,0,0,6773,598730,329381651,329987154
turso,concurrent,32,2,19,32732425787,0,0,6072,520422,47424493,47950987
turso,concurrent,32,2,19,32780377054,0,0,6493,516524,250375998,250899015
turso,concurrent,32,2,20,882,1,0,2286435,562462,446081075,448929972
turso,concurrent,32,2,20,448931314,1,0,7084,378304,283476155,283861543
turso,concurrent,32,2,20,732793088,1,0,5560,328821,71190155,71524536
turso,concurrent,32,2,20,804317874,1,0,5531,396869,32690987,33093387
turso,concurrent,32,2,20,837411481,1,0,5971,431795,410259600,410697366
turso,concurrent,32,2,20,1248109538,1,0,50515,2524224,21599955,24174694
turso,concurrent,32,2,20,1272284513,1,0,4899,388433,209606535,209999867
turso,concurrent,32,2,20,1482284600,1,0,5641,411947,17374030,17791618
turso,concurrent,32,2,20,1500076498,1,0,6152,458916,13911745,14376813
turso,concurrent,32,2,20,1514453922,1,0,5300,484955,591176409,591666664
turso,concurrent,32,2,20,2106120816,1,0,8086,3496078,42702281,46206445
turso,concurrent,32,2,20,2152327511,1,0,7264,2682022,100470364,103159650
turso,concurrent,32,2,20,2255487442,1,0,6372,558915,185174794,185740081
turso,concurrent,32,2,20,2441227773,1,0,6633,487721,738698352,739192706
turso,concurrent,32,2,20,3180420739,0,0,7685,4621412,106851718,111480815
turso,concurrent,32,2,20,3291901774,0,0,6202,500775,6704844,7211821
turso,concurrent,32,2,20,3299113805,0,0,6472,518880,291222254,291747606
turso,concurrent,32,2,20,3590862193,0,0,6482,487740,67858878,68353100
turso,concurrent,32,2,20,3659215524,0,0,5280,499513,161967856,162472649
turso,concurrent,32,2,20,3821688384,0,0,6031,465649,41198002,41669682
turso,concurrent,32,2,20,3863358376,0,0,7976,643794,126583257,127235027
turso,concurrent,32,2,20,3990593714,0,0,6302,493060,61286765,61786127
turso,concurrent,32,2,20,4052380061,0,0,8366,660346,59455589,60124301
turso,concurrent,32,2,20,4112504662,0,0,7534,496647,679045892,679550073
turso,concurrent,32,2,20,4792054977,0,0,8626,3307452,48221006,51537084
turso,concurrent,32,2,20,4843592261,0,0,4749,452975,19960461,20418185
turso,concurrent,32,2,20,4864010636,0,0,4699,391219,24790696,25186614
turso,concurrent,32,2,20,4889197450,0,0,6373,476359,8756295,9239027
turso,concurrent,32,2,20,4898436777,0,0,6833,545450,74601513,75153796
turso,concurrent,32,2,20,4973590773,0,0,6402,473213,220101982,220581597
turso,concurrent,32,2,20,5194172681,0,0,6993,588531,200832545,201428069
turso,concurrent,32,2,20,5395600990,0,0,8917,9021717,37962635,46993269
turso,concurrent,32,2,20,5442594479,0,0,5881,477261,326503560,326986702
turso,concurrent,32,2,20,5769582664,0,0,6662,443678,6955898,7406238
turso,concurrent,32,2,20,5776989142,0,0,6402,690764,227034696,227731862
turso,concurrent,32,2,20,6004721304,0,0,5741,575205,96399382,96980328
turso,concurrent,32,2,20,6101701872,0,0,6733,445441,119345036,119797210
turso,concurrent,32,2,20,6221499342,0,0,5610,422507,691448099,691876216
turso,concurrent,32,2,20,6913375849,0,0,7534,5191799,126826135,132025468
turso,concurrent,32,2,20,7045401537,0,0,5771,482240,6407062,6895073
turso,concurrent,32,2,20,7052296901,0,0,6492,730358,1369339041,1370075891
turso,concurrent,32,2,20,8422373033,0,0,7233,2703503,41874628,44585364
turso,concurrent,32,2,20,8466958657,0,0,6051,536983,18679023,19222057
turso,concurrent,32,2,20,8486180955,0,0,5340,418270,317237612,317661222
turso,concurrent,32,2,20,8803842478,0,0,8616,9016467,11715851,20740934
turso,concurrent,32,2,20,8824583642,0,0,5360,475097,136365428,136845885
turso,concurrent,32,2,20,8961429697,0,0,5991,563934,109848113,110418038
turso,concurrent,32,2,20,9071848027,0,0,6642,468344,132760675,133235661
turso,concurrent,32,2,20,9205083979,0,0,6281,527847,11574624,12108752
turso,concurrent,32,2,20,9217193082,0,0,6322,428528,29198346,29633196
turso,concurrent,32,2,20,9246826508,0,0,5380,469797,179513921,179989098
turso,concurrent,32,2,20,9426815876,0,0,7393,630019,665073192,665710604
turso,concurrent,32,2,20,10092526802,0,0,8265,5324399,44476930,49809594
turso,concurrent,32,2,20,10142336606,0,0,6042,495865,331536188,332038095
turso,concurrent,32,2,20,10474375112,0,0,6492,448076,29423009,29877577
turso,concurrent,32,2,20,10504252890,0,0,5350,477461,35839870,36322681
turso,concurrent,32,2,20,10540575761,0,0,6372,550128,66302992,66859492
turso,concurrent,32,2,20,10607435573,0,0,6212,581607,72908879,73496698
turso,concurrent,32,2,20,10680932532,0,0,5981,500284,254990666,255496931
turso,concurrent,32,2,20,10936429794,0,0,9468,4306317,20726997,25042782
turso,concurrent,32,2,20,10961472917,0,0,5901,628957,96140072,96774930
turso,concurrent,32,2,20,11058248147,0,0,5681,757279,20572206,21335166
turso,concurrent,32,2,20,11079583643,0,0,5020,672038,31923058,32600116
turso,concurrent,32,2,20,11112183939,0,0,5080,459387,144943427,145407894
turso,concurrent,32,2,20,11257592173,0,0,6362,514842,140123020,140644224
turso,concurrent,32,2,20,11398238410,0,0,6442,710922,332309036,333026400
turso,concurrent,32,2,20,11731265102,0,0,6612,517937,142303806,142828355
turso,concurrent,32,2,20,11874093778,0,0,8245,688740,154923662,155620647
turso,concurrent,32,2,20,12029714766,0,0,9899,20621919,125984306,146616124
turso,concurrent,32,2,20,12176331181,0,0,6792,548285,159417093,159972170
turso,concurrent,32,2,20,12336303632,0,0,5951,555919,261103954,261665824
turso,concurrent,32,2,20,12597969766,0,0,6893,481168,111885969,112374030
turso,concurrent,32,2,20,12710343997,0,0,5350,511064,34040985,34557399
turso,concurrent,32,2,20,12744901596,0,0,5120,524119,866208338,866737577
turso,concurrent,32,2,20,13611639543,0,0,8627,14034357,110044042,124087026
turso,concurrent,32,2,20,13735726880,0,0,7193,593601,62092826,62693620
turso,concurrent,32,2,20,13798420830,0,0,5551,435702,49549423,49990676
turso,concurrent,32,2,20,13848411756,0,0,4448,434330,575456992,575895770
turso,concurrent,32,2,20,14424307897,0,0,8316,5821136,139879761,145709213
turso,concurrent,32,2,20,14570017350,0,0,6683,862828,375759640,376629151
turso,concurrent,32,2,20,14946646751,0,0,6923,499162,71431391,71937476
turso,concurrent,32,2,20,15018584487,0,0,6302,514902,40234833,40756037
turso,concurrent,32,2,20,15059340785,0,0,5981,469306,12010667,12485954
turso,concurrent,32,2,20,15071826970,0,0,4809,477702,63277742,63760253
turso,concurrent,32,2,20,15135587433,0,0,5841,587950,17410548,18004339
turso,concurrent,32,2,20,15153592153,0,0,7294,721190,201715753,202444237
turso,concurrent,32,2,20,15356036630,0,0,6282,507528,107277220,107791030
turso,concurrent,32,2,20,15463827901,0,0,7744,592268,250160140,250760152
turso,concurrent,32,2,20,15714588423,0,0,6963,567181,177683657,178257801
turso,concurrent,32,2,20,15892846484,0,0,5501,417368,431553647,431976516
turso,concurrent,32,2,20,16324823240,0,0,6131,586968,225881419,226474518
turso,concurrent,32,2,20,16551298020,0,0,8496,5246221,192073654,197328371
turso,concurrent,32,2,20,16748626652,0,0,6823,605031,29179580,29791434
turso,concurrent,32,2,20,16778418346,0,0,5671,507798,320420881,320934350
turso,concurrent,32,2,20,17099352996,0,0,5952,428418,20285404,20719774
turso,concurrent,32,2,20,17120072960,0,0,4849,418750,398690486,399114085
turso,concurrent,32,2,20,17519187337,0,0,5230,431184,113524861,113961275
turso,concurrent,32,2,20,17633148993,0,0,9448,33383874,223631383,257024705
turso,concurrent,32,2,20,17890174058,0,0,8095,15686284,37426744,53121123
turso,concurrent,32,2,20,17943295693,0,0,6192,478824,192207747,192692763
turso,concurrent,32,2,20,18135988797,0,0,6873,606164,90031684,90644721
turso,concurrent,32,2,20,18226633869,0,0,6802,452014,409766459,410225275
turso,concurrent,32,2,20,18636859394,0,0,7264,658633,47062359,47728256
turso,concurrent,32,2,20,18684587901,0,0,6202,710551,6976857,7693610
turso,concurrent,32,2,20,18692281711,0,0,6352,691044,265065350,265762746
turso,concurrent,32,2,20,18958045178,0,0,9568,6093901,200310039,206413508
turso,concurrent,32,2,20,19164458966,0,0,6472,513629,30312488,30832589
turso,concurrent,32,2,20,19195291746,0,0,5240,450420,65686729,66142389
turso,concurrent,32,2,20,19261434456,0,0,6552,523598,15764923,16295073
turso,concurrent,32,2,20,19277729799,0,0,4669,427587,329815601,330247857
turso,concurrent,32,2,20,19607977956,0,0,7625,621793,98884873,99514291
turso,concurrent,32,2,20,19707492487,0,0,5410,604050,108644762,109254222
turso,concurrent,32,2,20,19816746939,0,0,6232,515503,33655096,34176831
turso,concurrent,32,2,20,19850923991,0,0,5460,445020,47043764,47494244
turso,concurrent,32,2,20,19898418465,0,0,5580,430212,451221116,451656908
turso,concurrent,32,2,20,20350075564,0,0,9127,9252672,200095795,209357594
turso,concurrent,32,2,20,20559433458,0,0,5761,411707,165858570,166276038
turso,concurrent,32,2,20,20725709767,0,0,7033,493541,77370139,77870713
turso,concurrent,32,2,20,20803580760,0,0,5581,444038,238205247,238654866
turso,concurrent,32,2,20,21042235917,0,0,8055,8486035,103857207,112351297
turso,concurrent,32,2,20,21154587594,0,0,7965,7554688,35112246,42674899
turso,concurrent,32,2,20,21197262784,0,0,5370,517867,51648194,52171431
turso,concurrent,32,2,20,21249434566,0,0,5531,588641,44456792,45050964
turso,concurrent,32,2,20,21294485740,0,0,5851,551030,173258866,173815747
turso,concurrent,32,2,20,21468301727,0,0,6613,693178,64277068,64976859
turso,concurrent,32,2,20,21533278857,0,0,6803,682878,100617342,101307023
turso,concurrent,32,2,20,21634586151,0,0,6071,459207,403409171,403874449
turso,concurrent,32,2,20,22038460931,0,0,6602,518389,269456216,269981207
turso,concurrent,32,2,20,22308442549,0,0,9187,513640,140379413,140902240
turso,concurrent,32,2,20,22449346563,0,0,5510,516164,372464671,372986345
turso,concurrent,32,2,20,22822333179,0,0,6091,495155,65543728,66044974
turso,concurrent,32,2,20,22888378424,0,0,6923,590645,151244869,151842437
turso,concurrent,32,2,20,23040221062,0,0,5610,460489,91784262,92250361
turso,concurrent,32,2,20,23132471664,0,0,7614,557622,38875418,39440654
turso,concurrent,32,2,20,23171912529,0,0,4619,523427,43871478,44399524
turso,concurrent,32,2,20,23216312283,0,0,5060,467111,43100893,43573064
turso,concurrent,32,2,20,23259885588,0,0,6051,503029,477937096,478446176
turso,concurrent,32,2,20,23738331994,0,0,8706,7777869,61577483,69364058
turso,concurrent,32,2,20,23807696294,0,0,5761,396909,53317955,53720625
turso,concurrent,32,2,20,23861417119,0,0,5209,426285,231729075,232160569
turso,concurrent,32,2,20,24093577959,0,0,6002,446462,46295402,46747866
turso,concurrent,32,2,20,24140326066,0,0,4889,493321,221584459,222082669
turso,concurrent,32,2,20,24362408976,0,0,6452,452794,305254929,305714175
turso,concurrent,32,2,20,24668123441,0,0,7795,20193510,315547644,335748949
turso,concurrent,32,2,20,25003872610,0,0,6573,526794,386374633,386908000
turso,concurrent,32,2,20,25390780860,0,0,8115,649025,27962623,28619763
turso,concurrent,32,2,20,25419400894,0,0,7554,789049,269093391,269889994
turso,concurrent,32,2,20,25689291089,0,0,6492,574434,202720739,203301665
turso,concurrent,32,2,20,25892593105,0,0,8386,9100524,40885913,49994823
turso,concurrent,32,2,20,25942588179,0,0,4939,492870,321134247,321632056
turso,concurrent,32,2,20,26264220465,0,0,6553,624148,258149978,258780679
turso,concurrent,32,2,20,26523001374,0,0,6131,429761,81687226,82123118
turso,concurrent,32,2,20,26605124673,0,0,7474,913524,4079279,5000277
turso,concurrent,32,2,20,26610125190,0,0,4930,521794,109760338,110287062
turso,concurrent,32,2,20,26720412552,0,0,6943,506657,107887312,108400912
turso,concurrent,32,2,20,26828813694,0,0,5901,453726,374158297,374617924
turso,concurrent,32,2,20,27203431930,0,0,9378,3681387,355778219,359468984
turso,concurrent,32,2,20,27562901175,0,0,7634,512648,329717796,330238078
turso,concurrent,32,2,20,27893139473,0,0,6533,551330,141115403,141673266
turso,concurrent,32,2,20,28034812969,0,0,6443,511124,59904165,60421732
turso,concurrent,32,2,20,28095234952,0,0,6562,555749,145796347,146358658
turso,concurrent,32,2,20,28241593800,0,0,9408,6913127,546446472,553369007
turso,concurrent,32,2,20,28794963037,0,0,7123,468565,11983045,12458733
turso,concurrent,32,2,20,28807422020,0,0,5270,465218,540533332,541003820
turso,concurrent,32,2,20,29348426101,0,0,6873,499021,300040738,300546632
turso,concurrent,32,2,20,29648973033,0,0,9639,6280583,57585258,63875480
turso,concurrent,32,2,20,29712848774,0,0,6833,428709,237955807,238391349
turso,concurrent,32,2,20,29951240353,0,0,6222,486738,104773676,105266636
turso,concurrent,32,2,20,30056507230,0,0,5390,498641,45201758,45705789
turso,concurrent,32,2,20,30102213269,0,0,4840,428308,15948920,16382068
turso,concurrent,32,2,20,30118595607,0,0,5911,487571,47558155,48051637
turso,concurrent,32,2,20,30166647514,0,0,5000,437846,62263228,62706074
turso,concurrent,32,2,20,30229353928,0,0,6753,546101,180688517,181241371
turso,concurrent,32,2,20,30410595560,0,0,5610,459638,174234106,174699354
turso,concurrent,32,2,20,30585295235,0,0,9408,3606967,96680903,100297278
turso,concurrent,32,2,20,30685592753,0,0,6722,519651,64798512,65324885
turso,concurrent,32,2,20,30750917879,0,0,6652,721782,65414014,66142448
turso,concurrent,32,2,20,30817060629,0,0,5751,538897,110813865,111358513
turso,concurrent,32,2,20,30928419372,0,0,5109,439580,44725198,45169887
turso,concurrent,32,2,20,30973589561,0,0,6462,567461,808685257,809259180
turso,concurrent,32,2,20,31782849011,0,0,9067,9271979,89029342,98310388
turso,concurrent,32,2,20,31881159690,0,0,7634,15666447,12326403,28000484
turso,concurrent,32,2,20,31909160425,0,0,5270,450019,120691477,121146766
turso,concurrent,32,2,20,32030307411,0,0,6563,540280,376316390,376863233
turso,concurrent,32,2,20,32407170914,0,0,6683,471881,170318045,170796609
turso,concurrent,32,2,20,32577967804,0,0,8156,627894,63624216,64260266
turso,concurrent,32,2,20,32642228431,0,0,6111,502338,347553758,348062207
turso,concurrent,32,2,20,32990290858,0,0,7484,664564,67947556,68619604
turso,concurrent,32,2,21,550359,1,0,7825910,568713,587289253,595683876
turso,concurrent,32,2,21,596234676,1,0,6682,490957,379506992,380004631
turso,concurrent,32,2,21,976239627,1,0,7104,363135,594988803,595359042
turso,concurrent,32,2,21,1571598920,1,0,68209,3324213,56193102,59585524
turso,concurrent,32,2,21,1631184704,1,0,5401,424310,325209959,325639670
turso,concurrent,32,2,21,1956824905,1,0,6553,474215,6842904,7323672
turso,concurrent,32,2,21,1964148858,1,0,4638,455891,335562627,336023156
turso,concurrent,32,2,21,2300172224,1,0,7224,4071403,186390930,190469557
turso,concurrent,32,2,21,2490642002,1,0,6292,438086,636766780,637211158
turso,concurrent,32,2,21,3127853912,0,0,6372,435041,34365537,34806950
turso,concurrent,32,2,21,3162661082,0,0,8426,599892,170322905,170931223
turso,concurrent,32,2,21,3333592576,0,0,7163,13429526,15240813,28677502
turso,concurrent,32,2,21,3362270459,0,0,6081,538547,324430637,324975265
turso,concurrent,32,2,21,3687245985,0,0,5631,422357,73687929,74115917
turso,concurrent,32,2,21,3761362212,0,0,6052,411386,36000913,36418351
turso,concurrent,32,2,21,3797780864,0,0,6442,490396,39134386,39631224
turso,concurrent,32,2,21,3837412329,0,0,7013,628947,160333603,160969563
turso,concurrent,32,2,21,3998382824,0,0,5440,443357,64409317,64858114
turso,concurrent,32,2,21,4063241109,0,0,4528,433739,123932043,124370310
turso,concurrent,32,2,21,4187611629,0,0,6292,446693,337336775,337789760
turso,concurrent,32,2,21,4525401670,0,0,7444,9662786,78218600,87888830
turso,concurrent,32,2,21,4613290740,0,0,6352,487831,162503227,162997410
turso,concurrent,32,2,21,4776288401,0,0,6272,407519,54195571,54609362
turso,concurrent,32,2,21,4830897973,0,0,5901,453255,41132669,41591825
turso,concurrent,32,2,21,4872490019,0,0,4439,458926,107302208,107765573
turso,concurrent,32,2,21,4980255852,0,0,6432,540630,40199438,40746500
turso,concurrent,32,2,21,5021002592,0,0,5330,508981,56087221,56601532
turso,concurrent,32,2,21,5077604335,0,0,5981,410655,122528374,122945010
turso,concurrent,32,2,21,5200549606,0,0,5310,395697,90639250,91040257
turso,concurrent,32,2,21,5291590093,0,0,6041,429871,154235344,154671256
turso,concurrent,32,2,21,5446261600,0,0,7344,7131179,294052185,301190708
turso,concurrent,32,2,21,5747452508,0,0,6873,548235,22378204,22933312
turso,concurrent,32,2,21,5770386060,0,0,4940,447103,70957236,71409279
turso,concurrent,32,2,21,5841796841,0,0,5891,476759,31482897,31965547
turso,concurrent,32,2,21,5873762700,0,0,7013,427296,51614391,52048700
turso,concurrent,32,2,21,5925811640,0,0,6082,622935,38143968,38772985
turso,concurrent,32,2,21,5964584886,0,0,6001,426305,260109115,260541421
turso,concurrent,32,2,21,6225126528,0,0,5631,483823,29745397,30234851
turso,concurrent,32,2,21,6255361559,0,0,5781,582530,380165755,380754066
turso,concurrent,32,2,21,6636115875,0,0,8055,3322020,107362221,110692296
turso,concurrent,32,2,21,6746808392,0,0,5610,444249,110069441,110519300
turso,concurrent,32,2,21,6857327902,0,0,6532,537665,161343418,161887615
turso,concurrent,32,2,21,7019215727,0,0,4329,406968,53591912,54003209
turso,concurrent,32,2,21,7073219457,0,0,5240,477050,269892039,270374329
turso,concurrent,32,2,21,7343594057,0,0,7294,556009,117086133,117649436
turso,concurrent,32,2,21,7461243813,0,0,6092,476709,348700923,349183724
turso,concurrent,32,2,21,7810427817,0,0,9218,12999794,18976113,31985125
turso,concurrent,32,2,21,7842413132,0,0,5891,571659,283728102,284305652
turso,concurrent,32,2,21,8126718994,0,0,7214,585485,195025104,195617803
turso,concurrent,32,2,21,8322337088,0,0,6222,503159,129368343,129877724
turso,concurrent,32,2,21,8452215102,0,0,6722,553094,37986912,38546728
turso,concurrent,32,2,21,8490762061,0,0,4328,406056,687051952,687462336
turso,concurrent,32,2,21,9178224618,0,0,8215,13517642,21916732,35442589
turso,concurrent,32,2,21,9213667438,0,0,4859,453175,258520638,258978672
turso,concurrent,32,2,21,9472646361,0,0,6692,617516,86137645,86761853
turso,concurrent,32,2,21,9559408474,0,0,6773,689151,217006189,217702113
turso,concurrent,32,2,21,9777110847,0,0,7534,2420438,272884487,275312459
turso,concurrent,32,2,21,10052423556,0,0,8556,7547174,37221777,44777507
turso,concurrent,32,2,21,10097201284,0,0,5951,669684,344457874,345133509
turso,concurrent,32,2,21,10442335044,0,0,4949,443146,331471767,331919862
turso,concurrent,32,2,21,10774255206,0,0,5852,439689,157424693,157870234
turso,concurrent,32,2,21,10932125721,0,0,7394,12269656,34769760,47046810
turso,concurrent,32,2,21,10979172941,0,0,7104,596025,157531554,158134683
turso,concurrent,32,2,21,11137307925,0,0,5701,707976,114286459,115000136
turso,concurrent,32,2,21,11252308662,0,0,5691,499192,117544428,118049311
turso,concurrent,32,2,21,11370360297,0,0,6623,522045,79541196,80069864
turso,concurrent,32,2,21,11450430411,0,0,5090,432376,138116022,138553488
turso,concurrent,32,2,21,11588984189,0,0,5460,440631,127925310,128371401
turso,concurrent,32,2,21,11717355961,0,0,5140,424922,196004082,196434144
turso,concurrent,32,2,21,11913790456,0,0,8015,685784,198609570,199303369
turso,concurrent,32,2,21,12113094065,0,0,7715,7912733,196352200,204272648
turso,concurrent,32,2,21,12317366973,0,0,6463,483803,305720787,306211053
turso,concurrent,32,2,21,12623578426,0,0,7193,515633,425983966,426506792
turso,concurrent,32,2,21,13050085600,0,0,6923,689842,303639940,304336705
turso,concurrent,32,2,21,13354422576,0,0,8165,7610604,151384353,159003122
turso,concurrent,32,2,21,13513425878,0,0,6432,490506,35626667,36123605
turso,concurrent,32,2,21,13549549683,0,0,13165,486108,211319516,211818789
turso,concurrent,32,2,21,13761368773,0,0,6232,453005,156175895,156635132
turso,concurrent,32,2,21,13918004146,0,0,5891,477050,282795291,283278232
turso,concurrent,32,2,21,14201282629,0,0,6071,499202,69200550,69705823
turso,concurrent,32,2,21,14270988833,0,0,8847,3430694,57496041,60935582
turso,concurrent,32,2,21,14331924625,0,0,5100,425052,269990434,270420586
turso,concurrent,32,2,21,14602345412,0,0,5019,420163,70374266,70799448
turso,concurrent,32,2,21,14673145080,0,0,5260,424722,448892891,449322873
turso,concurrent,32,2,21,15122468343,0,0,7113,502418,100869889,101379420
turso,concurrent,32,2,21,15223848014,0,0,6813,487270,113908616,114402699
turso,concurrent,32,2,21,15338250953,0,0,5781,483854,58189208,58678843
turso,concurrent,32,2,21,15396929976,0,0,6602,3320958,275159600,278487160
turso,concurrent,32,2,21,15675417357,0,0,6122,588741,287269515,287864378
turso,concurrent,32,2,21,15963282025,0,0,5621,494313,21387023,21886957
turso,concurrent,32,2,21,15985169332,0,0,4900,521955,730783224,731310079
turso,concurrent,32,2,21,16716479702,0,0,7985,4142328,105945878,110096191
turso,concurrent,32,2,21,16826576093,0,0,5480,448888,87557694,88012062
turso,concurrent,32,2,21,16914588386,0,0,5721,411937,300187745,300605403
turso,concurrent,32,2,21,17215194200,0,0,7995,583080,242662530,243253605
turso,concurrent,32,2,21,17458448005,0,0,5972,466550,49506222,49978744
turso,concurrent,32,2,21,17508427029,0,0,5280,492470,261927647,262425397
turso,concurrent,32,2,21,17770852737,0,0,7324,12503577,222902798,235413699
turso,concurrent,32,2,21,18006266707,0,0,5951,518218,119282829,119806998
turso,concurrent,32,2,21,18126074085,0,0,7154,616844,145333974,145957972
turso,concurrent,32,2,21,18272032238,0,0,5831,506646,270064394,270576871
turso,concurrent,32,2,21,18542609389,0,0,6222,459277,125940203,126405702
turso,concurrent,32,2,21,18669015472,0,0,6652,685103,222882159,223573914
turso,concurrent,32,2,21,18892589666,0,0,7615,7025528,225080648,232113791
turso,concurrent,32,2,21,19124703738,0,0,6292,402610,79224938,79633840
turso,concurrent,32,2,21,19204337849,0,0,6442,480306,639550374,640037122
turso,concurrent,32,2,21,19844375281,0,0,6663,483352,87317913,87807928
turso,concurrent,32,2,21,19932183469,0,0,7635,543796,90861159,91412590
turso,concurrent,32,2,21,20023596480,0,0,6582,479876,351511257,351997715
turso,concurrent,32,2,21,20375594545,0,0,7585,557602,52429478,52994665
turso,concurrent,32,2,21,20428589451,0,0,5600,513970,181303990,181823560
turso,concurrent,32,2,21,20610413271,0,0,6512,727123,398764997,399498632
turso,concurrent,32,2,21,21009912133,0,0,6713,485356,341634265,342126334
turso,concurrent,32,2,21,21352038798,0,0,8616,5533233,73491588,79033437
turso,concurrent,32,2,21,21431072506,0,0,6482,851717,130650583,131508782
turso,concurrent,32,2,21,21562581448,0,0,5491,489273,11244612,11739376
turso,concurrent,32,2,21,21574321235,0,0,7353,511686,84741681,85260720
turso,concurrent,32,2,21,21659582225,0,0,5541,472471,78972963,79450975
turso,concurrent,32,2,21,21739033511,0,0,5420,467402,34707543,35180365
turso,concurrent,32,2,21,21774214096,0,0,5471,501276,181509687,182016434
turso,concurrent,32,2,21,21956230911,0,0,6933,567721,25352528,25927182
turso,concurrent,32,2,21,21982158333,0,0,5180,543936,27364474,27913590
turso,concurrent,32,2,21,22010072204,0,0,6081,473353,11694822,12174256
turso,concurrent,32,2,21,22022246690,0,0,5250,472612,295706268,296184130
turso,concurrent,32,2,21,22318431210,0,0,8867,6149406,662869402,669027675
turso,concurrent,32,2,21,22987459186,0,0,7564,564175,90029480,90601219
turso,concurrent,32,2,21,23078060725,0,0,5942,434870,136981371,137422183
turso,concurrent,32,2,21,23215483108,0,0,5481,432826,65233804,65672111
turso,concurrent,32,2,21,23281155440,0,0,6101,637343,223626493,224269937
turso,concurrent,32,2,21,23505426770,0,0,8456,9633060,111763338,121404854
turso,concurrent,32,2,21,23626831844,0,0,6272,499643,125441912,125947827
turso,concurrent,32,2,21,23752779882,0,0,5841,570547,164692859,165269247
turso,concurrent,32,2,21,23918049400,0,0,5460,424040,39462827,39892327
turso,concurrent,32,2,21,23957941968,0,0,5891,441503,203642318,204089712
turso,concurrent,32,2,21,24162031920,0,0,5601,469556,603947001,604422158
turso,concurrent,32,2,21,24766454288,0,0,7965,10804341,30227046,41039352
turso,concurrent,32,2,21,24807493901,0,0,6612,845506,486072018,486924136
turso,concurrent,32,2,21,25294418308,0,0,7234,524349,38793604,39325187
turso,concurrent,32,2,21,25333743755,0,0,5169,475067,34348836,34829072
turso,concurrent,32,2,21,25368573118,0,0,6262,505304,217505170,218016736
turso,concurrent,32,2,21,25586590165,0,0,6532,492459,14625122,15124113
turso,concurrent,32,2,21,25601714519,0,0,4849,518318,39667283,40190450
turso,concurrent,32,2,21,25641905410,0,0,11221,482500,80782739,81276460
turso,concurrent,32,2,21,25723182251,0,0,14777,585165,15434048,16033990
turso,concurrent,32,2,21,25739216491,0,0,8325,10637747,63951313,74597385
turso,concurrent,32,2,21,25813814137,0,0,7525,9163694,93002831,102174050
turso,concurrent,32,2,21,25915988438,0,0,5701,486378,598109102,598601181
turso,concurrent,32,2,21,26514589910,0,0,7304,783498,36244954,37035756
turso,concurrent,32,2,21,26551625877,0,0,5831,530170,113751550,114287551
turso,concurrent,32,2,21,26665913668,0,0,5431,439098,880084867,880529396
turso,concurrent,32,2,21,27546443284,0,0,10028,1673679,62100440,63784147
turso,concurrent,32,2,21,27610227713,0,0,7975,537474,77211669,77757118
turso,concurrent,32,2,21,27687985032,0,0,5841,429691,51944503,52380035
turso,concurrent,32,2,21,27740365377,0,0,4960,445871,22607527,23058358
turso,concurrent,32,2,21,27763424005,0,0,4599,480677,185220311,185705587
turso,concurrent,32,2,21,27949129772,0,0,6613,619399,362272856,362898868
turso,concurrent,32,2,21,28312028880,0,0,8326,4721210,219396510,224126046
turso,concurrent,32,2,21,28536155217,0,0,7474,541392,187340632,187889498
turso,concurrent,32,2,21,28724044935,0,0,6042,463675,64744460,65214177
turso,concurrent,32,2,21,28789259322,0,0,5841,438027,45882643,46326511
turso,concurrent,32,2,21,28835586053,0,0,6222,533347,234649927,235189496
turso,concurrent,32,2,21,29070775830,0,0,7574,560698,243974836,244543108
turso,concurrent,32,2,21,29315319169,0,0,8566,886333,256723165,257618064
turso,concurrent,32,2,21,29572937474,0,0,9007,2955618,133445818,136410443
turso,concurrent,32,2,21,29709348107,0,0,6823,504202,44692807,45203832
turso,concurrent,32,2,21,29754552159,0,0,12152,460159,64342972,64815283
turso,concurrent,32,2,21,29819367654,0,0,5961,569014,360542220,361117195
turso,concurrent,32,2,21,30180485119,0,0,6693,450090,41056003,41512786
turso,concurrent,32,2,21,30221998146,0,0,6492,643014,29313242,29962748
turso,concurrent,32,2,21,30251961104,0,0,5040,427837,624198711,624631588
turso,concurrent,32,2,21,30876592942,0,0,8667,3504523,84119336,87632526
turso,concurrent,32,2,21,30964225739,0,0,6562,531153,113485738,114023453
turso,concurrent,32,2,21,31078249352,0,0,7775,839033,25133324,25980132
turso,concurrent,32,2,21,31104229694,0,0,5510,630991,43003199,43639700
turso,concurrent,32,2,21,31147869694,0,0,6533,484715,78156431,78647679
turso,concurrent,32,2,21,31226517594,0,0,5731,467452,26585694,27058877
turso,concurrent,32,2,21,31253576702,0,0,5761,529980,27475063,28010804
turso,concurrent,32,2,21,31281587736,0,0,5380,473384,289700472,290179236
turso,concurrent,32,2,21,31571767273,0,0,6622,682579,119511019,120200220
turso,concurrent,32,2,21,31691967794,0,0,5700,421937,27263814,27691451
turso,concurrent,32,2,21,31719659435,0,0,5671,426966,20928988,21361625
turso,concurrent,32,2,21,31741021321,0,0,5280,517827,593384246,593907353
turso,concurrent,32,2,21,32334928924,0,0,9047,3492692,81781454,85283193
turso,concurrent,32,2,21,32420212347,0,0,5811,497148,235278484,235781443
turso,concurrent,32,2,21,32655994040,0,0,6092,514551,52906459,53427102
turso,concurrent,32,2,21,32709421442,0,0,6232,505354,308143960,308655546
turso,concurrent,32,2,22,535140,1,0,8069168,516445,179314825,187900438
turso,concurrent,32,2,22,188436000,1,0,5591,408641,632582423,632996655
turso,concurrent,32,2,22,821432885,1,0,6342,416246,69692819,70115407
turso,concurrent,32,2,22,891548492,1,0,5621,457513,332259954,332723088
turso,concurrent,32,2,22,1224272061,1,0,45015,3369659,119730765,123145439
turso,concurrent,32,2,22,1347417910,1,0,4900,424611,227506856,227936367
turso,concurrent,32,2,22,1575354608,1,0,5550,427237,158998733,159431520
turso,concurrent,32,2,22,1734786369,1,0,6552,563313,409065998,409635863
turso,concurrent,32,2,22,2144422512,1,0,7054,3343269,22637443,25987766
turso,concurrent,32,2,22,2170411300,1,0,7484,490887,29842691,30341062
turso,concurrent,32,2,22,2200752592,1,0,5591,486157,75873454,76365202
turso,concurrent,32,2,22,2277118014,1,0,5771,410344,357756103,358172218
turso,concurrent,32,2,22,2635290763,1,0,6191,506637,56791170,57303998
turso,concurrent,32,2,22,2692594961,1,0,5691,600984,215227642,215834317
turso,concurrent,32,2,22,2908429469,1,0,6903,599591,555814933,556421427
turso,concurrent,32,2,22,3464851146,0,0,7835,9264935,120705043,129977813
turso,concurrent,32,2,22,3594829189,0,0,5651,486999,97803873,98296523
turso,concurrent,32,2,22,3693126253,0,0,4899,422858,392983726,393411483
turso,concurrent,32,2,22,4086537976,0,0,6553,503470,80394125,80904148
turso,concurrent,32,2,22,4167442384,0,0,5119,417098,50734920,51157137
turso,concurrent,32,2,22,4218599712,0,0,6432,480667,122522083,123009182
turso,concurrent,32,2,22,4341609134,0,0,7985,5040783,88290809,93339577
turso,concurrent,32,2,22,4434948941,0,0,6101,456612,55914155,56376868
turso,concurrent,32,2,22,4491326110,0,0,6302,501988,71593616,72101906
turso,concurrent,32,2,22,4563428257,0,0,5640,440522,155706990,156153152
turso,concurrent,32,2,22,4719581640,0,0,5640,443177,186316439,186765256
turso,concurrent,32,2,22,4906347086,0,0,5501,454127,299120130,299579758
turso,concurrent,32,2,22,5205927074,0,0,6122,384015,51692367,52082504
turso,concurrent,32,2,22,5258009848,0,0,6713,431414,98627086,99065213
turso,concurrent,32,2,22,5357075302,0,0,8796,5986989,130796268,136792053
turso,concurrent,32,2,22,5493867565,0,0,5911,637833,33823905,34467649
turso,concurrent,32,2,22,5528335426,0,0,5440,478393,16425880,16909713
turso,concurrent,32,2,22,5545245409,0,0,4830,481037,95842762,96328629
turso,concurrent,32,2,22,5641575340,0,0,5801,555118,159718461,160279380
turso,concurrent,32,2,22,5801855031,0,0,6612,508660,82949759,83465031
turso,concurrent,32,2,22,5885320292,0,0,6102,578722,84368335,84953159
turso,concurrent,32,2,22,5970273682,0,0,6392,571118,208569737,209147247
turso,concurrent,32,2,22,6179421129,0,0,7374,528127,55952888,56488389
turso,concurrent,32,2,22,6235909809,0,0,7634,577941,311965132,312550707
turso,concurrent,32,2,22,6548460807,0,0,7925,2668285,21442829,24119039
turso,concurrent,32,2,22,6572580066,0,0,4749,447815,98622467,99075031
turso,concurrent,32,2,22,6671655418,0,0,5601,411787,32493714,32911102
turso,concurrent,32,2,22,6704566760,0,0,5230,457023,241491309,241953562
turso,concurrent,32,2,22,6946520512,0,0,6883,504031,184101259,184612173
turso,concurrent,32,2,22,7131132955,0,0,5350,469677,214982931,215457958
turso,concurrent,32,2,22,7346591133,0,0,7053,566099,27096107,27669259
turso,concurrent,32,2,22,7374260593,0,0,5771,499823,173201708,173707302
turso,concurrent,32,2,22,7547968135,0,0,6832,463946,103571337,104042115
turso,concurrent,32,2,22,7652010552,0,0,8285,674704,100901017,101584006
turso,concurrent,32,2,22,7753594788,0,0,5461,420022,93194123,93619606
turso,concurrent,32,2,22,7847215035,0,0,7664,501717,271697066,272206447
turso,concurrent,32,2,22,8119421672,0,0,5270,476149,17370613,17852032
turso,concurrent,32,2,22,8137273914,0,0,4859,457614,122854259,123316732
turso,concurrent,32,2,22,8260590926,0,0,7053,678911,73171534,73857498
turso,concurrent,32,2,22,8334448676,0,0,6191,591296,9387216,9984703
turso,concurrent,32,2,22,8344433670,0,0,6442,498671,297495104,298000217
turso,concurrent,32,2,22,8642434147,0,0,7234,640879,73088869,73736982
turso,concurrent,32,2,22,8716171389,0,0,7594,4056596,268969378,273033568
turso,concurrent,32,2,22,8989205247,0,0,6763,532445,293219103,293758311
turso,concurrent,32,2,22,9282963799,0,0,6322,451622,51913585,52371529
turso,concurrent,32,2,22,9335335528,0,0,5250,580987,366457814,367044051
turso,concurrent,32,2,22,9702379779,0,0,5922,578061,290475996,291059979
turso,concurrent,32,2,22,9993440088,0,0,7804,8577849,149665349,158251002
turso,concurrent,32,2,22,10151691341,0,0,7344,555148,33019537,33582029
turso,concurrent,32,2,22,10185273590,0,0,5661,434319,72211172,72651152
turso,concurrent,32,2,22,10257926786,0,0,5761,457543,20193812,20657116
turso,concurrent,32,2,22,10278584252,0,0,6683,429671,72359822,72796176
turso,concurrent,32,2,22,10351380658,0,0,5670,495616,108385412,108886698
turso,concurrent,32,2,22,10460267638,0,0,7173,508219,92971843,93487235
turso,concurrent,32,2,22,10553755093,0,0,7213,504562,59687036,60198811
turso,concurrent,32,2,22,10613954165,0,0,5300,457143,11956565,12419008
turso,concurrent,32,2,22,10626373414,0,0,4769,465859,66473584,66944212
turso,concurrent,32,2,22,10693317856,0,0,6683,674743,253352304,254033730
turso,concurrent,32,2,22,10947351836,0,0,7394,9249186,273516710,282773290
turso,concurrent,32,2,22,11230125416,0,0,6813,660306,223136659,223803778
turso,concurrent,32,2,22,11453929555,0,0,6422,436464,361779916,362222802
turso,concurrent,32,2,22,11816152707,0,0,7054,560387,18832512,19399953
turso,concurrent,32,2,22,11835552871,0,0,9448,487419,156544422,157041289
turso,concurrent,32,2,22,11992594450,0,0,8927,482040,3965825,4456792
turso,concurrent,32,2,22,11997051442,0,0,6182,418219,223649567,224073968
turso,concurrent,32,2,22,12221125650,0,0,7735,5797411,33657450,39462596
turso,concurrent,32,2,22,12260588477,0,0,6292,716753,37400374,38123419
turso,concurrent,32,2,22,12298712077,0,0,5721,584412,108176799,108766932
turso,concurrent,32,2,22,12407479229,0,0,6342,694370,84570227,85270939
turso,concurrent,32,2,22,12492750509,0,0,7013,588020,116925380,117520413
turso,concurrent,32,2,22,12610271172,0,0,4529,470458,158562610,159037597
turso,concurrent,32,2,22,12769309090,0,0,6853,524980,87577974,88109807
turso,concurrent,32,2,22,12857419107,0,0,5420,470298,60531759,61007477
turso,concurrent,32,2,22,12918426855,0,0,6662,544608,39384820,39936090
turso,concurrent,32,2,22,12958363215,0,0,6583,485196,114380967,114872746
turso,concurrent,32,2,22,13073236222,0,0,6682,539689,691050047,691596418
turso,concurrent,32,2,22,13764832871,0,0,7394,14737443,216711974,231456811
turso,concurrent,32,2,22,13996289922,0,0,6292,522757,356471347,357000396
turso,concurrent,32,2,22,14353290538,0,0,7344,5275366,252570950,257853660
turso,concurrent,32,2,22,14611144558,0,0,7244,539799,194980791,195527834
turso,concurrent,32,2,22,14806672612,0,0,7024,592097,26361401,26960522
turso,concurrent,32,2,22,14833633364,0,0,4779,496207,744974808,745475794
turso,concurrent,32,2,22,15579109428,0,0,8977,4584833,202304112,206897922
turso,concurrent,32,2,22,15786007611,0,0,7414,749053,257819144,258575611
turso,concurrent,32,2,22,16044583523,0,0,6633,536422,97710736,98253791
turso,concurrent,32,2,22,16142837545,0,0,5891,490706,160241128,160737725
turso,concurrent,32,2,22,16303575540,0,0,6001,457413,257209383,257672797
turso,concurrent,32,2,22,16561248539,0,0,9427,13309609,107030435,120349471
turso,concurrent,32,2,22,16681598301,0,0,7594,599201,132034014,132640809
turso,concurrent,32,2,22,16814239350,0,0,6963,440602,54954103,55401668
turso,concurrent,32,2,22,16869641249,0,0,5290,465057,92328168,92798515
turso,concurrent,32,2,22,16962440005,0,0,7524,728735,40066557,40802816
turso,concurrent,32,2,22,17003242991,0,0,5190,484064,665288688,665777942
turso,concurrent,32,2,22,17669021474,0,0,17343,12922849,71816426,84756618
turso,concurrent,32,2,22,17753778343,0,0,5691,469576,56169497,56644764
turso,concurrent,32,2,22,17810423367,0,0,5971,646871,62716833,63369675
turso,concurrent,32,2,22,17873793263,0,0,5210,748814,317578446,318332470
turso,concurrent,32,2,22,18192126043,0,0,6803,527916,334930855,335465574
turso,concurrent,32,2,22,18527591907,0,0,7124,769031,193056209,193832364
turso,concurrent,32,2,22,18721424502,0,0,5460,626522,260525071,261157053
turso,concurrent,32,2,22,18982581816,0,0,7875,9350927,144531129,153889931
turso,concurrent,32,2,22,19136472058,0,0,6913,548886,96105016,96660815
turso,concurrent,32,2,22,19233133103,0,0,6052,484204,89731046,90221302
turso,concurrent,32,2,22,19323354585,0,0,6712,500104,127218756,127725572
turso,concurrent,32,2,22,19451080398,0,0,7284,834425,114583590,115425299
turso,concurrent,32,2,22,19566506028,0,0,6702,469486,188313288,188789476
turso,concurrent,32,2,22,19755295764,0,0,6071,611143,92122480,92739694
turso,concurrent,32,2,22,19848035660,0,0,5881,553665,213355980,213915526
turso,concurrent,32,2,22,20061951456,0,0,8255,18081555,211380793,229470603
turso,concurrent,32,2,22,20291422550,0,0,5841,454718,123802659,124263218
turso,concurrent,32,2,22,20415686049,0,0,6973,660897,15822211,16490081
turso,concurrent,32,2,22,20432176420,0,0,6292,570056,138618921,139195269
turso,concurrent,32,2,22,20571371969,0,0,5861,511204,202792194,203309259
turso,concurrent,32,2,22,20774681510,0,0,6873,524570,113848302,114379745
turso,concurrent,32,2,22,20889062587,0,0,5972,512787,467358662,467877421
turso,concurrent,32,2,22,21356940248,0,0,9188,9044800,274160534,283214522
turso,concurrent,32,2,22,21640155081,0,0,6863,477130,336301501,336785494
turso,concurrent,32,2,22,21976940856,0,0,7053,501527,123136061,123644641
turso,concurrent,32,2,22,22100585787,0,0,7074,486097,248249544,248742715
turso,concurrent,32,2,22,22349328762,0,0,7925,5848878,63042278,68899081
turso,concurrent,32,2,22,22418228064,0,0,6051,563914,376005554,376575519
turso,concurrent,32,2,22,22794803803,0,0,7214,520032,26255701,26782947
turso,concurrent,32,2,22,22821587001,0,0,6823,646439,297343347,297996609
turso,concurrent,32,2,22,23119583851,0,0,6853,566198,18428630,19001681
turso,concurrent,32,2,22,23138585752,0,0,5851,696475,126012980,126715306
turso,concurrent,32,2,22,23265301339,0,0,6151,1518686,98982006,100506843
turso,concurrent,32,2,22,23365808443,0,0,5971,540460,129707773,130254204
turso,concurrent,32,2,22,23496062878,0,0,7905,9865218,191397479,201270602
turso,concurrent,32,2,22,23697333680,0,0,5851,482581,142309887,142798319
turso,concurrent,32,2,22,23840132199,0,0,5621,462012,97622500,98090133
turso,concurrent,32,2,22,23938222572,0,0,5681,408691,258075989,258490361
turso,concurrent,32,2,22,24196713173,0,0,6222,527105,170784756,171318083
turso,concurrent,32,2,22,24368031437,0,0,4809,419542,211124769,211549120
turso,concurrent,32,2,22,24579580847,0,0,9007,1858468,95980240,97847715
turso,concurrent,32,2,22,24677428843,0,0,6382,554366,199609407,200170155
turso,concurrent,32,2,22,24877599228,0,0,6482,752360,6865337,7624179
turso,concurrent,32,2,22,24885223657,0,0,4568,507177,436856506,437368251
turso,concurrent,32,2,22,25322592170,0,0,8045,644927,190437296,191090268
turso,concurrent,32,2,22,25513682679,0,0,5610,429491,65864003,66299104
turso,concurrent,32,2,22,25579982003,0,0,5571,428088,75169625,75603284
turso,concurrent,32,2,22,25655585508,0,0,5139,483573,42077601,42566313
turso,concurrent,32,2,22,25698152032,0,0,5330,651700,8611833,9268863
turso,concurrent,32,2,22,25707421085,0,0,4579,491688,219496128,219992395
turso,concurrent,32,2,22,25927413700,0,0,7915,4475156,63268845,67751916
turso,concurrent,32,2,22,25995165947,0,0,5921,474496,24624222,25104639
turso,concurrent,32,2,22,26020270806,0,0,5159,468114,36652413,37125686
turso,concurrent,32,2,22,26057396713,0,0,4268,441373,113845477,114291118
turso,concurrent,32,2,22,26171688072,0,0,6683,587789,202947837,203542309
turso,concurrent,32,2,22,26375230561,0,0,6623,604491,17746622,18357736
turso,concurrent,32,2,22,26393588567,0,0,5189,468144,61252360,61725693
turso,concurrent,32,2,22,26455314501,0,0,5350,436965,105203938,105646253
turso,concurrent,32,2,22,26560960995,0,0,6041,555618,122766604,123328263
turso,concurrent,32,2,22,26684289538,0,0,7695,656709,156011596,156676000
turso,concurrent,32,2,22,26840965809,0,0,7173,642463,37842829,38492465
turso,concurrent,32,2,22,26879458495,0,0,6231,752160,13215461,13973852
turso,concurrent,32,2,22,26893432567,0,0,4738,447565,15906911,16359214
turso,concurrent,32,2,22,26909792062,0,0,11041,5944299,235498879,241454219
turso,concurrent,32,2,22,27151246542,0,0,9057,4068729,34614507,38692293
turso,concurrent,32,2,22,27189939095,0,0,5260,425523,350395190,350825973
turso,concurrent,32,2,22,27540765359,0,0,7945,579193,26510111,27097249
turso,concurrent,32,2,22,27567862879,0,0,6061,535692,27894955,28436708
turso,concurrent,32,2,22,27596299877,0,0,6963,678521,23422184,24107668
turso,concurrent,32,2,22,27620407836,0,0,6432,481709,72380100,72868241
turso,concurrent,32,2,22,27693276348,0,0,5470,468935,164836030,165310435
turso,concurrent,32,2,22,27858587043,0,0,5690,467052,193794492,194267234
turso,concurrent,32,2,22,28052854488,0,0,5450,436834,95506236,95948520
turso,concurrent,32,2,22,28148803280,0,0,6422,3600836,250142997,253750255
turso,concurrent,32,2,22,28402553785,0,0,13596,19832960,189872230,209718786
turso,concurrent,32,2,22,28612272761,0,0,5190,468154,34137887,34611231
turso,concurrent,32,2,22,28646884202,0,0,5942,751718,86714744,87472404
turso,concurrent,32,2,22,28734356837,0,0,6001,553374,20576173,21135548
turso,concurrent,32,2,22,28755492676,0,0,6121,558524,127367808,127932453
turso,concurrent,32,2,22,28883425379,0,0,8005,603950,30144891,30756846
turso,concurrent,32,2,22,28914182456,0,0,5350,595905,21485859,22087114
turso,concurrent,32,2,22,28936269811,0,0,5520,482290,38547991,39035801
turso,concurrent,32,2,22,28975305862,0,0,6002,514571,18580286,19100859
turso,concurrent,32,2,22,28994406951,0,0,5561,651509,300526064,301183134
turso,concurrent,32,2,22,29295590375,0,0,7124,558474,476435472,477001070
turso,concurrent,32,2,22,29772591715,0,0,10289,7501207,200139357,207650853
turso,concurrent,32,2,22,29980242819,0,0,5550,605252,43370833,43981635
turso,concurrent,32,2,22,30024224654,0,0,5560,491869,119807749,120305178
turso,concurrent,32,2,22,30144530133,0,0,7774,509041,47539770,48056585
turso,concurrent,32,2,22,30192586989,0,0,6081,463956,294537031,295007068
turso,concurrent,32,2,22,30487594327,0,0,6773,689541,68944177,69640491
turso,concurrent,32,2,22,30557235018,0,0,5500,504272,216490586,217000358
turso,concurrent,32,2,22,30774235686,0,0,7585,5869637,232339708,238216930
turso,concurrent,32,2,22,31012452856,0,0,6052,562261,37330042,37898355
turso,concurrent,32,2,22,31050351441,0,0,5631,526954,158165110,158697695
turso,concurrent,32,2,22,31209049347,0,0,5991,490806,54040069,54536866
turso,concurrent,32,2,22,31263586463,0,0,6102,631141,8670814,9308057
turso,concurrent,32,2,22,31272894790,0,0,4699,447916,712085045,712537660
turso,concurrent,32,2,22,31985432660,0,0,8265,15656378,8756576,24421219
turso,concurrent,32,2,22,32009854130,0,0,4508,447545,65763242,66215295
turso,concurrent,32,2,22,32076069677,0,0,5761,564655,78944881,79515297
turso,concurrent,32,2,22,32155585214,0,0,5000,402469,123629222,124036691
turso,concurrent,32,2,22,32279622165,0,0,5721,468164,33830056,34303941
turso,concurrent,32,2,22,32313926326,0,0,5219,457233,199580282,200042734
turso,concurrent,32,2,22,32513969291,0,0,7074,491567,152106676,152605317
turso,concurrent,32,2,22,32666574809,0,0,6562,628036,395474537,396109135
turso,concurrent,32,2,23,580576,1,0,5547450,324883,545870464,551742797
turso,concurrent,32,2,23,552323864,1,0,6422,328650,112635243,112970315
turso,concurrent,32,2,23,665294420,1,0,5921,334922,246158858,246499701
turso,concurrent,32,2,23,911794372,1,0,6492,334732,14177897,14519121
turso,concurrent,32,2,23,926313743,1,0,5100,402069,71007310,71414479
turso,concurrent,32,2,23,997728833,1,0,6322,345442,45072805,45424569
turso,concurrent,32,2,23,1043153652,1,0,38503,652381,253065101,253755985
turso,concurrent,32,2,23,1296909908,1,0,7414,518729,102856328,103382471
turso,concurrent,32,2,23,1400292629,1,0,6031,478443,41422456,41906930
turso,concurrent,32,2,23,1442200080,1,0,6071,544608,163229127,163779806
turso,concurrent,32,2,23,1605980137,1,0,6402,406878,122719324,123132604
turso,concurrent,32,2,23,1729112991,1,0,5801,404764,45533074,45943639
turso,concurrent,32,2,23,1775056800,1,0,5340,452925,244498815,244957080
turso,concurrent,32,2,23,2020014150,1,0,6723,442264,406123235,406572222
turso,concurrent,32,2,23,2426586642,1,0,8065,8955752,24496982,33460799
turso,concurrent,32,2,23,2460047642,1,0,6241,454408,42518955,42979604
turso,concurrent,32,2,23,2503027466,1,0,4930,466059,103618947,104089936
turso,concurrent,32,2,23,2607118083,1,0,7384,590905,512985061,513583350
turso,concurrent,32,2,23,3120701653,0,0,5621,421956,89926676,90354253
turso,concurrent,32,2,23,3211056197,0,0,8336,2979903,63321675,66309914
turso,concurrent,32,2,23,3277366311,0,0,6231,452023,477234841,477693095
turso,concurrent,32,2,23,3755059657,0,0,6822,405897,591822708,592235427
turso,concurrent,32,2,23,4347295376,0,0,8706,742892,363167064,363918662
turso,concurrent,32,2,23,4711214288,0,0,6653,463124,304916690,305386467
turso,concurrent,32,2,23,5016601045,0,0,6963,520412,66234703,66762078
turso,concurrent,32,2,23,5083363424,0,0,6643,503540,229440345,229950528
turso,concurrent,32,2,23,5313314243,0,0,7504,519330,152231051,152757885
turso,concurrent,32,2,23,5466072509,0,0,13255,1165700,355411707,356590662
turso,concurrent,32,2,23,5822663412,0,0,5610,404634,83461033,83871277
turso,concurrent,32,2,23,5906534980,0,0,7143,459758,98487082,98953983
turso,concurrent,32,2,23,6005489173,0,0,6502,479525,518372659,518858686
turso,concurrent,32,2,23,6524348119,0,0,7283,9291706,75415670,84714659
turso,concurrent,32,2,23,6609063059,0,0,6703,724888,58209266,58940857
turso,concurrent,32,2,23,6668005529,0,0,6151,620671,64953646,65580468
turso,concurrent,32,2,23,6733586228,0,0,5971,457664,1746366553,1746830188
turso,concurrent,32,2,23,8480416656,0,0,9778,3973138,249069692,253052608
turso,concurrent,32,2,23,8733469515,0,0,7555,3717505,13511591,17236651
turso,concurrent,32,2,23,8750706717,0,0,5169,475317,468403163,468883649
turso,concurrent,32,2,23,9219590636,0,0,6783,467362,154984849,155458994
turso,concurrent,32,2,23,9375049890,0,0,6743,556270,85810687,86373700
turso,concurrent,32,2,23,9461423881,0,0,5420,542254,119422783,119970457
turso,concurrent,32,2,23,9581394598,0,0,7274,484434,485699125,486190833
turso,concurrent,32,2,23,10067585681,0,0,7805,12813302,43287315,56108422
turso,concurrent,32,2,23,10123694353,0,0,5972,406547,263998556,264411075
turso,concurrent,32,2,23,10388105618,0,0,6492,438527,15564034,16009053
turso,concurrent,32,2,23,10404114922,0,0,4779,489144,373384887,373878810
turso,concurrent,32,2,23,10777993982,0,0,7134,474566,126059508,126541208
turso,concurrent,32,2,23,10904535681,0,0,14678,529529,53462999,54007206
turso,concurrent,32,2,23,10958543158,0,0,7874,3624962,129030555,132663391
turso,concurrent,32,2,23,11091206779,0,0,6693,461160,205910299,206378152
turso,concurrent,32,2,23,11297585171,0,0,6723,516084,74481065,75003872
turso,concurrent,32,2,23,11372589224,0,0,5981,549898,145447388,146003267
turso,concurrent,32,2,23,11518592812,0,0,6372,450730,327911578,328368680
turso,concurrent,32,2,23,11846961752,0,0,6583,557352,81753911,82317846
turso,concurrent,32,2,23,11929279889,0,0,4919,412719,166560074,166977712
turso,concurrent,32,2,23,12096257891,0,0,8115,9418185,283889746,293316046
turso,concurrent,32,2,23,12389574218,0,0,5861,515162,128890241,129411264
turso,concurrent,32,2,23,12518985702,0,0,5440,395938,289530612,289931990
turso,concurrent,32,2,23,12808917982,0,0,6312,558845,181122316,181687473
turso,concurrent,32,2,23,12990605716,0,0,6943,749915,39900012,40656870
turso,concurrent,32,2,23,13031262797,0,0,5721,546571,170602743,171155035
turso,concurrent,32,2,23,13202418413,0,0,7404,6275294,413263148,419545846
turso,concurrent,32,2,23,13621964580,0,0,7244,763570,71224921,71995735
turso,concurrent,32,2,23,13693960626,0,0,6292,566899,97742146,98315337
turso,concurrent,32,2,23,13792276234,0,0,6161,488663,47613729,48108553
turso,concurrent,32,2,23,13840386681,0,0,5791,651780,233718329,234375900
turso,concurrent,32,2,23,14074762812,0,0,7604,579844,405994962,406582410
turso,concurrent,32,2,23,14481345542,0,0,8606,10842422,350234477,361085505
turso,concurrent,32,2,23,14842431308,0,0,7293,607487,78145642,78760422
turso,concurrent,32,2,23,14921192001,0,0,5460,449619,67156793,67611872
turso,concurrent,32,2,23,14988804103,0,0,5651,426775,581340817,581773243
turso,concurrent,32,2,23,15570577606,0,0,8866,6287206,31202337,37498409
turso,concurrent,32,2,23,15608076236,0,0,4870,459717,232758929,233223516
turso,concurrent,32,2,23,15841299992,0,0,6823,545850,31029291,31581964
turso,concurrent,32,2,23,15872882226,0,0,6092,731891,344092736,344830719
turso,concurrent,32,2,23,16217713145,0,0,6392,471560,535393782,535871734
turso,concurrent,32,2,23,16753585109,0,0,7514,8026608,437065651,445099773
turso,concurrent,32,2,23,17198685133,0,0,7765,654675,23070741,23733181
turso,concurrent,32,2,23,17222418514,0,0,5791,504913,77204947,77715651
turso,concurrent,32,2,23,17300134385,0,0,5280,425874,45005978,45437132
turso,concurrent,32,2,23,17345571777,0,0,5049,450029,64499378,64954456
turso,concurrent,32,2,23,17410526444,0,0,5150,438628,67394662,67838440
turso,concurrent,32,2,23,17478365074,0,0,6472,461872,61801686,62270030
turso,concurrent,32,2,23,17540635295,0,0,6051,479886,238961374,239447311
turso,concurrent,32,2,23,17780082857,0,0,7644,9220031,288742575,297970250
turso,concurrent,32,2,23,18078053347,0,0,6362,574825,202770362,203351549
turso,concurrent,32,2,23,18281405167,0,0,5851,549136,12949449,13504436
turso,concurrent,32,2,23,18294909834,0,0,5079,481809,55038162,55525050
turso,concurrent,32,2,23,18350435135,0,0,5841,665856,204954795,205626492
turso,concurrent,32,2,23,18556061878,0,0,6352,540230,85973364,86519946
turso,concurrent,32,2,23,18642582044,0,0,6382,685503,133058748,133750633
turso,concurrent,32,2,23,18776332938,0,0,6452,456631,166148688,166611771
turso,concurrent,32,2,23,18942944910,0,0,7404,3152670,149963191,153123265
turso,concurrent,32,2,23,19096068445,0,0,6012,508078,314291223,314805313
turso,concurrent,32,2,23,19410874018,0,0,7053,563224,186854725,187425002
turso,concurrent,32,2,23,19598299200,0,0,5851,484184,162920785,163410820
turso,concurrent,32,2,23,19761710260,0,0,6202,457143,214095966,214559311
turso,concurrent,32,2,23,19976269812,0,0,7915,1876121,256400476,258284512
turso,concurrent,32,2,23,20234554534,0,0,12875,551982,101949285,102514142
turso,concurrent,32,2,23,20337068877,0,0,6111,494684,324014102,324514897
turso,concurrent,32,2,23,20661584104,0,0,5981,499443,449950869,450456293
turso,concurrent,32,2,23,21112040857,0,0,18926,1878004,44270691,46167621
turso,concurrent,32,2,23,21158208708,0,0,6012,543025,485078072,485627109
turso,concurrent,32,2,23,21643836058,0,0,6492,501216,136062707,136570415
turso,concurrent,32,2,23,21780406693,0,0,5401,440000,8845123,9290524
turso,concurrent,32,2,23,21789697427,0,0,4128,451753,11097985,11553866
turso,concurrent,32,2,23,21801251563,0,0,4709,483292,307341967,307829968
turso,concurrent,32,2,23,22109081751,0,0,6742,509332,229992898,230508972
turso,concurrent,32,2,23,22339591014,0,0,8166,3399285,32350194,35757645
turso,concurrent,32,2,23,22375348829,0,0,4288,466240,339549842,340020370
turso,concurrent,32,2,23,22715369509,0,0,7464,843151,529287999,530138614
turso,concurrent,32,2,23,23245508444,0,0,6823,592879,114267534,114867236
turso,concurrent,32,2,23,23360376271,0,0,13986,544307,249727443,250285736
turso,concurrent,32,2,23,23610662268,0,0,7804,9036214,114628575,123672593
turso,concurrent,32,2,23,23734335151,0,0,6954,460729,263474668,263942351
turso,concurrent,32,2,23,23998277712,0,0,6372,447916,43670217,44124505
turso,concurrent,32,2,23,24042402467,0,0,5661,516044,230337839,230859544
turso,concurrent,32,2,23,24273262302,0,0,5480,467322,196007619,196480421
turso,concurrent,32,2,23,24469742984,0,0,6552,433639,51398743,51838934
turso,concurrent,32,2,23,24521582229,0,0,7273,677549,350574688,351259510
turso,concurrent,32,2,23,24872842020,0,0,8115,5486214,200766371,206260700
turso,concurrent,32,2,23,25079102990,0,0,6492,618999,29872096,30497587
turso,concurrent,32,2,23,25109600907,0,0,5580,588571,227397350,227991501
turso,concurrent,32,2,23,25337592669,0,0,6954,479795,38889776,39376525
turso,concurrent,32,2,23,25376969424,0,0,5681,415764,173032319,173453764
turso,concurrent,32,2,23,25550423388,0,0,7344,541282,54369109,54917735
turso,concurrent,32,2,23,25605341423,0,0,5971,513749,27720176,28239896
turso,concurrent,32,2,23,25633581530,0,0,5360,482060,302999141,303486561
turso,concurrent,32,2,23,25937068351,0,0,7735,6002468,246319021,252329224
turso,concurrent,32,2,23,26189399137,0,0,6142,473213,23283302,23762657
turso,concurrent,32,2,23,26213162034,0,0,5521,561720,58546473,59113714
turso,concurrent,32,2,23,26272276008,0,0,6793,531533,405139578,405677904
turso,concurrent,32,2,23,26677954212,0,0,7544,531804,206099776,206639124
turso,concurrent,32,2,23,26884593566,0,0,6372,462453,154609600,155078425
turso,concurrent,32,2,23,27039672331,0,0,7675,9109031,364640835,373757541
turso,concurrent,32,2,23,27413430113,0,0,6762,467102,201541293,202015157
turso,concurrent,32,2,23,27615445570,0,0,7034,503610,177624195,178134839
turso,concurrent,32,2,23,27793580669,0,0,5541,383694,52294123,52683358
turso,concurrent,32,2,23,27846264297,0,0,5390,437797,552178609,552621796
turso,concurrent,32,2,23,28398886344,0,0,7975,3377183,144159127,147544285
turso,concurrent,32,2,23,28546430840,0,0,6001,598891,7370530,7975422
turso,concurrent,32,2,23,28554406522,0,0,4859,541733,310454781,311001373
turso,concurrent,32,2,23,28865408176,0,0,6171,503370,122668499,123178040
turso,concurrent,32,2,23,28988586456,0,0,6382,485857,68060860,68553099
turso,concurrent,32,2,23,29057139785,0,0,5039,455831,45902510,46363380
turso,concurrent,32,2,23,29103503406,0,0,5360,568563,67345529,67919452
turso,concurrent,32,2,23,29171423128,0,0,6102,514070,130655172,131175344
turso,concurrent,32,2,23,29302598662,0,0,6713,676075,33250663,33933451
turso,concurrent,32,2,23,29336532634,0,0,15410,580565,214848617,215444592
turso,concurrent,32,2,23,29551977416,0,0,7424,20478758,239718955,260205137
turso,concurrent,32,2,23,29812182824,0,0,6913,491518,18642623,19141054
turso,concurrent,32,2,23,29831324129,0,0,5741,633425,102212493,102851659
turso,concurrent,32,2,23,29934176038,0,0,6112,465629,23617492,24089233
turso,concurrent,32,2,23,29958265531,0,0,5380,622414,491215436,491843230
turso,concurrent,32,2,23,30450109002,0,0,6823,506156,144964056,145477035
turso,concurrent,32,2,23,30595586257,0,0,8005,3477573,22527866,26013444
turso,concurrent,32,2,23,30621600252,0,0,8526,591487,92952987,93553000
turso,concurrent,32,2,23,30715153573,0,0,12143,717554,112383648,113113345
turso,concurrent,32,2,23,30828267188,0,0,6702,810740,242274157,243091599
turso,concurrent,32,2,23,31071359048,0,0,7845,564886,65311020,65883751
turso,concurrent,32,2,23,31137243159,0,0,7635,509291,70442033,70958959
turso,concurrent,32,2,23,31208202358,0,0,6222,481659,101897147,102385028
turso,concurrent,32,2,23,31310587647,0,0,5580,540931,138325017,138871528
turso,concurrent,32,2,23,31449459355,0,0,4078,438387,165306829,165749294
turso,concurrent,32,2,23,31615208949,0,0,6923,499653,154873949,155380525
turso,concurrent,32,2,23,31770589724,0,0,5701,460990,512042673,512509364
turso,concurrent,32,2,23,32283099398,0,0,8526,572531,39850368,40431425
turso,concurrent,32,2,23,32323531113,0,0,6924,511204,71215663,71733791
turso,concurrent,32,2,23,32395265135,0,0,7033,541212,50580048,51128293
turso,concurrent,32,2,23,32446393708,0,0,7104,746939,292103959,292858002
turso,concurrent,32,2,23,32739252040,0,0,8877,687708,62465840,63162425
turso,concurrent,32,2,23,32802414776,0,0,7885,496747,65166136,65670768
turso,concurrent,32,2,23,32868085705,0,0,5931,656719,17421329,18083979
turso,concurrent,32,2,23,32886169934,0,0,5791,462904,56290976,56759671
turso,concurrent,32,2,23,32942929915,0,0,7114,474916,117110560,117592590
turso,concurrent,32,2,24,117452,1,0,3749607,418900,787237269,791405776
turso,concurrent,32,2,24,791523638,1,0,5701,494343,74002443,74502487
turso,concurrent,32,2,24,866026365,1,0,6843,583511,83589265,84179619
turso,concurrent,32,2,24,950206185,1,0,5791,326436,17159274,17491501
turso,concurrent,32,2,24,967697897,1,0,4779,334050,23511763,23850592
turso,concurrent,32,2,24,991549140,1,0,16131,552392,60321233,60889756
turso,concurrent,32,2,24,1052439176,1,0,44865,3219296,70438245,73702406
turso,concurrent,32,2,24,1126141833,1,0,6392,387171,461056297,461449860
turso,concurrent,32,2,24,1587592013,1,0,6723,468254,33783749,34258726
turso,concurrent,32,2,24,1621851330,1,0,6292,508489,189861971,190376752
turso,concurrent,32,2,24,1812228393,1,0,7905,646770,214366778,215021453
turso,concurrent,32,2,24,2027250116,1,0,7014,475828,319597035,320079877
turso,concurrent,32,2,24,2347330244,1,0,8225,3352588,37885088,41245901
turso,concurrent,32,2,24,2388576336,1,0,5881,471360,11528287,12005528
turso,concurrent,32,2,24,2400582084,1,0,5100,517025,69250325,69772450
turso,concurrent,32,2,24,2470354744,1,0,5430,355321,82558620,82919371
turso,concurrent,32,2,24,2553274345,1,0,5931,490696,178716195,179212822
turso,concurrent,32,2,24,2732487870,1,0,6462,465839,12577327,13049628
turso,concurrent,32,2,24,2745537698,1,0,5871,578071,138481753,139065695
turso,concurrent,32,2,24,2884603633,1,0,5360,446773,40941558,41393691
turso,concurrent,32,2,24,2925997534,1,0,4609,466551,72120190,72591350
turso,concurrent,32,2,24,2998589164,1,0,5851,506355,220360951,220873157
turso,concurrent,32,2,24,3219462522,0,0,8286,4013735,264095809,268117830
turso,concurrent,32,2,24,3487580602,0,0,5700,469987,46378559,46854246
turso,concurrent,32,2,24,3534435049,0,0,5350,505965,72484067,72995382
turso,concurrent,32,2,24,3607430612,0,0,6562,725259,22108875,22840696
turso,concurrent,32,2,24,3630271599,0,0,6753,569574,244811806,245388133
turso,concurrent,32,2,24,3875659943,0,0,6492,481960,225591171,226079623
turso,concurrent,32,2,24,4101739776,0,0,5621,446402,149402984,149855007
turso,concurrent,32,2,24,4251594983,0,0,9308,2608863,258035152,260653323
turso,concurrent,32,2,24,4512248947,0,0,8036,6491461,129026147,135525644
turso,concurrent,32,2,24,4647774801,0,0,7143,564736,125072866,125644745
turso,concurrent,32,2,24,4773419817,0,0,6342,448106,216402760,216857208
turso,concurrent,32,2,24,4990278578,0,0,5560,433178,21443560,21882298
turso,concurrent,32,2,24,5012161106,0,0,4198,449949,222376985,222831132
turso,concurrent,32,2,24,5234992499,0,0,5761,549436,130736656,131291853
turso,concurrent,32,2,24,5366284772,0,0,10911,1764901,41539927,43315739
turso,concurrent,32,2,24,5409600801,0,0,6301,680194,100345238,101031733
turso,concurrent,32,2,24,5510632866,0,0,7434,458155,193880825,194346414
turso,concurrent,32,2,24,5704979571,0,0,8105,464597,17947782,18420484
turso,concurrent,32,2,24,5723400275,0,0,6923,456823,296498292,296962038
turso,concurrent,32,2,24,6020362573,0,0,5721,402520,355462263,355870504
turso,concurrent,32,2,24,6376233387,0,0,7244,482861,56867414,57357519
turso,concurrent,32,2,24,6433591267,0,0,6061,514892,41120565,41641518
turso,concurrent,32,2,24,6475232996,0,0,7123,3434121,78560946,82002190
turso,concurrent,32,2,24,6557235366,0,0,5991,348307,23796691,24150989
turso,concurrent,32,2,24,6581386596,0,0,5831,450641,141989352,142445824
turso,concurrent,32,2,24,6723832710,0,0,6793,442425,42530988,42980206
turso,concurrent,32,2,24,6766813166,0,0,6422,434560,11330344,11771326
turso,concurrent,32,2,24,6778584672,0,0,5210,521344,177686262,178212816
turso,concurrent,32,2,24,6956797778,0,0,6182,443547,304176863,304626592
turso,concurrent,32,2,24,7261424581,0,0,6632,573222,58267557,58847411
turso,concurrent,32,2,24,7320272202,0,0,5480,497229,181476946,181979655
turso,concurrent,32,2,24,7502252067,0,0,6552,523769,228808774,229339095
turso,concurrent,32,2,24,7731591422,0,0,9508,8637140,149186455,157833103
turso,concurrent,32,2,24,7889424766,0,0,7374,719608,53614585,54341567
turso,concurrent,32,2,24,7943766564,0,0,4548,482932,323045563,323533043
turso,concurrent,32,2,24,8267299838,0,0,6372,515643,38761413,39283428
turso,concurrent,32,2,24,8306583476,0,0,5391,430232,50052673,50488296
turso,concurrent,32,2,24,8357072052,0,0,5100,444108,51926740,52375948
turso,concurrent,32,2,24,8409448240,0,0,5721,546632,29826730,30379083
turso,concurrent,32,2,24,8439827554,0,0,5650,545310,159875768,160426728
turso,concurrent,32,2,24,8600254523,0,0,5821,541432,497789622,498336875
turso,concurrent,32,2,24,9098591619,0,0,8276,2574869,270249704,272832849
turso,concurrent,32,2,24,9371424738,0,0,6693,513249,162924762,163444704
turso,concurrent,32,2,24,9534871526,0,0,5641,474746,13542007,14022394
turso,concurrent,32,2,24,9548894191,0,0,5150,422738,39882588,40310476
turso,concurrent,32,2,24,9589204898,0,0,5530,616945,96594630,97217105
turso,concurrent,32,2,24,9686422203,0,0,5891,538717,335493076,336037684
turso,concurrent,32,2,24,10022460408,0,0,8736,6524734,307941849,314475319
turso,concurrent,32,2,24,10336936118,0,0,6622,459708,159985305,160451635
turso,concurrent,32,2,24,10497388124,0,0,7484,560798,279263155,279831437
turso,concurrent,32,2,24,10777219751,0,0,6022,452333,385180640,385638995
turso,concurrent,32,2,24,11162859126,0,0,9988,10794783,29623207,40427978
turso,concurrent,32,2,24,11203287416,0,0,6242,921929,104856523,105784694
turso,concurrent,32,2,24,11309072320,0,0,5881,560829,17879313,18446023
turso,concurrent,32,2,24,11327518563,0,0,5451,497829,49423996,49927276
turso,concurrent,32,2,24,11377446210,0,0,6352,521504,269603364,270131220
turso,concurrent,32,2,24,11647577731,0,0,6061,473935,74995366,75475362
turso,concurrent,32,2,24,11723053334,0,0,5681,468363,56547611,57021655
turso,concurrent,32,2,24,11780075219,0,0,5641,641481,104022298,104669420
turso,concurrent,32,2,24,11884744889,0,0,6342,511736,84890882,85408960
turso,concurrent,32,2,24,11970154069,0,0,6142,393062,333034926,333434130
turso,concurrent,32,2,24,12303588419,0,0,8746,7084340,102468967,109562053
turso,concurrent,32,2,24,12413150723,0,0,6001,595144,217688656,218289801
turso,concurrent,32,2,24,12631440785,0,0,5450,427838,16480343,16913631
turso,concurrent,32,2,24,12648354636,0,0,5020,443747,37597917,38046684
turso,concurrent,32,2,24,12686401491,0,0,4969,536943,455407346,455949258
turso,concurrent,32,2,24,13142351060,0,0,9378,5811518,13612009,19432905
turso,concurrent,32,2,24,13161784225,0,0,5871,973217,19290696,20269784
turso,concurrent,32,2,24,13182054241,0,0,5059,712836,37004126,37722021
turso,concurrent,32,2,24,13219776503,0,0,5861,593420,196489178,197088459
turso,concurrent,32,2,24,13416865282,0,0,6563,502949,33063259,33572771
turso,concurrent,32,2,24,13450438233,0,0,5000,445571,27129931,27580502
turso,concurrent,32,2,24,13478019006,0,0,6722,460439,178974153,179441314
turso,concurrent,32,2,24,13657460510,0,0,7044,747390,9214250,9968684
turso,concurrent,32,2,24,13667429484,0,0,5150,727503,157760997,158493650
turso,concurrent,32,2,24,13825923395,0,0,6091,524280,34976199,35506570
turso,concurrent,32,2,24,13861430226,0,0,5791,517577,96131315,96654683
turso,concurrent,32,2,24,13958085290,0,0,7524,518428,111630096,112156048
turso,concurrent,32,2,24,14070241519,0,0,5881,560367,137149538,137715786
turso,concurrent,32,2,24,14207957636,0,0,7354,584834,356787754,357379942
turso,concurrent,32,2,24,14565337788,0,0,7995,5588286,52266090,57862371
turso,concurrent,32,2,24,14623200521,0,0,5370,426365,178621637,179053372
turso,concurrent,32,2,24,14802254083,0,0,6573,515833,74069219,74591625
turso,concurrent,32,2,24,14876845958,0,0,4779,405616,86341980,86752375
turso,concurrent,32,2,24,14963598614,0,0,6011,407018,137828199,138241228
turso,concurrent,32,2,24,15101840123,0,0,5660,444088,199030725,199480473
turso,concurrent,32,2,24,15301320957,0,0,6582,488242,21611917,22106741
turso,concurrent,32,2,24,15323427959,0,0,5129,610232,204299929,204915290
turso,concurrent,32,2,24,15528343650,0,0,10289,3504764,56748610,60263663
turso,concurrent,32,2,24,15588607494,0,0,5450,793658,499196027,499995135
turso,concurrent,32,2,24,16088602939,0,0,6742,457734,365522649,365987125
turso,concurrent,32,2,24,16454590346,0,0,7444,522226,162464253,162993923
turso,concurrent,32,2,24,16617584490,0,0,7223,9510840,153973790,163491853
turso,concurrent,32,2,24,16781077064,0,0,6112,562872,48682467,49251451
turso,concurrent,32,2,24,16830328755,0,0,5761,462533,29608991,30077285
turso,concurrent,32,2,24,16860406280,0,0,5420,433989,163902057,164341466
turso,concurrent,32,2,24,17024748057,0,0,6843,601816,30230082,30838741
turso,concurrent,32,2,24,17055587178,0,0,7224,510814,9678687,10196725
turso,concurrent,32,2,24,17065784223,0,0,6964,598529,110561319,111166812
turso,concurrent,32,2,24,17176951335,0,0,5841,476930,334576977,335059748
turso,concurrent,32,2,24,17512011394,0,0,6372,577660,136343206,136927238
turso,concurrent,32,2,24,17648938863,0,0,7143,14641774,655996761,670645678
turso,concurrent,32,2,24,18319584952,0,0,6392,475087,193571151,194052630
turso,concurrent,32,2,24,18513637972,0,0,7465,466299,480984818,481458582
turso,concurrent,32,2,24,18995096965,0,0,9097,3758874,113878900,117646871
turso,concurrent,32,2,24,19112744177,0,0,6732,479976,76356997,76843705
turso,concurrent,32,2,24,19189588122,0,0,5501,424681,995814089,996244271
turso,concurrent,32,2,24,20185834096,0,0,8737,9260006,106485627,115754370
turso,concurrent,32,2,24,20301588736,0,0,5661,514060,42256590,42776311
turso,concurrent,32,2,24,20344365257,0,0,6192,495585,260241115,260742892
turso,concurrent,32,2,24,20605108459,0,0,7183,539508,21329194,21875885
turso,concurrent,32,2,24,20626984626,0,0,6121,593651,141688173,142287945
turso,concurrent,32,2,24,20769272882,0,0,7334,593580,137547459,138148373
turso,concurrent,32,2,24,20907421425,0,0,6222,606525,126752506,127365253
turso,concurrent,32,2,24,21034786898,0,0,6052,603138,45822108,46431298
turso,concurrent,32,2,24,21081218427,0,0,7514,11989818,30118312,42115644
turso,concurrent,32,2,24,21123334341,0,0,6513,727823,45577687,46312023
turso,concurrent,32,2,24,21169646575,0,0,4999,506486,76228764,76740249
turso,concurrent,32,2,24,21246387005,0,0,5139,457404,41086060,41548603
turso,concurrent,32,2,24,21287935828,0,0,5190,476309,96168165,96649664
turso,concurrent,32,2,24,21384585742,0,0,5560,560758,268840044,269406362
turso,concurrent,32,2,24,21653992305,0,0,5350,452244,39328383,39785977
turso,concurrent,32,2,24,21693778482,0,0,6312,655437,245414684,246076433
turso,concurrent,32,2,24,21939855155,0,0,5771,479174,180931908,181416853
turso,concurrent,32,2,24,22121272348,0,0,6413,500634,154995709,155502756
turso,concurrent,32,2,24,22276775364,0,0,7775,12240471,92857297,105105543
turso,concurrent,32,2,24,22381881137,0,0,6833,716032,196818178,197541043
turso,concurrent,32,2,24,22579422431,0,0,5230,520392,163308607,163834229
turso,concurrent,32,2,24,22743256900,0,0,5811,455589,150359028,150820428
turso,concurrent,32,2,24,22894077529,0,0,6231,543075,81325313,81874619
turso,concurrent,32,2,24,22975952389,0,0,5942,503510,8109034,8618486
turso,concurrent,32,2,24,22984571115,0,0,4489,478082,13222625,13705196
turso,concurrent,32,2,24,22998276521,0,0,5260,563844,117076485,117645589
turso,concurrent,32,2,24,23115922330,0,0,5701,462774,407358174,407826649
turso,concurrent,32,2,24,23523749219,0,0,8336,573322,53170086,53751744
turso,concurrent,32,2,24,23577501214,0,0,6682,765295,211993118,212765095
turso,concurrent,32,2,24,23790266559,0,0,6643,495475,398209709,398711827
turso,concurrent,32,2,24,24188978706,0,0,7234,492750,74141194,74641178
turso,concurrent,32,2,24,24263620084,0,0,5550,427477,50885384,51318411
turso,concurrent,32,2,24,24314938767,0,0,5730,547073,102101223,102654026
turso,concurrent,32,2,24,24417593043,0,0,6162,662790,21330317,21999269
turso,concurrent,32,2,24,24439592542,0,0,5560,469767,536894935,537370262
turso,concurrent,32,2,24,24976963024,0,0,8386,6512892,196105684,202626962
turso,concurrent,32,2,24,25179590206,0,0,5501,439389,327930172,328375062
turso,concurrent,32,2,24,25507965539,0,0,6673,475437,249144252,249626362
turso,concurrent,32,2,24,25757592171,0,0,8707,2769467,332083871,334862045
turso,concurrent,32,2,24,26092454436,0,0,6373,628436,49825203,50460012
turso,concurrent,32,2,24,26142914709,0,0,6111,524430,204958141,205488682
turso,concurrent,32,2,24,26348403591,0,0,5109,659905,183339381,184004395
turso,concurrent,32,2,24,26532408278,0,0,6402,503150,161449328,161958880
turso,concurrent,32,2,24,26694367438,0,0,6823,506175,64462839,64975837
turso,concurrent,32,2,24,26759343546,0,0,6412,447705,250565454,251019571
turso,concurrent,32,2,24,27010363658,0,0,17453,9144198,13737927,22899578
turso,concurrent,32,2,24,27033263576,0,0,4689,475868,179826431,180306988
turso,concurrent,32,2,24,27213570754,0,0,5600,431304,414955403,415392307
turso,concurrent,32,2,24,27628963282,0,0,5651,480166,181131333,181617150
turso,concurrent,32,2,24,27810580713,0,0,5270,413801,191468893,191887964
turso,concurrent,32,2,24,28002468937,0,0,6141,504302,84863931,85374374
turso,concurrent,32,2,24,28087843943,0,0,17733,559106,224463994,225040833
turso,concurrent,32,2,24,28312885076,0,0,8035,3553226,159592825,163154086
turso,concurrent,32,2,24,28476039452,0,0,7765,713186,73331336,74052287
turso,concurrent,32,2,24,28550091989,0,0,6132,566419,646146973,646719524
turso,concurrent,32,2,24,29196811783,0,0,8176,610071,194999066,195617313
turso,concurrent,32,2,24,29392429377,0,0,8015,565337,60266158,60839510
turso,concurrent,32,2,24,29453269207,0,0,8175,20894093,449000635,469902903
turso,concurrent,32,2,24,29923172321,0,0,6663,427306,272516692,272950661
turso,concurrent,32,2,24,30196123193,0,0,6121,448777,115783705,116238603
turso,concurrent,32,2,24,30312362027,0,0,5841,503390,42427011,42936242
turso,concurrent,32,2,24,30355298539,0,0,6463,754133,111524537,112285133
turso,concurrent,32,2,24,30467583882,0,0,7775,762278,34228088,34998141
turso,concurrent,32,2,24,30502582264,0,0,6612,662801,140332425,141001838
turso,concurrent,32,2,24,30643584342,0,0,7855,4165331,94477124,98650310
turso,concurrent,32,2,24,30742234922,0,0,6903,543957,197526866,198077726
turso,concurrent,32,2,24,30940312869,0,0,6222,479835,105437639,105923696
turso,concurrent,32,2,24,31046236876,0,0,7524,547924,347700785,348256233
turso,concurrent,32,2,24,31394493359,0,0,6463,458695,183161816,183626974
turso,concurrent,32,2,24,31578120573,0,0,5591,454418,21671189,22131198
turso,concurrent,32,2,24,31600251991,0,0,5751,535050,69425845,69966646
turso,concurrent,32,2,24,31670218868,0,0,5921,531313,126646134,127183368
turso,concurrent,32,2,24,31797402507,0,0,10299,3419655,67846945,71276899
turso,concurrent,32,2,24,31868679707,0,0,6522,545520,918073711,918625753
turso,concurrent,32,2,24,32787305731,0,0,6542,507077,28760719,29274338
turso,concurrent,32,2,24,32816580320,0,0,7093,513369,213312008,213832470
turso,concurrent,32,2,25,98286,1,0,2622569,366512,1179518920,1182508001
turso,concurrent,32,2,25,1182606667,1,0,42290,2295913,121155683,123493886
turso,concurrent,32,2,25,1306100844,1,0,6132,437475,158041697,158485304
turso,concurrent,32,2,25,1464586759,1,0,5611,422948,186920299,187348858
turso,concurrent,32,2,25,1651936188,1,0,5971,446613,50444883,50897467
turso,concurrent,32,2,25,1702834076,1,0,4799,388293,166175167,166568259
turso,concurrent,32,2,25,1869402576,1,0,6622,670756,142119538,142796916
turso,concurrent,32,2,25,2012199732,1,0,6512,441082,198267033,198714627
turso,concurrent,32,2,25,2210914591,1,0,9067,7393173,229401081,236803321
turso,concurrent,32,2,25,2447718904,1,0,7113,555298,75070158,75632569
turso,concurrent,32,2,25,2523351744,1,0,7003,630109,391318613,391955725
turso,concurrent,32,2,25,2915307670,1,0,6582,639317,208251136,208897035
turso,concurrent,32,2,25,3124204945,0,0,6472,436724,770395905,770839101
turso,concurrent,32,2,25,3895044286,0,0,8807,3421056,262682383,266112246
turso,concurrent,32,2,25,4161156782,0,0,6843,414322,48706362,49127527
turso,concurrent,32,2,25,4210284649,0,0,7374,455330,34204934,34667638
turso,concurrent,32,2,25,4244952577,0,0,8426,3443489,56785750,60237665
turso,concurrent,32,2,25,4305191164,0,0,7564,6201985,59778568,65988117
turso,concurrent,32,2,25,4371179541,0,0,4990,436624,165855273,166296887
turso,concurrent,32,2,25,4537476669,0,0,6261,443427,561356762,561806450
turso,concurrent,32,2,25,5099283369,0,0,6342,446232,78947295,79399869
turso,concurrent,32,2,25,5178683488,0,0,5750,513008,50085946,50604704
turso,concurrent,32,2,25,5229288464,0,0,6151,525322,33772567,34304040
turso,concurrent,32,2,25,5263592735,0,0,6673,537324,192443803,192987800
turso,concurrent,32,2,25,5456580765,0,0,7073,1875240,68483246,70365559
turso,concurrent,32,2,25,5526946604,0,0,6121,451613,10526265,10983999
turso,concurrent,32,2,25,5537930965,0,0,5160,449588,90156289,90611037
turso,concurrent,32,2,25,5628542213,0,0,5921,561790,241008348,241576059
turso,concurrent,32,2,25,5870118522,0,0,6172,667970,531606575,532280717
turso,concurrent,32,2,25,6402399510,0,0,11411,588982,151327024,151927417
turso,concurrent,32,2,25,6554327218,0,0,7314,9344295,267515494,276867103
turso,concurrent,32,2,25,6831194601,0,0,5951,456782,199129702,199592435
turso,concurrent,32,2,25,7030787236,0,0,5460,466030,47327620,47799110
turso,concurrent,32,2,25,7078588269,0,0,6603,465138,58356725,58828466
turso,concurrent,32,2,25,7137416925,0,0,6362,642382,6521398,7170142
turso,concurrent,32,2,25,7144587278,0,0,5119,590945,155723743,156319807
turso,concurrent,32,2,25,7300907295,0,0,6793,630640,105845259,106482692
turso,concurrent,32,2,25,7407390217,0,0,5541,436684,304223992,304666217
turso,concurrent,32,2,25,7712057015,0,0,8676,20157593,34202098,54368367
turso,concurrent,32,2,25,7766425633,0,0,6122,470508,167458179,167934809
turso,concurrent,32,2,25,7934360672,0,0,6011,652783,242699919,243358713
turso,concurrent,32,2,25,8177719666,0,0,6723,557942,338604308,339168973
turso,concurrent,32,2,25,8516888879,0,0,7023,451211,104752106,105210340
turso,concurrent,32,2,25,8622099540,0,0,7474,628687,147687406,148323567
turso,concurrent,32,2,25,8770423548,0,0,11772,6679786,158489392,165180950
turso,concurrent,32,2,25,8935604719,0,0,6482,519651,100298650,100824783
turso,concurrent,32,2,25,9036429913,0,0,11522,525792,226258641,226795955
turso,concurrent,32,2,25,9263226178,0,0,7704,563654,296435313,297006671
turso,concurrent,32,2,25,9560233120,0,0,7223,430533,43042843,43480599
turso,concurrent,32,2,25,9603714021,0,0,6051,461401,26075201,26542653
turso,concurrent,32,2,25,9630256914,0,0,5380,479545,97478088,97963013
turso,concurrent,32,2,25,9728220207,0,0,9899,659705,132714077,133383681
turso,concurrent,32,2,25,9861604189,0,0,9848,4082395,37720428,41812671
turso,concurrent,32,2,25,9903417151,0,0,6302,579994,153138314,153724610
turso,concurrent,32,2,25,10057142111,0,0,8336,1059109,265378310,266445755
turso,concurrent,32,2,25,10323588106,0,0,6012,429601,38264405,38700018
turso,concurrent,32,2,25,10362288414,0,0,6802,473564,121320835,121801201
turso,concurrent,32,2,25,10484089877,0,0,5831,531323,65490247,66027401
turso,concurrent,32,2,25,10550117598,0,0,6832,517717,30547001,31071550
turso,concurrent,32,2,25,10581189380,0,0,6923,648614,8652379,9307916
turso,concurrent,32,2,25,10590497506,0,0,4659,499162,36229164,36732985
turso,concurrent,32,2,25,10627230712,0,0,5250,457804,6724300,7187354
turso,concurrent,32,2,25,10634418307,0,0,5620,650227,129336183,129992030
turso,concurrent,32,2,25,10764410547,0,0,5931,567631,131980744,132554306
turso,concurrent,32,2,25,10896965123,0,0,6302,464697,172147649,172618648
turso,concurrent,32,2,25,11069585654,0,0,7785,1727450,285102475,286837710
turso,concurrent,32,2,25,11356423615,0,0,6753,474916,32277416,32759085
turso,concurrent,32,2,25,11389182910,0,0,6332,631702,32610085,33248119
turso,concurrent,32,2,25,11422431289,0,0,4779,415003,720395260,720815042
turso,concurrent,32,2,25,12143246651,0,0,7925,14720602,189812006,204540533
turso,concurrent,32,2,25,12347787445,0,0,6823,550689,38431290,38988802
turso,concurrent,32,2,25,12386776458,0,0,5991,506907,7294616,7807514
turso,concurrent,32,2,25,12394584373,0,0,7635,575125,277030982,277613742
turso,concurrent,32,2,25,12672198466,0,0,9097,621042,87791697,88421836
turso,concurrent,32,2,25,12760620512,0,0,6352,756458,133919201,134682011
turso,concurrent,32,2,25,12895302824,0,0,6853,439239,312523095,312969187
turso,concurrent,32,2,25,13208272371,0,0,7434,6215200,259923485,266146119
turso,concurrent,32,2,25,13474418761,0,0,5991,493462,202413458,202912911
turso,concurrent,32,2,25,13677331893,0,0,6893,473063,98448338,98928294
turso,concurrent,32,2,25,13776260407,0,0,6062,513489,74640917,75160468
turso,concurrent,32,2,25,13851421096,0,0,5400,435833,140281098,140722331
turso,concurrent,32,2,25,13992143637,0,0,5851,508931,9750642,10265424
turso,concurrent,32,2,25,14002409351,0,0,5240,509702,192717119,193232061
turso,concurrent,32,2,25,14195641662,0,0,5721,406618,267255813,267668152
turso,concurrent,32,2,25,14463310255,0,0,8697,627834,90394199,91030730
turso,concurrent,32,2,25,14554341245,0,0,5801,636842,41524488,42167131
turso,concurrent,32,2,25,14596508646,0,0,5531,399624,68732126,69137281
turso,concurrent,32,2,25,14665646117,0,0,5600,451692,41975259,42432551
turso,concurrent,32,2,25,14708078889,0,0,5320,418440,267877136,268300896
turso,concurrent,32,2,25,14976380116,0,0,7003,494093,105309767,105810863
turso,concurrent,32,2,25,15082191320,0,0,7514,546221,277079203,277632938
turso,concurrent,32,2,25,15359824449,0,0,5991,515102,222481913,223003006
turso,concurrent,32,2,25,15582827716,0,0,7033,9083242,220347686,229437961
turso,concurrent,32,2,25,15812266027,0,0,5942,504672,99647171,100157785
turso,concurrent,32,2,25,15912424093,0,0,5921,438337,289457334,289901592
turso,concurrent,32,2,25,16202325915,0,0,6532,469006,484497517,484973055
turso,concurrent,32,2,25,16687299220,0,0,7474,16800598,92300927,109108999
turso,concurrent,32,2,25,16796408649,0,0,7224,642933,158247896,158898053
turso,concurrent,32,2,25,16955307013,0,0,5971,524731,24433272,24963974
turso,concurrent,32,2,25,16980271297,0,0,7635,614079,80412951,81034665
turso,concurrent,32,2,25,17061306212,0,0,5511,484855,43974121,44464487
turso,concurrent,32,2,25,17105770979,0,0,6072,567140,39384700,39957912
turso,concurrent,32,2,25,17145729231,0,0,7965,491267,299346818,299846050
turso,concurrent,32,2,25,17445575511,0,0,6312,432195,38042206,38480713
turso,concurrent,32,2,25,17484056666,0,0,7073,547273,82822038,83376384
turso,concurrent,32,2,25,17567433430,0,0,8086,688018,135757301,136453405
turso,concurrent,32,2,25,17703887245,0,0,15399,8925004,75683375,84623778
turso,concurrent,32,2,25,17788511273,0,0,6492,659845,45833500,46499837
turso,concurrent,32,2,25,17835011342,0,0,5791,580255,63527673,64113719
turso,concurrent,32,2,25,17899125282,0,0,5480,493441,89304452,89803373
turso,concurrent,32,2,25,17988928905,0,0,5120,425122,63967965,64398207
turso,concurrent,32,2,25,18053327383,0,0,6502,637733,85613025,86257260
turso,concurrent,32,2,25,18139584814,0,0,5881,509060,101226692,101741633
turso,concurrent,32,2,25,18241326708,0,0,6402,510032,500003592,500520026
turso,concurrent,32,2,25,18741847094,0,0,6842,592889,72153083,72752814
turso,concurrent,32,2,25,18814600099,0,0,7574,6261838,321167430,327436842
turso,concurrent,32,2,25,19142037191,0,0,7594,5837367,53208939,59053900
turso,concurrent,32,2,25,19201091302,0,0,6221,432016,187788437,188226674
turso,concurrent,32,2,25,19389318387,0,0,7273,647713,193435475,194090461
turso,concurrent,32,2,25,19583409038,0,0,7214,632614,20365886,21005714
turso,concurrent,32,2,25,19604415032,0,0,5611,496717,230201763,230704091
turso,concurrent,32,2,25,19835119373,0,0,5641,455199,36527447,36988287
turso,concurrent,32,2,25,19872108061,0,0,7143,552002,318918795,319477940
turso,concurrent,32,2,25,20191586342,0,0,8546,8514369,96666726,105189641
turso,concurrent,32,2,25,20296776193,0,0,6021,514050,208816914,209336985
turso,concurrent,32,2,25,20506113720,0,0,6592,661649,114520611,115188852
turso,concurrent,32,2,25,20621302812,0,0,6011,568924,76707387,77282322
turso,concurrent,32,2,25,20698585386,0,0,5721,544427,113109047,113659195
turso,concurrent,32,2,25,20812244952,0,0,6292,488712,85575734,86070738
turso,concurrent,32,2,25,20898317504,0,0,5460,465949,104237274,104708683
turso,concurrent,32,2,25,21003026718,0,0,13977,565938,46667374,47247289
turso,concurrent,32,2,25,21050274658,0,0,15369,10546614,249581888,260143871
turso,concurrent,32,2,25,21310418840,0,0,7254,9705517,179397411,189110182
turso,concurrent,32,2,25,21499529312,0,0,8566,700282,501130308,501839156
turso,concurrent,32,2,25,22001368668,0,0,5510,496167,81337345,81839022
turso,concurrent,32,2,25,22083207870,0,0,5440,492840,411871422,412369702
turso,concurrent,32,2,25,22495577904,0,0,8405,3370662,19677627,23056694
turso,concurrent,32,2,25,22518634808,0,0,4849,476359,12487708,12968916
turso,concurrent,32,2,25,22531603954,0,0,6813,496067,794739887,795242767
turso,concurrent,32,2,25,23326846982,0,0,6773,444018,162309020,162759811
turso,concurrent,32,2,25,23489607084,0,0,10049,4527605,122239108,126776762
turso,concurrent,32,2,25,23616384116,0,0,5561,462112,186359040,186826713
turso,concurrent,32,2,25,23803211139,0,0,8055,765064,95259170,96032289
turso,concurrent,32,2,25,23899243648,0,0,7034,576848,164055267,164639149
turso,concurrent,32,2,25,24063883007,0,0,5811,441563,93992890,94440264
turso,concurrent,32,2,25,24158323492,0,0,6662,607447,234320565,234934674
turso,concurrent,32,2,25,24393258387,0,0,5981,457804,208073751,208537536
turso,concurrent,32,2,25,24601796164,0,0,7233,2525697,31441078,33974008
turso,concurrent,32,2,25,24635770442,0,0,6502,533798,284081478,284621778
turso,concurrent,32,2,25,24920392520,0,0,8486,662059,252346406,253016951
turso,concurrent,32,2,25,25173409832,0,0,5951,422528,60751014,61179493
turso,concurrent,32,2,25,25234589505,0,0,6422,487740,76161949,76656111
turso,concurrent,32,2,25,25311245896,0,0,6272,451201,18878069,19335542
turso,concurrent,32,2,25,25330581688,0,0,4979,467433,56093203,56565615
turso,concurrent,32,2,25,25387147573,0,0,5510,478664,52434097,52918271
turso,concurrent,32,2,25,25440066034,0,0,5150,460248,10707198,11172596
turso,concurrent,32,2,25,25451238860,0,0,6012,838963,342541468,343386443
turso,concurrent,32,2,25,25794625543,0,0,8306,648604,89188733,89845643
turso,concurrent,32,2,25,25884471397,0,0,6141,561700,36550751,37118592
turso,concurrent,32,2,25,25921590300,0,0,6432,529540,282930375,283466347
turso,concurrent,32,2,25,26205056938,0,0,6602,531483,51824287,52362372
turso,concurrent,32,2,25,26257419500,0,0,4889,628517,128974309,129607715
turso,concurrent,32,2,25,26387027445,0,0,5941,460880,265094154,265560975
turso,concurrent,32,2,25,26652588630,0,0,5921,490326,34085228,34581475
turso,concurrent,32,2,25,26687170325,0,0,5240,429110,1059490,1493840
turso,concurrent,32,2,25,26688664375,0,0,4749,462683,146099058,146566490
turso,concurrent,32,2,25,26835231116,0,0,5660,479966,250771834,251257460
turso,concurrent,32,2,25,27086488787,0,0,7714,9787011,26170310,35965035
turso,concurrent,32,2,25,27122454063,0,0,5770,510674,48947367,49463811
turso,concurrent,32,2,25,27171918095,0,0,4969,466420,87867971,88339360
turso,concurrent,32,2,25,27260257665,0,0,5260,475277,205192413,205672950
turso,concurrent,32,2,25,27465930846,0,0,6602,740328,49754079,50501009
turso,concurrent,32,2,25,27516432075,0,0,5681,564946,123345446,123916073
turso,concurrent,32,2,25,27640348419,0,0,6562,596776,304540991,305144329
turso,concurrent,32,2,25,27945492989,0,0,6963,546932,282743533,283297428
turso,concurrent,32,2,25,28228790698,0,0,8526,8279656,257381688,265669870
turso,concurrent,32,2,25,28494460828,0,0,6052,509672,142612568,143128292
turso,concurrent,32,2,25,28637589400,0,0,6853,467813,580348554,580823220
turso,concurrent,32,2,25,29218412931,0,0,6712,686125,165126569,165819406
turso,concurrent,32,2,25,29384232557,0,0,6502,579795,135177255,135763552
turso,concurrent,32,2,25,29519996370,0,0,7243,6988419,137222226,144217888
turso,concurrent,32,2,25,29664214548,0,0,6543,504672,419473920,419985135
turso,concurrent,32,2,25,30084199923,0,0,6052,411887,156607811,157025750
turso,concurrent,32,2,25,30241225884,0,0,7384,686906,91428039,92122329
turso,concurrent,32,2,25,30333348494,0,0,7344,548515,41488540,42044399
turso,concurrent,32,2,25,30375393153,0,0,5070,449949,57273400,57728419
turso,concurrent,32,2,25,30433121813,0,0,5370,481128,213655636,214142134
turso,concurrent,32,2,25,30647264187,0,0,8095,3947220,69628928,73584243
turso,concurrent,32,2,25,30720848701,0,0,7574,763451,133859800,134630825
turso,concurrent,32,2,25,30855479756,0,0,6222,657290,227985510,228649022
turso,concurrent,32,2,25,31084129119,0,0,7684,486378,184646778,185140840
turso,concurrent,32,2,25,31269270190,0,0,6672,818034,116493395,117318101
turso,concurrent,32,2,25,31386588581,0,0,5601,450660,134042584,134498845
turso,concurrent,32,2,25,31521087657,0,0,4999,484615,315009988,315499602
turso,concurrent,32,2,25,31836587500,0,0,10299,17990513,96008003,114008815
turso,concurrent,32,2,25,31950596716,0,0,13606,726401,256622906,257362913
turso,concurrent,32,2,25,32207959879,0,0,8136,470728,122982782,123461646
turso,concurrent,32,2,25,32331421785,0,0,6282,516555,12158627,12681464
turso,concurrent,32,2,25,32344103469,0,0,4308,438718,125036949,125479975
turso,concurrent,32,2,25,32469583724,0,0,5861,428910,386572185,387006956
turso,concurrent,32,2,25,32856590951,0,0,7384,539618,69921471,70468473
turso,concurrent,32,2,25,32927059664,0,0,6352,535691,94753475,95295518
turso,concurrent,32,2,26,103967,1,0,16319018,313782,526564960,543197760
turso,concurrent,32,2,26,543301998,1,0,5650,399825,113619600,114025075
turso,concurrent,32,2,26,657327274,1,0,6061,516465,272151273,272673799
turso,concurrent,32,2,26,930001343,1,0,6252,334782,262669177,263010211
turso,concurrent,32,2,26,1193011834,1,0,44564,3238812,75135030,78418406
turso,concurrent,32,2,26,1271430682,1,0,5500,381280,122760322,123147102
turso,concurrent,32,2,26,1394578094,1,0,7243,461361,391180703,391649307
turso,concurrent,32,2,26,1786227853,1,0,5901,494794,273014051,273514746
turso,concurrent,32,2,26,2059742809,1,0,6963,420644,290954640,291382247
turso,concurrent,32,2,26,2351125927,1,0,8286,3305338,358973860,362287484
turso,concurrent,32,2,26,2713413652,1,0,8466,773730,68134127,68916323
turso,concurrent,32,2,26,2782330186,1,0,5470,455319,164144705,164605494
turso,concurrent,32,2,26,2946935901,1,0,6502,467783,45318909,45793194
turso,concurrent,32,2,26,2992729275,1,0,5310,588922,244874614,245468846
turso,concurrent,32,2,26,3238198361,0,0,7965,1778297,204827284,206613546
turso,concurrent,32,2,26,3444812127,0,0,5871,417137,62190330,62613338
turso,concurrent,32,2,26,3507425726,0,0,7444,658613,49009324,49675381
turso,concurrent,32,2,26,3557101728,0,0,5520,549036,18938563,19493119
turso,concurrent,32,2,26,3576595047,0,0,5931,528067,303697048,304231046
turso,concurrent,32,2,26,3880826403,0,0,6542,469096,397922797,398398435
turso,concurrent,32,2,26,4279225319,0,0,13756,4677197,367599840,372290793
turso,concurrent,32,2,26,4651516342,0,0,7324,594141,241952460,242553925
turso,concurrent,32,2,26,4894070457,0,0,6532,491087,177762155,178259774
turso,concurrent,32,2,26,5072330452,0,0,5480,434961,74474524,74914965
turso,concurrent,32,2,26,5147245677,0,0,6102,413540,302419937,302839579
turso,concurrent,32,2,26,5450085477,0,0,8135,4177795,102900862,107086792
turso,concurrent,32,2,26,5557172539,0,0,5310,445631,6595828,7046769
turso,concurrent,32,2,26,5564219528,0,0,4689,430463,12934361,13369513
turso,concurrent,32,2,26,5577589301,0,0,5070,453025,546081752,546539847
turso,concurrent,32,2,26,6124129379,0,0,6682,431475,289019898,289458055
turso,concurrent,32,2,26,6413587725,0,0,7935,477130,174355496,174840561
turso,concurrent,32,2,26,6588428557,0,0,7975,5871701,175409866,181289542
turso,concurrent,32,2,26,6769718359,0,0,5861,536843,437553622,438096326
turso,concurrent,32,2,26,7207816508,0,0,6562,564205,162808283,163379050
turso,concurrent,32,2,26,7371195819,0,0,5610,465850,254648850,255120310
turso,concurrent,32,2,26,7626316369,0,0,9658,9982139,31823119,41814916
turso,concurrent,32,2,26,7668131486,0,0,6462,558655,65606136,66171253
turso,concurrent,32,2,26,7734302929,0,0,6442,812955,32834738,33654135
turso,concurrent,32,2,26,7767957264,0,0,5080,468133,117153059,117626272
turso,concurrent,32,2,26,7885583747,0,0,5761,492499,88325655,88823915
turso,concurrent,32,2,26,7974407872,0,0,5831,437456,29273948,29717235
turso,concurrent,32,2,26,8004125317,0,0,5270,438467,16438264,16882001
turso,concurrent,32,2,26,8021007528,0,0,4869,456472,87026693,87488034
turso,concurrent,32,2,26,8108495832,0,0,5250,455299,200617309,201077858
turso,concurrent,32,2,26,8309573920,0,0,5040,438758,103565336,104009134
turso,concurrent,32,2,26,8413583334,0,0,6312,567411,132417367,132991090
turso,concurrent,32,2,26,8546574644,0,0,5621,433107,104850041,105288769
turso,concurrent,32,2,26,8651863653,0,0,5881,473193,393966501,394445575
turso,concurrent,32,2,26,9046309448,0,0,7945,2841252,45244158,48093355
turso,concurrent,32,2,26,9094403094,0,0,6432,420654,62062158,62489244
turso,concurrent,32,2,26,9156892618,0,0,5570,436564,42080337,42522471
turso,concurrent,32,2,26,9199415320,0,0,5280,442515,18321698,18769493
turso,concurrent,32,2,26,9218185074,0,0,4989,470338,83255516,83730843
turso,concurrent,32,2,26,9301916147,0,0,6041,543105,37952507,38501653
turso,concurrent,32,2,26,9340418040,0,0,6232,534509,146210909,146751650
turso,concurrent,32,2,26,9487170051,0,0,8025,851236,19670003,20529264
turso,concurrent,32,2,26,9507699616,0,0,7253,795351,151088235,151890839
turso,concurrent,32,2,26,9659590785,0,0,6002,425813,131920910,132352725
turso,concurrent,32,2,26,9791943791,0,0,7895,3093268,207074375,210175538
turso,concurrent,32,2,26,10002119679,0,0,6813,9024141,123903139,132934093
turso,concurrent,32,2,26,10135054052,0,0,6252,421145,71189984,71617381
turso,concurrent,32,2,26,10206672034,0,0,7314,470268,84197733,84675315
turso,concurrent,32,2,26,10291347620,0,0,5350,454618,76174752,76634720
turso,concurrent,32,2,26,10367982601,0,0,5140,487901,284858374,285351415
turso,concurrent,32,2,26,10653334226,0,0,6242,488302,102080022,102574566
turso,concurrent,32,2,26,10755910645,0,0,6472,587038,66292391,66885901
turso,concurrent,32,2,26,10822796768,0,0,5490,510283,182115391,182631164
turso,concurrent,32,2,26,11005428142,0,0,7614,13280714,347405378,360693706
turso,concurrent,32,2,26,11366122108,0,0,7655,503971,386308799,386820425
turso,concurrent,32,2,26,11752942793,0,0,7374,488041,266197506,266692921
turso,concurrent,32,2,26,12019635925,0,0,6001,6296343,420360954,426663298
turso,concurrent,32,2,26,12446299534,0,0,9668,6927163,124763633,131700464
turso,concurrent,32,2,26,12578000198,0,0,6983,424742,200262960,200694685
turso,concurrent,32,2,26,12778695223,0,0,6081,497249,620743109,621246439
turso,concurrent,32,2,26,13399941923,0,0,8436,7633978,39995752,47638166
turso,concurrent,32,2,26,13447580290,0,0,6763,748322,145449893,146204978
turso,concurrent,32,2,26,13593785508,0,0,6853,715440,109742875,110465168
turso,concurrent,32,2,26,13704250846,0,0,6472,641762,110712694,111360928
turso,concurrent,32,2,26,13815611994,0,0,5891,489244,72748466,73243601
turso,concurrent,32,2,26,13888855825,0,0,6412,656339,476589733,477252484
turso,concurrent,32,2,26,14366108469,0,0,6653,7995760,20914421,28916834
turso,concurrent,32,2,26,14395025574,0,0,5430,427587,73953931,74386948
turso,concurrent,32,2,26,14469412832,0,0,7424,500605,138100844,138608873
turso,concurrent,32,2,26,14608021925,0,0,5430,458626,197415025,197879081
turso,concurrent,32,2,26,14805901296,0,0,7174,611835,185894072,186513081
turso,concurrent,32,2,26,14992414627,0,0,6241,435642,461032903,461474786
turso,concurrent,32,2,26,15453889725,0,0,8526,581017,157631392,158220935
turso,concurrent,32,2,26,15612110831,0,0,6332,573011,193894742,194474085
turso,concurrent,32,2,26,15806585186,0,0,5891,469907,657582605,658058403
turso,concurrent,32,2,26,16464643950,0,0,6993,531383,23100527,23638903
turso,concurrent,32,2,26,16488283063,0,0,5901,481319,134819560,135306780
turso,concurrent,32,2,26,16623590024,0,0,7073,543887,136759081,137310041
turso,concurrent,32,2,26,16760900325,0,0,6623,676156,136767677,137450456
turso,concurrent,32,2,26,16898350951,0,0,6331,552453,269832196,270390980
turso,concurrent,32,2,26,17168742162,0,0,6231,496678,216034966,216537875
turso,concurrent,32,2,26,17385280268,0,0,5891,485767,17916443,18408101
turso,concurrent,32,2,26,17403688610,0,0,5099,620261,37273014,37898374
turso,concurrent,32,2,26,17441587255,0,0,4909,440952,111476707,111922568
turso,concurrent,32,2,26,17553510093,0,0,5861,544267,242218241,242768369
turso,concurrent,32,2,26,17796278813,0,0,7654,643986,284748306,285399946
turso,concurrent,32,2,26,18081678950,0,0,6622,545259,204893980,205445861
turso,concurrent,32,2,26,18287125022,0,0,6121,540601,100079246,100625968
turso,concurrent,32,2,26,18387751220,0,0,5050,454658,181149237,181608945
turso,concurrent,32,2,26,18569360366,0,0,5250,447244,43766539,44219033
turso,concurrent,32,2,26,18613579629,0,0,6072,582669,378015798,378604539
turso,concurrent,32,2,26,18992184388,0,0,7374,7921180,360427283,368355837
turso,concurrent,32,2,26,19360540445,0,0,7394,765795,108674879,109448068
turso,concurrent,32,2,26,19469988753,0,0,5932,458325,252836961,253301218
turso,concurrent,32,2,26,19723290281,0,0,7013,461851,552549771,553018635
turso,concurrent,32,2,26,20276309187,0,0,9258,4831287,77267795,82108340
turso,concurrent,32,2,26,20358417798,0,0,6743,765905,15629447,16402095
turso,concurrent,32,2,26,20374820113,0,0,4358,608047,156030722,156643127
turso,concurrent,32,2,26,20531463521,0,0,6372,610111,157510515,158126998
turso,concurrent,32,2,26,20689590780,0,0,6332,525071,42130702,42662105
turso,concurrent,32,2,26,20732253146,0,0,5120,512206,239584400,240101726
turso,concurrent,32,2,26,20972355103,0,0,7454,583731,40495987,41087172
turso,concurrent,32,2,26,21013442786,0,0,14989,577720,134061149,134653858
turso,concurrent,32,2,26,21148096925,0,0,8556,637904,26608517,27254977
turso,concurrent,32,2,26,21175352203,0,0,5310,508930,44740478,45254718
turso,concurrent,32,2,26,21220607181,0,0,5651,448266,265524115,265978032
turso,concurrent,32,2,26,21486585433,0,0,5330,419102,39220419,39644851
turso,concurrent,32,2,26,21526230534,0,0,5451,487911,440946144,441439506
turso,concurrent,32,2,26,21967670330,0,0,6442,492510,255238363,255737315
turso,concurrent,32,2,26,22223407936,0,0,7935,7685144,260316246,268009325
turso,concurrent,32,2,26,22491417472,0,0,5881,518829,20970617,21495327
turso,concurrent,32,2,26,22512913170,0,0,7264,538676,11511636,12057576
turso,concurrent,32,2,26,22524970996,0,0,5100,542985,144379212,144927297
turso,concurrent,32,2,26,22669898574,0,0,6762,536463,133889525,134432750
turso,concurrent,32,2,26,22804331515,0,0,6281,713417,7875694,8595392
turso,concurrent,32,2,26,22812928720,0,0,5250,561079,52342704,52909033
turso,concurrent,32,2,26,22865838064,0,0,6041,449579,63709657,64165277
turso,concurrent,32,2,26,22930003481,0,0,5129,510965,196744179,197260273
turso,concurrent,32,2,26,23127264075,0,0,5791,536352,84185802,84727945
turso,concurrent,32,2,26,23211992280,0,0,6062,767809,268623354,269397225
turso,concurrent,32,2,26,23481389715,0,0,8797,6816455,23504629,30329881
turso,concurrent,32,2,26,23511719887,0,0,6322,497469,410987123,411490914
turso,concurrent,32,2,26,23923211061,0,0,6202,501567,51863259,52371028
turso,concurrent,32,2,26,23975582400,0,0,6702,495866,93341130,93843698
turso,concurrent,32,2,26,24069426318,0,0,5360,438858,100673228,101117446
turso,concurrent,32,2,26,24170543985,0,0,6492,513329,96521041,97040862
turso,concurrent,32,2,26,24267585087,0,0,5881,420814,52605510,53032205
turso,concurrent,32,2,26,24320617544,0,0,5681,622044,244165285,244793010
turso,concurrent,32,2,26,24565410785,0,0,9227,6977699,460975445,467962371
turso,concurrent,32,2,26,25033373456,0,0,7304,15158628,106911731,122077663
turso,concurrent,32,2,26,25155451330,0,0,6923,656509,10725392,11388824
turso,concurrent,32,2,26,25166840364,0,0,5981,587990,85037449,85631420
turso,concurrent,32,2,26,25252472034,0,0,6352,519801,66046548,66572701
turso,concurrent,32,2,26,25319044925,0,0,4879,454177,45023432,45482488
turso,concurrent,32,2,26,25364527633,0,0,7014,485075,193385620,193877709
turso,concurrent,32,2,26,25558405613,0,0,5350,592388,319797464,320395202
turso,concurrent,32,2,26,25878801105,0,0,7885,2270465,149657464,151935814
turso,concurrent,32,2,26,26030737159,0,0,6172,430733,431414886,431851791
turso,concurrent,32,2,26,26462589211,0,0,6271,461391,16213229,16680891
turso,concurrent,32,2,26,26479270372,0,0,5801,463214,226646133,227115148
turso,concurrent,32,2,26,26706385810,0,0,6663,535360,312076352,312618375
turso,concurrent,32,2,26,27019004636,0,0,12984,9210052,266265034,275488070
turso,concurrent,32,2,26,27294492946,0,0,6583,600002,92803455,93410040
turso,concurrent,32,2,26,27387903287,0,0,6001,442946,163834831,164283778
turso,concurrent,32,2,26,27552187285,0,0,6192,495455,321792088,322293735
turso,concurrent,32,2,26,27874481260,0,0,6883,444189,150971904,151422976
turso,concurrent,32,2,26,28025904416,0,0,5541,460249,86434685,86900475
turso,concurrent,32,2,26,28112805322,0,0,6612,545510,257838851,258390973
turso,concurrent,32,2,26,28371196525,0,0,7494,5735985,311431305,317174784
turso,concurrent,32,2,26,28688371580,0,0,6563,448917,86709504,87164984
turso,concurrent,32,2,26,28775536794,0,0,6312,597778,53445046,54049136
turso,concurrent,32,2,26,28829586150,0,0,5400,446242,44351904,44803546
turso,concurrent,32,2,26,28874389947,0,0,5420,511866,49383831,49901117
turso,concurrent,32,2,26,28924291334,0,0,4899,488412,119587554,120080865
turso,concurrent,32,2,26,29044372379,0,0,6663,851577,186287024,187145264
turso,concurrent,32,2,26,29231517913,0,0,6903,556310,18350302,18913515
turso,concurrent,32,2,26,29250431679,0,0,5149,453566,158062607,158521322
turso,concurrent,32,2,26,29408953242,0,0,9307,6147131,119375764,125532202
turso,concurrent,32,2,26,29534485615,0,0,6251,825949,215631275,216463475
turso,concurrent,32,2,26,29750949350,0,0,5280,447054,728759485,729211819
turso,concurrent,32,2,26,30480161389,0,0,7124,700502,152257260,152964886
turso,concurrent,32,2,26,30633126535,0,0,7424,3978879,413915339,417901642
turso,concurrent,32,2,26,31051028369,0,0,6532,590725,224774680,225371937
turso,concurrent,32,2,26,31276400556,0,0,6142,456592,18715862,19178596
turso,concurrent,32,2,26,31295579342,0,0,4869,555499,185747355,186307723
turso,concurrent,32,2,26,31481887235,0,0,6001,471240,638035875,638513116
turso,concurrent,32,2,26,32120400642,0,0,6823,4167164,485516190,489690177
turso,concurrent,32,2,26,32610091039,0,0,6402,496457,383367658,383870517
turso,concurrent,32,2,26,32993961927,0,0,6372,448587,62976272,63431231
turso,concurrent,32,2,27,85001,1,0,11316848,547243,716351307,728215398
turso,concurrent,32,2,27,728300850,1,0,7113,417368,17618040,18042521
turso,concurrent,32,2,27,746343662,1,0,4799,384686,112850058,113239543
turso,concurrent,32,2,27,859583405,1,0,5740,392401,98844356,99242497
turso,concurrent,32,2,27,958826193,1,0,6813,341445,26912110,27260368
turso,concurrent,32,2,27,986087212,1,0,8726,396068,103852828,104257622
turso,concurrent,32,2,27,1090345145,1,0,45566,13615135,277253963,290914664
turso,concurrent,32,2,27,1381260009,1,0,7134,421806,43229576,43658516
turso,concurrent,32,2,27,1424918755,1,0,5921,474967,355797445,356278333
turso,concurrent,32,2,27,1781197729,1,0,7134,491618,112122285,112621037
turso,concurrent,32,2,27,1893819026,1,0,5110,438657,334896089,335339856
turso,concurrent,32,2,27,2229159113,1,0,8286,2354804,178511639,180874729
turso,concurrent,32,2,27,2410034133,1,0,7594,599221,115949298,116556113
turso,concurrent,32,2,27,2526590546,1,0,5811,444219,17544841,17994871
turso,concurrent,32,2,27,2544585687,1,0,4919,446623,122080458,122532000
turso,concurrent,32,2,27,2667117969,1,0,8336,783468,87005373,87797177
turso,concurrent,32,2,27,2754915346,1,0,4679,454197,94472045,94930921
turso,concurrent,32,2,27,2849846918,1,0,5611,503900,384911432,385420943
turso,concurrent,32,2,27,3235268322,0,0,14537,3359370,129339939,132713846
turso,concurrent,32,2,27,3367982479,0,0,6933,438898,331257552,331703383
turso,concurrent,32,2,27,3699686143,0,0,7123,471590,151822440,152301153
turso,concurrent,32,2,27,3851987537,0,0,7203,625250,216649987,217282440
turso,concurrent,32,2,27,4069270237,0,0,5000,433708,48455388,48894096
turso,concurrent,32,2,27,4118164514,0,0,6602,662420,164587452,165256474
turso,concurrent,32,2,27,4283421258,0,0,6813,3418892,282581427,286007132
turso,concurrent,32,2,27,4569428621,0,0,6582,472001,171643477,172122060
turso,concurrent,32,2,27,4741550932,0,0,11371,464847,113451765,113927983
turso,concurrent,32,2,27,4855479105,0,0,7184,576718,79803000,80386902
turso,concurrent,32,2,27,4935866297,0,0,6883,455610,214513545,214976038
turso,concurrent,32,2,27,5150842605,0,0,6923,458396,115695007,116160326
turso,concurrent,32,2,27,5267003231,0,0,7905,675375,68745722,69429002
turso,concurrent,32,2,27,5336433345,0,0,14527,476961,102030789,102522277
turso,concurrent,32,2,27,5438955862,0,0,8486,3497701,89760212,93266399
turso,concurrent,32,2,27,5532223844,0,0,5751,494754,90872440,91372945
turso,concurrent,32,2,27,5623597060,0,0,5961,483042,156575861,157064864
turso,concurrent,32,2,27,5780662154,0,0,5420,527245,464224757,464757422
turso,concurrent,32,2,27,6245419847,0,0,6743,510563,43373147,43890453
turso,concurrent,32,2,27,6289310540,0,0,7504,461451,96563611,97032566
turso,concurrent,32,2,27,6386343377,0,0,5310,505044,424532947,425043301
turso,concurrent,32,2,27,6811386898,0,0,8405,572010,324612010,325192425
turso,concurrent,32,2,27,7136579525,0,0,6773,465969,346532600,347005342
turso,concurrent,32,2,27,7483585097,0,0,7474,483874,122194954,122686302
turso,concurrent,32,2,27,7606271620,0,0,7895,9168653,364330150,373506698
turso,concurrent,32,2,27,7979778578,0,0,6542,448857,387463418,387918817
turso,concurrent,32,2,27,8367697635,0,0,6171,437195,168276824,168720190
turso,concurrent,32,2,27,8536418076,0,0,6683,476509,420371053,420854245
turso,concurrent,32,2,27,8957272882,0,0,8305,4733233,98571411,103312949
turso,concurrent,32,2,27,9060586172,0,0,6082,475698,59524528,60006308
turso,concurrent,32,2,27,9120592741,0,0,5861,480076,192048036,192533973
turso,concurrent,32,2,27,9313126995,0,0,7213,489184,499310854,499807251
turso,concurrent,32,2,27,9812934776,0,0,17923,756889,354248452,355023264
turso,concurrent,32,2,27,10167958311,0,0,6222,437446,302453601,302897269
turso,concurrent,32,2,27,10470855910,0,0,6382,472813,334541019,335020214
turso,concurrent,32,2,27,10805876394,0,0,6392,463214,215765919,216235525
turso,concurrent,32,2,27,11022112239,0,0,8496,11797776,116203708,128009980
turso,concurrent,32,2,27,11150122469,0,0,7214,526323,111575142,112108679
turso,concurrent,32,2,27,11262231349,0,0,5510,568152,30776103,31349765
turso,concurrent,32,2,27,11293581325,0,0,4989,490416,52503488,52998893
turso,concurrent,32,2,27,11346580428,0,0,5531,462673,290371429,290839633
turso,concurrent,32,2,27,11637420331,0,0,5971,456542,212695373,213157886
turso,concurrent,32,2,27,11850578418,0,0,7203,586537,988626735,989220475
turso,concurrent,32,2,27,12839799203,0,0,8396,6440205,121074750,127523351
turso,concurrent,32,2,27,12967322855,0,0,6152,526082,109413773,109946007
turso,concurrent,32,2,27,13077269143,0,0,6522,603810,595248664,595858996
turso,concurrent,32,2,27,13673128410,0,0,7885,6560881,352608928,359177694
turso,concurrent,32,2,27,14032308339,0,0,8115,656138,19138490,19802743
turso,concurrent,32,2,27,14052111322,0,0,6553,649495,70673721,71329769
turso,concurrent,32,2,27,14123441411,0,0,7224,519350,57872702,58399276
turso,concurrent,32,2,27,14181840927,0,0,5230,420363,115083654,115509247
turso,concurrent,32,2,27,14297350384,0,0,7604,3675957,84761127,88444688
turso,concurrent,32,2,27,14385795344,0,0,7243,506046,120293045,120806334
turso,concurrent,32,2,27,14506601958,0,0,6352,513509,189332411,189852272
turso,concurrent,32,2,27,14696454451,0,0,6272,590935,118971852,119569059
turso,concurrent,32,2,27,14816023780,0,0,7223,616033,566930029,567553285
turso,concurrent,32,2,27,15383577337,0,0,7394,3176044,292526375,295709813
turso,concurrent,32,2,27,15679287421,0,0,7184,5773305,151344989,157125478
turso,concurrent,32,2,27,15836413139,0,0,6392,545710,39459040,40011142
turso,concurrent,32,2,27,15876424502,0,0,5560,646741,371814263,372466564
turso,concurrent,32,2,27,16248891257,0,0,5891,496747,131205290,131707928
turso,concurrent,32,2,27,16380599445,0,0,5581,477541,652651499,653134621
turso,concurrent,32,2,27,17033734397,0,0,11051,10015502,407493128,417519681
turso,concurrent,32,2,27,17451254339,0,0,7113,489955,73157107,73654175
turso,concurrent,32,2,27,17524908745,0,0,6452,611474,63020977,63638903
turso,concurrent,32,2,27,17588548119,0,0,21982,495515,51355431,51872928
turso,concurrent,32,2,27,17640421248,0,0,1914042,9872262,281782790,293569094
turso,concurrent,32,2,27,17933990632,0,0,7334,498661,283495803,284001798
turso,concurrent,32,2,27,18217992690,0,0,6963,581247,58600936,59189146
turso,concurrent,32,2,27,18277182046,0,0,5872,594742,26475506,27076120
turso,concurrent,32,2,27,18304258377,0,0,5931,442305,40947699,41395935
turso,concurrent,32,2,27,18345654512,0,0,4589,416897,68949937,69371423
turso,concurrent,32,2,27,18415026175,0,0,5710,531062,20847836,21384608
turso,concurrent,32,2,27,18436411025,0,0,5239,464176,196312986,196782401
turso,concurrent,32,2,27,18633193636,0,0,5941,637654,97751604,98395199
turso,concurrent,32,2,27,18731589045,0,0,6402,661659,149220779,149888840
turso,concurrent,32,2,27,18881478105,0,0,8415,5417655,44690784,50116854
turso,concurrent,32,2,27,18931595230,0,0,6633,516555,197804801,198327989
turso,concurrent,32,2,27,19129923389,0,0,5671,437205,412313436,412756312
turso,concurrent,32,2,27,19542679901,0,0,6693,541572,761252298,761800563
turso,concurrent,32,2,27,20304480744,0,0,8927,9025594,6900092,15934613
turso,concurrent,32,2,27,20320415587,0,0,6182,522356,527299085,527827623
turso,concurrent,32,2,27,20848243460,0,0,7434,458164,117944082,118409680
turso,concurrent,32,2,27,20966653402,0,0,6182,573973,95975411,96555566
turso,concurrent,32,2,27,21063209249,0,0,7484,9985876,35134578,45127938
turso,concurrent,32,2,27,21108337388,0,0,5049,795151,77694040,78494240
turso,concurrent,32,2,27,21186831848,0,0,5781,507027,274486089,274998897
turso,concurrent,32,2,27,21461831015,0,0,7124,474405,235007112,235488641
turso,concurrent,32,2,27,21697319906,0,0,6452,531483,158853660,159391595
turso,concurrent,32,2,27,21856711812,0,0,7113,549126,134919840,135476079
turso,concurrent,32,2,27,21992188082,0,0,5991,484013,19523767,20013771
turso,concurrent,32,2,27,22012202103,0,0,4499,500525,128262516,128767540
turso,concurrent,32,2,27,22140969903,0,0,6833,494553,549789681,550291067
turso,concurrent,32,2,27,22691261241,0,0,8175,9165518,236348533,245522226
turso,concurrent,32,2,27,22936783788,0,0,6181,483383,7114336,7603900
turso,concurrent,32,2,27,22944387899,0,0,4248,480857,104495441,104980546
turso,concurrent,32,2,27,23049368676,0,0,5700,481940,304719367,305207007
turso,concurrent,32,2,27,23354575934,0,0,6101,499473,179510074,180015648
turso,concurrent,32,2,27,23534591822,0,0,8276,6406972,40044695,46459943
turso,concurrent,32,2,27,23581052055,0,0,6633,493230,287511312,288011175
turso,concurrent,32,2,27,23869063440,0,0,5921,432306,59542753,59980980
turso,concurrent,32,2,27,23929044681,0,0,7494,473083,55066715,55547292
turso,concurrent,32,2,27,23984592254,0,0,7564,531874,309246110,309785548
turso,concurrent,32,2,27,24294378043,0,0,6773,481829,92946585,93435187
turso,concurrent,32,2,27,24387813481,0,0,5140,442805,136928000,137375945
turso,concurrent,32,2,27,24525189647,0,0,7304,570436,100823621,101401361
turso,concurrent,32,2,27,24626591239,0,0,7494,6359552,70685252,77052298
turso,concurrent,32,2,27,24703643827,0,0,6131,944904,177731547,178682582
turso,concurrent,32,2,27,24882326650,0,0,6081,484866,329708058,330199005
turso,concurrent,32,2,27,25212525825,0,0,5370,516915,94411460,94933745
turso,concurrent,32,2,27,25307459750,0,0,5370,454317,217533685,217993372
turso,concurrent,32,2,27,25525454896,0,0,5671,426455,124699431,125131557
turso,concurrent,32,2,27,25650586703,0,0,6332,483523,8508879,8998734
turso,concurrent,32,2,27,25659585637,0,0,5951,697637,43586870,44290458
turso,concurrent,32,2,27,25703876335,0,0,7835,585966,86583566,87177367
turso,concurrent,32,2,27,25791053953,0,0,8115,10192186,88893165,99093466
turso,concurrent,32,2,27,25890147629,0,0,8066,853120,157581949,158443135
turso,concurrent,32,2,27,26048590964,0,0,5661,475477,79516359,79997497
turso,concurrent,32,2,27,26128588681,0,0,4949,438277,196403636,196846862
turso,concurrent,32,2,27,26325435775,0,0,6081,443958,78535949,78985988
turso,concurrent,32,2,27,26404421953,0,0,6012,478793,191676265,192161070
turso,concurrent,32,2,27,26596583193,0,0,5601,572320,137417033,137994954
turso,concurrent,32,2,27,26734578407,0,0,7033,669143,366985240,367661416
turso,concurrent,32,2,27,27102240044,0,0,8265,5293540,78863968,84165773
turso,concurrent,32,2,27,27186406017,0,0,5310,442576,57143725,57591611
turso,concurrent,32,2,27,27243997859,0,0,5039,478563,427997878,428481480
turso,concurrent,32,2,27,27672479579,0,0,6202,487530,116955576,117449308
turso,concurrent,32,2,27,27789929128,0,0,8626,738574,64294200,65041400
turso,concurrent,32,2,27,27854970759,0,0,5530,431424,136913172,137350126
turso,concurrent,32,2,27,27992321106,0,0,5761,505133,230250184,230761078
turso,concurrent,32,2,27,28223082645,0,0,19236,19128571,147920646,167068453
turso,concurrent,32,2,27,28390151378,0,0,5701,493191,167390992,167889884
turso,concurrent,32,2,27,28558041502,0,0,7094,673511,153548297,154228902
turso,concurrent,32,2,27,28712270584,0,0,6061,550329,716130621,716687011
turso,concurrent,32,2,27,29428958096,0,0,17704,3281242,102922502,106221448
turso,concurrent,32,2,27,29535179835,0,0,6913,389395,97061641,97457949
turso,concurrent,32,2,27,29632638025,0,0,5590,554236,190386130,190945956
turso,concurrent,32,2,27,29823584221,0,0,6883,632795,275806130,276445808
turso,concurrent,32,2,27,30100030280,0,0,7123,665265,188092251,188764639
turso,concurrent,32,2,27,30288795140,0,0,6231,468475,47596928,48071634
turso,concurrent,32,2,27,30336867004,0,0,5120,460198,61750310,62215628
turso,concurrent,32,2,27,30399082842,0,0,5761,425643,127787450,128218854
turso,concurrent,32,2,27,30527302267,0,0,17763,476349,151941875,152435987
turso,concurrent,32,2,27,30679738565,0,0,8626,9195565,92116218,101320409
turso,concurrent,32,2,27,30781059264,0,0,7344,522747,30736518,31266609
turso,concurrent,32,2,27,30812326093,0,0,5200,427146,73982515,74414861
turso,concurrent,32,2,27,30886741255,0,0,5590,464617,148302827,148773034
turso,concurrent,32,2,27,31035514550,0,0,6713,595223,200069445,200671381
turso,concurrent,32,2,27,31236186211,0,0,6192,489494,113953901,114449587
turso,concurrent,32,2,27,31350635999,0,0,5861,485436,74468442,74959739
turso,concurrent,32,2,27,31425595949,0,0,4919,493611,208344202,208842732
turso,concurrent,32,2,27,31634438931,0,0,6823,595254,139269769,139871846
turso,concurrent,32,2,27,31774311138,0,0,13655,662911,74002944,74679510
turso,concurrent,32,2,27,31848991339,0,0,14528,4026218,1205073157,1209113903
turso,concurrent,32,2,28,122451,1,0,1288101,414472,6274091,7976664
turso,concurrent,32,2,28,8099857,1,0,5771,312370,506992010,507310151
turso,concurrent,32,2,28,515410328,1,0,7133,352565,30658010,31017708
turso,concurrent,32,2,28,546428227,1,0,5912,470718,28342861,28819491
turso,concurrent,32,2,28,575248008,1,0,6863,434090,172896251,173337204
turso,concurrent,32,2,28,748585723,1,0,5650,373856,21712868,22092374
turso,concurrent,32,2,28,770678328,1,0,5510,477662,233114429,233597601
turso,concurrent,32,2,28,1004276160,1,0,6853,325624,200506390,200838867
turso,concurrent,32,2,28,1205115267,1,0,42771,708417,67176720,67927908
turso,concurrent,32,2,28,1273043636,1,0,4939,396208,438045399,438446546
turso,concurrent,32,2,28,1711490433,1,0,7193,411637,162759391,163178221
turso,concurrent,32,2,28,1874668884,1,0,5511,386399,28913979,29305889
turso,concurrent,32,2,28,1903975003,1,0,5521,466560,580952313,581424394
turso,concurrent,32,2,28,2485399658,1,0,8416,2873392,89010838,91892646
turso,concurrent,32,2,28,2577292584,1,0,7024,513128,593645318,594165470
turso,concurrent,32,2,28,3171458345,0,0,7304,6127214,601741718,607876236
turso,concurrent,32,2,28,3779334851,0,0,8036,6288919,30483831,36780786
turso,concurrent,32,2,28,3816116478,0,0,6723,463374,139004299,139474396
turso,concurrent,32,2,28,3955591145,0,0,6923,534017,61128446,61669386
turso,concurrent,32,2,28,4017260761,0,0,6202,561500,9581012,10148714
turso,concurrent,32,2,28,4027409655,0,0,6272,904457,427531637,428442366
turso,concurrent,32,2,28,4455852312,0,0,7825,5214911,301819034,307041770
turso,concurrent,32,2,28,4762894342,0,0,6583,390938,282947037,283344558
turso,concurrent,32,2,28,5046239200,0,0,7244,472843,57756241,58236328
turso,concurrent,32,2,28,5104475768,0,0,5249,423159,68068183,68496591
turso,concurrent,32,2,28,5172972600,0,0,5801,552273,310749698,311307772
turso,concurrent,32,2,28,5484280612,0,0,7324,3647254,33320114,36974692
turso,concurrent,32,2,28,5521255534,0,0,5681,499272,31819041,32323994
turso,concurrent,32,2,28,5553579729,0,0,4688,406267,208842522,209253477
turso,concurrent,32,2,28,5762833486,0,0,7534,698558,178089212,178795304
turso,concurrent,32,2,28,5941629052,0,0,6352,475798,360467359,360949509
turso,concurrent,32,2,28,6302578981,0,0,6663,553404,64451618,65011685
turso,concurrent,32,2,28,6367590946,0,0,5691,460970,58363798,58830459
turso,concurrent,32,2,28,6426423980,0,0,11231,566820,66520502,67098553
turso,concurrent,32,2,28,6493523184,0,0,17053,6223174,395401630,401641857
turso,concurrent,32,2,28,6895165311,0,0,6122,588881,273847364,274442367
turso,concurrent,32,2,28,7169607958,0,0,6643,448216,80131289,80586148
turso,concurrent,32,2,28,7250194336,0,0,6182,483943,327162854,327652979
turso,concurrent,32,2,28,7577847586,0,0,7795,11996390,303440143,315444328
turso,concurrent,32,2,28,7893292185,0,0,6522,431174,26862166,27299862
turso,concurrent,32,2,28,7920592337,0,0,7784,475568,550831246,551314598
turso,concurrent,32,2,28,8471907187,0,0,6983,609410,24884815,25501208
turso,concurrent,32,2,28,8497408635,0,0,5801,431344,42774106,43211251
turso,concurrent,32,2,28,8540620067,0,0,4168,421114,215198628,215623910
turso,concurrent,32,2,28,8756244237,0,0,7003,3430635,315846227,319283865
turso,concurrent,32,2,28,9075528433,0,0,6732,477011,118084737,118568480
turso,concurrent,32,2,28,9194097153,0,0,5491,416746,92052739,92474976
turso,concurrent,32,2,28,9286572419,0,0,6362,456071,118043850,118506283
turso,concurrent,32,2,28,9405079013,0,0,8035,550559,26881653,27440247
turso,concurrent,32,2,28,9432519500,0,0,6152,706163,61666020,62378335
turso,concurrent,32,2,28,9494898126,0,0,6051,487490,43887388,44380929
turso,concurrent,32,2,28,9539279265,0,0,6633,559946,38677926,39244505
turso,concurrent,32,2,28,9578524040,0,0,6633,512167,75186487,75705287
turso,concurrent,32,2,28,9654229607,0,0,6552,491498,153833976,154332026
turso,concurrent,32,2,28,9808562234,0,0,9108,1628523,291379722,293017353
turso,concurrent,32,2,28,10101580338,0,0,6533,538806,54245416,54790755
turso,concurrent,32,2,28,10156371494,0,0,7133,653514,93409408,94070055
turso,concurrent,32,2,28,10250441810,0,0,6402,528036,468566552,469100990
turso,concurrent,32,2,28,10719543351,0,0,6622,461341,86696960,87164923
turso,concurrent,32,2,28,10806708555,0,0,6021,492480,326840956,327339457
turso,concurrent,32,2,28,11134048393,0,0,8075,3961156,168084581,172053812
turso,concurrent,32,2,28,11306102816,0,0,5801,511676,452648148,453165625
turso,concurrent,32,2,28,11759268722,0,0,5120,500785,222821273,223327178
turso,concurrent,32,2,28,11982596281,0,0,6172,442695,33674693,34123560
turso,concurrent,32,2,28,12016720112,0,0,6482,14724229,19148789,33879500
turso,concurrent,32,2,28,12050601926,0,0,7123,8963617,190588292,199559032
turso,concurrent,32,2,28,12250161228,0,0,7284,585996,113834356,114427636
turso,concurrent,32,2,28,12364589084,0,0,5420,539008,66958418,67502846
turso,concurrent,32,2,28,12432092241,0,0,7273,573182,111901819,112482274
turso,concurrent,32,2,28,12544574795,0,0,5750,460349,15258497,15724596
turso,concurrent,32,2,28,12560299643,0,0,4879,457623,117135426,117597928
turso,concurrent,32,2,28,12677897862,0,0,6572,485657,108798792,109291021
turso,concurrent,32,2,28,12787189124,0,0,6262,523348,315305746,315835356
turso,concurrent,32,2,28,13103024701,0,0,2221542,8579011,257433216,268233769
turso,concurrent,32,2,28,13371258800,0,0,7525,14411378,100822058,115240961
turso,concurrent,32,2,28,13486499981,0,0,6081,421766,36675928,37103775
turso,concurrent,32,2,28,13523603967,0,0,6192,548334,185765851,186320377
turso,concurrent,32,2,28,13709924564,0,0,5941,579313,76065316,76650570
turso,concurrent,32,2,28,13786575355,0,0,5680,384155,201615213,202005048
turso,concurrent,32,2,28,13988580743,0,0,7094,540720,450157238,450705052
turso,concurrent,32,2,28,14439286145,0,0,6923,11777548,37164830,48949301
turso,concurrent,32,2,28,14488235816,0,0,6933,564686,21099040,21670659
turso,concurrent,32,2,28,14509906705,0,0,4970,461350,40797035,41263355
turso,concurrent,32,2,28,14551170271,0,0,5360,435241,503679358,504119959
turso,concurrent,32,2,28,15055290431,0,0,6051,493392,288831833,289331276
turso,concurrent,32,2,28,15344622007,0,0,6623,479665,89912580,90398868
turso,concurrent,32,2,28,15435021165,0,0,7895,10718068,59213942,69939905
turso,concurrent,32,2,28,15504961421,0,0,6693,551190,28559199,29117082
turso,concurrent,32,2,28,15534078873,0,0,6132,539098,96814564,97359794
turso,concurrent,32,2,28,15631438988,0,0,6743,766547,193075024,193848314
turso,concurrent,32,2,28,15825287603,0,0,5710,512748,287026867,287545325
turso,concurrent,32,2,28,16112833208,0,0,5600,427938,15321055,15754593
turso,concurrent,32,2,28,16128588032,0,0,5310,600844,54217553,54823707
turso,concurrent,32,2,28,16183411990,0,0,5079,430322,202453194,202888595
turso,concurrent,32,2,28,16386300865,0,0,6312,473053,53124280,53603645
turso,concurrent,32,2,28,16439904821,0,0,6462,607015,130581232,131194709
turso,concurrent,32,2,28,16571099771,0,0,8366,9955027,15200047,25163440
turso,concurrent,32,2,28,16596263531,0,0,4960,452534,53434706,53892200
turso,concurrent,32,2,28,16650155971,0,0,5060,449067,296250013,296704140
turso,concurrent,32,2,28,16946860462,0,0,6673,479956,175616194,176102823
turso,concurrent,32,2,28,17122963556,0,0,6853,441443,186823126,187271422
turso,concurrent,32,2,28,17310235288,0,0,5861,461611,39426338,39893810
turso,concurrent,32,2,28,17350129329,0,0,5029,446823,407673500,408125352
turso,concurrent,32,2,28,17758254942,0,0,8526,8316956,17104841,25430323
turso,concurrent,32,2,28,17783685636,0,0,5691,537003,73378054,73920748
turso,concurrent,32,2,28,17857606625,0,0,5290,457053,174525626,174987969
turso,concurrent,32,2,28,18032594885,0,0,6352,570677,168862459,169439488
turso,concurrent,32,2,28,18202034603,0,0,5721,433859,175559758,175999338
turso,concurrent,32,2,28,18378034272,0,0,7334,443336,40582701,41033371
turso,concurrent,32,2,28,18419067943,0,0,5451,466520,33040396,33512367
turso,concurrent,32,2,28,18452580591,0,0,5160,564375,38382939,38952474
turso,concurrent,32,2,28,18491533315,0,0,5340,562552,85815176,86383068
turso,concurrent,32,2,28,18577916764,0,0,7324,483632,79883151,80374107
turso,concurrent,32,2,28,18658291162,0,0,6683,783669,114355759,115146111
turso,concurrent,32,2,28,18773437554,0,0,5991,504001,21483045,21993037
turso,concurrent,32,2,28,18795430972,0,0,7073,522747,121460167,121989987
turso,concurrent,32,2,28,18917421120,0,0,8055,20596040,237939085,258543180
turso,concurrent,32,2,28,19175964571,0,0,5721,460589,212047901,212514211
turso,concurrent,32,2,28,19388479033,0,0,5400,554637,135427007,135987044
turso,concurrent,32,2,28,19524466397,0,0,6802,471530,215638748,216117080
turso,concurrent,32,2,28,19740583709,0,0,6472,507989,242857317,243371778
turso,concurrent,32,2,28,19983955807,0,0,7595,6348912,131028025,137384532
turso,concurrent,32,2,28,20121340750,0,0,7714,757630,28230569,28995913
turso,concurrent,32,2,28,20150336933,0,0,5800,494864,245211380,245712044
turso,concurrent,32,2,28,20396049229,0,0,7544,672218,70911550,71591312
turso,concurrent,32,2,28,20467640801,0,0,5972,570206,96949009,97525187
turso,concurrent,32,2,28,20565166198,0,0,6101,513169,147273204,147792474
turso,concurrent,32,2,28,20712959033,0,0,7293,637994,60275326,60920613
turso,concurrent,32,2,28,20773879897,0,0,5690,485617,164739217,165230524
turso,concurrent,32,2,28,20939111673,0,0,5932,432917,69133493,69572342
turso,concurrent,32,2,28,21008684185,0,0,7515,782877,57350165,58140557
turso,concurrent,32,2,28,21066824973,0,0,7213,6458599,361447168,367912980
turso,concurrent,32,2,28,21434738204,0,0,8045,638695,84314014,84960754
turso,concurrent,32,2,28,21519699208,0,0,6052,465598,188417835,188889485
turso,concurrent,32,2,28,21708588934,0,0,6953,473153,134842795,135322901
turso,concurrent,32,2,28,21843912045,0,0,5450,470148,18015169,18490767
turso,concurrent,32,2,28,21862403063,0,0,4919,472672,21700996,22178587
turso,concurrent,32,2,28,21884581880,0,0,4519,521924,22891072,23417515
turso,concurrent,32,2,28,21907999605,0,0,5100,476409,7114507,7596016
turso,concurrent,32,2,28,21915595811,0,0,4458,490606,177407746,177902810
turso,concurrent,32,2,28,22093498842,0,0,6272,503591,66442114,66951977
turso,concurrent,32,2,28,22160451019,0,0,7434,564215,101152301,101723950
turso,concurrent,32,2,28,22262175220,0,0,7745,820669,141527149,142355563
turso,concurrent,32,2,28,22404531044,0,0,6602,731611,211928436,212666649
turso,concurrent,32,2,28,22617197893,0,0,6052,549797,11564676,12120525
turso,concurrent,32,2,28,22629318688,0,0,6423,823073,144877062,145706558
turso,concurrent,32,2,28,22775025496,0,0,5932,699249,13352430,14057611
turso,concurrent,32,2,28,22789083317,0,0,5120,552292,55637323,56194735
turso,concurrent,32,2,28,22845278342,0,0,5059,477351,107292109,107774519
turso,concurrent,32,2,28,22953053122,0,0,6102,514721,100250690,100771513
turso,concurrent,32,2,28,23053824886,0,0,6221,482521,40267526,40756268
turso,concurrent,32,2,28,23094581374,0,0,5400,471570,92186912,92663882
turso,concurrent,32,2,28,23187245506,0,0,7124,561840,54128996,54697960
turso,concurrent,32,2,28,23241943727,0,0,5550,655457,92135635,92796642
turso,concurrent,32,2,28,23334740609,0,0,5761,490696,352352915,352849372
turso,concurrent,32,2,28,23687590141,0,0,7074,6231580,134591420,140830074
turso,concurrent,32,2,28,23828420456,0,0,5580,576659,466805227,467387466
turso,concurrent,32,2,28,24295808132,0,0,6813,497348,163273932,163778093
turso,concurrent,32,2,28,24459586476,0,0,6132,494883,93814864,94315879
turso,concurrent,32,2,28,24553902716,0,0,17954,7272856,199490081,206780891
turso,concurrent,32,2,28,24760683858,0,0,8225,3431446,139493953,142933624
turso,concurrent,32,2,28,24903617702,0,0,6583,514921,360105977,360627481
turso,concurrent,32,2,28,25264245393,0,0,6692,659495,269680459,270346646
turso,concurrent,32,2,28,25534592321,0,0,6983,428739,369812406,370248128
turso,concurrent,32,2,28,25904840699,0,0,7965,2660722,71967351,74636038
turso,concurrent,32,2,28,25979476998,0,0,5931,446693,117482130,117934754
turso,concurrent,32,2,28,26097412063,0,0,5611,489343,126185356,126680310
turso,concurrent,32,2,28,26224092613,0,0,5701,594833,65551593,66152127
turso,concurrent,32,2,28,26290244961,0,0,6141,486659,138069043,138561843
turso,concurrent,32,2,28,26428806994,0,0,5531,480917,370287312,370773760
turso,concurrent,32,2,28,26799581035,0,0,7294,606574,136397419,137011287
turso,concurrent,32,2,28,26936592722,0,0,11481,6235909,113478715,119726105
turso,concurrent,32,2,28,27056319108,0,0,8026,547954,247083172,247639152
turso,concurrent,32,2,28,27303958551,0,0,7845,500454,121712444,122220743
turso,concurrent,32,2,28,27426179584,0,0,8106,585325,34137286,34730717
turso,concurrent,32,2,28,27460910521,0,0,5130,500925,135713869,136219924
turso,concurrent,32,2,28,27597130685,0,0,5751,489674,130726526,131221951
turso,concurrent,32,2,28,27728352856,0,0,5590,466571,208644138,209116299
turso,concurrent,32,2,28,27937469406,0,0,5981,532906,136392960,136931847
turso,concurrent,32,2,28,28074401483,0,0,6702,530832,58814318,59351852
turso,concurrent,32,2,28,28133753577,0,0,6222,488692,70327066,70821980
turso,concurrent,32,2,28,28204575818,0,0,7394,5445727,26200187,31653308
turso,concurrent,32,2,28,28236229356,0,0,6012,757509,69320296,70083817
turso,concurrent,32,2,28,28306313333,0,0,5871,528929,48717152,49251952
turso,concurrent,32,2,28,28355565486,0,0,5300,487219,204537307,205029826
turso,concurrent,32,2,28,28560595572,0,0,6443,530521,464142622,464679586
turso,concurrent,32,2,28,29025275448,0,0,8136,753141,101260205,102021482
turso,concurrent,32,2,28,29127297191,0,0,6552,523759,2466404,2996715
turso,concurrent,32,2,28,29130294087,0,0,4598,538336,8775702,9318636
turso,concurrent,32,2,28,29139612934,0,0,5109,598941,14370421,14974471
turso,concurrent,32,2,28,29154587645,0,0,4519,444468,270346467,270795454
turso,concurrent,32,2,28,29425383410,0,0,8426,9868354,233484167,243360947
turso,concurrent,32,2,28,29668744608,0,0,5510,500835,342035643,342541988
turso,concurrent,32,2,28,30011286847,0,0,7765,651760,23085428,23744953
turso,concurrent,32,2,28,30035032030,0,0,5481,487530,202061294,202554305
turso,concurrent,32,2,28,30237586505,0,0,5581,662961,20060820,20729362
turso,concurrent,32,2,28,30258316148,0,0,5951,459367,168635410,169100728
turso,concurrent,32,2,28,30427417146,0,0,5801,484704,9680109,10170614
turso,concurrent,32,2,28,30437588042,0,0,5941,484034,83510436,84000411
turso,concurrent,32,2,28,30521588684,0,0,5881,426425,393256009,393688315
turso,concurrent,32,2,28,30915277179,0,0,7253,6852934,241449309,248309496
turso,concurrent,32,2,28,31163586927,0,0,5661,457102,178019020,178481783
turso,concurrent,32,2,28,31342069041,0,0,6272,479033,58363268,58848573
turso,concurrent,32,2,28,31400917884,0,0,6172,474736,214606991,215087899
turso,concurrent,32,2,28,31616006013,0,0,6653,729617,11405956,12142226
turso,concurrent,32,2,28,31628148540,0,0,5250,499953,54510486,55015689
turso,concurrent,32,2,28,31683164439,0,0,6463,614940,29432547,30053950
turso,concurrent,32,2,28,31713218650,0,0,5931,523027,222478186,223007144
turso,concurrent,32,2,28,31936226045,0,0,8105,10872920,142875875,153756900
turso,concurrent,32,2,28,32089983156,0,0,5630,488021,202026458,202520109
turso,concurrent,32,2,28,32292503536,0,0,6662,438358,34272220,34717240
turso,concurrent,32,2,28,32327221007,0,0,5220,471840,98223465,98700525
turso,concurrent,32,2,28,32425921832,0,0,7294,572952,198307939,198888185
turso,concurrent,32,2,28,32624810218,0,0,6632,528648,21835660,22370940
turso,concurrent,32,2,28,32647181428,0,0,5941,570035,11751479,12327455
turso,concurrent,32,2,28,32659509084,0,0,5941,471510,242353586,242831037
turso,concurrent,32,2,28,32902340372,0,0,7414,665907,158248247,158921568
turso,concurrent,32,2,29,832,1,0,3302503,593911,916745625,920642039
turso,concurrent,32,2,29,920643312,1,0,6903,446783,40662451,41116137
turso,concurrent,32,2,29,961759709,1,0,6002,390066,237276094,237672162
turso,concurrent,32,2,29,1199432101,1,0,62869,6283649,169216617,175563135
turso,concurrent,32,2,29,1374995577,1,0,5801,422307,555704483,556132591
turso,concurrent,32,2,29,1931128569,1,0,5350,457915,165257825,165721090
turso,concurrent,32,2,29,2096849920,1,0,7865,6951109,30606803,37565777
turso,concurrent,32,2,29,2134415947,1,0,7454,1556488,319012192,320576134
turso,concurrent,32,2,29,2454992411,1,0,7134,455369,118208571,118671074
turso,concurrent,32,2,29,2573664137,1,0,5951,559215,348182935,348748101
turso,concurrent,32,2,29,2922412599,1,0,8696,883528,9696199,10588423
turso,concurrent,32,2,29,2933001212,1,0,5962,802324,289169871,289978157
turso,concurrent,32,2,29,3222979790,0,0,7845,2833477,72540063,75381385
turso,concurrent,32,2,29,3298361495,0,0,5661,550499,183154512,183710672
turso,concurrent,32,2,29,3482072527,0,0,4980,527606,230716083,231248669
turso,concurrent,32,2,29,3713321527,0,0,6812,496117,183766045,184268974
turso,concurrent,32,2,29,3897590792,0,0,6141,796293,17850730,18653164
turso,concurrent,32,2,29,3916244647,0,0,4629,577550,42415900,42998079
turso,concurrent,32,2,29,3959242997,0,0,7283,960964,60364634,61332881
turso,concurrent,32,2,29,4020576108,0,0,5971,676927,111092031,111774929
turso,concurrent,32,2,29,4132351278,0,0,5260,448827,166674760,167128847
turso,concurrent,32,2,29,4299480376,0,0,8145,3413522,495677046,499098713
turso,concurrent,32,2,29,4798579339,0,0,5080,453065,87687630,88145775
turso,concurrent,32,2,29,4886725375,0,0,5300,460439,40402190,40867929
turso,concurrent,32,2,29,4927593534,0,0,5811,595133,206502737,207103681
turso,concurrent,32,2,29,5134697495,0,0,6001,668031,325490047,326164079
turso,concurrent,32,2,29,5460861815,0,0,5961,3331748,294758989,298096698
turso,concurrent,32,2,29,5758958724,0,0,6342,635810,106983165,107625317
turso,concurrent,32,2,29,5866584302,0,0,5470,573362,243057766,243636598
turso,concurrent,32,2,29,6110221130,0,0,6162,525652,455653531,456185345
turso,concurrent,32,2,29,6566406865,0,0,8476,2927255,15990118,18925849
turso,concurrent,32,2,29,6585333084,0,0,7104,551451,177190045,177748600
turso,concurrent,32,2,29,6763081934,0,0,5010,555147,214064057,214624214
turso,concurrent,32,2,29,6977716117,0,0,6051,733244,61890634,62629929
turso,concurrent,32,2,29,7040346307,0,0,5260,461791,284611148,285078199
turso,concurrent,32,2,29,7325424716,0,0,5340,561410,602591762,603158512
turso,concurrent,32,2,29,7928583399,0,0,7554,5415861,277912105,283335520
turso,concurrent,32,2,29,8211919280,0,0,6763,570356,115528864,116105983
turso,concurrent,32,2,29,8328025604,0,0,5650,513509,119858365,120377524
turso,concurrent,32,2,29,8448403349,0,0,5520,631121,578717105,579353746
turso,concurrent,32,2,29,9027757456,0,0,9047,12960259,106851779,119821085
turso,concurrent,32,2,29,9147578801,0,0,4889,519010,200328854,200852753
turso,concurrent,32,2,29,9348431874,0,0,15079,531192,170826687,171372958
turso,concurrent,32,2,29,9519805052,0,0,5060,445640,100750804,101201504
turso,concurrent,32,2,29,9621006787,0,0,5670,509913,234904909,235420492
turso,concurrent,32,2,29,9856427769,0,0,12193,5692543,245161846,250866582
turso,concurrent,32,2,29,10107294743,0,0,6402,498401,282514380,283019183
turso,concurrent,32,2,29,10390314347,0,0,6262,490866,496821516,497318644
turso,concurrent,32,2,29,10887633341,0,0,7174,453787,104682914,105143875
turso,concurrent,32,2,29,10992777517,0,0,6562,17563878,187843962,205414402
turso,concurrent,32,2,29,11198192200,0,0,5360,737642,84047891,84790893
turso,concurrent,32,2,29,11282983313,0,0,4950,553294,102736140,103294384
turso,concurrent,32,2,29,11386277918,0,0,6312,592198,295703993,296302503
turso,concurrent,32,2,29,11682580761,0,0,6493,498350,89790058,90294901
turso,concurrent,32,2,29,11772875912,0,0,9137,512227,56566967,57088331
turso,concurrent,32,2,29,11829964534,0,0,5210,502578,93115264,93623052
turso,concurrent,32,2,29,11923587896,0,0,5040,431454,17028928,17465422
turso,concurrent,32,2,29,11941053629,0,0,4889,462473,132993725,133461087
turso,concurrent,32,2,29,12074515036,0,0,7545,14885042,33938841,48831428
turso,concurrent,32,2,29,12123346815,0,0,6653,524249,415700860,416231762
turso,concurrent,32,2,29,12539578977,0,0,5300,485096,28180464,28670860
turso,concurrent,32,2,29,12568250217,0,0,7023,562712,127343040,127912775
turso,concurrent,32,2,29,12696163324,0,0,7314,647943,96965680,97620937
turso,concurrent,32,2,29,12793784481,0,0,5711,641120,147633965,148280796
turso,concurrent,32,2,29,12942065577,0,0,5331,474575,54686318,55166224
turso,concurrent,32,2,29,12997244034,0,0,5310,413080,41101750,41520140
turso,concurrent,32,2,29,13038764424,0,0,6072,615922,137806638,138428632
turso,concurrent,32,2,29,13177193287,0,0,6322,5614616,571256264,576877202
turso,concurrent,32,2,29,13754070900,0,0,7264,856215,177348184,178211663
turso,concurrent,32,2,29,13932282874,0,0,5580,516946,203981728,204504254
turso,concurrent,32,2,29,14136787389,0,0,5390,454117,169619938,170079445
turso,concurrent,32,2,29,14306867095,0,0,6813,7166916,62418681,69592410
turso,concurrent,32,2,29,14376459815,0,0,5470,504523,183818454,184328447
turso,concurrent,32,2,29,14560788543,0,0,5490,481018,111076201,111562709
turso,concurrent,32,2,29,14672351462,0,0,5490,603540,146769964,147378994
turso,concurrent,32,2,29,14819730666,0,0,5891,510513,215342920,215859324
turso,concurrent,32,2,29,15035590211,0,0,5661,509001,90008780,90523442
turso,concurrent,32,2,29,15126113874,0,0,5260,497839,124462484,124965583
turso,concurrent,32,2,29,15251079698,0,0,6172,654886,41218961,41880019
turso,concurrent,32,2,29,15292959957,0,0,5831,473003,217217097,217695931
turso,concurrent,32,2,29,15510656459,0,0,8356,3439140,155629966,159077462
turso,concurrent,32,2,29,15669734241,0,0,6672,537755,100574922,101119349
turso,concurrent,32,2,29,15770853841,0,0,5631,539067,178187518,178732216
turso,concurrent,32,2,29,15949586247,0,0,5861,492229,135835649,136333739
turso,concurrent,32,2,29,16085920236,0,0,5892,689200,100968675,101663767
turso,concurrent,32,2,29,16187584314,0,0,5460,488061,40274519,40768040
turso,concurrent,32,2,29,16228352665,0,0,6783,567972,141750941,142325696
turso,concurrent,32,2,29,16370678592,0,0,5561,466901,113000182,113472644
turso,concurrent,32,2,29,16484151506,0,0,6783,884459,855184924,856076166
turso,concurrent,32,2,29,17340228093,0,0,7614,3954233,14949143,18910990
turso,concurrent,32,2,29,17359139273,0,0,4719,474936,184638352,185118007
turso,concurrent,32,2,29,17544257501,0,0,10680,601555,63042829,63655064
turso,concurrent,32,2,29,17607912766,0,0,5480,495345,214567106,215067931
turso,concurrent,32,2,29,17822981077,0,0,8276,1444085,126032918,127485279
turso,concurrent,32,2,29,17950466597,0,0,5871,559095,45493999,46058965
turso,concurrent,32,2,29,17996525793,0,0,5079,445672,42610517,43061268
turso,concurrent,32,2,29,18039587362,0,0,5119,528928,141255738,141789785
turso,concurrent,32,2,29,18181377508,0,0,5951,793948,131411369,132211268
turso,concurrent,32,2,29,18313589056,0,0,5010,458896,111208590,111672496
turso,concurrent,32,2,29,18425261763,0,0,4899,603048,183595264,184203211
turso,concurrent,32,2,29,18609465324,0,0,5780,590465,315869390,316465635
turso,concurrent,32,2,29,18925931351,0,0,8286,12077814,14268077,26354177
turso,concurrent,32,2,29,18952285769,0,0,4999,508931,50780947,51294877
turso,concurrent,32,2,29,19003580856,0,0,5641,553825,16049580,16609046
turso,concurrent,32,2,29,19020190603,0,0,7243,582820,323388251,323978314
turso,concurrent,32,2,29,19344169278,0,0,6533,689421,68972109,69668063
turso,concurrent,32,2,29,19413837591,0,0,7073,811252,63087763,63906088
turso,concurrent,32,2,29,19477743859,0,0,5461,503710,271319644,271828815
turso,concurrent,32,2,29,19749572974,0,0,5591,519570,462140514,462665675
turso,concurrent,32,2,29,20212239049,0,0,6653,6802468,297376810,304185931
turso,concurrent,32,2,29,20516425351,0,0,6883,639677,271113123,271759683
turso,concurrent,32,2,29,20788185305,0,0,5901,519911,347586610,348112422
turso,concurrent,32,2,29,21136298177,0,0,8727,17864705,113620753,131494185
turso,concurrent,32,2,29,21267792603,0,0,6732,560348,68922656,69489736
turso,concurrent,32,2,29,21337282629,0,0,5420,543706,157590767,158139893
turso,concurrent,32,2,29,21495422812,0,0,5431,546461,24531137,25083029
turso,concurrent,32,2,29,21520506151,0,0,6142,597998,24166118,24770258
turso,concurrent,32,2,29,21545276830,0,0,6873,472271,84138633,84617777
turso,concurrent,32,2,29,21629894967,0,0,7114,615792,360123600,360746506
turso,concurrent,32,2,29,21990641693,0,0,6052,541602,7390237,7937891
turso,concurrent,32,2,29,21998579805,0,0,5410,614520,35740481,36360411
turso,concurrent,32,2,29,22034940467,0,0,6873,661448,54343361,55011682
turso,concurrent,32,2,29,22089952549,0,0,5219,474646,57028679,57508544
turso,concurrent,32,2,29,22147461585,0,0,17713,675314,37085852,37778879
turso,concurrent,32,2,29,22185241175,0,0,9017,6291714,36040929,42341660
turso,concurrent,32,2,29,22227583146,0,0,6772,577350,428850556,429434678
turso,concurrent,32,2,29,22657018175,0,0,5290,504372,180060112,180569774
turso,concurrent,32,2,29,22837588229,0,0,6292,608929,44193385,44808606
turso,concurrent,32,2,29,22882397226,0,0,7604,549978,219632435,220190017
turso,concurrent,32,2,29,23102593745,0,0,5321,470948,451370588,451846857
turso,concurrent,32,2,29,23554440913,0,0,8817,2763264,112007759,114779840
turso,concurrent,32,2,29,23669221044,0,0,5681,454377,97653268,98113326
turso,concurrent,32,2,29,23767334630,0,0,5260,549638,165109315,165664213
turso,concurrent,32,2,29,23932999084,0,0,5250,505053,29320225,29830528
turso,concurrent,32,2,29,23962829812,0,0,5431,477671,40677089,41160191
turso,concurrent,32,2,29,24003990283,0,0,6743,526774,75509707,76043224
turso,concurrent,32,2,29,24080033678,0,0,5340,654255,9785237,10444832
turso,concurrent,32,2,29,24090478740,0,0,4539,469406,148010756,148484701
turso,concurrent,32,2,29,24238963731,0,0,6833,528518,277963051,278498402
turso,concurrent,32,2,29,24517462353,0,0,6743,530441,71858586,72395770
turso,concurrent,32,2,29,24589858384,0,0,7754,8981291,109323122,118312167
turso,concurrent,32,2,29,24708170831,0,0,5350,544749,184870119,185420218
turso,concurrent,32,2,29,24893591229,0,0,5541,522306,361899151,362426998
turso,concurrent,32,2,29,25256018447,0,0,6823,582539,177142977,177732339
turso,concurrent,32,2,29,25433751016,0,0,5601,553314,429389984,429948899
turso,concurrent,32,2,29,25863700186,0,0,8556,21605435,115559753,137173744
turso,concurrent,32,2,29,26000874200,0,0,6973,610993,356981521,357599487
turso,concurrent,32,2,29,26358473927,0,0,6903,589232,114504891,115101026
turso,concurrent,32,2,29,26473575234,0,0,5120,500855,182006595,182512570
turso,concurrent,32,2,29,26656088175,0,0,7765,660787,149103208,149771760
turso,concurrent,32,2,29,26805860255,0,0,6272,475838,115317505,115799615
turso,concurrent,32,2,29,26921660181,0,0,8185,6526287,16953496,23487968
turso,concurrent,32,2,29,26945148560,0,0,9558,601665,26711452,27322675
turso,concurrent,32,2,29,26972471856,0,0,14568,596455,17390561,18001584
turso,concurrent,32,2,29,26990473720,0,0,9988,595965,153678834,154284787
turso,concurrent,32,2,29,27144758758,0,0,8636,673571,215975705,216657912
turso,concurrent,32,2,29,27361416950,0,0,6092,498901,165127029,165632022
turso,concurrent,32,2,29,27527049233,0,0,67737,718597,74308800,75095134
turso,concurrent,32,2,29,27602144568,0,0,5220,540520,76890894,77436634
turso,concurrent,32,2,29,27679581412,0,0,5560,568183,106249581,106823324
turso,concurrent,32,2,29,27786404976,0,0,5580,479355,28696688,29181623
turso,concurrent,32,2,29,27815586881,0,0,6542,504592,19098655,19609789
turso,concurrent,32,2,29,27835196880,0,0,4929,478934,95588081,96071944
turso,concurrent,32,2,29,27931269104,0,0,5040,617635,45602385,46225060
turso,concurrent,32,2,29,27977494474,0,0,6663,522205,503451869,503980737
turso,concurrent,32,2,29,28481475462,0,0,7313,4914095,10948713,15870121
turso,concurrent,32,2,29,28497345833,0,0,6042,589352,13640123,14235517
turso,concurrent,32,2,29,28511581550,0,0,4799,564185,131133634,131702618
turso,concurrent,32,2,29,28643284478,0,0,6983,536973,180618196,181162152
turso,concurrent,32,2,29,28824447001,0,0,5300,521504,92758831,93285635
turso,concurrent,32,2,29,28917732907,0,0,5801,580786,39609694,40196281
turso,concurrent,32,2,29,28957934007,0,0,4709,465318,246913412,247383439
turso,concurrent,32,2,29,29205317666,0,0,6082,555608,317740462,318302152
turso,concurrent,32,2,29,29523620069,0,0,7644,6471263,258038368,264517275
turso,concurrent,32,2,29,29788137624,0,0,7184,645739,56617933,57270856
turso,concurrent,32,2,29,29845408770,0,0,5260,513139,146781757,147300156
turso,concurrent,32,2,29,29992709136,0,0,5370,529369,26619638,27154377
turso,concurrent,32,2,29,30019863784,0,0,5440,543636,9511511,10060587
turso,concurrent,32,2,29,30029924631,0,0,5100,663913,180080270,180749283
turso,concurrent,32,2,29,30210674164,0,0,7144,679963,361604375,362291482
turso,concurrent,32,2,29,30572965866,0,0,8105,15870051,176233280,192111436
turso,concurrent,32,2,29,30765077603,0,0,7794,9716819,143381389,153106002
turso,concurrent,32,2,29,30918183875,0,0,7114,538135,35494608,36039857
turso,concurrent,32,2,29,30954224033,0,0,6542,582670,518599577,519188789
turso,concurrent,32,2,29,31473413032,0,0,6192,692166,110422507,111120865
turso,concurrent,32,2,29,31584534238,0,0,5831,525562,94483786,95015179
turso,concurrent,32,2,29,31679549667,0,0,5250,556320,424128845,424690415
turso,concurrent,32,2,29,32104240253,0,0,7103,3608560,53560053,57175716
turso,concurrent,32,2,29,32161416209,0,0,5230,475297,65956718,66437245
turso,concurrent,32,2,29,32227853714,0,0,5541,550850,82005746,82562137
turso,concurrent,32,2,29,32310416062,0,0,5991,570917,118404582,118981490
turso,concurrent,32,2,29,32429397752,0,0,4859,575877,96873046,97453782
turso,concurrent,32,2,29,32526851774,0,0,5671,581588,39147712,39734971
turso,concurrent,32,2,29,32566586975,0,0,5090,554276,45839731,46399097
turso,concurrent,32,2,29,32612986343,0,0,5320,459868,213868608,214333796
turso,concurrent,32,2,29,32827320389,0,0,6683,475637,70921609,71403929
turso,concurrent,32,2,29,32898724548,0,0,10290,551450,65756731,66318471
turso,concurrent,32,2,29,32965043249,0,0,5470,476679,41933941,42416090
turso,concurrent,32,2,30,91633,1,0,17880446,602717,159404720,177887883
turso,concurrent,32,2,30,177979866,1,0,5921,358918,804340376,804705215
turso,concurrent,32,2,30,982685352,1,0,6642,333420,11090120,11430182
turso,concurrent,32,2,30,994115834,1,0,7845,372854,162152265,162532964
turso,concurrent,32,2,30,1156649098,1,0,48903,6325397,341561799,347936099
turso,concurrent,32,2,30,1504585708,1,0,7284,549517,122428676,122985477
turso,concurrent,32,2,30,1627571435,1,0,5911,573693,57116615,57696219
turso,concurrent,32,2,30,1685267904,1,0,5080,411737,299827164,300243981
turso,concurrent,32,2,30,1985512216,1,0,6542,550269,11546060,12102871
turso,concurrent,32,2,30,1997615638,1,0,5360,461010,73248710,73715080
turso,concurrent,32,2,30,2071331079,1,0,9147,470929,28619112,29099188
turso,concurrent,32,2,30,2100430477,1,0,6232,3352578,8090258,11449068
turso,concurrent,32,2,30,2111879856,1,0,8115,5282429,46099022,51389566
turso,concurrent,32,2,30,2163269682,1,0,6382,621934,228336913,228965229
turso,concurrent,32,2,30,2392235201,1,0,6633,535420,176809508,177351561
turso,concurrent,32,2,30,2569586982,1,0,5711,505474,168239032,168750217
turso,concurrent,32,2,30,2738337429,1,0,6192,429491,104641085,105076768
turso,concurrent,32,2,30,2843414929,1,0,6061,471660,29536804,30014525
turso,concurrent,32,2,30,2873429755,1,0,5580,494103,187424580,187924263
turso,concurrent,32,2,30,3061354239,0,0,5911,504352,122732880,123243143
turso,concurrent,32,2,30,3184597582,0,0,6953,4373013,105792229,110172195
turso,concurrent,32,2,30,3294769987,0,0,5611,539819,232665101,233210531
turso,concurrent,32,2,30,3527980799,0,0,6482,459086,42743679,43209247
turso,concurrent,32,2,30,3571190306,0,0,5851,436994,65045509,65488354
turso,concurrent,32,2,30,3636678951,0,0,6532,497619,203411121,203915272
turso,concurrent,32,2,30,3840594455,0,0,6632,521765,71646777,72175174
turso,concurrent,32,2,30,3912769919,0,0,6112,495565,226316771,226818448
turso,concurrent,32,2,30,4139588607,0,0,5520,447966,191377881,191831367
turso,concurrent,32,2,30,4331420205,0,0,7654,3382203,208777029,212166886
turso,concurrent,32,2,30,4543587351,0,0,5881,428919,181096748,181531548
turso,concurrent,32,2,30,4725119100,0,0,7894,547023,90747024,91301941
turso,concurrent,32,2,30,4816421292,0,0,7363,532255,184455947,184995565
turso,concurrent,32,2,30,5001417139,0,0,6913,517407,36473104,36997424
turso,concurrent,32,2,30,5038416276,0,0,8026,662821,92706462,93377309
turso,concurrent,32,2,30,5131793875,0,0,6092,483182,53301544,53790818
turso,concurrent,32,2,30,5185584913,0,0,5751,700653,115361788,116068192
turso,concurrent,32,2,30,5301653426,0,0,6793,429801,44480326,44916920
turso,concurrent,32,2,30,5346570596,0,0,9168,7407349,456601250,464017767
turso,concurrent,32,2,30,5810588603,0,0,8366,3282585,17645241,20936192
turso,concurrent,32,2,30,5831525086,0,0,7875,580045,141716527,142304447
turso,concurrent,32,2,30,5973829783,0,0,6523,432937,52153177,52592637
turso,concurrent,32,2,30,6026422650,0,0,6522,432998,19558151,19997671
turso,concurrent,32,2,30,6046420531,0,0,4709,416617,115529295,115950621
turso,concurrent,32,2,30,6162371392,0,0,6322,569454,302843618,303419394
turso,concurrent,32,2,30,6465790966,0,0,7524,15670976,27124171,42802671
turso,concurrent,32,2,30,6508593897,0,0,6021,591376,353400182,353997579
turso,concurrent,32,2,30,6862591766,0,0,7104,486608,69458116,69951828
turso,concurrent,32,2,30,6932543814,0,0,6453,483121,93385844,93875418
turso,concurrent,32,2,30,7026419453,0,0,5721,449959,130565412,131021092
turso,concurrent,32,2,30,7157440805,0,0,6251,566880,118571657,119144788
turso,concurrent,32,2,30,7276585824,0,0,6993,727573,466268344,467002910
turso,concurrent,32,2,30,7743589015,0,0,8846,6369131,294441760,300819737
turso,concurrent,32,2,30,8044409073,0,0,6893,537605,34742167,35286665
turso,concurrent,32,2,30,8079695959,0,0,4568,452164,66165592,66622324
turso,concurrent,32,2,30,8146318483,0,0,4699,462052,19647150,20113901
turso,concurrent,32,2,30,8166432784,0,0,7114,473303,127098038,127578455
turso,concurrent,32,2,30,8294011520,0,0,6492,478583,68923468,69408543
turso,concurrent,32,2,30,8363420373,0,0,6172,472261,111646888,112125321
turso,concurrent,32,2,30,8475546124,0,0,7935,686145,91345955,92040035
turso,concurrent,32,2,30,8567586439,0,0,5821,520693,217160270,217686784
turso,concurrent,32,2,30,8785273563,0,0,8406,3400037,124659496,128067939
turso,concurrent,32,2,30,8913341763,0,0,6031,442495,29794981,30243507
turso,concurrent,32,2,30,8943585541,0,0,4739,458806,80061998,80525543
turso,concurrent,32,2,30,9024111284,0,0,5520,524339,210637680,211167539
turso,concurrent,32,2,30,9235279175,0,0,6332,448687,116669757,117124776
turso,concurrent,32,2,30,9352406335,0,0,7815,552082,12624476,13184373
turso,concurrent,32,2,30,9365590968,0,0,6563,621323,157647823,158275709
turso,concurrent,32,2,30,9523866918,0,0,6252,483252,142810371,143299875
turso,concurrent,32,2,30,9667167054,0,0,6191,540801,78371768,78918760
turso,concurrent,32,2,30,9746086075,0,0,9538,832191,202294724,203136453
turso,concurrent,32,2,30,9949222808,0,0,7975,6178560,52422566,58609101
turso,concurrent,32,2,30,10007832130,0,0,5220,471470,387671640,388148330
turso,concurrent,32,2,30,10395980801,0,0,6072,473183,254023009,254502264
turso,concurrent,32,2,30,10650483275,0,0,6291,484415,30793996,31284702
turso,concurrent,32,2,30,10681768199,0,0,6442,725098,368660061,369391601
turso,concurrent,32,2,30,11051160080,0,0,8927,7935006,465196791,473140724
turso,concurrent,32,2,30,11524301095,0,0,6953,474435,57634723,58116111
turso,concurrent,32,2,30,11582417396,0,0,5380,437556,75389079,75832015
turso,concurrent,32,2,30,11658249712,0,0,6422,537444,163045180,163589046
turso,concurrent,32,2,30,11821839029,0,0,7364,572079,112557176,113136619
turso,concurrent,32,2,30,11934975858,0,0,6443,422787,204443520,204872750
turso,concurrent,32,2,30,12139848889,0,0,7514,2653107,256446203,259106824
turso,concurrent,32,2,30,12398955913,0,0,6452,655687,487855665,488517804
turso,concurrent,32,2,30,12887474019,0,0,6332,515853,82723281,83245466
turso,concurrent,32,2,30,12970719695,0,0,7594,602277,432806292,433416163
turso,concurrent,32,2,30,13404136129,0,0,8165,6533801,153416589,159958555
turso,concurrent,32,2,30,13564094964,0,0,6422,577280,87398244,87981946
turso,concurrent,32,2,30,13652077220,0,0,6873,627364,166870931,167505168
turso,concurrent,32,2,30,13819582668,0,0,5641,450059,220494032,220949732
turso,concurrent,32,2,30,14040532620,0,0,6452,519481,32825059,33350992
turso,concurrent,32,2,30,14073883813,0,0,6592,611665,23782253,24400510
turso,concurrent,32,2,30,14098284553,0,0,5540,554006,161749124,162308670
turso,concurrent,32,2,30,14260593494,0,0,8486,20981899,29274218,50264603
turso,concurrent,32,2,30,14310858367,0,0,5219,455550,250251272,250712041
turso,concurrent,32,2,30,14561570639,0,0,6202,487209,118970489,119463900
turso,concurrent,32,2,30,14681034780,0,0,5500,426235,44961624,45393359
turso,concurrent,32,2,30,14726428340,0,0,5400,424701,216141367,216571468
turso,concurrent,32,2,30,14943000029,0,0,6141,453426,30022340,30481907
turso,concurrent,32,2,30,14973482147,0,0,5069,463455,345312167,345780691
turso,concurrent,32,2,30,15319263078,0,0,6653,694340,88228461,88929454
turso,concurrent,32,2,30,15408193123,0,0,8817,5432332,288474609,293915758
turso,concurrent,32,2,30,15702109182,0,0,7293,504823,23572708,24084824
turso,concurrent,32,2,30,15726194207,0,0,5179,534920,110854162,111394261
turso,concurrent,32,2,30,15837588648,0,0,6021,556601,134946229,135508851
turso,concurrent,32,2,30,15973097730,0,0,6372,545830,86055670,86607872
turso,concurrent,32,2,30,16059705783,0,0,4548,447745,334287080,334739373
turso,concurrent,32,2,30,16394445436,0,0,7264,482140,35647977,36137381
turso,concurrent,32,2,30,16430582998,0,0,5680,560979,179972567,180539226
turso,concurrent,32,2,30,16611122474,0,0,6733,500825,654957832,655465390
turso,concurrent,32,2,30,17266588124,0,0,6723,741720,356527874,357276317
turso,concurrent,32,2,30,17623864691,0,0,8667,4064270,139342917,143415854
turso,concurrent,32,2,30,17767280856,0,0,7083,5754180,28540003,34301266
turso,concurrent,32,2,30,17801582362,0,0,6733,575857,120859875,121442465
turso,concurrent,32,2,30,17923025077,0,0,6803,515713,31039761,31562277
turso,concurrent,32,2,30,17954587634,0,0,7154,456351,66400425,66863930
turso,concurrent,32,2,30,18021451755,0,0,4909,497549,52666436,53168894
turso,concurrent,32,2,30,18074620909,0,0,5501,577930,187389525,187972956
turso,concurrent,32,2,30,18262594165,0,0,7334,516976,206996378,207520688
turso,concurrent,32,2,30,18470115103,0,0,6042,468644,356004276,356478962
turso,concurrent,32,2,30,18826594405,0,0,11652,4919525,33520262,38451439
turso,concurrent,32,2,30,18865046144,0,0,7404,529770,815513683,816050857
turso,concurrent,32,2,30,19681097332,0,0,5500,450130,198823774,199279404
turso,concurrent,32,2,30,19880376946,0,0,6974,682237,197123826,197813037
turso,concurrent,32,2,30,20078190233,0,0,7905,3326047,19069349,22403301
turso,concurrent,32,2,30,20100593865,0,0,8075,657271,212737222,213402568
turso,concurrent,32,2,30,20313996703,0,0,6803,432015,143902724,144341542
turso,concurrent,32,2,30,20458338515,0,0,7414,531373,131313935,131852722
turso,concurrent,32,2,30,20590191527,0,0,7865,540190,336844696,337392751
turso,concurrent,32,2,30,20927584468,0,0,5360,405866,204613781,205025007
turso,concurrent,32,2,30,21132610908,0,0,7605,9044709,477511103,486563417
turso,concurrent,32,2,30,21619174585,0,0,7224,491838,58344882,58843944
turso,concurrent,32,2,30,21678018729,0,0,5340,515593,131860977,132381910
turso,concurrent,32,2,30,21810400981,0,0,6432,514230,100159398,100680060
turso,concurrent,32,2,30,21911081331,0,0,5500,440491,155883594,156329585
turso,concurrent,32,2,30,22067411178,0,0,6512,477261,11683831,12167604
turso,concurrent,32,2,30,22079578992,0,0,5260,527435,40476741,41009436
turso,concurrent,32,2,30,22120588748,0,0,12143,614861,35566924,36193928
turso,concurrent,32,2,30,22156782886,0,0,7044,544377,243715046,244266467
turso,concurrent,32,2,30,22401049603,0,0,8126,4262935,140466067,144737128
turso,concurrent,32,2,30,22545787012,0,0,6312,554466,67718874,68279652
turso,concurrent,32,2,30,22614067044,0,0,6873,503941,117629459,118140273
turso,concurrent,32,2,30,22732207567,0,0,5851,495826,38694347,39196024
turso,concurrent,32,2,30,22771403851,0,0,5601,443657,170353764,170803022
turso,concurrent,32,2,30,22942207093,0,0,5771,491237,51879380,52376388
turso,concurrent,32,2,30,22994583712,0,0,6202,603649,159908049,160517900
turso,concurrent,32,2,30,23155101903,0,0,7313,636011,164611456,165254780
turso,concurrent,32,2,30,23320356943,0,0,5651,455009,409363909,409824569
turso,concurrent,32,2,30,23730181823,0,0,8907,1810788,218311302,220130997
turso,concurrent,32,2,30,23950313230,0,0,6442,618498,103151494,103776434
turso,concurrent,32,2,30,24054089915,0,0,6231,454428,157035498,157496157
turso,concurrent,32,2,30,24211586353,0,0,6793,532314,11463445,12002552
turso,concurrent,32,2,30,24223589175,0,0,6473,543485,56301927,56851885
turso,concurrent,32,2,30,24280441280,0,0,5501,447114,249993805,250446420
turso,concurrent,32,2,30,24530887951,0,0,8275,541212,143066144,143615631
turso,concurrent,32,2,30,24674503823,0,0,7303,6412382,186220839,192640524
turso,concurrent,32,2,30,24867144658,0,0,6772,518469,221279133,221804374
turso,concurrent,32,2,30,25088949293,0,0,5700,519872,37668661,38194233
turso,concurrent,32,2,30,25127143806,0,0,6472,713687,287587275,288307434
turso,concurrent,32,2,30,25415451460,0,0,6272,493441,80630421,81130134
turso,concurrent,32,2,30,25496581774,0,0,4558,404975,221597574,222007107
turso,concurrent,32,2,30,25718589142,0,0,6903,562732,389929151,390498786
turso,concurrent,32,2,30,26109088239,0,0,8185,7087687,92568932,99664804
turso,concurrent,32,2,30,26208753274,0,0,6001,471751,93994061,94471813
turso,concurrent,32,2,30,26303225368,0,0,6642,630470,35312585,35949697
turso,concurrent,32,2,30,26339175285,0,0,6162,538185,83389709,83934056
turso,concurrent,32,2,30,26423109652,0,0,5761,476108,159991097,160472966
turso,concurrent,32,2,30,26583582858,0,0,6212,461390,239038420,239506022
turso,concurrent,32,2,30,26823089081,0,0,6312,557121,207935680,208499113
turso,concurrent,32,2,30,27031588515,0,0,8095,6291244,291555273,297854612
turso,concurrent,32,2,30,27329443397,0,0,5942,452373,91395308,91853623
turso,concurrent,32,2,30,27421297260,0,0,5681,446102,151801220,152253003
turso,concurrent,32,2,30,27573550493,0,0,12834,502028,232020755,232535617
turso,concurrent,32,2,30,27806086311,0,0,6462,537985,24799263,25343710
turso,concurrent,32,2,30,27831430251,0,0,4889,440511,292703490,293148890
turso,concurrent,32,2,30,28124579383,0,0,6171,472272,143575576,144054019
turso,concurrent,32,2,30,28268633582,0,0,7604,6152061,17121803,23281468
turso,concurrent,32,2,30,28291915311,0,0,5440,434891,142184981,142625312
turso,concurrent,32,2,30,28434540783,0,0,5460,487921,19060843,19554224
turso,concurrent,32,2,30,28454095198,0,0,4729,626261,67228639,67859629
turso,concurrent,32,2,30,28521955047,0,0,5119,513900,424940477,425459496
turso,concurrent,32,2,30,28947414804,0,0,6232,548004,470056934,470611170
turso,concurrent,32,2,30,29418026234,0,0,8956,10776809,316432744,327218509
turso,concurrent,32,2,30,29745245014,0,0,7144,467592,23651757,24126493
turso,concurrent,32,2,30,29769371778,0,0,6542,546301,87348871,87901714
turso,concurrent,32,2,30,29857273703,0,0,5600,520462,509058942,509585004
turso,concurrent,32,2,30,30366858927,0,0,6342,460449,141096808,141563599
turso,concurrent,32,2,30,30508422776,0,0,8005,3765747,224223600,227997352
turso,concurrent,32,2,30,30736420349,0,0,8335,12165280,196998899,209172514
turso,concurrent,32,2,30,30945593184,0,0,7043,507548,151631840,152146431
turso,concurrent,32,2,30,31097739886,0,0,5280,358466,358469208,358832954
turso,concurrent,32,2,30,31456573101,0,0,6221,442185,203179995,203628401
turso,concurrent,32,2,30,31660201803,0,0,12644,796122,159317996,160126762
turso,concurrent,32,2,30,31820329056,0,0,13686,3406869,51707016,55127571
turso,concurrent,32,2,30,31875456947,0,0,5911,501346,176218191,176725448
turso,concurrent,32,2,30,32052182676,0,0,6552,448346,61913809,62368707
turso,concurrent,32,2,30,32114551613,0,0,10700,596145,259649408,260256253
turso,concurrent,32,2,30,32374808026,0,0,4648,412849,324969606,325387103
turso,concurrent,32,2,30,32700195400,0,0,6312,493351,245339973,245839636
turso,concurrent,32,2,30,32946035366,0,0,7465,429711,90751702,91188878
turso,concurrent,32,2,31,3407,1,0,1509409,664414,531320534,533494357
turso,concurrent,32,2,31,533498255,1,0,6893,461531,192365295,192833719
turso,concurrent,32,2,31,726332285,1,0,6552,422117,11814617,12243286
turso,concurrent,32,2,31,738575792,1,0,4418,353167,15330102,15687687
turso,concurrent,32,2,31,754263719,1,0,5440,443758,73113424,73562622
turso,concurrent,32,2,31,827826772,1,0,5871,445541,386981709,387433121
turso,concurrent,32,2,31,1215260223,1,0,63250,6633248,45316375,52012873
turso,concurrent,32,2,31,1267273296,1,0,5180,664925,193199509,193869614
turso,concurrent,32,2,31,1461143170,1,0,5731,510784,93457439,93973954
turso,concurrent,32,2,31,1555117705,1,0,5280,443187,135857520,136305987
turso,concurrent,32,2,31,1691423942,1,0,6152,763240,68741354,69510746
turso,concurrent,32,2,31,1760934878,1,0,5290,483102,79061881,79550273
turso,concurrent,32,2,31,1840485381,1,0,5841,542053,167444944,167992838
turso,concurrent,32,2,31,2008478449,1,0,5139,486538,428617206,429108883
turso,concurrent,32,2,31,2437587734,1,0,8125,3370200,3174542,6552867
turso,concurrent,32,2,31,2444140941,1,0,4719,459527,73525363,73989609
turso,concurrent,32,2,31,2518130931,1,0,7053,484945,22552803,23044801
turso,concurrent,32,2,31,2541176654,1,0,7464,612596,45491755,46111815
turso,concurrent,32,2,31,2587288710,1,0,6512,629658,754369669,755005839
turso,concurrent,32,2,31,3342294779,0,0,7264,11111580,53761794,64880638
turso,concurrent,32,2,31,3407175857,0,0,7094,494593,204520035,205021722
turso,concurrent,32,2,31,3612197809,0,0,5580,480798,106745497,107231875
turso,concurrent,32,2,31,3719429975,0,0,5580,515884,155030975,155552439
turso,concurrent,32,2,31,3874982634,0,0,5410,498270,340492822,340996502
turso,concurrent,32,2,31,4215979587,0,0,9749,559015,7775134,8343898
turso,concurrent,32,2,31,4224323795,0,0,6963,733204,213543574,214283741
turso,concurrent,32,2,31,4438607756,0,0,7043,6219618,164182516,170409177
turso,concurrent,32,2,31,4609017155,0,0,6602,511496,266604063,267122161
turso,concurrent,32,2,31,4876139577,0,0,4909,439018,69009861,69453788
turso,concurrent,32,2,31,4945593755,0,0,6993,589743,132162846,132759582
turso,concurrent,32,2,31,5078353739,0,0,6092,718606,18383023,19107721
turso,concurrent,32,2,31,5097461691,0,0,4889,427597,38365707,38798193
turso,concurrent,32,2,31,5136260094,0,0,4930,502959,342441880,342949769
turso,concurrent,32,2,31,5479220002,0,0,8285,8678880,18386831,27073996
turso,concurrent,32,2,31,5506294248,0,0,5060,539077,144595881,145140018
turso,concurrent,32,2,31,5651434436,0,0,6072,822643,515811504,516640219
turso,concurrent,32,2,31,6168074896,0,0,8035,586397,223378345,223972777
turso,concurrent,32,2,31,6392047903,0,0,5200,527846,444294484,444827530
turso,concurrent,32,2,31,6836875923,0,0,8627,6221822,255903619,262134068
turso,concurrent,32,2,31,7099010221,0,0,5170,488402,334574211,335067783
turso,concurrent,32,2,31,7434078225,0,0,6141,564566,186678412,187249119
turso,concurrent,32,2,31,7621327655,0,0,8315,18672430,14953612,33634357
turso,concurrent,32,2,31,7654962252,0,0,6482,632434,311990921,312629837
turso,concurrent,32,2,31,7967592420,0,0,7163,834585,75154787,75996535
turso,concurrent,32,2,31,8043589135,0,0,5250,554487,31847735,32407472
turso,concurrent,32,2,31,8075996868,0,0,4869,480226,316870039,317355134
turso,concurrent,32,2,31,8393352203,0,0,5420,545890,201073961,201625271
turso,concurrent,32,2,31,8594977784,0,0,6262,520352,492601321,493127935
turso,concurrent,32,2,31,9088106060,0,0,8676,12999884,139478744,152487304
turso,concurrent,32,2,31,9240593645,0,0,5420,489975,88551059,89046454
turso,concurrent,32,2,31,9329640320,0,0,5430,528598,212155564,212689592
turso,concurrent,32,2,31,9542330173,0,0,5941,460930,34888123,35354994
turso,concurrent,32,2,31,9577685428,0,0,5150,492268,388921640,389419058
turso,concurrent,32,2,31,9967104737,0,0,8285,9339216,199936143,209283644
turso,concurrent,32,2,31,10176388832,0,0,5901,504092,692008606,692518599
turso,concurrent,32,2,31,10868907761,0,0,7174,799378,323555857,324362409
turso,concurrent,32,2,31,11193270381,0,0,7805,5848848,24568057,30424710
turso,concurrent,32,2,31,11223695501,0,0,6352,532776,65171306,65710434
turso,concurrent,32,2,31,11289406215,0,0,6302,816721,361122616,361945639
turso,concurrent,32,2,31,11651352084,0,0,5420,523178,133873004,134401602
turso,concurrent,32,2,31,11785753977,0,0,6372,536793,330172113,330715278
turso,concurrent,32,2,31,12116469636,0,0,8396,13185184,69400117,82593697
turso,concurrent,32,2,31,12199063663,0,0,5691,558764,147402008,147966463
turso,concurrent,32,2,31,12347030356,0,0,5851,567101,90951149,91524101
turso,concurrent,32,2,31,12438554737,0,0,11422,617846,42286746,42916014
turso,concurrent,32,2,31,12481472514,0,0,5371,492980,43386071,43884422
turso,concurrent,32,2,31,12525357176,0,0,4799,412338,287557959,287975096
turso,concurrent,32,2,31,12813332654,0,0,7043,511676,121729296,122248015
turso,concurrent,32,2,31,12935580869,0,0,5110,464757,44436303,44906170
turso,concurrent,32,2,31,12980487279,0,0,5580,471490,277249204,277726274
turso,concurrent,32,2,31,13258214285,0,0,9298,5273442,37274587,42557327
turso,concurrent,32,2,31,13300771853,0,0,7534,894729,135071526,135973789
turso,concurrent,32,2,31,13436745892,0,0,5521,599481,118238408,118843410
turso,concurrent,32,2,31,13555589572,0,0,5881,825178,92005038,92836097
turso,concurrent,32,2,31,13648425939,0,0,6282,758201,221398809,222163292
turso,concurrent,32,2,31,13870589492,0,0,6212,452724,41964017,42422953
turso,concurrent,32,2,31,13913012746,0,0,6462,683390,124699491,125389343
turso,concurrent,32,2,31,14038402330,0,0,6011,509772,106409844,106925627
turso,concurrent,32,2,31,14145328238,0,0,5650,486539,172940064,173432253
turso,concurrent,32,2,31,14318760691,0,0,7244,9866240,92074139,101947623
turso,concurrent,32,2,31,14420708775,0,0,7223,510514,19018423,19536160
turso,concurrent,32,2,31,14440245205,0,0,4930,467883,539870110,540342923
turso,concurrent,32,2,31,14980588488,0,0,6342,578953,20333184,20918479
turso,concurrent,32,2,31,15001507197,0,0,4658,563384,28019380,28587422
turso,concurrent,32,2,31,15030094850,0,0,4599,471019,20812358,21287976
turso,concurrent,32,2,31,15051383067,0,0,5490,505735,37869469,38380694
turso,concurrent,32,2,31,15089764152,0,0,6893,554006,123013720,123574619
turso,concurrent,32,2,31,15213338991,0,0,5090,473554,401948685,402427329
turso,concurrent,32,2,31,15615766740,0,0,8426,10057802,18508060,28574288
turso,concurrent,32,2,31,15644341338,0,0,5670,495525,149859325,150360520
turso,concurrent,32,2,31,15794702169,0,0,6332,554246,74010237,74570815
turso,concurrent,32,2,31,15869273195,0,0,6172,605332,84035117,84646621
turso,concurrent,32,2,31,15953920056,0,0,5100,498040,38840172,39343312
turso,concurrent,32,2,31,15993263688,0,0,5019,548064,172517808,173070891
turso,concurrent,32,2,31,16166334840,0,0,6311,564255,37429350,37999916
turso,concurrent,32,2,31,16204335087,0,0,5951,522426,246053289,246581666
turso,concurrent,32,2,31,16450917074,0,0,6452,546251,86047895,86600598
turso,concurrent,32,2,31,16537517932,0,0,6502,17161669,435487592,452655763
turso,concurrent,32,2,31,16990174056,0,0,5981,575316,537061028,537642325
turso,concurrent,32,2,31,17527816733,0,0,6933,492359,313127015,313626307
turso,concurrent,32,2,31,17841443240,0,0,6693,2566183,316061102,318633978
turso,concurrent,32,2,31,18160077539,0,0,5811,529158,223099830,223634799
turso,concurrent,32,2,31,18383712698,0,0,6433,485356,234700222,235192011
turso,concurrent,32,2,31,18618904969,0,0,6161,671508,53052995,53730664
turso,concurrent,32,2,31,18672635904,0,0,5861,805310,41577578,42388749
turso,concurrent,32,2,31,18715024854,0,0,6512,667229,255269993,255943734
turso,concurrent,32,2,31,18970968789,0,0,7654,6964674,487218062,494190390
turso,concurrent,32,2,31,19465159379,0,0,4729,481729,230036972,230523430
turso,concurrent,32,2,31,19695683009,0,0,5300,592669,127150046,127748015
turso,concurrent,32,2,31,19823431235,0,0,5280,584753,303007907,303597940
turso,concurrent,32,2,31,20127029516,0,0,8817,7080773,187128642,194218232
turso,concurrent,32,2,31,20321248069,0,0,5911,492219,43841240,44339370
turso,concurrent,32,2,31,20365587699,0,0,6291,606204,655172688,655785183
turso,concurrent,32,2,31,21021373263,0,0,6072,474535,920887943,921368550
turso,concurrent,32,2,31,21942742164,0,0,8757,12094054,372125050,384227861
turso,concurrent,32,2,31,22326970376,0,0,8095,10322792,124148452,134479339
turso,concurrent,32,2,31,22461449965,0,0,6693,617185,27789967,28413845
turso,concurrent,32,2,31,22489864090,0,0,5631,501206,116056289,116563126
turso,concurrent,32,2,31,22606427496,0,0,6413,625260,170306304,170937977
turso,concurrent,32,2,31,22777365743,0,0,6412,472332,242418909,242897653
turso,concurrent,32,2,31,23020263587,0,0,6171,899959,158943719,159849849
turso,concurrent,32,2,31,23180113707,0,0,5660,550720,23123460,23679840
turso,concurrent,32,2,31,23203793948,0,0,7644,632373,112744149,113384166
turso,concurrent,32,2,31,23317178335,0,0,4308,553555,99535429,100093292
turso,concurrent,32,2,31,23417271938,0,0,8035,2824561,372690036,375522632
turso,concurrent,32,2,31,23792794901,0,0,6081,520132,92912882,93439095
turso,concurrent,32,2,31,23886234216,0,0,5190,480937,524448606,524934733
turso,concurrent,32,2,31,24411169249,0,0,6192,615802,21628379,22250373
turso,concurrent,32,2,31,24433419852,0,0,5010,491227,81272433,81768670
turso,concurrent,32,2,31,24515194453,0,0,5921,643775,285692419,286342115
turso,concurrent,32,2,31,24801536818,0,0,9819,753301,87245606,88008726
turso,concurrent,32,2,31,24889545805,0,0,5570,597097,25511417,26114084
turso,concurrent,32,2,31,24915660079,0,0,5471,519059,25880874,26405404
turso,concurrent,32,2,31,24942065744,0,0,5330,565868,52849481,53420679
turso,concurrent,32,2,31,24995486674,0,0,5300,518037,72814912,73338249
turso,concurrent,32,2,31,25068825173,0,0,5550,566560,67642649,68214759
turso,concurrent,32,2,31,25137040213,0,0,8155,649827,84723225,85381207
turso,concurrent,32,2,31,25222421671,0,0,6121,684562,202032249,202722932
turso,concurrent,32,2,31,25425144854,0,0,5661,515713,237663295,238184669
turso,concurrent,32,2,31,25663330154,0,0,15910,531994,110772858,111320762
turso,concurrent,32,2,31,25774651136,0,0,7995,9098021,467832967,476938983
turso,concurrent,32,2,31,26251590349,0,0,6603,666197,260110929,260783729
turso,concurrent,32,2,31,26512374308,0,0,7304,694801,27848308,28550413
turso,concurrent,32,2,31,26540924921,0,0,5951,526213,146449490,146981654
turso,concurrent,32,2,31,26687906825,0,0,6422,463665,452435127,452905214
turso,concurrent,32,2,31,27140812330,0,0,8175,3468076,34936474,38412725
turso,concurrent,32,2,31,27179225305,0,0,5381,480346,169539407,170025134
turso,concurrent,32,2,31,27349250689,0,0,7805,702185,136180219,136890209
turso,concurrent,32,2,31,27486141138,0,0,5350,475337,161500155,161980842
turso,concurrent,32,2,31,27648122240,0,0,6092,699470,362176855,362882417
turso,concurrent,32,2,31,28011004947,0,0,6502,823244,50331068,51160814
turso,concurrent,32,2,31,28062166312,0,0,15920,549327,77455780,78021027
turso,concurrent,32,2,31,28140187600,0,0,8886,12081451,206971682,219062019
turso,concurrent,32,2,31,28359249929,0,0,7594,3473386,169424008,172904988
turso,concurrent,32,2,31,28532155198,0,0,6081,574915,24485331,25066327
turso,concurrent,32,2,31,28557221745,0,0,4529,569114,159609906,160183549
turso,concurrent,32,2,31,28717405515,0,0,6192,693148,63149179,63848519
turso,concurrent,32,2,31,28781254225,0,0,5791,666858,19481928,20154577
turso,concurrent,32,2,31,28801409072,0,0,5180,599642,42422252,43027074
turso,concurrent,32,2,31,28844436356,0,0,5020,522366,267062809,267590195
turso,concurrent,32,2,31,29112026852,0,0,7474,568102,74982943,75558519
turso,concurrent,32,2,31,29187585661,0,0,5751,549497,165438838,165994086
turso,concurrent,32,2,31,29353580037,0,0,10911,663101,948788479,949462491
turso,concurrent,32,2,31,30303042729,0,0,7344,3488754,7828935,11325033
turso,concurrent,32,2,31,30314367992,0,0,4960,602226,235820227,236427413
turso,concurrent,32,2,31,30550795705,0,0,6513,495635,113646080,114148228
turso,concurrent,32,2,31,30664944164,0,0,7023,8148098,321073933,329229054
turso,concurrent,32,2,31,30994173488,0,0,7625,585845,67417435,68010905
turso,concurrent,32,2,31,31062184593,0,0,6041,600583,45976170,46582794
turso,concurrent,32,2,31,31108767568,0,0,6813,896171,47933474,48836458
turso,concurrent,32,2,31,31157604326,0,0,6873,499853,83796978,84303704
turso,concurrent,32,2,31,31241912859,0,0,7735,555538,98777780,99341053
turso,concurrent,32,2,31,31341254133,0,0,4979,495986,252059775,252560740
turso,concurrent,32,2,31,31593815173,0,0,6442,528718,24546356,25081516
turso,concurrent,32,2,31,31618896879,0,0,5190,457784,22415995,22878969
turso,concurrent,32,2,31,31641776078,0,0,5491,563804,115297337,115866632
turso,concurrent,32,2,31,31757642970,0,0,5270,506015,246721971,247233256
turso,concurrent,32,2,31,32004876426,0,0,7364,11361392,51690615,63059371
turso,concurrent,32,2,31,32067936067,0,0,6763,604420,94122505,94733688
turso,concurrent,32,2,31,32162669935,0,0,4779,461982,29103917,29570678
turso,concurrent,32,2,31,32192240994,0,0,6622,508370,341548043,342063035
turso,concurrent,32,2,31,32534304259,0,0,5481,500625,188296926,188803032
turso,concurrent,32,2,31,32723107622,0,0,5861,606795,326540700,327153356
